#pragma once
#include <stdint.h>

const uint16_t image_data[55040] = {
0x528B, 0x528B, 0x528B, 0x528B, 0x52AB, 0x52AB, 0x52AB, 0x528B, 0x528B, 0x528B, 0x528B, 0x528B,
0x528B, 0x528A, 0x528A, 0x52AB, 0x52AB, 0x52AB, 0x528A, 0x528A, 0x528A, 0x528A, 0x528A, 0x52AB,
0x52AB, 0x52AB, 0x52CB, 0x52CB, 0x52CB, 0x5ACB, 0x5ACB, 0x5ACB, 0x52AB, 0x528B, 0x52AB, 0x52AB,
0x52AB, 0x5AAB, 0x52AB, 0x52AB, 0x528A, 0x4A4A, 0x4229, 0x39E8, 0x39C8, 0x31A7, 0x2986, 0x2966,
0x2146, 0x2146, 0x2146, 0x2146, 0x2146, 0x2146, 0x2987, 0x31A7, 0x31C8, 0x31C8, 0x31C8, 0x31C8,
0x31C8, 0x4229, 0x4249, 0x52AB, 0x630C, 0x630C, 0x632C, 0x62EC, 0x5AEC, 0x52AB, 0x4229, 0x31A7,
0x2946, 0x2146, 0x2146, 0x2987, 0x31C8, 0x3A09, 0x4A6A, 0x52AB, 0x52CB, 0x52CB, 0x52CB, 0x52AB,
0x528A, 0x4A6A, 0x4249, 0x4A69, 0x5AEC, 0x7BCF, 0x8410, 0x738E, 0x528A, 0x4A6A, 0x39E8, 0x31A7,
0x2987, 0x2966, 0x2946, 0x2146, 0x2146, 0x2146, 0x2146, 0x2145, 0x2145, 0x2145, 0x2145, 0x2145,
0x2125, 0x2125, 0x2125, 0x2125, 0x2125, 0x2125, 0x2125, 0x2146, 0x2146, 0x31A7, 0x4A6A, 0x630C,
0x738E, 0x8410, 0x8C51, 0x8C71, 0x9492, 0x94B2, 0x94B2, 0x94B2, 0x94B2, 0x94B2, 0x94B3, 0x8C72,
0x8C51, 0x83F0, 0x738E, 0x630D, 0x4A6A, 0x4229, 0x39E8, 0x31E7, 0x31E7, 0x31C7, 0x31C7, 0x31C7,
0x39C7, 0x39E8, 0x4208, 0x4A49, 0x528A, 0x5AEC, 0x5AEC, 0x5AEC, 0x5ACB, 0x62EC, 0x630D, 0x630C,
0x7BEF, 0x9451, 0x8C51, 0x8C51, 0x8C51, 0x8C30, 0x8C30, 0x8C30, 0x8431, 0x8410, 0x8410, 0x8410,
0x8410, 0x8410, 0x8410, 0x8410, 0x83F0, 0x8410, 0x7BF0, 0x634D, 0x52AB, 0x4249, 0x4229, 0x39E8,
0x31C8, 0x10E4, 0x0082, 0x0042, 0x0042, 0x0021, 0x0021, 0x0021, 0x0021, 0x0021, 0x0001, 0x0001,
0x0001, 0x0001, 0x0001, 0x0021, 0x0021, 0x0021, 0x0021, 0x0021, 0x10C3, 0x4A49, 0x632D, 0x632D,
0x632D, 0x632D, 0x632C, 0x632C, 0x632C, 0x630C, 0x630C, 0x630C, 0x5B0C, 0x5AEC, 0x5AEB, 0x5AEB,
0x5ACB, 0x5ACB, 0x52AB, 0x52AA, 0x52AA, 0x52AA, 0x52AA, 0x5AAB, 0x52AB, 0x4A49, 0x3187, 0x10C4,
0x0062, 0x0021, 0x0021, 0x0041, 0x0021, 0x0021, 0x0021, 0x0021, 0x0021, 0x0021, 0x0001, 0x0021,
0x0021, 0x0021, 0x0862, 0x10C4, 0x2125, 0x4229, 0x52AA, 0x4A6A, 0x39C7, 0x2125, 0x1905, 0x1905,
0x18E4, 0x10E4, 0x10C4, 0x10C3, 0x10C3, 0x10A3, 0x10A3, 0x10A3, 0x10A3, 0x08A3, 0x08A3, 0x08A3,
0x08A3, 0x0883, 0x0882, 0x0862, 0x0062, 0x0042, 0x0042, 0x0041, 0x0041, 0x0041, 0x0041, 0x0041,
0x0041, 0x0062, 0x0062, 0x0062, 0x0862, 0x0062, 0x0062, 0x0862, 0x0862, 0x0862, 0x0862, 0x0882,
0x0883, 0x2966, 0x4A69, 0x52AB, 0x5ACB, 0x5AEC, 0x5ACB, 0x5ACB, 0x52AB, 0x528A, 0x526A, 0x4229,
0x4208, 0x2986, 0x18E4, 0x0882, 0x0862, 0x0062, 0x0062, 0x0862, 0x0862, 0x0862, 0x0862, 0x0862,
0x0862, 0x0862, 0x0862, 0x0862, 0x0862, 0x0862, 0x0862, 0x0862, 0x528B, 0x528B, 0x528B, 0x528B,
0x528B, 0x528B, 0x528B, 0x528B, 0x528B, 0x528B, 0x528B, 0x528B, 0x528B, 0x528A, 0x528A, 0x528B,
0x528B, 0x528B, 0x528B, 0x528B, 0x528B, 0x528B, 0x528B, 0x52AB, 0x52AB, 0x52AB, 0x52CB, 0x52CB,
0x52CB, 0x5ACC, 0x5ACC, 0x5ACB, 0x52AB, 0x528B, 0x528A, 0x528B, 0x52AB, 0x52AB, 0x52AB, 0x5AAB,
0x52AB, 0x4A6A, 0x4A4A, 0x4209, 0x39E8, 0x31C7, 0x31A7, 0x2987, 0x2166, 0x2146, 0x2146, 0x2166,
0x2146, 0x2166, 0x2987, 0x2987, 0x2987, 0x2987, 0x2166, 0x2166, 0x2987, 0x31C8, 0x4249, 0x4A6A,
0x52AB, 0x5AEC, 0x630C, 0x630C, 0x630C, 0x5ACB, 0x4A8A, 0x3A09, 0x31A7, 0x2146, 0x2146, 0x2966,
0x2987, 0x31C7, 0x4249, 0x4A8A, 0x528A, 0x528B, 0x528B, 0x52AB, 0x52AA, 0x5AEB, 0x736D, 0x83EF,
0x8C51, 0x8410, 0x738E, 0x52AB, 0x424A, 0x3A09, 0x29A7, 0x2987, 0x2967, 0x2146, 0x2146, 0x2146,
0x2146, 0x2146, 0x2146, 0x2146, 0x2146, 0x2125, 0x2125, 0x1925, 0x1925, 0x1905, 0x1905, 0x1925,
0x1905, 0x2125, 0x2146, 0x2146, 0x39E8, 0x4A4A, 0x632D, 0x73AF, 0x8410, 0x8C51, 0x8C72, 0x9492,
0x94B2, 0x94B2, 0x94B2, 0x9492, 0x94B2, 0x94B2, 0x94B2, 0x9492, 0x8C71, 0x73AE, 0x52AB, 0x528A,
0x3187, 0x29A7, 0x29A6, 0x2986, 0x2986, 0x2966, 0x31A7, 0x31C8, 0x31C8, 0x39C8, 0x4249, 0x528A,
0x5AEC, 0x5AEC, 0x5ACB, 0x5B0C, 0x5AEB, 0x5AEC, 0x6B4D, 0x5AEC, 0x8C31, 0x8C51, 0x8C51, 0x8C51,
0x8C31, 0x8C30, 0x8430, 0x8430, 0x8430, 0x8410, 0x8410, 0x8410, 0x8410, 0x8410, 0x8410, 0x83EF,
0x83EF, 0x7BCF, 0x632D, 0x4A8A, 0x4209, 0x3A09, 0x3A09, 0x2987, 0x10E4, 0x0062, 0x0042, 0x0042,
0x0021, 0x0021, 0x0021, 0x0021, 0x0021, 0x0001, 0x0021, 0x0001, 0x0021, 0x0021, 0x0021, 0x0021,
0x0021, 0x0041, 0x0021, 0x18E4, 0x5ACB, 0x6B4D, 0x632D, 0x632C, 0x632C, 0x632C, 0x630C, 0x630C,
0x5AEC, 0x5AEB, 0x5AEB, 0x5ACB, 0x5ACB, 0x52CB, 0x52CB, 0x52CB, 0x52CB, 0x5ACB, 0x5ACB, 0x5ACB,
0x5ACB, 0x52CB, 0x5AAB, 0x5ACB, 0x52AB, 0x4A49, 0x39E8, 0x2125, 0x0883, 0x0021, 0x0041, 0x0021,
0x0041, 0x0021, 0x0021, 0x0021, 0x0021, 0x0021, 0x0021, 0x0883, 0x0862, 0x0882, 0x1905, 0x39C8,
0x4229, 0x52AB, 0x52CB, 0x52AA, 0x39E7, 0x1905, 0x18E4, 0x10E4, 0x10E4, 0x10C4, 0x10C4, 0x10A3,
0x10A3, 0x08A3, 0x08A3, 0x08A3, 0x08A3, 0x0883, 0x0883, 0x0883, 0x0883, 0x0883, 0x0062, 0x0062,
0x0042, 0x0042, 0x0042, 0x0042, 0x0042, 0x0042, 0x0041, 0x0041, 0x0041, 0x0042, 0x0042, 0x0042,
0x0062, 0x0062, 0x0062, 0x0862, 0x0862, 0x0882, 0x0882, 0x0882, 0x0883, 0x0883, 0x2966, 0x4229,
0x4A8A, 0x52AB, 0x5ACC, 0x5ACB, 0x5ACB, 0x528B, 0x528A, 0x4A6A, 0x4229, 0x31C7, 0x2125, 0x0882,
0x0862, 0x0862, 0x0862, 0x0862, 0x0862, 0x0862, 0x0862, 0x0862, 0x0862, 0x0862, 0x0862, 0x0862,
0x0062, 0x0062, 0x0062, 0x0062, 0x52AB, 0x528B, 0x528B, 0x528B, 0x528B, 0x528B, 0x528B, 0x528B,
0x528B, 0x528B, 0x528B, 0x52AB, 0x528A, 0x528A, 0x528A, 0x528B, 0x528B, 0x528B, 0x528B, 0x528B,
0x528B, 0x528B, 0x528B, 0x52AB, 0x52AB, 0x52AB, 0x52CB, 0x52AB, 0x52CB, 0x52CC, 0x5ACC, 0x5ACB,
0x5ACB, 0x52AB, 0x52AB, 0x528A, 0x528A, 0x52AA, 0x52AB, 0x5AAB, 0x5AAB, 0x528B, 0x4A6A, 0x4229,
0x3A09, 0x39E8, 0x31A7, 0x29A7, 0x2966, 0x2166, 0x2166, 0x2966, 0x2966, 0x2967, 0x2987, 0x2987,
0x2166, 0x2146, 0x1926, 0x2146, 0x2946, 0x2986, 0x31E8, 0x4249, 0x4A8A, 0x52AB, 0x5AEC, 0x630C,
0x630C, 0x5AEC, 0x52AB, 0x4A6A, 0x31E8, 0x31A7, 0x2966, 0x2166, 0x2966, 0x31A7, 0x3A08, 0x4A6A,
0x528A, 0x5ACC, 0x62EC, 0x83CF, 0x8410, 0x9471, 0x9471, 0x8C30, 0x8410, 0x738E, 0x5ACB, 0x4A6A,
0x39E9, 0x31C8, 0x2987, 0x2166, 0x2146, 0x2146, 0x2146, 0x2146, 0x2146, 0x2146, 0x2146, 0x2126,
0x1925, 0x1905, 0x1905, 0x1905, 0x1925, 0x1905, 0x1904, 0x1905, 0x1905, 0x2145, 0x2146, 0x31A7,
0x4229, 0x630C, 0x6B6E, 0x7BF0, 0x8C51, 0x8C72, 0x9492, 0x94B3, 0x94B2, 0x94B2, 0x94B2, 0x94B2,
0x94B2, 0x94B2, 0x9492, 0x9492, 0x9472, 0x8C51, 0x528A, 0x3186, 0x2966, 0x2966, 0x2966, 0x2966,
0x2966, 0x2966, 0x2987, 0x31A7, 0x31C8, 0x4229, 0x5ACC, 0x5ACC, 0x5AEC, 0x5ACB, 0x5ACB, 0x5AEC,
0x5ACB, 0x5ACC, 0x5ACC, 0x62EC, 0x8C51, 0x8C51, 0x8C51, 0x8C51, 0x8C30, 0x8C30, 0x8410, 0x8410,
0x8410, 0x8410, 0x8410, 0x840F, 0x840F, 0x8410, 0x8410, 0x83EF, 0x7BEF, 0x632C, 0x4A8A, 0x4229,
0x3A09, 0x31C8, 0x2987, 0x10E4, 0x0062, 0x0042, 0x0042, 0x0022, 0x0021, 0x0021, 0x0021, 0x0021,
0x0001, 0x0001, 0x0021, 0x0021, 0x0021, 0x0021, 0x0021, 0x0041, 0x0021, 0x0021, 0x18E4, 0x5AAB,
0x6B4D, 0x632D, 0x632C, 0x630C, 0x630C, 0x630C, 0x630C, 0x5AEC, 0x5AEB, 0x5ACB, 0x5ACB, 0x5ACB,
0x52AB, 0x52AB, 0x528B, 0x52AB, 0x52AB, 0x52AA, 0x52AA, 0x52CB, 0x52CB, 0x52AB, 0x4A6A, 0x4A6A,
0x4A6A, 0x4229, 0x4229, 0x2987, 0x1905, 0x0883, 0x0021, 0x0021, 0x0021, 0x0021, 0x0001, 0x0021,
0x0021, 0x0021, 0x0042, 0x0883, 0x10A3, 0x2145, 0x39E8, 0x4A8A, 0x52AA, 0x52AB, 0x5ACB, 0x52AB,
0x39E8, 0x1924, 0x10C4, 0x10C4, 0x10C4, 0x10C4, 0x10A3, 0x10A3, 0x08A3, 0x0883, 0x0883, 0x0883,
0x0883, 0x0883, 0x0883, 0x0883, 0x0882, 0x0062, 0x0062, 0x0042, 0x0042, 0x0041, 0x0041, 0x0041,
0x0042, 0x0042, 0x0042, 0x0042, 0x0042, 0x0042, 0x0042, 0x0042, 0x0862, 0x0062, 0x0062, 0x0882,
0x0882, 0x0882, 0x0882, 0x0882, 0x0862, 0x0882, 0x0883, 0x2125, 0x4229, 0x4A6A, 0x52AB, 0x5ACC,
0x5ACC, 0x5ACB, 0x52AB, 0x528A, 0x4A69, 0x4208, 0x2987, 0x18E4, 0x0862, 0x0862, 0x0862, 0x0862,
0x0862, 0x0862, 0x0862, 0x0862, 0x0862, 0x0862, 0x0862, 0x0862, 0x0062, 0x0062, 0x0062, 0x0062,
0x52AA, 0x52AB, 0x52AB, 0x528B, 0x528B, 0x528B, 0x528B, 0x528B, 0x528B, 0x528B, 0x528B, 0x528B,
0x4A8A, 0x4A8A, 0x4A8A, 0x528A, 0x528A, 0x528A, 0x528A, 0x528A, 0x528B, 0x528B, 0x528B, 0x52AB,
0x52AB, 0x52AB, 0x52CB, 0x52CB, 0x52CB, 0x52CC, 0x5AEC, 0x5ACC, 0x5ACB, 0x5ACB, 0x5ACB, 0x52AB,
0x52AB, 0x5AAB, 0x5ACB, 0x5ACB, 0x528A, 0x4A8A, 0x4A8A, 0x4A4A, 0x4229, 0x39E8, 0x31C8, 0x31A7,
0x2987, 0x2166, 0x2966, 0x2966, 0x2966, 0x2987, 0x2166, 0x2166, 0x2125, 0x1925, 0x1925, 0x2125,
0x2146, 0x2986, 0x31C7, 0x3A09, 0x4A4A, 0x528A, 0x5ACB, 0x5AEC, 0x630C, 0x62EC, 0x5ACC, 0x52AB,
0x4229, 0x31E8, 0x29A7, 0x29A7, 0x2986, 0x31A7, 0x4209, 0x528B, 0x738E, 0x8C31, 0x8C51, 0x9471,
0x9471, 0x9471, 0x8C50, 0x83F0, 0x73AF, 0x5ACB, 0x4A4A, 0x39E8, 0x31C7, 0x2987, 0x2166, 0x2166,
0x2146, 0x2126, 0x2126, 0x2126, 0x2126, 0x2126, 0x1925, 0x1925, 0x1925, 0x1905, 0x18E4, 0x10E4,
0x10E5, 0x1905, 0x1905, 0x1905, 0x1905, 0x2145, 0x29A7, 0x4229, 0x630C, 0x738E, 0x7BF0, 0x8C51,
0x8C72, 0x9492, 0x94B2, 0x94B3, 0x94B2, 0x94B2, 0x94B2, 0x94B2, 0x94B2, 0x9492, 0x8C51, 0x8C71,
0x9471, 0x9471, 0x8C51, 0x6B2D, 0x31C7, 0x1905, 0x2125, 0x2125, 0x2145, 0x2166, 0x2966, 0x2986,
0x4229, 0x5ACC, 0x52CC, 0x5AEC, 0x5B0C, 0x52CB, 0x52AB, 0x52CB, 0x632D, 0x632D, 0x5ACC, 0x6B4E,
0x9471, 0x8C71, 0x8C71, 0x8C51, 0x8430, 0x8430, 0x8410, 0x840F, 0x83F0, 0x8410, 0x8410, 0x83EF,
0x840F, 0x8410, 0x8410, 0x7BCF, 0x632C, 0x4A8A, 0x4229, 0x3A09, 0x31C8, 0x2126, 0x10C4, 0x0063,
0x0042, 0x0042, 0x0022, 0x0022, 0x0021, 0x0021, 0x0021, 0x0001, 0x0001, 0x0001, 0x0001, 0x0021,
0x0021, 0x0021, 0x0021, 0x0041, 0x0020, 0x2966, 0x5ACB, 0x6B4D, 0x6B2C, 0x632D, 0x632C, 0x630C,
0x630C, 0x630C, 0x5AEC, 0x5AEB, 0x5ACB, 0x5ACB, 0x5ACB, 0x5ACB, 0x52AB, 0x528B, 0x528B, 0x528B,
0x528B, 0x4A8A, 0x4A8A, 0x4A69, 0x4A69, 0x4249, 0x4229, 0x3A09, 0x39E8, 0x39E8, 0x39E8, 0x31A7,
0x2166, 0x1905, 0x0883, 0x0021, 0x0021, 0x0021, 0x0021, 0x0021, 0x0021, 0x0062, 0x0883, 0x10E4,
0x2145, 0x4209, 0x528B, 0x528B, 0x52AB, 0x52AB, 0x5ACB, 0x52AB, 0x39E7, 0x1924, 0x10C3, 0x10C4,
0x10C4, 0x10A3, 0x08A3, 0x08A3, 0x0883, 0x0883, 0x0883, 0x0883, 0x0883, 0x0882, 0x0882, 0x0882,
0x0882, 0x0062, 0x0042, 0x0042, 0x0042, 0x0042, 0x0042, 0x0042, 0x0041, 0x0041, 0x0041, 0x0041,
0x0041, 0x0042, 0x0042, 0x0042, 0x0862, 0x0062, 0x0062, 0x0882, 0x0882, 0x0882, 0x0882, 0x0882,
0x0882, 0x0882, 0x0862, 0x0883, 0x2125, 0x4209, 0x4A6A, 0x52AB, 0x5ACC, 0x5ACC, 0x5ACB, 0x52AA,
0x528A, 0x4249, 0x31A7, 0x2145, 0x08A3, 0x0062, 0x0062, 0x0062, 0x0062, 0x0062, 0x0862, 0x0862,
0x0862, 0x0862, 0x0862, 0x0862, 0x0863, 0x0862, 0x0862, 0x0862, 0x528B, 0x528B, 0x528B, 0x528B,
0x528B, 0x528B, 0x528B, 0x528B, 0x528B, 0x528B, 0x528A, 0x528A, 0x528A, 0x528B, 0x528B, 0x52AB,
0x52AB, 0x52AB, 0x528B, 0x528B, 0x52AB, 0x52AB, 0x52AB, 0x52AB, 0x52AB, 0x52AB, 0x52AB, 0x52CB,
0x52AB, 0x52CB, 0x5AEC, 0x5ACC, 0x5ACB, 0x5ACB, 0x5ACB, 0x5AEB, 0x5AEC, 0x5ACC, 0x5AEC, 0x5ACB,
0x52AB, 0x4A8A, 0x528A, 0x528B, 0x4A6A, 0x4229, 0x39E8, 0x31A7, 0x2987, 0x2967, 0x2987, 0x2987,
0x2987, 0x2166, 0x2146, 0x2146, 0x1905, 0x1905, 0x1905, 0x2126, 0x2146, 0x2166, 0x2987, 0x31C8,
0x4229, 0x4A4A, 0x528B, 0x5ACB, 0x5AEC, 0x630C, 0x5ACC, 0x5ACC, 0x4A6A, 0x4229, 0x4229, 0x4249,
0x52CB, 0x6B2D, 0x83F0, 0x8C52, 0x9C92, 0x9CB3, 0x9472, 0x8C51, 0x8C51, 0x8410, 0x73AE, 0x6B4D,
0x52AB, 0x4A6A, 0x3A09, 0x31A8, 0x2987, 0x2166, 0x2146, 0x2146, 0x2146, 0x2126, 0x1926, 0x1925,
0x1925, 0x1946, 0x1925, 0x1925, 0x1905, 0x1905, 0x1905, 0x10E4, 0x10C4, 0x10E4, 0x1905, 0x1905,
0x2145, 0x31C7, 0x3A29, 0x5AEC, 0x6B6E, 0x8410, 0x8C51, 0x9472, 0x9492, 0x94B2, 0x94B2, 0x9CB3,
0x9CB3, 0x9CB3, 0x9CD3, 0x9CD3, 0x9492, 0x8C71, 0x8C31, 0x8430, 0x8C30, 0x9471, 0x9451, 0x8C71,
0x8C72, 0x5B0C, 0x18E4, 0x10C4, 0x10C4, 0x1905, 0x31C7, 0x4A8A, 0x5AEC, 0x5AEC, 0x5B0C, 0x5ACC,
0x52CB, 0x52CB, 0x52CB, 0x5AEB, 0x632D, 0x634D, 0x528B, 0x7BCF, 0x9471, 0x8C51, 0x8C31, 0x8C30,
0x8430, 0x8410, 0x8410, 0x8410, 0x83EF, 0x8410, 0x8410, 0x83EF, 0x7BEF, 0x8410, 0x7BCF, 0x5AEC,
0x52AB, 0x3A08, 0x3A08, 0x29A7, 0x1905, 0x08A3, 0x0062, 0x0042, 0x0042, 0x0022, 0x0021, 0x0021,
0x0001, 0x0001, 0x0001, 0x0001, 0x0001, 0x0001, 0x0001, 0x0021, 0x0021, 0x0041, 0x0021, 0x08A3,
0x31A7, 0x634D, 0x6B6E, 0x6B6D, 0x6B4D, 0x6B6D, 0x6B4D, 0x632D, 0x630C, 0x630C, 0x630C, 0x5AEB,
0x5ACB, 0x5AEB, 0x5ACB, 0x5ACB, 0x5ACB, 0x52AB, 0x528A, 0x52AB, 0x52AA, 0x4A6A, 0x4A49, 0x4249,
0x3A08, 0x39E8, 0x31C7, 0x31A7, 0x31A7, 0x31C8, 0x31C8, 0x31C8, 0x29A7, 0x2966, 0x2125, 0x10A3,
0x0862, 0x0042, 0x0042, 0x0042, 0x0883, 0x10C3, 0x10C4, 0x31A7, 0x4A4A, 0x5ACB, 0x5ACB, 0x5ACB,
0x52AB, 0x528A, 0x52AB, 0x52AB, 0x4A69, 0x2145, 0x10C4, 0x10C4, 0x10A3, 0x10A3, 0x08A3, 0x0883,
0x0883, 0x0882, 0x0883, 0x0882, 0x0062, 0x0062, 0x0042, 0x0042, 0x0042, 0x0041, 0x0041, 0x0042,
0x0042, 0x0041, 0x0041, 0x0041, 0x0042, 0x0042, 0x0042, 0x0042, 0x0042, 0x0042, 0x0062, 0x0862,
0x0862, 0x0862, 0x0862, 0x0882, 0x0882, 0x0882, 0x0882, 0x0882, 0x0882, 0x0882, 0x0882, 0x0882,
0x0883, 0x2125, 0x4209, 0x4A69, 0x52AB, 0x5ACB, 0x5ACB, 0x5ACB, 0x528A, 0x4A8A, 0x3A08, 0x31C7,
0x1925, 0x0883, 0x0882, 0x0882, 0x0882, 0x0862, 0x0862, 0x0862, 0x0862, 0x0862, 0x0862, 0x0862,
0x0862, 0x0862, 0x0862, 0x0882, 0x528B, 0x528B, 0x528B, 0x528B, 0x528B, 0x528B, 0x528B, 0x528B,
0x528B, 0x528B, 0x528A, 0x528A, 0x528B, 0x528B, 0x528B, 0x52AB, 0x52AB, 0x52AB, 0x528B, 0x528B,
0x52AB, 0x52AB, 0x52AB, 0x52AB, 0x52AB, 0x52CB, 0x52AB, 0x52AB, 0x52AB, 0x52CB, 0x52CB, 0x52CB,
0x52AB, 0x5ACB, 0x5AEC, 0x630C, 0x630C, 0x632D, 0x630C, 0x5ACB, 0x528A, 0x4A69, 0x4A6A, 0x528B,
0x4A8B, 0x4A4A, 0x4208, 0x31A7, 0x2987, 0x2987, 0x2987, 0x2987, 0x2987, 0x2166, 0x2146, 0x1925,
0x1905, 0x1905, 0x1905, 0x1925, 0x2146, 0x2146, 0x2966, 0x31A7, 0x39E8, 0x4229, 0x4A6A, 0x52AB,
0x5ACB, 0x62EC, 0x630C, 0x630C, 0x6B4D, 0x6B8E, 0x7BEF, 0x7C10, 0x8C51, 0x9492, 0x9CB3, 0x9C92,
0x9C92, 0x9492, 0x8C51, 0x8431, 0x7BF0, 0x738E, 0x6B4D, 0x52CB, 0x52AB, 0x3A09, 0x31A8, 0x2987,
0x2166, 0x2166, 0x2146, 0x2146, 0x2146, 0x1926, 0x1925, 0x1925, 0x1925, 0x1925, 0x1925, 0x1905,
0x1905, 0x10E4, 0x10E4, 0x10E4, 0x18E4, 0x10E4, 0x1905, 0x1905, 0x2986, 0x3A08, 0x5B0C, 0x6B6E,
0x83F0, 0x8C51, 0x9492, 0x9492, 0x94B2, 0x94B3, 0x94B3, 0x94B3, 0x94B3, 0x94B3, 0x9492, 0x94B2,
0x9492, 0x9471, 0x8410, 0x7BEF, 0x8410, 0x8C30, 0x8C51, 0x9492, 0x9492, 0x8C72, 0x6B4D, 0x2945,
0x10C4, 0x31C7, 0x4A8A, 0x52CB, 0x5AEB, 0x5AEC, 0x5ACC, 0x52CB, 0x528A, 0x52AB, 0x52CB, 0x52CB,
0x5B0C, 0x630C, 0x52AB, 0x8C31, 0x9471, 0x8C51, 0x8C31, 0x8C30, 0x8410, 0x8410, 0x8410, 0x83F0,
0x7BEF, 0x7BEF, 0x83EF, 0x8410, 0x7BF0, 0x73AF, 0x5AEC, 0x4249, 0x4229, 0x3A08, 0x29A7, 0x18E4,
0x08A3, 0x0062, 0x0042, 0x0022, 0x0022, 0x0022, 0x0021, 0x0021, 0x0001, 0x0001, 0x0001, 0x0001,
0x0001, 0x0021, 0x0021, 0x0021, 0x0021, 0x0021, 0x0062, 0x4269, 0x634D, 0x6B8E, 0x6B6D, 0x6B6D,
0x6B4D, 0x6B6D, 0x6B6D, 0x6B6D, 0x6B6E, 0x6B6E, 0x6B6D, 0x6B4D, 0x632C, 0x5B0C, 0x5AEB, 0x5AEB,
0x5ACB, 0x52AB, 0x528A, 0x52AB, 0x4A8A, 0x4A49, 0x4229, 0x4208, 0x39E8, 0x31C7, 0x31C7, 0x31C7,
0x31C7, 0x31C7, 0x31C7, 0x31C7, 0x31A7, 0x31A7, 0x31A7, 0x2986, 0x2125, 0x1083, 0x10C4, 0x10E4,
0x1904, 0x2145, 0x31C7, 0x4A4A, 0x5ACB, 0x5ACB, 0x5ACB, 0x5ACB, 0x5AAB, 0x528A, 0x52AA, 0x52AA,
0x528A, 0x2966, 0x10C3, 0x10A3, 0x08A3, 0x08A3, 0x0883, 0x0883, 0x0882, 0x0882, 0x0082, 0x0062,
0x0042, 0x0042, 0x0042, 0x0042, 0x0042, 0x0041, 0x0041, 0x0041, 0x0041, 0x0041, 0x0041, 0x0041,
0x0042, 0x0042, 0x0042, 0x0042, 0x0042, 0x0042, 0x0862, 0x0862, 0x0862, 0x0862, 0x0862, 0x0882,
0x0882, 0x0882, 0x0882, 0x0882, 0x0882, 0x0882, 0x0882, 0x0882, 0x0062, 0x0883, 0x2125, 0x3A08,
0x4A8A, 0x52AB, 0x5ACB, 0x5ACB, 0x5AAB, 0x52AB, 0x4A49, 0x39E8, 0x2945, 0x10C3, 0x0862, 0x0882,
0x0862, 0x0862, 0x0862, 0x0862, 0x0862, 0x0862, 0x0862, 0x0862, 0x0862, 0x0862, 0x0862, 0x0883,
0x528B, 0x528B, 0x528B, 0x528B, 0x528B, 0x528B, 0x528B, 0x528B, 0x528B, 0x528B, 0x528A, 0x528A,
0x52AB, 0x52AB, 0x52AB, 0x52AB, 0x52AB, 0x52AB, 0x528B, 0x528B, 0x52AB, 0x52AB, 0x52AB, 0x52AB,
0x52AB, 0x52AB, 0x52AB, 0x52AB, 0x52AB, 0x4A6A, 0x4A8A, 0x4A49, 0x4229, 0x4A6A, 0x52AB, 0x5AEB,
0x630C, 0x632C, 0x632C, 0x5AEC, 0x528B, 0x4A49, 0x4A6A, 0x4A6A, 0x4A8A, 0x4A6A, 0x4209, 0x31A7,
0x2967, 0x2987, 0x2987, 0x2987, 0x2987, 0x2146, 0x2126, 0x1925, 0x1905, 0x1905, 0x1905, 0x1925,
0x2145, 0x2146, 0x2966, 0x2986, 0x31C8, 0x4209, 0x4A6A, 0x5ACB, 0x6B2D, 0x736E, 0x83CF, 0x8C51,
0x9471, 0x9492, 0x9492, 0x9492, 0x9492, 0x9472, 0x9471, 0x9471, 0x8C51, 0x8C31, 0x7BF0, 0x73AF,
0x738E, 0x6B6E, 0x52CB, 0x52AB, 0x424A, 0x31C8, 0x29A7, 0x2987, 0x2146, 0x2146, 0x2146, 0x2146,
0x2146, 0x1925, 0x1925, 0x1925, 0x1925, 0x1905, 0x1905, 0x1905, 0x1905, 0x10E4, 0x10E4, 0x10E4,
0x10C4, 0x1905, 0x1925, 0x2166, 0x3A08, 0x5AEC, 0x6B6D, 0x73CF, 0x8431, 0x9492, 0x9492, 0x94B3,
0x94B2, 0x94B3, 0x94B3, 0x94B2, 0x9492, 0x9492, 0x8C72, 0x8C51, 0x8C51, 0x9451, 0x8C51, 0x8410,
0x7BEF, 0x7BEF, 0x8410, 0x8C71, 0x8C71, 0x8C71, 0x8C71, 0x8C51, 0x632D, 0x52AB, 0x52AB, 0x52CB,
0x5AEC, 0x5AEC, 0x52AB, 0x5ACC, 0x52AB, 0x5ACB, 0x5AEC, 0x632D, 0x632C, 0x5AEC, 0x6B6E, 0x9492,
0x9471, 0x8C51, 0x8C30, 0x8C30, 0x8410, 0x8410, 0x8410, 0x7BF0, 0x7BEF, 0x7BEF, 0x7BEF, 0x8410,
0x73CF, 0x5AEC, 0x4229, 0x4229, 0x3A09, 0x2987, 0x1904, 0x0883, 0x0041, 0x0021, 0x0042, 0x0022,
0x0022, 0x0022, 0x0021, 0x0021, 0x0001, 0x0001, 0x0001, 0x0001, 0x0021, 0x0021, 0x0021, 0x0021,
0x0021, 0x1083, 0x4229, 0x6B8E, 0x73AE, 0x6B8E, 0x6B6D, 0x6B6D, 0x6B4D, 0x6B6D, 0x6B4D, 0x6B6D,
0x6B6D, 0x6B6D, 0x6B6D, 0x6B6D, 0x6B6D, 0x6B6D, 0x6B6D, 0x6B4D, 0x6B2D, 0x630C, 0x5ACB, 0x52AB,
0x4A8A, 0x4A49, 0x4208, 0x39E8, 0x31E7, 0x31E7, 0x31E7, 0x31E7, 0x31C7, 0x31A7, 0x31A7, 0x31C7,
0x31A7, 0x31A7, 0x31A7, 0x39E8, 0x39E8, 0x31C7, 0x2987, 0x2987, 0x39E8, 0x4249, 0x52CB, 0x5ACB,
0x5ACC, 0x5ACB, 0x5ACB, 0x5ACB, 0x5ACB, 0x528A, 0x528A, 0x52AA, 0x4A6A, 0x31A7, 0x10C3, 0x08A3,
0x08A3, 0x0883, 0x0883, 0x0882, 0x0082, 0x0062, 0x0062, 0x0042, 0x0042, 0x0042, 0x0042, 0x0042,
0x0041, 0x0041, 0x0041, 0x0041, 0x0041, 0x0041, 0x0041, 0x0041, 0x0042, 0x0042, 0x0042, 0x0042,
0x0042, 0x0062, 0x0862, 0x0862, 0x0862, 0x0862, 0x0862, 0x0882, 0x0882, 0x0882, 0x0882, 0x0882,
0x0882, 0x0882, 0x0882, 0x0882, 0x0883, 0x0882, 0x0882, 0x2125, 0x4208, 0x4A8A, 0x52AB, 0x5ACB,
0x5ACC, 0x52AB, 0x4A6A, 0x4229, 0x2986, 0x2105, 0x10A3, 0x0882, 0x0862, 0x0862, 0x0862, 0x0862,
0x0862, 0x0862, 0x0862, 0x0862, 0x0862, 0x0862, 0x0883, 0x0883, 0x528B, 0x52AB, 0x52AB, 0x528B,
0x528A, 0x528A, 0x52AB, 0x52AB, 0x52AB, 0x52AB, 0x52AB, 0x528B, 0x52AB, 0x52AB, 0x52AB, 0x52AB,
0x52AB, 0x52AB, 0x52AB, 0x52CB, 0x52AB, 0x52AB, 0x52AB, 0x52AB, 0x528B, 0x4A8B, 0x424A, 0x4229,
0x3A09, 0x3A08, 0x31C7, 0x31A7, 0x31C7, 0x39E8, 0x4229, 0x4A6A, 0x52AB, 0x630C, 0x630C, 0x5AEC,
0x52AB, 0x4A8A, 0x4A6A, 0x4A6A, 0x4A6A, 0x4229, 0x39E8, 0x2986, 0x2146, 0x2987, 0x29A7, 0x2987,
0x2167, 0x2146, 0x2146, 0x2146, 0x1905, 0x1905, 0x1925, 0x1925, 0x2125, 0x2146, 0x2966, 0x2966,
0x4229, 0x52AB, 0x6B4D, 0x8C31, 0x8C51, 0x9492, 0x9CB2, 0x9CB2, 0x9CB2, 0x9492, 0x9492, 0x9471,
0x8C51, 0x8410, 0x8410, 0x8410, 0x7BEF, 0x7BCF, 0x7BCF, 0x73AF, 0x6B6E, 0x5B0C, 0x52CC, 0x4A6A,
0x39E8, 0x31A7, 0x2986, 0x2987, 0x2166, 0x2146, 0x2146, 0x1925, 0x1925, 0x1925, 0x1925, 0x1925,
0x1905, 0x1904, 0x10E4, 0x10E5, 0x1905, 0x10E4, 0x10E4, 0x10E4, 0x10E4, 0x2125, 0x2166, 0x39E8,
0x5ACC, 0x6B8E, 0x8410, 0x8C51, 0x9472, 0x9492, 0x9492, 0x9CD3, 0x94B2, 0x94B2, 0x94B2, 0x9492,
0x8C31, 0x8C31, 0x8C51, 0x7BEF, 0x7BEF, 0x83F0, 0x8C71, 0x8C51, 0x8410, 0x7BCF, 0x7BEF, 0x8410,
0x8410, 0x8410, 0x8C51, 0x8C51, 0x8C71, 0x8430, 0x738E, 0x5AEC, 0x528A, 0x528A, 0x5AEC, 0x5ACB,
0x52AB, 0x5AEC, 0x632D, 0x5B0C, 0x5AEB, 0x632C, 0x8C71, 0x9472, 0x8C51, 0x8C30, 0x8C30, 0x8C30,
0x8410, 0x83EF, 0x83F0, 0x83F0, 0x7BEF, 0x83EF, 0x83EF, 0x738E, 0x4A8A, 0x4249, 0x4229, 0x31C8,
0x2125, 0x10E4, 0x0082, 0x0021, 0x0021, 0x0021, 0x0021, 0x0021, 0x0021, 0x0001, 0x0001, 0x0001,
0x0001, 0x0001, 0x0001, 0x0021, 0x0021, 0x0021, 0x0021, 0x0021, 0x10C3, 0x52AB, 0x6B8E, 0x736E,
0x738E, 0x6B6E, 0x736E, 0x6B6E, 0x6B8E, 0x6B8E, 0x6B6D, 0x6B6E, 0x6B8E, 0x6B8E, 0x6B6D, 0x6B6D,
0x6B6D, 0x6B6D, 0x6B6D, 0x738E, 0x738E, 0x736E, 0x6B6E, 0x630C, 0x5ACB, 0x4A6A, 0x4229, 0x3A08,
0x39E8, 0x31E7, 0x31E7, 0x31E7, 0x31C7, 0x31C7, 0x31A7, 0x31A7, 0x31A7, 0x31A7, 0x31C7, 0x39E8,
0x4249, 0x4229, 0x4249, 0x4A6A, 0x52AB, 0x5AEC, 0x630C, 0x630C, 0x630C, 0x5AEC, 0x5ACB, 0x5ACB,
0x5ACB, 0x5AAB, 0x52AB, 0x5ACB, 0x52AB, 0x3A08, 0x10C4, 0x0883, 0x0883, 0x0883, 0x0882, 0x0062,
0x0042, 0x0042, 0x0041, 0x0041, 0x0041, 0x0022, 0x0021, 0x0021, 0x0041, 0x0041, 0x0041, 0x0041,
0x0041, 0x0041, 0x0041, 0x0041, 0x0042, 0x0042, 0x0042, 0x0042, 0x0042, 0x0062, 0x0862, 0x0862,
0x0862, 0x0862, 0x0862, 0x0882, 0x0882, 0x0882, 0x0882, 0x0882, 0x0882, 0x0882, 0x0882, 0x0882,
0x0882, 0x0882, 0x0882, 0x0882, 0x2965, 0x4229, 0x4A8A, 0x52CB, 0x5ACB, 0x52CB, 0x52AB, 0x4A6A,
0x39E8, 0x2966, 0x18E4, 0x08A3, 0x0862, 0x0862, 0x0862, 0x0862, 0x0862, 0x0882, 0x0882, 0x0882,
0x0862, 0x0883, 0x0883, 0x0883, 0x528B, 0x52AB, 0x52AB, 0x528B, 0x528A, 0x528A, 0x52AB, 0x52AB,
0x52AB, 0x52AB, 0x52AB, 0x52AB, 0x52AB, 0x52AB, 0x52AB, 0x52AB, 0x52AB, 0x52AB, 0x52AB, 0x52CB,
0x52CB, 0x52AB, 0x4A8B, 0x4A6A, 0x4229, 0x3A08, 0x31C7, 0x2966, 0x2146, 0x2966, 0x2966, 0x2966,
0x2987, 0x39E8, 0x3A09, 0x4249, 0x4A8A, 0x52CB, 0x5AEC, 0x5AEC, 0x5AEC, 0x52AB, 0x4A8A, 0x4249,
0x4229, 0x39E8, 0x2966, 0x1925, 0x1926, 0x2987, 0x2987, 0x2987, 0x2987, 0x2166, 0x2146, 0x2146,
0x2146, 0x1925, 0x1925, 0x2145, 0x2966, 0x2986, 0x4A8A, 0x6B4D, 0x73AF, 0x9492, 0x9492, 0x9CB2,
0x9CB2, 0x9CB2, 0x9C92, 0x9491, 0x9471, 0x8C51, 0x8C31, 0x8C31, 0x8410, 0x7BCF, 0x7BCF, 0x7BCF,
0x7BAF, 0x7BAF, 0x73AE, 0x6B4D, 0x5AEC, 0x5ACC, 0x4A8B, 0x3A09, 0x3A08, 0x29A7, 0x2987, 0x2987,
0x2987, 0x2146, 0x1925, 0x1925, 0x1925, 0x1925, 0x1905, 0x1905, 0x1904, 0x1904, 0x18E4, 0x10C4,
0x10C4, 0x10C4, 0x10E4, 0x1905, 0x1905, 0x2145, 0x39E8, 0x5ACC, 0x6B6E, 0x7BEF, 0x8C50, 0x9492,
0x94B2, 0x94B2, 0x94B2, 0x94D2, 0x94B2, 0x94B2, 0x9492, 0x8C71, 0x8431, 0x738F, 0x738E, 0x738E,
0x73AE, 0x73AF, 0x8410, 0x8C71, 0x8C51, 0x7BEF, 0x7BCF, 0x7BCF, 0x7BEF, 0x83F0, 0x8410, 0x8430,
0x8C30, 0x8C51, 0x8C51, 0x8C71, 0x83EF, 0x738E, 0x5ACB, 0x52CB, 0x52AB, 0x630C, 0x632D, 0x5AEB,
0x630C, 0x73AE, 0x8C72, 0x9471, 0x8C51, 0x8C50, 0x8C30, 0x8C30, 0x8410, 0x8410, 0x83EF, 0x83EF,
0x83EF, 0x7BEF, 0x6B6D, 0x4A8A, 0x4229, 0x4229, 0x3187, 0x2145, 0x10C4, 0x0042, 0x0021, 0x0021,
0x0021, 0x0022, 0x0022, 0x0021, 0x0021, 0x0001, 0x0001, 0x0001, 0x0001, 0x0001, 0x0021, 0x0021,
0x0021, 0x0021, 0x0021, 0x10A3, 0x5ACC, 0x6B6E, 0x6B6E, 0x6B6D, 0x6B6D, 0x630C, 0x5ACB, 0x52CB,
0x52CB, 0x52CB, 0x52CB, 0x52CB, 0x634D, 0x6B6E, 0x6B8E, 0x73AE, 0x73AE, 0x73AE, 0x73AE, 0x73AE,
0x738E, 0x736E, 0x736E, 0x6B6E, 0x6B6E, 0x632D, 0x52AB, 0x4229, 0x3A08, 0x39E7, 0x31E7, 0x31E7,
0x31E7, 0x31C7, 0x31C7, 0x31C7, 0x31A7, 0x31C7, 0x31C8, 0x3A08, 0x4229, 0x4A6A, 0x528A, 0x5ACB,
0x62EC, 0x630C, 0x630C, 0x630C, 0x630C, 0x5AEB, 0x5AEB, 0x5ACB, 0x5ACB, 0x5AAB, 0x52AB, 0x5ACB,
0x5ACB, 0x4A49, 0x1905, 0x0883, 0x0883, 0x0062, 0x0042, 0x0042, 0x0042, 0x0042, 0x0041, 0x0041,
0x0041, 0x0022, 0x0021, 0x0021, 0x0041, 0x0041, 0x0041, 0x0041, 0x0041, 0x0041, 0x0041, 0x0041,
0x0042, 0x0042, 0x0042, 0x0042, 0x0042, 0x0862, 0x0862, 0x0862, 0x0862, 0x0862, 0x0862, 0x0882,
0x0882, 0x0882, 0x0882, 0x0882, 0x0882, 0x0882, 0x0882, 0x0882, 0x0882, 0x0882, 0x0882, 0x0882,
0x10A3, 0x2965, 0x4229, 0x528A, 0x52AB, 0x5ACB, 0x52AB, 0x528A, 0x4229, 0x31A7, 0x1904, 0x10A3,
0x0882, 0x0862, 0x0862, 0x0882, 0x0882, 0x0882, 0x0882, 0x0882, 0x0883, 0x0883, 0x0883, 0x08A3,
0x528A, 0x52AB, 0x52AB, 0x528B, 0x528A, 0x528A, 0x528B, 0x52AB, 0x52AB, 0x52AB, 0x52AB, 0x52AB,
0x52AB, 0x52AB, 0x52AB, 0x52AB, 0x52AB, 0x52AB, 0x52AB, 0x52AB, 0x52AB, 0x4A8B, 0x424A, 0x39E8,
0x31A7, 0x2987, 0x2125, 0x2125, 0x2146, 0x2146, 0x2146, 0x2966, 0x29A7, 0x39E8, 0x39E8, 0x4229,
0x4A6A, 0x52AB, 0x5ACC, 0x5AEC, 0x5B0C, 0x5ACC, 0x528B, 0x4A69, 0x4228, 0x31C7, 0x2145, 0x1925,
0x2146, 0x2987, 0x29A7, 0x31A7, 0x31C8, 0x2987, 0x2987, 0x2166, 0x2966, 0x2146, 0x39E8, 0x52CB,
0x738E, 0x7BCF, 0x9492, 0x9492, 0x9CB3, 0x9CD3, 0x94B2, 0x9CB2, 0x9492, 0x9471, 0x8C31, 0x8410,
0x7BEF, 0x7BCF, 0x7BCF, 0x7BCF, 0x7BCF, 0x7BCF, 0x7BAF, 0x7BAF, 0x7BAF, 0x738E, 0x6B6E, 0x630C,
0x5ACC, 0x52AB, 0x4249, 0x3A09, 0x31E8, 0x2987, 0x2987, 0x2166, 0x2166, 0x2146, 0x1925, 0x1926,
0x1925, 0x1905, 0x1905, 0x1905, 0x18E4, 0x18E4, 0x10E4, 0x10E4, 0x10C4, 0x10E4, 0x10E4, 0x1925,
0x2166, 0x31C8, 0x52AB, 0x738E, 0x7BCF, 0x8430, 0x9492, 0x9492, 0x94B2, 0x94B2, 0x94B2, 0x94B2,
0x94B2, 0x8C92, 0x8C51, 0x8430, 0x6B6E, 0x632D, 0x4208, 0x4A6A, 0x738E, 0x73AE, 0x73AE, 0x840F,
0x8C71, 0x8C51, 0x7BCF, 0x7BCF, 0x7BCF, 0x7BCF, 0x7BF0, 0x83F0, 0x8410, 0x8C51, 0x8C51, 0x9471,
0x9472, 0x9492, 0x8C51, 0x8C31, 0x8410, 0x8410, 0x7BCF, 0x7BEF, 0x8430, 0x8C72, 0x8C71, 0x8C51,
0x8C51, 0x8C50, 0x8C30, 0x8430, 0x8410, 0x8410, 0x83F0, 0x83EF, 0x7BEF, 0x634D, 0x52AB, 0x4249,
0x3A09, 0x2987, 0x18E4, 0x10C4, 0x0862, 0x0042, 0x0022, 0x0021, 0x0021, 0x0021, 0x0021, 0x0001,
0x0001, 0x0001, 0x0001, 0x0001, 0x0001, 0x0001, 0x0021, 0x0021, 0x0021, 0x0021, 0x2966, 0x52CC,
0x6B6E, 0x630C, 0x52AB, 0x39E8, 0x2966, 0x2966, 0x2146, 0x2146, 0x2166, 0x2146, 0x2146, 0x2146,
0x2146, 0x2966, 0x31C8, 0x4249, 0x4A8A, 0x5B0C, 0x738E, 0x73CF, 0x7BEF, 0x7BCF, 0x73AF, 0x738F,
0x73AF, 0x736E, 0x6B4D, 0x632D, 0x52CB, 0x4A69, 0x39E8, 0x31E7, 0x31E7, 0x31C7, 0x31C7, 0x31C7,
0x31C8, 0x39E8, 0x3A08, 0x4229, 0x4A6A, 0x528B, 0x5ACB, 0x5AEC, 0x630C, 0x630C, 0x630C, 0x630C,
0x5AEC, 0x5AEB, 0x5AEC, 0x5AEC, 0x5ACB, 0x5ACB, 0x5ACB, 0x5ACB, 0x5ACB, 0x4A8A, 0x2966, 0x0883,
0x0862, 0x0042, 0x0041, 0x0041, 0x0041, 0x0041, 0x0041, 0x0041, 0x0041, 0x0022, 0x0021, 0x0021,
0x0041, 0x0041, 0x0041, 0x0041, 0x0041, 0x0041, 0x0042, 0x0042, 0x0062, 0x0042, 0x0062, 0x0062,
0x0042, 0x0862, 0x0862, 0x0862, 0x0862, 0x0862, 0x0862, 0x0882, 0x0882, 0x0882, 0x0882, 0x0882,
0x0883, 0x0883, 0x0883, 0x0883, 0x0883, 0x0882, 0x0882, 0x0882, 0x0883, 0x10C3, 0x2986, 0x4249,
0x52AB, 0x52AB, 0x52AB, 0x52AB, 0x4A6A, 0x4208, 0x31A7, 0x1904, 0x0883, 0x0862, 0x0882, 0x0882,
0x0882, 0x0883, 0x0883, 0x0883, 0x0883, 0x0883, 0x08A3, 0x08A3, 0x52AA, 0x52AB, 0x52AB, 0x52AB,
0x5AAB, 0x5AAB, 0x52AB, 0x52AB, 0x52AB, 0x52AB, 0x528B, 0x528B, 0x528B, 0x528B, 0x528B, 0x52AB,
0x52AB, 0x528B, 0x52AB, 0x4A6A, 0x4A6A, 0x4229, 0x31C8, 0x2987, 0x2166, 0x2125, 0x1905, 0x1905,
0x1905, 0x1905, 0x1925, 0x2166, 0x2987, 0x31C8, 0x39E8, 0x4229, 0x4249, 0x528B, 0x52AB, 0x5AEC,
0x630D, 0x62EC, 0x5ACB, 0x52AB, 0x4229, 0x31A7, 0x2125, 0x1905, 0x2146, 0x29A7, 0x31C8, 0x31E8,
0x31E8, 0x31A7, 0x31A7, 0x4229, 0x528B, 0x632D, 0x73AE, 0x8C71, 0x94B2, 0x9CB2, 0x9CB2, 0x9C92,
0x9492, 0x9492, 0x9471, 0x8C51, 0x8430, 0x83F0, 0x7BCF, 0x7BCF, 0x7BCF, 0x7BCF, 0x7BCF, 0x7BCF,
0x7BCF, 0x7BCF, 0x7BAF, 0x7BCF, 0x7BAF, 0x738E, 0x634D, 0x5B0C, 0x5AEC, 0x4A6A, 0x4229, 0x3A09,
0x2987, 0x2987, 0x2166, 0x2146, 0x2146, 0x2146, 0x1925, 0x1925, 0x1905, 0x1905, 0x1904, 0x18E4,
0x18E4, 0x10E4, 0x10C4, 0x10C4, 0x10C4, 0x1104, 0x1925, 0x2166, 0x31C8, 0x52CC, 0x73AF, 0x7C10,
0x8C51, 0x9492, 0x94B2, 0x94B2, 0x94B2, 0x94B2, 0x94B2, 0x94B2, 0x9492, 0x8C71, 0x8430, 0x73CF,
0x632D, 0x4A6A, 0x2966, 0x0862, 0x4209, 0x6B6E, 0x73AE, 0x73AE, 0x7BEF, 0x8C71, 0x8C51, 0x7BCF,
0x73AE, 0x73AF, 0x7BEF, 0x7BF0, 0x7C10, 0x8410, 0x8410, 0x8C31, 0x9451, 0x9471, 0x9471, 0x9472,
0x9492, 0x9471, 0x9492, 0x9472, 0x8C72, 0x8C51, 0x8C51, 0x8C51, 0x8C31, 0x8C30, 0x8C10, 0x8410,
0x8410, 0x8410, 0x83F0, 0x83EF, 0x632D, 0x4A8B, 0x422A, 0x31C8, 0x2146, 0x10C4, 0x10C4, 0x0062,
0x0042, 0x0022, 0x0022, 0x0022, 0x0021, 0x0001, 0x0001, 0x0001, 0x0001, 0x0001, 0x0021, 0x0021,
0x0001, 0x0001, 0x0021, 0x0022, 0x0021, 0x2145, 0x632D, 0x52CB, 0x3A09, 0x31C8, 0x2987, 0x2146,
0x2146, 0x2146, 0x2145, 0x2966, 0x29A7, 0x2967, 0x2966, 0x2166, 0x2146, 0x2145, 0x2126, 0x2125,
0x1904, 0x2125, 0x2986, 0x4229, 0x52CB, 0x632D, 0x7BCF, 0x7BCF, 0x73CF, 0x738E, 0x6B6D, 0x6B6E,
0x6B6E, 0x632D, 0x5AEC, 0x426A, 0x31E8, 0x31E8, 0x31E8, 0x39E8, 0x3A08, 0x4228, 0x4229, 0x4249,
0x4A6A, 0x52AB, 0x5ACB, 0x5AEC, 0x630C, 0x630C, 0x62EC, 0x5AEC, 0x5AEC, 0x5AEC, 0x5AEC, 0x5AEB,
0x5AEB, 0x5ACB, 0x5ACB, 0x5ACB, 0x5AEC, 0x52AB, 0x3A08, 0x0883, 0x0042, 0x0041, 0x0041, 0x0041,
0x0021, 0x0021, 0x0022, 0x0022, 0x0022, 0x0022, 0x0022, 0x0022, 0x0042, 0x0042, 0x0042, 0x0042,
0x0042, 0x0042, 0x0042, 0x0042, 0x0042, 0x0062, 0x0862, 0x0862, 0x0862, 0x0862, 0x0862, 0x0862,
0x0862, 0x0862, 0x0862, 0x0882, 0x0882, 0x0882, 0x0882, 0x0882, 0x0883, 0x0883, 0x0883, 0x0883,
0x0883, 0x0883, 0x0883, 0x0883, 0x08A3, 0x08A3, 0x10E4, 0x3187, 0x4249, 0x528A, 0x52AB, 0x52AB,
0x528A, 0x4A49, 0x31C7, 0x2145, 0x18E4, 0x0883, 0x0883, 0x0883, 0x0883, 0x0883, 0x0883, 0x0883,
0x08A3, 0x08A3, 0x10A3, 0x10A3, 0x52AB, 0x52AB, 0x52AB, 0x52AB, 0x5ACB, 0x5ACB, 0x5ACB, 0x5ACB,
0x5AAB, 0x52AB, 0x52AB, 0x52AB, 0x4A8B, 0x4A8B, 0x4A8B, 0x52AB, 0x4A8A, 0x4A6A, 0x424A, 0x3A09,
0x39E8, 0x31C8, 0x31A7, 0x2966, 0x2126, 0x2126, 0x1905, 0x1905, 0x1905, 0x1905, 0x1925, 0x2166,
0x2987, 0x31A7, 0x39E8, 0x3A08, 0x4229, 0x4A6A, 0x52AB, 0x5ACB, 0x62EC, 0x630C, 0x630C, 0x5AEB,
0x4A8A, 0x39E8, 0x2146, 0x2125, 0x2166, 0x29A7, 0x31E8, 0x39E8, 0x4229, 0x528B, 0x6B4D, 0x8410,
0x8431, 0x9493, 0x94B2, 0x9CD3, 0x9CD3, 0x94B2, 0x9471, 0x8C51, 0x8410, 0x8410, 0x8410, 0x7BEF,
0x7BEF, 0x7BF0, 0x7BCF, 0x7BEF, 0x7BF0, 0x7BCF, 0x7BCF, 0x7BCF, 0x7BEF, 0x7BEF, 0x7BCF, 0x7BCF,
0x73AE, 0x634D, 0x630C, 0x5AEC, 0x52AB, 0x4A6A, 0x3A09, 0x31C8, 0x2987, 0x2987, 0x2987, 0x2166,
0x2146, 0x2146, 0x2126, 0x1905, 0x10E4, 0x1905, 0x10E4, 0x10E4, 0x10E4, 0x10E4, 0x10E4, 0x10C4,
0x10C4, 0x1904, 0x2146, 0x31C8, 0x52CC, 0x6B8F, 0x7BCF, 0x8C51, 0x9493, 0x94B3, 0x9CD3, 0x9CD3,
0x94B2, 0x94B2, 0x94B2, 0x9492, 0x8C71, 0x8430, 0x73CF, 0x634E, 0x4A6A, 0x2986, 0x2125, 0x2125,
0x18E4, 0x4229, 0x6B8E, 0x73AF, 0x73AE, 0x7BEF, 0x8C71, 0x8410, 0x7BAF, 0x738E, 0x7BCF, 0x7BEF,
0x8410, 0x8410, 0x8410, 0x8C31, 0x8C51, 0x9451, 0x8C71, 0x8C71, 0x9471, 0x9471, 0x9472, 0x9471,
0x8C51, 0x8C51, 0x8C51, 0x8C30, 0x8C30, 0x8410, 0x83F0, 0x83EF, 0x8410, 0x8410, 0x7BF0, 0x6B2D,
0x4A8B, 0x3A09, 0x29A8, 0x1925, 0x10C4, 0x08C4, 0x0042, 0x0022, 0x0022, 0x0022, 0x0022, 0x0022,
0x0021, 0x0001, 0x0001, 0x0001, 0x0001, 0x0001, 0x0021, 0x0021, 0x0021, 0x0001, 0x0021, 0x0021,
0x2145, 0x424A, 0x4229, 0x31C8, 0x31C7, 0x2987, 0x2146, 0x2126, 0x2126, 0x2145, 0x2966, 0x2986,
0x2986, 0x2966, 0x2966, 0x2146, 0x2125, 0x2125, 0x2146, 0x2146, 0x2125, 0x18E4, 0x1904, 0x1904,
0x18E5, 0x1905, 0x3A09, 0x632D, 0x6B6E, 0x73AE, 0x738E, 0x738E, 0x6B6D, 0x6B6D, 0x6B6E, 0x5AEC,
0x52AB, 0x4249, 0x4208, 0x4229, 0x4249, 0x4249, 0x4249, 0x4A6A, 0x4A6A, 0x52AB, 0x5ACB, 0x5AEC,
0x62EC, 0x5AEC, 0x5AEC, 0x5AEC, 0x5AEC, 0x5AEC, 0x5B0C, 0x5AEC, 0x5AEB, 0x5ACB, 0x5ACB, 0x5ACB,
0x5AEB, 0x5ACB, 0x4229, 0x18E4, 0x0042, 0x0041, 0x0041, 0x0041, 0x0021, 0x0021, 0x0041, 0x0041,
0x0022, 0x0022, 0x0041, 0x0041, 0x0042, 0x0042, 0x0042, 0x0042, 0x0042, 0x0042, 0x0042, 0x0042,
0x0062, 0x0062, 0x0062, 0x0862, 0x0862, 0x0862, 0x0862, 0x0862, 0x0862, 0x0862, 0x0862, 0x0882,
0x0882, 0x0882, 0x0882, 0x0882, 0x0882, 0x0882, 0x0882, 0x0883, 0x0883, 0x0883, 0x0883, 0x0883,
0x08A3, 0x08A3, 0x0883, 0x1904, 0x3187, 0x4A6A, 0x528A, 0x52AA, 0x52AA, 0x4A6A, 0x4249, 0x31A7,
0x2145, 0x10C3, 0x0883, 0x0883, 0x0883, 0x0883, 0x0883, 0x0883, 0x10A3, 0x10A3, 0x10C3, 0x10C4,
0x52AB, 0x52AB, 0x528B, 0x52AB, 0x5ACC, 0x5ACC, 0x5ACC, 0x5ACC, 0x5ACC, 0x5ACC, 0x52CB, 0x52AB,
0x52AB, 0x52AB, 0x52AB, 0x4AAB, 0x4249, 0x3A29, 0x31C8, 0x2987, 0x2987, 0x2967, 0x2166, 0x2146,
0x2126, 0x1925, 0x1905, 0x1905, 0x1905, 0x1905, 0x2125, 0x2166, 0x2987, 0x31A7, 0x31C7, 0x39E8,
0x4229, 0x4A6A, 0x4A6A, 0x528B, 0x5AEC, 0x630C, 0x630C, 0x5B0C, 0x52AB, 0x4229, 0x31A7, 0x2966,
0x31A7, 0x31C8, 0x3A09, 0x5AEC, 0x6B4E, 0x83F0, 0x9471, 0x94B2, 0x94B2, 0x94B3, 0x9492, 0x8C72,
0x8C51, 0x8410, 0x7BF0, 0x7BEF, 0x7BCF, 0x7BCF, 0x7BCF, 0x7BCF, 0x7BCF, 0x7BEF, 0x8410, 0x8410,
0x83F0, 0x83F0, 0x83F0, 0x7BCF, 0x7BEF, 0x7BCF, 0x73CF, 0x73AE, 0x6B6E, 0x630D, 0x5B0C, 0x52AB,
0x4A8A, 0x4229, 0x31C8, 0x29A7, 0x29A7, 0x2167, 0x2166, 0x2166, 0x2146, 0x2146, 0x2146, 0x1925,
0x10E4, 0x10E4, 0x1904, 0x10C4, 0x10C4, 0x10C4, 0x10E4, 0x10C4, 0x10E4, 0x2146, 0x31A7, 0x52CB,
0x738F, 0x7BD0, 0x8C51, 0x9492, 0x9CB3, 0x9CD3, 0x9CD3, 0x9CD3, 0x94B3, 0x94B2, 0x9492, 0x8C51,
0x8431, 0x738E, 0x634D, 0x4A6A, 0x2987, 0x1905, 0x1904, 0x2145, 0x2145, 0x10C3, 0x52CB, 0x6B8E,
0x6B8E, 0x738E, 0x8410, 0x9471, 0x8410, 0x73AF, 0x73AE, 0x7BCF, 0x7BCF, 0x83EF, 0x8430, 0x8C30,
0x8C30, 0x8C51, 0x8C51, 0x8C51, 0x9471, 0x9471, 0x9471, 0x9471, 0x8C71, 0x8C51, 0x8C51, 0x8C31,
0x8430, 0x83EF, 0x83EF, 0x83EF, 0x7BEF, 0x7BEF, 0x632D, 0x528B, 0x39E8, 0x1925, 0x10C4, 0x10C4,
0x08A3, 0x0062, 0x0041, 0x0021, 0x0021, 0x0021, 0x0021, 0x0021, 0x0001, 0x0001, 0x0001, 0x0021,
0x0021, 0x0021, 0x0021, 0x0021, 0x0021, 0x0021, 0x0021, 0x2125, 0x4249, 0x4249, 0x31E8, 0x2987,
0x2146, 0x2125, 0x2146, 0x2146, 0x2987, 0x2987, 0x2987, 0x29A7, 0x2987, 0x2987, 0x2966, 0x2166,
0x2146, 0x2125, 0x1925, 0x1925, 0x1905, 0x1905, 0x1905, 0x1905, 0x1905, 0x18E4, 0x10E4, 0x1905,
0x2966, 0x4229, 0x5B0C, 0x6B6D, 0x6B8E, 0x738E, 0x738E, 0x6B6D, 0x632C, 0x5AEB, 0x52AB, 0x4A6A,
0x4A69, 0x4A6A, 0x4A6A, 0x528A, 0x52AA, 0x5ACB, 0x5ACB, 0x5ACB, 0x5AEC, 0x5AEC, 0x5AEC, 0x5B0C,
0x5B0C, 0x5B0C, 0x5B0C, 0x5B0C, 0x5AEC, 0x5AEB, 0x5AEB, 0x5ACB, 0x5AEB, 0x62EC, 0x528A, 0x2146,
0x0062, 0x0021, 0x0021, 0x0021, 0x0041, 0x0041, 0x0041, 0x0041, 0x0041, 0x0041, 0x0041, 0x0042,
0x0042, 0x0042, 0x0062, 0x0042, 0x0042, 0x0042, 0x0042, 0x0042, 0x0042, 0x0042, 0x0042, 0x0062,
0x0862, 0x0862, 0x0862, 0x0862, 0x0862, 0x0862, 0x0862, 0x0882, 0x0882, 0x0882, 0x0883, 0x0883,
0x0883, 0x0883, 0x0883, 0x0883, 0x0883, 0x0883, 0x0883, 0x0883, 0x0883, 0x0883, 0x0883, 0x10A3,
0x1904, 0x31A7, 0x4A49, 0x528A, 0x528A, 0x528A, 0x4A6A, 0x4208, 0x2986, 0x2105, 0x0883, 0x08A3,
0x0862, 0x0883, 0x10A3, 0x10C3, 0x10C3, 0x10C3, 0x10C4, 0x10C4, 0x52AB, 0x52AB, 0x528B, 0x52AB,
0x5ACC, 0x5ACC, 0x5ACC, 0x5ACC, 0x5ACC, 0x5ACC, 0x52CC, 0x52CC, 0x52CB, 0x52AB, 0x4A6A, 0x4249,
0x3A08, 0x2986, 0x2146, 0x2146, 0x2166, 0x2146, 0x2146, 0x2146, 0x1925, 0x1905, 0x1905, 0x1905,
0x1905, 0x1905, 0x2125, 0x2166, 0x2987, 0x29A7, 0x31C7, 0x39E8, 0x4209, 0x4229, 0x4249, 0x4A8A,
0x5AEC, 0x630C, 0x630C, 0x5B0C, 0x5AEC, 0x52AB, 0x4229, 0x31A7, 0x39C7, 0x4A49, 0x630D, 0x83F0,
0x8C31, 0x9492, 0x9CB2, 0x9CB2, 0x9492, 0x8C51, 0x8430, 0x8430, 0x8410, 0x7BF0, 0x7BCF, 0x7BCF,
0x7BCF, 0x7BCF, 0x7BCF, 0x7BCF, 0x7BEF, 0x7BEF, 0x8410, 0x8410, 0x83F0, 0x83F0, 0x83F0, 0x7BCF,
0x7BCF, 0x7BCF, 0x73AE, 0x6B6E, 0x632D, 0x5AEC, 0x52CB, 0x528B, 0x424A, 0x4229, 0x31C8, 0x29A7,
0x2987, 0x2166, 0x2166, 0x2166, 0x2146, 0x2146, 0x2146, 0x1925, 0x10E4, 0x10C4, 0x10E4, 0x10E4,
0x10C4, 0x10C4, 0x10E4, 0x10E5, 0x2146, 0x31A7, 0x5ACB, 0x7BAF, 0x8410, 0x8C51, 0x9492, 0x9CB3,
0x9CD3, 0x9CD3, 0x9CD3, 0x9CD3, 0x94B2, 0x9492, 0x8C72, 0x8C31, 0x7BCF, 0x6B4E, 0x4A6A, 0x2146,
0x10C4, 0x1904, 0x1904, 0x2125, 0x2125, 0x2125, 0x18E4, 0x632D, 0x6B6E, 0x6B6D, 0x738E, 0x8C51,
0x8C71, 0x7BCF, 0x73AE, 0x73AF, 0x73AE, 0x7BAF, 0x83EF, 0x8410, 0x8410, 0x8410, 0x8C31, 0x8C51,
0x8C51, 0x8C71, 0x8C71, 0x8C71, 0x8C71, 0x8C71, 0x8C51, 0x8C30, 0x8410, 0x7BEF, 0x7BEF, 0x7BEF,
0x7BEF, 0x5B2C, 0x4A6A, 0x39E8, 0x18E4, 0x08A4, 0x08A3, 0x0083, 0x0062, 0x0042, 0x0021, 0x0021,
0x0021, 0x0021, 0x0021, 0x0001, 0x0001, 0x0001, 0x0001, 0x0021, 0x0021, 0x0021, 0x0021, 0x0021,
0x0021, 0x0042, 0x2146, 0x4249, 0x4229, 0x31E8, 0x2166, 0x2125, 0x1925, 0x2146, 0x2146, 0x2966,
0x29A7, 0x31A7, 0x2987, 0x2987, 0x2986, 0x2966, 0x2966, 0x2166, 0x2146, 0x2125, 0x1905, 0x1905,
0x1905, 0x1905, 0x1905, 0x18E4, 0x1905, 0x18E4, 0x18E4, 0x10E4, 0x10E4, 0x10C4, 0x1904, 0x4229,
0x632D, 0x6B8E, 0x73AE, 0x73AE, 0x6B6E, 0x6B4D, 0x632C, 0x5B0C, 0x528A, 0x528A, 0x526A, 0x528A,
0x5AAB, 0x5ACB, 0x5ACB, 0x5ACB, 0x5AEB, 0x5AEC, 0x5AEC, 0x5B0C, 0x5B0C, 0x5B0C, 0x5B0C, 0x5B0C,
0x5B0C, 0x5AEC, 0x5AEB, 0x5ACB, 0x5ACB, 0x62EC, 0x52AB, 0x31C7, 0x0042, 0x0021, 0x0021, 0x0021,
0x0041, 0x0041, 0x0041, 0x0041, 0x0041, 0x0041, 0x0042, 0x0042, 0x0042, 0x0042, 0x0062, 0x0042,
0x0042, 0x0042, 0x0042, 0x0042, 0x0042, 0x0042, 0x0042, 0x0042, 0x0042, 0x0062, 0x0862, 0x0862,
0x0862, 0x0862, 0x0862, 0x0882, 0x0882, 0x0882, 0x0883, 0x0883, 0x0883, 0x0883, 0x0883, 0x0883,
0x0883, 0x0883, 0x0883, 0x0883, 0x0883, 0x0883, 0x0883, 0x08A3, 0x0883, 0x1905, 0x31A7, 0x4A49,
0x4A8A, 0x528A, 0x528A, 0x4A6A, 0x39E8, 0x2966, 0x18E4, 0x08A3, 0x08A3, 0x08A3, 0x10A3, 0x10C3,
0x10C3, 0x10C3, 0x10E4, 0x10E4, 0x52AB, 0x52AB, 0x528B, 0x52AB, 0x5ACB, 0x5ACB, 0x5ACB, 0x5ACB,
0x5ACB, 0x5ACB, 0x5AEC, 0x5AEC, 0x52AB, 0x4AAB, 0x4249, 0x31A7, 0x2166, 0x2146, 0x2146, 0x2146,
0x2146, 0x2146, 0x2146, 0x1925, 0x1925, 0x1905, 0x1105, 0x1905, 0x1905, 0x1905, 0x2125, 0x2166,
0x2987, 0x2987, 0x31A7, 0x31C8, 0x39E8, 0x4229, 0x4249, 0x4A8B, 0x5ACC, 0x5B0C, 0x5B0C, 0x630C,
0x5B0C, 0x52AB, 0x4A69, 0x3A08, 0x52AB, 0x7BAE, 0x8C30, 0x9C72, 0x9C92, 0x9CB2, 0x9492, 0x8C71,
0x8450, 0x8430, 0x8410, 0x8410, 0x8410, 0x7BF0, 0x7BCF, 0x7BCF, 0x7BEF, 0x7BEF, 0x7BEF, 0x7BCF,
0x7BEF, 0x83F0, 0x8410, 0x8410, 0x83F0, 0x7BEF, 0x7BEF, 0x7BCF, 0x7BCF, 0x73AF, 0x6B6E, 0x632C,
0x5B0C, 0x5ACC, 0x52AB, 0x4A6A, 0x4229, 0x3A29, 0x31C8, 0x29A7, 0x2987, 0x2166, 0x2166, 0x2166,
0x2146, 0x2146, 0x1925, 0x1925, 0x18E5, 0x10E4, 0x08A3, 0x08C3, 0x10C4, 0x10C4, 0x10E4, 0x2126,
0x31A7, 0x52CB, 0x73AF, 0x7BAF, 0x8C51, 0x94B2, 0x9CB2, 0x9CD3, 0x9CD3, 0x9CD3, 0x9CD3, 0x9CD3,
0x94B2, 0x9471, 0x8C31, 0x7BCF, 0x6B4D, 0x4A6A, 0x2145, 0x10E4, 0x10C3, 0x1904, 0x1905, 0x1904,
0x1904, 0x1904, 0x0883, 0x31A7, 0x738E, 0x6B8E, 0x6B6D, 0x73AE, 0x8C31, 0x8431, 0x73AF, 0x73AE,
0x738E, 0x73AF, 0x73AF, 0x7BCF, 0x7BF0, 0x83F0, 0x8410, 0x8C30, 0x8C51, 0x8C51, 0x8C30, 0x8C51,
0x8C71, 0x8C71, 0x8C50, 0x8410, 0x840F, 0x7BEF, 0x7BCF, 0x7BCF, 0x630C, 0x4A6A, 0x31C7, 0x18E4,
0x08A3, 0x0062, 0x0063, 0x0062, 0x0042, 0x0042, 0x0021, 0x0021, 0x0001, 0x0001, 0x0001, 0x0001,
0x0001, 0x0001, 0x0001, 0x0021, 0x0021, 0x0021, 0x0021, 0x0021, 0x0021, 0x2166, 0x3A29, 0x3A08,
0x2986, 0x2145, 0x1925, 0x1926, 0x2146, 0x2146, 0x2967, 0x2166, 0x2987, 0x2987, 0x2986, 0x2966,
0x2166, 0x2166, 0x2146, 0x2125, 0x1925, 0x1905, 0x1905, 0x1905, 0x1905, 0x1905, 0x18E5, 0x18E5,
0x10E4, 0x10C4, 0x10C4, 0x10C4, 0x10C4, 0x10C4, 0x10A3, 0x08A3, 0x18E4, 0x4228, 0x5B0C, 0x738E,
0x7BAF, 0x73AE, 0x736E, 0x6B4D, 0x630C, 0x5AEC, 0x5ACB, 0x5ACB, 0x5ACB, 0x5ACB, 0x5ACB, 0x5ACB,
0x5ACB, 0x5AEC, 0x5AEC, 0x5B0C, 0x5B0C, 0x5B0C, 0x5B0C, 0x5B0C, 0x630C, 0x5AEC, 0x5AEB, 0x5AEC,
0x5ACB, 0x5AEB, 0x5AEB, 0x4249, 0x18E4, 0x0021, 0x0021, 0x0021, 0x0022, 0x0041, 0x0041, 0x0041,
0x0041, 0x0041, 0x0041, 0x0042, 0x0042, 0x0042, 0x0062, 0x0042, 0x0042, 0x0042, 0x0042, 0x0042,
0x0042, 0x0042, 0x0042, 0x0042, 0x0042, 0x0042, 0x0062, 0x0862, 0x0862, 0x0862, 0x0862, 0x0882,
0x0882, 0x0882, 0x0883, 0x0883, 0x08A3, 0x08A3, 0x08A3, 0x08A3, 0x08A3, 0x08A3, 0x0883, 0x0883,
0x0883, 0x0883, 0x0883, 0x08A3, 0x08A3, 0x10A3, 0x2145, 0x39E8, 0x4229, 0x528A, 0x528A, 0x4A6A,
0x4A49, 0x31A7, 0x2145, 0x18E4, 0x08A3, 0x08A3, 0x10A3, 0x10C4, 0x10E4, 0x10E4, 0x10E4, 0x10E4,
0x5ACB, 0x5ACB, 0x5ACB, 0x5ACB, 0x5ACB, 0x5ACB, 0x5ACB, 0x5ACC, 0x5ACC, 0x5ACC, 0x5AEB, 0x5ACB,
0x52AB, 0x4249, 0x2987, 0x2146, 0x2126, 0x2146, 0x2166, 0x2166, 0x2166, 0x2146, 0x2146, 0x2146,
0x1925, 0x1905, 0x1905, 0x1905, 0x18E5, 0x1905, 0x1925, 0x2146, 0x2146, 0x2166, 0x29A7, 0x31A7,
0x31C8, 0x3A09, 0x424A, 0x4A8A, 0x52CB, 0x5AEC, 0x5B0C, 0x630C, 0x5B0C, 0x5AEB, 0x52AA, 0x630C,
0x7BCF, 0x8C51, 0x9CB3, 0x9CB3, 0x9C92, 0x9492, 0x8C71, 0x8410, 0x7BCF, 0x7BEF, 0x7BEF, 0x7BF0,
0x7BF0, 0x7BF0, 0x7BF0, 0x7BF0, 0x7BF0, 0x7BF0, 0x8410, 0x8410, 0x8410, 0x8410, 0x8410, 0x8410,
0x7BF0, 0x7BCF, 0x7BCF, 0x7BAF, 0x73AE, 0x736E, 0x634D, 0x630C, 0x5AEC, 0x52AB, 0x52AB, 0x424A,
0x3A29, 0x31E8, 0x31C8, 0x29A7, 0x2987, 0x2966, 0x2166, 0x2146, 0x2126, 0x2126, 0x1925, 0x18E5,
0x10E4, 0x10E5, 0x10E4, 0x08A3, 0x08A3, 0x1905, 0x1925, 0x2987, 0x52AB, 0x738E, 0x8410, 0x8C51,
0x94B2, 0x9CD3, 0x9CD3, 0x9CD3, 0x9CD3, 0x9CF3, 0x9CD3, 0x9492, 0x8C51, 0x8C51, 0x73AF, 0x5AEC,
0x4229, 0x2125, 0x10A3, 0x08A3, 0x08A3, 0x10C3, 0x10A3, 0x18E4, 0x18C4, 0x10C4, 0x2125, 0x10C3,
0x4A8A, 0x6B8E, 0x6B6E, 0x738E, 0x73AF, 0x8431, 0x7BF0, 0x73AE, 0x738E, 0x738E, 0x738E, 0x738E,
0x738E, 0x7BCF, 0x7BF0, 0x8410, 0x8431, 0x8431, 0x8430, 0x8C30, 0x8C31, 0x8C51, 0x8C51, 0x8C51,
0x8410, 0x83EF, 0x7BCF, 0x5AEC, 0x424A, 0x1925, 0x0062, 0x0062, 0x0062, 0x0042, 0x0042, 0x0022,
0x0021, 0x0021, 0x0021, 0x0021, 0x0021, 0x0001, 0x0001, 0x0021, 0x0021, 0x0021, 0x0021, 0x0001,
0x0021, 0x0021, 0x0021, 0x08A3, 0x31C8, 0x424A, 0x31E8, 0x2987, 0x2166, 0x2145, 0x1925, 0x2125,
0x2125, 0x2146, 0x2146, 0x2166, 0x2146, 0x2146, 0x2146, 0x2126, 0x1925, 0x2125, 0x1905, 0x18E4,
0x18E4, 0x18E4, 0x18E4, 0x10E4, 0x10E4, 0x10E4, 0x10C4, 0x10C4, 0x10E4, 0x10E4, 0x10C4, 0x10C4,
0x10C4, 0x10C4, 0x10C3, 0x10C3, 0x10C3, 0x10C3, 0x18E4, 0x39E8, 0x630C, 0x738E, 0x73AF, 0x73AF,
0x6B6E, 0x6B4D, 0x6B4D, 0x630C, 0x5AEB, 0x5ACB, 0x5AEC, 0x5ACB, 0x5ACB, 0x5ACC, 0x5AEC, 0x5AEC,
0x5AEC, 0x5AEC, 0x630C, 0x630C, 0x630C, 0x630C, 0x5AEC, 0x5AEC, 0x5AEB, 0x5AEC, 0x632C, 0x52AB,
0x29A6, 0x0042, 0x0041, 0x0041, 0x0042, 0x0042, 0x0041, 0x0041, 0x0041, 0x0042, 0x0042, 0x0042,
0x0062, 0x0062, 0x0062, 0x0042, 0x0062, 0x0042, 0x0042, 0x0041, 0x0062, 0x0062, 0x0062, 0x0062,
0x0062, 0x0862, 0x0862, 0x0862, 0x0882, 0x0882, 0x0882, 0x0882, 0x0882, 0x0883, 0x0883, 0x0883,
0x0883, 0x0883, 0x0883, 0x0883, 0x0883, 0x0883, 0x0883, 0x0883, 0x0883, 0x08A3, 0x08A3, 0x08A3,
0x08A3, 0x10A3, 0x10E4, 0x2966, 0x39E8, 0x4A4A, 0x4A8A, 0x4A8A, 0x4A69, 0x4208, 0x31A7, 0x2125,
0x18E4, 0x10A3, 0x10C4, 0x18E4, 0x18E4, 0x18E4, 0x18E4, 0x18E4, 0x5ACC, 0x5ACC, 0x5ACB, 0x5ACB,
0x5ACB, 0x5ACB, 0x5ACB, 0x5ACC, 0x5ACB, 0x5ACB, 0x5ACB, 0x528A, 0x4249, 0x2987, 0x1905, 0x1905,
0x1925, 0x2166, 0x2987, 0x2987, 0x2166, 0x2146, 0x2146, 0x2146, 0x1925, 0x1905, 0x1905, 0x1905,
0x1905, 0x1905, 0x1905, 0x1925, 0x2126, 0x2166, 0x2986, 0x29A7, 0x31C8, 0x3A09, 0x424A, 0x4A6A,
0x52AB, 0x52CB, 0x5AEC, 0x5AEC, 0x5B0C, 0x5AEB, 0x632C, 0x7BEF, 0x8C51, 0x9492, 0x9492, 0x9492,
0x9492, 0x8C51, 0x8410, 0x7BCF, 0x73AE, 0x73AE, 0x73AE, 0x7BCF, 0x7BEF, 0x7BF0, 0x8410, 0x8410,
0x7BF0, 0x7BF0, 0x8410, 0x8410, 0x8410, 0x8410, 0x7BF0, 0x7BF0, 0x7BEF, 0x73AF, 0x73AE, 0x73AF,
0x6B6E, 0x632D, 0x5B0C, 0x5AEC, 0x5ACC, 0x52AB, 0x4A6A, 0x4229, 0x3A09, 0x31E8, 0x31C7, 0x29A7,
0x2987, 0x2966, 0x2166, 0x2146, 0x2125, 0x1925, 0x1905, 0x1905, 0x10E4, 0x10E4, 0x10E4, 0x10E4,
0x10E4, 0x1905, 0x2987, 0x52AB, 0x6B8E, 0x8411, 0x8C51, 0x9492, 0x9CD3, 0x9CD3, 0x9CD3, 0x9CD3,
0x9CD3, 0x9CB3, 0x94B2, 0x9492, 0x8C51, 0x7BCF, 0x634D, 0x4229, 0x2145, 0x10A3, 0x0062, 0x0883,
0x10E4, 0x10E4, 0x10E4, 0x1904, 0x18E4, 0x18E4, 0x18E4, 0x1905, 0x2145, 0x6B4D, 0x738E, 0x738E,
0x738E, 0x7BEF, 0x8C51, 0x7BEF, 0x738E, 0x738E, 0x738E, 0x738E, 0x6B6D, 0x6B6D, 0x73AF, 0x7BD0,
0x8431, 0x8430, 0x8430, 0x8430, 0x8430, 0x8430, 0x8C51, 0x8C30, 0x8410, 0x7BCF, 0x5AEC, 0x31C8,
0x1905, 0x0042, 0x0042, 0x0042, 0x0042, 0x0042, 0x0022, 0x0021, 0x0021, 0x0021, 0x0021, 0x0021,
0x0021, 0x0001, 0x0001, 0x0021, 0x0021, 0x0021, 0x0021, 0x0021, 0x0021, 0x0001, 0x0883, 0x39E8,
0x4229, 0x39E8, 0x2987, 0x2966, 0x2146, 0x1945, 0x1925, 0x2125, 0x2125, 0x2125, 0x2146, 0x2126,
0x1925, 0x1905, 0x1925, 0x1925, 0x1905, 0x1905, 0x18E4, 0x10C4, 0x10E4, 0x10E4, 0x10E4, 0x10E4,
0x10E4, 0x10E4, 0x10C4, 0x10C4, 0x10C4, 0x10C4, 0x10C4, 0x10C4, 0x10C4, 0x10C4, 0x10C3, 0x08A3,
0x10C3, 0x10C3, 0x08A3, 0x0082, 0x1904, 0x4229, 0x630C, 0x73AF, 0x73AF, 0x738E, 0x6B6E, 0x6B4D,
0x632C, 0x5AEB, 0x5AEB, 0x5ACB, 0x5ACB, 0x5ACB, 0x5ACB, 0x5AEB, 0x5AEC, 0x5AEC, 0x630C, 0x630C,
0x630C, 0x630C, 0x630C, 0x5AEC, 0x5AEB, 0x5AEB, 0x5B0C, 0x5AEB, 0x3A08, 0x08A3, 0x0021, 0x0041,
0x0042, 0x0042, 0x0041, 0x0041, 0x0041, 0x0042, 0x0042, 0x0042, 0x0062, 0x0062, 0x0042, 0x0042,
0x0042, 0x0042, 0x0062, 0x0041, 0x0042, 0x0042, 0x0062, 0x0062, 0x0062, 0x0862, 0x0862, 0x0862,
0x0882, 0x0882, 0x0882, 0x0882, 0x0882, 0x0883, 0x0883, 0x0883, 0x0883, 0x0883, 0x0883, 0x0883,
0x0883, 0x0883, 0x0883, 0x0883, 0x0883, 0x08A3, 0x10A3, 0x10A3, 0x10A3, 0x10A3, 0x10C4, 0x10E4,
0x2966, 0x4229, 0x4A8A, 0x528A, 0x4A8A, 0x4A69, 0x39E8, 0x31A7, 0x2125, 0x18E4, 0x10C4, 0x10C4,
0x18E4, 0x18E4, 0x18E4, 0x18E4, 0x5ACC, 0x5AEC, 0x5AEC, 0x5AEC, 0x5ACB, 0x5ACB, 0x5ACB, 0x52AB,
0x52AB, 0x528A, 0x4A8A, 0x3A08, 0x2966, 0x18E5, 0x10E4, 0x1925, 0x2146, 0x2967, 0x2987, 0x2987,
0x2987, 0x2166, 0x2146, 0x2146, 0x1925, 0x1905, 0x1925, 0x1905, 0x1905, 0x1905, 0x1905, 0x1925,
0x1925, 0x2166, 0x2987, 0x29A7, 0x31C7, 0x3A09, 0x4229, 0x424A, 0x4A6A, 0x4A8B, 0x52CB, 0x5AEB,
0x5AEC, 0x630C, 0x7BCF, 0x8430, 0x9CB2, 0x9492, 0x8C72, 0x9492, 0x8C71, 0x8430, 0x7BCF, 0x73AE,
0x738E, 0x738E, 0x6B8E, 0x738E, 0x7BCF, 0x7BF0, 0x8410, 0x8410, 0x7BF0, 0x7BF0, 0x8410, 0x8410,
0x8410, 0x7BF0, 0x7BEF, 0x7BEF, 0x73CF, 0x73AE, 0x738E, 0x6B6E, 0x632D, 0x5AEC, 0x5AEC, 0x5AEC,
0x52CC, 0x528B, 0x424A, 0x4229, 0x3A08, 0x31E8, 0x31C7, 0x29A7, 0x2987, 0x2966, 0x2166, 0x2146,
0x2125, 0x1905, 0x18E5, 0x1905, 0x10E4, 0x10C4, 0x10E4, 0x1904, 0x1904, 0x2987, 0x528B, 0x738F,
0x73AF, 0x8C51, 0x9492, 0x94B2, 0x9CD3, 0x9CD3, 0x9CD3, 0x9CD3, 0x9CD3, 0x94B2, 0x9492, 0x8C51,
0x73AF, 0x634E, 0x4249, 0x2125, 0x0883, 0x0882, 0x0882, 0x10E4, 0x2145, 0x1904, 0x1904, 0x1925,
0x2145, 0x2146, 0x1905, 0x2145, 0x10C3, 0x4A6A, 0x6B6E, 0x6B6E, 0x6B6D, 0x6B6D, 0x8410, 0x8431,
0x73AE, 0x738E, 0x738E, 0x738E, 0x6B6D, 0x6B6D, 0x6B6E, 0x736E, 0x7BEF, 0x8410, 0x8430, 0x8410,
0x7C10, 0x7BF0, 0x8410, 0x8410, 0x7BCF, 0x4229, 0x2166, 0x2146, 0x0042, 0x0043, 0x0042, 0x0042,
0x0042, 0x0021, 0x0021, 0x0021, 0x0021, 0x0021, 0x0021, 0x0021, 0x0021, 0x0001, 0x0001, 0x0021,
0x0021, 0x0021, 0x0021, 0x0021, 0x0001, 0x2966, 0x52CC, 0x3A09, 0x31C8, 0x2166, 0x2166, 0x2125,
0x1925, 0x1925, 0x1925, 0x2125, 0x2125, 0x2145, 0x2125, 0x1925, 0x1905, 0x1905, 0x1905, 0x1905,
0x1905, 0x1904, 0x10E4, 0x10E4, 0x10E4, 0x10E4, 0x10E4, 0x10E4, 0x10E4, 0x10E4, 0x10C4, 0x10C4,
0x10C4, 0x10C4, 0x10C4, 0x10C4, 0x10C4, 0x10C4, 0x10C3, 0x08A3, 0x08A3, 0x08A3, 0x08A3, 0x08A3,
0x08A3, 0x08A3, 0x18E4, 0x3A08, 0x634D, 0x6B8E, 0x738E, 0x6B6D, 0x736D, 0x6B4D, 0x630C, 0x5AEC,
0x5AEB, 0x5ACB, 0x5ACB, 0x5ACB, 0x5ACB, 0x5AEB, 0x630C, 0x630C, 0x630C, 0x630C, 0x630C, 0x630C,
0x5AEC, 0x5AEB, 0x5B0B, 0x5B0C, 0x4A8A, 0x2125, 0x0042, 0x0042, 0x0042, 0x0042, 0x0041, 0x0041,
0x0041, 0x0042, 0x0042, 0x0042, 0x0062, 0x0062, 0x0042, 0x0042, 0x0042, 0x0042, 0x0062, 0x0041,
0x0042, 0x0042, 0x0042, 0x0062, 0x0062, 0x0862, 0x0862, 0x0862, 0x0882, 0x0882, 0x0882, 0x0882,
0x0882, 0x0883, 0x0883, 0x0883, 0x0883, 0x0883, 0x0883, 0x0883, 0x0883, 0x0883, 0x0883, 0x0883,
0x0883, 0x08A3, 0x10A3, 0x10A3, 0x10A3, 0x10C3, 0x10C4, 0x10C3, 0x18E4, 0x31A7, 0x4229, 0x528A,
0x4A8A, 0x4A8A, 0x4208, 0x39E8, 0x2966, 0x1905, 0x10E4, 0x18E4, 0x18E4, 0x18E4, 0x18E4, 0x18E4,
0x52AB, 0x5ACC, 0x5AEC, 0x5AEC, 0x52CB, 0x5ACB, 0x52AB, 0x4A8A, 0x4A69, 0x4229, 0x31C7, 0x2125,
0x10A3, 0x10A4, 0x1905, 0x2146, 0x2987, 0x29A7, 0x2987, 0x2987, 0x2987, 0x2166, 0x2146, 0x2146,
0x2146, 0x1925, 0x1925, 0x1925, 0x1905, 0x1905, 0x1905, 0x1905, 0x2146, 0x2966, 0x2987, 0x31A7,
0x29A7, 0x31C8, 0x39E8, 0x3A09, 0x426A, 0x4A6A, 0x52AB, 0x52AB, 0x5B0C, 0x73AE, 0x8C31, 0x9492,
0x9CB2, 0x9492, 0x8C51, 0x8C51, 0x8430, 0x7BEF, 0x7BAF, 0x738E, 0x736E, 0x736E, 0x736E, 0x6B6E,
0x738E, 0x7BCF, 0x7BEF, 0x7BF0, 0x7BF0, 0x7BF0, 0x7BF0, 0x8410, 0x8410, 0x8410, 0x8410, 0x7BF0,
0x73AF, 0x73AE, 0x6B6E, 0x630C, 0x5AEC, 0x5ACC, 0x5ACC, 0x52AB, 0x4A8A, 0x424A, 0x424A, 0x4229,
0x3A09, 0x31E8, 0x31C7, 0x29A7, 0x2987, 0x2166, 0x2146, 0x2145, 0x2126, 0x1905, 0x18E4, 0x10E4,
0x18E4, 0x1905, 0x1905, 0x1905, 0x2966, 0x52AB, 0x738F, 0x83F0, 0x8C51, 0x94B2, 0x9CB3, 0x9CD3,
0x9CD3, 0x9CD3, 0x9CD3, 0x9CD3, 0x94B2, 0x9492, 0x8C72, 0x7BCF, 0x5B2D, 0x424A, 0x1905, 0x0062,
0x0042, 0x0883, 0x10C3, 0x10E4, 0x2125, 0x1925, 0x1905, 0x2166, 0x2145, 0x1904, 0x2125, 0x2145,
0x2145, 0x2125, 0x6B4E, 0x736E, 0x6B4D, 0x632D, 0x73AF, 0x8410, 0x7BEF, 0x738E, 0x738E, 0x736E,
0x6B6E, 0x6B4D, 0x6B6D, 0x6B6D, 0x6B6D, 0x73AF, 0x7BF0, 0x8410, 0x7BF0, 0x7BF0, 0x7C10, 0x6B6E,
0x3A08, 0x1904, 0x18E4, 0x0883, 0x0042, 0x0042, 0x0042, 0x0022, 0x0022, 0x0021, 0x0021, 0x0001,
0x0021, 0x0021, 0x0021, 0x0021, 0x0021, 0x0021, 0x0021, 0x0021, 0x0041, 0x0021, 0x0001, 0x0000,
0x3186, 0x632D, 0x424A, 0x29A7, 0x2146, 0x1925, 0x10E4, 0x10C4, 0x10E4, 0x1905, 0x1905, 0x2125,
0x2145, 0x2146, 0x2125, 0x1925, 0x1905, 0x1905, 0x1905, 0x18E5, 0x10E4, 0x10E4, 0x10E4, 0x10C4,
0x10C4, 0x10C4, 0x10E4, 0x10E4, 0x10E4, 0x10E4, 0x10C4, 0x10C4, 0x10C4, 0x10C4, 0x10C4, 0x10C4,
0x10C3, 0x10C3, 0x08A3, 0x08A3, 0x08A3, 0x08A3, 0x08A3, 0x08A3, 0x08A3, 0x08A3, 0x08A3, 0x08A3,
0x29A7, 0x4A6A, 0x632D, 0x738E, 0x736D, 0x736D, 0x6B4D, 0x632D, 0x630C, 0x5B0C, 0x5AEB, 0x5ACB,
0x5AEB, 0x5AEC, 0x5AEC, 0x630C, 0x630C, 0x630C, 0x630C, 0x630C, 0x630C, 0x630C, 0x5B0B, 0x5B0C,
0x5ACB, 0x39E8, 0x0882, 0x0042, 0x0042, 0x0042, 0x0041, 0x0041, 0x0041, 0x0042, 0x0062, 0x0062,
0x0062, 0x0062, 0x0062, 0x0042, 0x0042, 0x0062, 0x0062, 0x0062, 0x0042, 0x0042, 0x0042, 0x0062,
0x0862, 0x0862, 0x0862, 0x0862, 0x0882, 0x0882, 0x0882, 0x0882, 0x0882, 0x0882, 0x0883, 0x0883,
0x0883, 0x0883, 0x0883, 0x0883, 0x0883, 0x0883, 0x08A3, 0x08A3, 0x08A3, 0x10A3, 0x10A3, 0x10A3,
0x10C3, 0x10C4, 0x10E4, 0x10E4, 0x18E4, 0x2125, 0x31C7, 0x4A49, 0x528A, 0x4A8A, 0x4A6A, 0x4229,
0x39C7, 0x2146, 0x1905, 0x1904, 0x1904, 0x1904, 0x18E4, 0x18E4, 0x528B, 0x52AB, 0x5ACB, 0x5ACB,
0x52CB, 0x52AB, 0x4A6A, 0x4229, 0x31E7, 0x2986, 0x1945, 0x08A3, 0x10C4, 0x10E5, 0x2146, 0x2987,
0x29A7, 0x29A8, 0x2987, 0x2987, 0x2967, 0x2166, 0x2146, 0x2146, 0x2146, 0x1925, 0x1905, 0x1905,
0x1905, 0x1905, 0x1905, 0x1905, 0x1925, 0x2146, 0x2966, 0x2966, 0x2987, 0x31A7, 0x39E8, 0x3A09,
0x4249, 0x4249, 0x528A, 0x5AEC, 0x738E, 0x8C30, 0x9C92, 0x9492, 0x9CB2, 0x9492, 0x8C51, 0x8410,
0x7C0F, 0x73CE, 0x73AE, 0x738E, 0x736E, 0x6B8E, 0x6B8E, 0x738E, 0x73AE, 0x73AF, 0x7BCF, 0x7BEF,
0x7BF0, 0x7BF0, 0x7BF0, 0x8410, 0x7BF0, 0x7BEF, 0x7BEF, 0x7BCF, 0x73AE, 0x6B8E, 0x5B0C, 0x5ACC,
0x5ACC, 0x5ACC, 0x52AB, 0x4AAA, 0x4A4A, 0x424A, 0x424A, 0x4229, 0x3A09, 0x31E8, 0x31C7, 0x29A7,
0x2986, 0x2146, 0x2166, 0x2146, 0x2125, 0x1925, 0x1905, 0x10E4, 0x10C4, 0x1905, 0x2126, 0x2987,
0x52AB, 0x73AF, 0x83F0, 0x8C51, 0x9492, 0x9CB3, 0x9CD3, 0x9CD3, 0x9CD3, 0x9CD3, 0x9CD3, 0x9CB2,
0x9492, 0x8C51, 0x73AF, 0x632D, 0x4249, 0x1905, 0x0883, 0x0042, 0x0082, 0x10C3, 0x10A3, 0x18E4,
0x1905, 0x2125, 0x2145, 0x2966, 0x1904, 0x10E4, 0x1905, 0x2966, 0x2986, 0x18E4, 0x528B, 0x738E,
0x6B4D, 0x632D, 0x6B6D, 0x7BF0, 0x8410, 0x73AE, 0x738E, 0x6B6E, 0x6B6D, 0x6B4D, 0x6B2D, 0x6B4D,
0x6B4D, 0x6B6E, 0x7BCF, 0x7BEF, 0x7BEF, 0x7BF0, 0x634D, 0x1904, 0x08A3, 0x10E4, 0x08A3, 0x0042,
0x0042, 0x0042, 0x0042, 0x0041, 0x0021, 0x0001, 0x0001, 0x0001, 0x0001, 0x0001, 0x0001, 0x0021,
0x0021, 0x0021, 0x0021, 0x0021, 0x0021, 0x0021, 0x0021, 0x2986, 0x6B6E, 0x632D, 0x2946, 0x2166,
0x2145, 0x10E4, 0x10E4, 0x1905, 0x1905, 0x1925, 0x2125, 0x2146, 0x2166, 0x2166, 0x2146, 0x2146,
0x2126, 0x1905, 0x1905, 0x10E4, 0x10E4, 0x10E4, 0x10E4, 0x10C4, 0x10C4, 0x10C4, 0x10C4, 0x10C4,
0x10C4, 0x10C4, 0x10C4, 0x10C3, 0x10C4, 0x10C4, 0x10C4, 0x10C4, 0x10C3, 0x10C3, 0x08A3, 0x08A3,
0x08A3, 0x08A3, 0x08A3, 0x08A3, 0x10A3, 0x08A3, 0x10A3, 0x10C3, 0x08A3, 0x10C3, 0x2986, 0x630C,
0x738E, 0x738E, 0x736E, 0x6B6D, 0x6B4D, 0x632C, 0x630C, 0x5AEC, 0x5AEC, 0x5AEC, 0x5AEC, 0x5AEC,
0x62EC, 0x630C, 0x630C, 0x630C, 0x630C, 0x630C, 0x5B0C, 0x630C, 0x5AEC, 0x4229, 0x1904, 0x0042,
0x0042, 0x0042, 0x0041, 0x0041, 0x0041, 0x0062, 0x0062, 0x0042, 0x0062, 0x0062, 0x0062, 0x0062,
0x0062, 0x0062, 0x0062, 0x0062, 0x0062, 0x0062, 0x0062, 0x0862, 0x0862, 0x0862, 0x0862, 0x0862,
0x0883, 0x0883, 0x0883, 0x0883, 0x0883, 0x0883, 0x0883, 0x0883, 0x0883, 0x0883, 0x0883, 0x0883,
0x0883, 0x0883, 0x08A3, 0x08A3, 0x08A3, 0x10A3, 0x10A3, 0x10C3, 0x10C4, 0x10C4, 0x10E4, 0x10E4,
0x18E4, 0x1904, 0x2986, 0x3A08, 0x4A49, 0x528A, 0x526A, 0x4A6A, 0x39E8, 0x31A7, 0x2966, 0x1905,
0x1904, 0x1904, 0x18E4, 0x18E4, 0x4A6A, 0x528B, 0x528B, 0x52AB, 0x4A8A, 0x4A6A, 0x4249, 0x39E8,
0x2966, 0x1925, 0x10C4, 0x08A3, 0x10C4, 0x1905, 0x2167, 0x31A8, 0x31A8, 0x31A7, 0x2987, 0x2987,
0x2966, 0x2166, 0x2166, 0x2146, 0x2146, 0x1945, 0x1905, 0x1905, 0x1905, 0x1905, 0x18E5, 0x1905,
0x1905, 0x1905, 0x2125, 0x2146, 0x2966, 0x2987, 0x31C7, 0x39E8, 0x3A09, 0x4229, 0x5ACB, 0x738E,
0x8C30, 0x9492, 0x9492, 0x9C92, 0x9C92, 0x9492, 0x8C51, 0x7BCF, 0x7BCF, 0x73AF, 0x738E, 0x738E,
0x738E, 0x736E, 0x738E, 0x73AE, 0x73AF, 0x73AF, 0x73AF, 0x7BAF, 0x7BCF, 0x83F0, 0x7BF0, 0x7BEF,
0x7BCF, 0x73AF, 0x738E, 0x738E, 0x6B8E, 0x5AEC, 0x52AB, 0x5ACC, 0x5ACC, 0x52AB, 0x4A8A, 0x4A6A,
0x424A, 0x424A, 0x424A, 0x424A, 0x3A29, 0x3A09, 0x31C8, 0x31A7, 0x2987, 0x2146, 0x2146, 0x2146,
0x1925, 0x1905, 0x18E5, 0x1905, 0x18E4, 0x1925, 0x2987, 0x52AA, 0x7BCF, 0x8410, 0x8C51, 0x9CB2,
0x9CB3, 0x9CD3, 0x9CD3, 0x9CD3, 0x9CD3, 0x9CD3, 0x9CB2, 0x9472, 0x8C51, 0x6B6E, 0x630D, 0x3A08,
0x1905, 0x0062, 0x0063, 0x10C4, 0x10C4, 0x10C4, 0x10C4, 0x10E4, 0x1925, 0x2146, 0x2125, 0x1925,
0x10E4, 0x10C3, 0x2145, 0x1925, 0x2966, 0x2987, 0x4A49, 0x73AE, 0x6B6D, 0x632D, 0x632D, 0x73AF,
0x8410, 0x7BCF, 0x6B6D, 0x6B6E, 0x6B6E, 0x632D, 0x5B0C, 0x632C, 0x6B2D, 0x6B4D, 0x6B4D, 0x738E,
0x7BCF, 0x630C, 0x2124, 0x0062, 0x0882, 0x0883, 0x0021, 0x0021, 0x0022, 0x0022, 0x0021, 0x0021,
0x0021, 0x0001, 0x0001, 0x0001, 0x0001, 0x0001, 0x0021, 0x0042, 0x0042, 0x0041, 0x0021, 0x0021,
0x0042, 0x0001, 0x4A4A, 0x6B6E, 0x6B6E, 0x31A7, 0x2125, 0x1905, 0x1905, 0x1925, 0x2146, 0x2987,
0x2987, 0x2987, 0x2966, 0x2966, 0x2967, 0x2967, 0x2967, 0x2166, 0x2146, 0x2125, 0x1905, 0x1905,
0x1905, 0x1905, 0x18E4, 0x10E4, 0x10C4, 0x10C4, 0x10C4, 0x10C4, 0x10C4, 0x10C4, 0x10C3, 0x10C3,
0x10C4, 0x10C3, 0x10C3, 0x10C3, 0x08A3, 0x08A3, 0x08A3, 0x08A3, 0x08A3, 0x08A3, 0x08A3, 0x08A3,
0x08A3, 0x08A3, 0x08A3, 0x10C3, 0x08A3, 0x08A3, 0x08A3, 0x1904, 0x4249, 0x632D, 0x736D, 0x6B4D,
0x6B6D, 0x6B6D, 0x6B6D, 0x6B2D, 0x630C, 0x630C, 0x5AEC, 0x5AEC, 0x630C, 0x630C, 0x630C, 0x630C,
0x630C, 0x630C, 0x630C, 0x630C, 0x630C, 0x52AB, 0x2966, 0x10A3, 0x0042, 0x0042, 0x0042, 0x0042,
0x0062, 0x0862, 0x0062, 0x0062, 0x0062, 0x0062, 0x0062, 0x0062, 0x0062, 0x0062, 0x0062, 0x0062,
0x0042, 0x0042, 0x0062, 0x0062, 0x0862, 0x0862, 0x0882, 0x0882, 0x0883, 0x0883, 0x0883, 0x0883,
0x0883, 0x0883, 0x0882, 0x0882, 0x0883, 0x0883, 0x0883, 0x0883, 0x0883, 0x0883, 0x08A3, 0x08A3,
0x10A3, 0x08A3, 0x10A3, 0x10C4, 0x10C4, 0x10E4, 0x18E4, 0x18E4, 0x18E4, 0x1904, 0x1904, 0x3186,
0x4208, 0x4A69, 0x4A6A, 0x4A6A, 0x4229, 0x39C8, 0x31A7, 0x2946, 0x1904, 0x1904, 0x18E4, 0x18E4,
0x4249, 0x4249, 0x4249, 0x4249, 0x4249, 0x4229, 0x3A08, 0x2987, 0x1925, 0x10E4, 0x10C4, 0x10C4,
0x10E5, 0x2146, 0x2987, 0x31C8, 0x39C8, 0x31C8, 0x31A7, 0x3187, 0x2987, 0x2966, 0x2966, 0x2146,
0x2146, 0x1945, 0x1925, 0x1925, 0x1905, 0x1905, 0x1905, 0x1905, 0x18E5, 0x1904, 0x2125, 0x2966,
0x2986, 0x2987, 0x31C7, 0x31E8, 0x3A08, 0x52AB, 0x6B6E, 0x8C30, 0x9492, 0x9492, 0x9492, 0x9CB2,
0x9C92, 0x9492, 0x8C31, 0x7BCF, 0x73AE, 0x7BAF, 0x738E, 0x738E, 0x73AF, 0x738E, 0x738E, 0x73AF,
0x73AF, 0x7BCF, 0x7BCF, 0x7BCF, 0x7BAF, 0x7BAF, 0x7BEF, 0x7BEF, 0x7BCF, 0x7BAF, 0x738E, 0x738E,
0x632D, 0x4A8A, 0x52AB, 0x52CB, 0x52AB, 0x4A8B, 0x4A6A, 0x424A, 0x424A, 0x424A, 0x424A, 0x424A,
0x4229, 0x3A09, 0x31E8, 0x31C8, 0x2987, 0x2966, 0x2146, 0x1925, 0x1905, 0x1905, 0x18C4, 0x1905,
0x1925, 0x2166, 0x4AAA, 0x738E, 0x8431, 0x8C71, 0x94B2, 0x9CB3, 0x9CD3, 0x9CF4, 0x9CF3, 0x9CF3,
0x9CD3, 0x9CB3, 0x9492, 0x8C51, 0x738F, 0x52CC, 0x39E8, 0x1905, 0x0062, 0x0022, 0x0022, 0x08A4,
0x0883, 0x08A4, 0x10C4, 0x08A3, 0x10C4, 0x0883, 0x0022, 0x0883, 0x10E4, 0x10E4, 0x1904, 0x18E4,
0x2966, 0x2966, 0x3A08, 0x73AE, 0x738E, 0x6B4D, 0x632D, 0x6B4D, 0x8410, 0x8410, 0x73AE, 0x6B6E,
0x6B6D, 0x632D, 0x5ACB, 0x630C, 0x630C, 0x6B2D, 0x738E, 0x73AF, 0x5ACB, 0x10A3, 0x0021, 0x0021,
0x0021, 0x0021, 0x0021, 0x0021, 0x0021, 0x0021, 0x0021, 0x0021, 0x0021, 0x0001, 0x0001, 0x0001,
0x0001, 0x0862, 0x0883, 0x0022, 0x0022, 0x0021, 0x0021, 0x0041, 0x0862, 0x4A49, 0x738E, 0x7BCF,
0x4A8B, 0x10C4, 0x10C4, 0x10E4, 0x2145, 0x2186, 0x29A7, 0x29A7, 0x2987, 0x2987, 0x2967, 0x2967,
0x2966, 0x2166, 0x2166, 0x2146, 0x2146, 0x1925, 0x1905, 0x1905, 0x1905, 0x18E4, 0x10E4, 0x10C4,
0x10C4, 0x10C4, 0x10C4, 0x10C4, 0x10C4, 0x10C3, 0x10C3, 0x08C3, 0x10C3, 0x10C3, 0x10C3, 0x08A3,
0x08A3, 0x08A3, 0x08A3, 0x0883, 0x0883, 0x08A3, 0x08A3, 0x08A3, 0x08A3, 0x08A3, 0x08A3, 0x08A3,
0x08A3, 0x08A3, 0x08A3, 0x0883, 0x10C3, 0x31C7, 0x630C, 0x6B4D, 0x736D, 0x736D, 0x736E, 0x6B6E,
0x6B4D, 0x632D, 0x630C, 0x5B0C, 0x630C, 0x630C, 0x630C, 0x630C, 0x630C, 0x630C, 0x630C, 0x630C,
0x630C, 0x630C, 0x4A49, 0x10C3, 0x0042, 0x0042, 0x0042, 0x0042, 0x0062, 0x0062, 0x0062, 0x0062,
0x0062, 0x0062, 0x0042, 0x0042, 0x0042, 0x0042, 0x0042, 0x0042, 0x0042, 0x0042, 0x0042, 0x0062,
0x0862, 0x0882, 0x0882, 0x0882, 0x0882, 0x0882, 0x0882, 0x0882, 0x0882, 0x0882, 0x0882, 0x0882,
0x0883, 0x0883, 0x0883, 0x0883, 0x0883, 0x0883, 0x08A3, 0x10A3, 0x10A3, 0x10A3, 0x10C3, 0x10C4,
0x10C4, 0x18C4, 0x18E4, 0x18E4, 0x18E4, 0x1905, 0x1904, 0x2125, 0x31A7, 0x4229, 0x4A6A, 0x4A6A,
0x4A6A, 0x4229, 0x39C8, 0x3187, 0x2146, 0x1904, 0x18E4, 0x10E4, 0x4229, 0x3A08, 0x3A08, 0x3A08,
0x39E8, 0x39E8, 0x31C8, 0x2967, 0x1905, 0x18E5, 0x10C4, 0x18E5, 0x2146, 0x29A7, 0x31E8, 0x3A08,
0x3A09, 0x31C8, 0x31A8, 0x31A7, 0x2987, 0x2966, 0x2966, 0x2166, 0x2166, 0x2146, 0x2146, 0x1925,
0x1925, 0x1925, 0x1925, 0x1925, 0x1925, 0x2145, 0x2166, 0x2966, 0x2986, 0x31A7, 0x31C7, 0x31C8,
0x4229, 0x6B6E, 0x8430, 0x9492, 0x9492, 0x9492, 0x9492, 0x9492, 0x9472, 0x8C71, 0x8410, 0x7BAE,
0x73AE, 0x73AE, 0x738E, 0x73AE, 0x73AE, 0x73AF, 0x738E, 0x73AF, 0x73AF, 0x7BAF, 0x7BCF, 0x7BAF,
0x73AE, 0x738E, 0x7BAF, 0x7BCF, 0x7BCF, 0x73AF, 0x738E, 0x6B2D, 0x4A6A, 0x4A8A, 0x52AB, 0x52AB,
0x4A8A, 0x4A6A, 0x424A, 0x424A, 0x424A, 0x424A, 0x424A, 0x424A, 0x4229, 0x3A09, 0x3A09, 0x31E8,
0x29A7, 0x2967, 0x2146, 0x1925, 0x1905, 0x1905, 0x10C4, 0x1905, 0x2146, 0x4229, 0x6B6D, 0x73AF,
0x8C31, 0x9492, 0x9CB2, 0x9CB3, 0x9CD3, 0x9CF3, 0x9CF3, 0x9CF3, 0x9CD3, 0x9CB3, 0x8C51, 0x736E,
0x4A6A, 0x31C8, 0x10A4, 0x0022, 0x0062, 0x0062, 0x0022, 0x0042, 0x0062, 0x0883, 0x10C4, 0x0083,
0x0042, 0x0021, 0x0021, 0x0062, 0x08A3, 0x0062, 0x18E4, 0x2946, 0x1904, 0x10C3, 0x31A7, 0x738E,
0x73AE, 0x6B4D, 0x632D, 0x632C, 0x73AF, 0x8410, 0x7BEF, 0x6B6D, 0x634D, 0x5AEC, 0x4A8A, 0x5ACB,
0x630C, 0x738E, 0x6B4E, 0x52AB, 0x18E4, 0x0041, 0x0021, 0x0001, 0x0001, 0x0021, 0x0021, 0x0021,
0x0021, 0x0021, 0x0021, 0x0021, 0x0021, 0x0001, 0x0001, 0x0001, 0x0021, 0x0042, 0x0021, 0x0021,
0x0022, 0x0021, 0x0021, 0x10A3, 0x528B, 0x738E, 0x736E, 0x736E, 0x2946, 0x10C4, 0x1925, 0x2146,
0x2987, 0x29A7, 0x29A7, 0x2986, 0x2966, 0x2166, 0x2966, 0x2966, 0x2166, 0x2146, 0x2126, 0x2125,
0x2145, 0x2145, 0x1905, 0x1905, 0x1905, 0x18E4, 0x10E4, 0x10C4, 0x10C4, 0x10C4, 0x10C4, 0x10C4,
0x10C4, 0x10C3, 0x10C3, 0x08C3, 0x10C3, 0x10C3, 0x08A3, 0x08A3, 0x08A3, 0x08A3, 0x08A3, 0x0883,
0x0883, 0x08A3, 0x08A3, 0x08A3, 0x08A3, 0x08A3, 0x08A3, 0x08A3, 0x08A3, 0x08A3, 0x08A3, 0x08A3,
0x08A3, 0x0883, 0x1904, 0x4A49, 0x632D, 0x6B4D, 0x6B6E, 0x736E, 0x6B6E, 0x6B4D, 0x632D, 0x632C,
0x630C, 0x630C, 0x630C, 0x630C, 0x630C, 0x630C, 0x630C, 0x630C, 0x630C, 0x630C, 0x52AB, 0x3186,
0x0862, 0x0062, 0x0042, 0x0042, 0x0062, 0x0062, 0x0062, 0x0062, 0x0062, 0x0062, 0x0042, 0x0042,
0x0042, 0x0042, 0x0042, 0x0042, 0x0042, 0x0042, 0x0042, 0x0062, 0x0862, 0x0882, 0x0882, 0x0882,
0x0882, 0x0882, 0x0882, 0x0882, 0x0882, 0x0882, 0x0882, 0x0882, 0x0883, 0x0883, 0x0883, 0x0883,
0x0883, 0x0883, 0x08A3, 0x10A3, 0x10A3, 0x10A3, 0x10C4, 0x10C4, 0x18C4, 0x18E4, 0x18E4, 0x18E4,
0x1904, 0x1905, 0x1905, 0x2125, 0x2986, 0x39E8, 0x4A49, 0x4A6A, 0x4A6A, 0x4A49, 0x4229, 0x39C7,
0x2987, 0x2145, 0x18E4, 0x10E4, 0x4208, 0x39E8, 0x31C8, 0x31C7, 0x31C8, 0x31C7, 0x31A7, 0x2166,
0x1925, 0x1925, 0x2126, 0x2166, 0x31C8, 0x3A09, 0x4229, 0x4229, 0x4229, 0x3A09, 0x31C8, 0x31C8,
0x31A7, 0x29A7, 0x29A7, 0x2987, 0x2166, 0x2166, 0x2146, 0x2146, 0x2146, 0x1925, 0x1925, 0x2146,
0x2146, 0x2146, 0x2146, 0x2166, 0x2967, 0x31A7, 0x31A7, 0x3A09, 0x632D, 0x8411, 0x9492, 0x94B2,
0x9C92, 0x9492, 0x9471, 0x8C71, 0x8430, 0x8410, 0x7BCF, 0x738E, 0x738E, 0x738E, 0x738E, 0x738E,
0x73AF, 0x738E, 0x738E, 0x736E, 0x736E, 0x738E, 0x736E, 0x6B6E, 0x6B6E, 0x6B6E, 0x736E, 0x6B6E,
0x738E, 0x6B6E, 0x630C, 0x4A6A, 0x4A6A, 0x4A8B, 0x528B, 0x4A6A, 0x4249, 0x4249, 0x424A, 0x424A,
0x424A, 0x424A, 0x424A, 0x424A, 0x4229, 0x3A09, 0x3A09, 0x31E8, 0x29A8, 0x2987, 0x2166, 0x1925,
0x1905, 0x10C4, 0x10E4, 0x1905, 0x2987, 0x4A8A, 0x738E, 0x7BCF, 0x8C31, 0x9471, 0x9492, 0x9CB3,
0x9CD3, 0x9CD3, 0x9CD3, 0x9CD3, 0x9492, 0x8C51, 0x8410, 0x73AF, 0x31C8, 0x10A3, 0x0001, 0x0022,
0x0862, 0x0862, 0x0882, 0x0021, 0x0042, 0x0021, 0x0062, 0x0062, 0x0041, 0x0042, 0x0882, 0x0882,
0x08A3, 0x18E4, 0x18E4, 0x18E4, 0x10C4, 0x18C4, 0x2125, 0x73AF, 0x73AF, 0x738E, 0x6B4D, 0x630C,
0x6B4D, 0x8410, 0x8430, 0x738E, 0x632C, 0x632C, 0x4A6A, 0x528A, 0x6B4D, 0x630C, 0x4A4A, 0x10A3,
0x0021, 0x0021, 0x0021, 0x0001, 0x0001, 0x0021, 0x0021, 0x0021, 0x0001, 0x0001, 0x0001, 0x0001,
0x0001, 0x0001, 0x0001, 0x0001, 0x0021, 0x0021, 0x0021, 0x0062, 0x0062, 0x0021, 0x10C3, 0x5AEC,
0x736E, 0x738E, 0x738E, 0x528B, 0x10C4, 0x2146, 0x2166, 0x29A7, 0x29A7, 0x31A7, 0x2987, 0x2166,
0x2166, 0x2146, 0x2125, 0x2126, 0x2126, 0x2126, 0x1905, 0x1905, 0x1905, 0x1905, 0x1905, 0x1904,
0x10E4, 0x10E4, 0x10C4, 0x10C4, 0x10C4, 0x10C4, 0x10C4, 0x10C4, 0x10C4, 0x08A3, 0x08A3, 0x08A3,
0x10C3, 0x10C3, 0x08A3, 0x08A3, 0x08A3, 0x08A3, 0x0883, 0x0883, 0x0883, 0x08A3, 0x08A3, 0x08A3,
0x08A3, 0x08A3, 0x08A3, 0x08A3, 0x08A3, 0x08A3, 0x08A3, 0x08A3, 0x08A3, 0x08A3, 0x10A3, 0x10C4,
0x3A08, 0x5B0C, 0x630C, 0x6B6D, 0x6B6E, 0x6B6D, 0x6B4D, 0x634D, 0x632C, 0x630C, 0x630C, 0x630C,
0x630C, 0x630C, 0x630C, 0x630C, 0x630C, 0x630C, 0x62EC, 0x4A49, 0x10A3, 0x0862, 0x0042, 0x0042,
0x0062, 0x0062, 0x0062, 0x0042, 0x0042, 0x0042, 0x0062, 0x0062, 0x0062, 0x0042, 0x0042, 0x0042,
0x0042, 0x0042, 0x0062, 0x0862, 0x0882, 0x0882, 0x0882, 0x0882, 0x0882, 0x0882, 0x0882, 0x0882,
0x0882, 0x0882, 0x0882, 0x0882, 0x08A3, 0x08A3, 0x08A3, 0x08A3, 0x0883, 0x0883, 0x08A3, 0x10A3,
0x10A3, 0x10C3, 0x10C4, 0x18E4, 0x18E4, 0x18E4, 0x1905, 0x1905, 0x1905, 0x1905, 0x2125, 0x2145,
0x2946, 0x3187, 0x4208, 0x4A4A, 0x4A4A, 0x4A4A, 0x4A4A, 0x4208, 0x31C7, 0x2986, 0x1905, 0x18E4,
0x4229, 0x39E8, 0x31C8, 0x29A7, 0x29A7, 0x29A7, 0x29A7, 0x2987, 0x2166, 0x2146, 0x31C7, 0x3A08,
0x426A, 0x4A6A, 0x4A6A, 0x424A, 0x424A, 0x4209, 0x3A09, 0x39E8, 0x31C8, 0x31C8, 0x29A7, 0x29A7,
0x2986, 0x2166, 0x2166, 0x2146, 0x2146, 0x2146, 0x2146, 0x2146, 0x2146, 0x2146, 0x2146, 0x2146,
0x2987, 0x29A7, 0x3A09, 0x632D, 0x8410, 0x9492, 0x94B2, 0x94B2, 0x9C92, 0x9492, 0x9451, 0x8410,
0x7BCF, 0x7BAE, 0x738E, 0x738E, 0x738E, 0x738E, 0x738E, 0x738E, 0x738E, 0x738E, 0x736E, 0x6B6E,
0x6B6E, 0x6B6D, 0x6B4D, 0x6B4D, 0x6B6E, 0x6B6E, 0x6B6E, 0x6B6E, 0x6B6E, 0x630C, 0x4A8A, 0x4A6A,
0x4A6A, 0x4A8A, 0x4A6A, 0x424A, 0x4249, 0x4229, 0x424A, 0x426A, 0x424A, 0x424A, 0x424A, 0x424A,
0x4229, 0x3A29, 0x3A09, 0x31E8, 0x29A8, 0x2987, 0x2146, 0x1925, 0x1905, 0x10E4, 0x1104, 0x1925,
0x31A7, 0x528B, 0x738E, 0x7BCF, 0x8C31, 0x9492, 0x9492, 0x9CB3, 0x9CD3, 0x9CF4, 0x9CD3, 0x94B2,
0x8C72, 0x8C51, 0x7BEF, 0x73AF, 0x5AEC, 0x0882, 0x0001, 0x0001, 0x0000, 0x0000, 0x0000, 0x0021,
0x0021, 0x0042, 0x0042, 0x0042, 0x0062, 0x10C4, 0x10C3, 0x1904, 0x18E4, 0x18E4, 0x20E5, 0x18E4,
0x10C4, 0x1905, 0x1925, 0x738E, 0x73AF, 0x73AE, 0x738E, 0x6B4D, 0x6B4D, 0x8410, 0x8430, 0x73CE,
0x634D, 0x630C, 0x52CB, 0x52AA, 0x632D, 0x4A6A, 0x10C3, 0x0022, 0x0021, 0x0021, 0x0021, 0x0001,
0x0001, 0x0021, 0x0021, 0x0021, 0x0001, 0x0001, 0x0001, 0x0001, 0x0001, 0x0001, 0x0001, 0x0001,
0x0021, 0x0021, 0x0042, 0x0062, 0x0062, 0x18E4, 0x62EC, 0x73AE, 0x736E, 0x738E, 0x73AF, 0x4249,
0x1925, 0x2166, 0x2986, 0x2987, 0x2986, 0x2966, 0x2966, 0x2146, 0x2146, 0x2126, 0x1905, 0x1905,
0x1905, 0x1905, 0x1905, 0x10E4, 0x10E4, 0x10E4, 0x10E4, 0x10E4, 0x10C4, 0x10C4, 0x10C4, 0x10C4,
0x10C4, 0x10C4, 0x10C4, 0x10C3, 0x10C3, 0x08A3, 0x08A3, 0x08A3, 0x08A3, 0x08A3, 0x08A3, 0x08A3,
0x08A3, 0x0883, 0x0883, 0x0883, 0x0883, 0x08A3, 0x08A3, 0x08A3, 0x08A3, 0x08A3, 0x08A3, 0x08A3,
0x08A3, 0x08A3, 0x08A3, 0x08A3, 0x08A3, 0x08A3, 0x0883, 0x0883, 0x0883, 0x2146, 0x4A8A, 0x62EC,
0x736E, 0x6B6E, 0x738E, 0x6B6E, 0x6B4D, 0x632C, 0x630C, 0x630C, 0x630C, 0x630C, 0x630C, 0x630C,
0x630C, 0x630C, 0x630C, 0x52AB, 0x3186, 0x0021, 0x0042, 0x0042, 0x0062, 0x0062, 0x0062, 0x0042,
0x0042, 0x0042, 0x0042, 0x0042, 0x0042, 0x0062, 0x0062, 0x0062, 0x0042, 0x0062, 0x0862, 0x0862,
0x0882, 0x0882, 0x0882, 0x0882, 0x0882, 0x0882, 0x0882, 0x0882, 0x0882, 0x0882, 0x0882, 0x0882,
0x08A3, 0x08A3, 0x08A3, 0x08A3, 0x08A3, 0x08A3, 0x10A3, 0x10C3, 0x10C4, 0x10C4, 0x10E4, 0x18E4,
0x18E4, 0x1905, 0x1905, 0x1905, 0x2105, 0x2125, 0x2145, 0x2145, 0x2125, 0x2946, 0x31A7, 0x4208,
0x4A49, 0x4A6A, 0x4A49, 0x4229, 0x39E8, 0x31A7, 0x2145, 0x18E4, 0x4249, 0x3A09, 0x3A08, 0x31C8,
0x31C7, 0x31C7, 0x31C7, 0x39E8, 0x31E8, 0x3A29, 0x4A8A, 0x4A6A, 0x4A8A, 0x4A8A, 0x4A8A, 0x4A6A,
0x424A, 0x4229, 0x4229, 0x3A09, 0x39E8, 0x31E8, 0x31C8, 0x29A7, 0x29A7, 0x2987, 0x2967, 0x2166,
0x2166, 0x2166, 0x2146, 0x2146, 0x2146, 0x2146, 0x2146, 0x2146, 0x29A7, 0x4A6A, 0x632D, 0x8C51,
0x9492, 0x94B2, 0x94B2, 0x9CB2, 0x9CB2, 0x9451, 0x8C51, 0x83EF, 0x73AF, 0x73AE, 0x6B6E, 0x6B6D,
0x6B6E, 0x738E, 0x738E, 0x738E, 0x738E, 0x738E, 0x6B6E, 0x6B4D, 0x6B4D, 0x6B6D, 0x6B6D, 0x6B4D,
0x6B6E, 0x6B6E, 0x6B6E, 0x6B6E, 0x630C, 0x4A69, 0x4A4A, 0x4A6A, 0x4A6A, 0x4A6A, 0x424A, 0x4229,
0x4249, 0x4249, 0x424A, 0x426A, 0x424A, 0x424A, 0x424A, 0x426A, 0x4249, 0x4229, 0x3A09, 0x31E8,
0x29A8, 0x2967, 0x2146, 0x1925, 0x1905, 0x10E4, 0x1104, 0x1925, 0x31C8, 0x528B, 0x738E, 0x7BCF,
0x8410, 0x8C72, 0x9492, 0x9492, 0x9CB3, 0x9CD3, 0x94B2, 0x8C71, 0x8430, 0x7BEF, 0x7BAF, 0x73AF,
0x73CF, 0x4A49, 0x0022, 0x0001, 0x0001, 0x0000, 0x0000, 0x0000, 0x0001, 0x0042, 0x0883, 0x0883,
0x08A3, 0x10C4, 0x18E4, 0x2125, 0x10A3, 0x18E4, 0x18E4, 0x18E4, 0x10C4, 0x2146, 0x1904, 0x6B6D,
0x7BCF, 0x73AE, 0x738E, 0x6B6D, 0x6B6D, 0x8410, 0x8430, 0x7C0F, 0x6B4D, 0x630C, 0x4A8A, 0x4A8A,
0x4A6A, 0x2105, 0x0042, 0x0042, 0x0021, 0x0021, 0x0021, 0x0021, 0x0001, 0x0021, 0x0021, 0x0021,
0x0001, 0x0001, 0x0001, 0x0001, 0x0001, 0x0001, 0x0001, 0x0001, 0x0021, 0x0042, 0x0862, 0x0062,
0x1905, 0x630D, 0x738E, 0x73AE, 0x738E, 0x73AF, 0x6B6E, 0x2146, 0x2146, 0x2166, 0x2986, 0x2986,
0x2166, 0x2146, 0x2125, 0x2146, 0x2146, 0x2125, 0x1905, 0x1905, 0x1905, 0x18E5, 0x18E4, 0x10E4,
0x10C4, 0x10C4, 0x10C4, 0x10C4, 0x10C4, 0x10C4, 0x10C4, 0x10C4, 0x10C4, 0x10C4, 0x10A3, 0x08A3,
0x08A3, 0x08A3, 0x08A3, 0x08A3, 0x08A3, 0x08A3, 0x08A3, 0x08A3, 0x0883, 0x0883, 0x0883, 0x0883,
0x0883, 0x08A3, 0x08A3, 0x08A3, 0x08A3, 0x08A3, 0x08A3, 0x08A3, 0x08A3, 0x08A3, 0x08A3, 0x08A3,
0x0883, 0x0883, 0x08A3, 0x08A3, 0x0883, 0x08A3, 0x18E4, 0x4A49, 0x62EC, 0x6B6E, 0x736E, 0x6B8E,
0x6B6E, 0x6B4D, 0x632C, 0x630C, 0x630C, 0x630C, 0x630C, 0x630C, 0x630C, 0x630C, 0x632C, 0x5AEC,
0x3A08, 0x10C3, 0x0042, 0x0042, 0x0062, 0x0062, 0x0062, 0x0042, 0x0042, 0x0042, 0x0062, 0x0062,
0x0062, 0x0062, 0x0062, 0x0062, 0x0062, 0x0862, 0x0862, 0x0862, 0x0862, 0x0882, 0x0882, 0x0882,
0x0882, 0x0882, 0x0882, 0x0882, 0x0882, 0x0882, 0x0882, 0x0882, 0x08A3, 0x08A3, 0x08A3, 0x08A3,
0x10A3, 0x10C3, 0x10C3, 0x10C4, 0x10C4, 0x10E4, 0x18E4, 0x18E4, 0x1905, 0x2105, 0x2125, 0x2125,
0x2125, 0x2125, 0x2145, 0x2145, 0x2145, 0x2145, 0x2986, 0x39C7, 0x4A49, 0x4A49, 0x4A49, 0x4A49,
0x4229, 0x39E8, 0x31A7, 0x2125, 0x4A6A, 0x4249, 0x4229, 0x4209, 0x4229, 0x4229, 0x4229, 0x424A,
0x4A6A, 0x528B, 0x52AB, 0x52AB, 0x52AB, 0x52AB, 0x528B, 0x4A6A, 0x4A6A, 0x4A4A, 0x4249, 0x4229,
0x4229, 0x4209, 0x3A08, 0x3A08, 0x31E8, 0x31C7, 0x29A7, 0x29A7, 0x29A7, 0x2987, 0x2166, 0x2966,
0x2966, 0x2986, 0x2966, 0x4208, 0x52AB, 0x738E, 0x8C51, 0x94B2, 0x9CB2, 0x9CB2, 0x9CB2, 0x9491,
0x9471, 0x8C10, 0x83F0, 0x7BF0, 0x73AF, 0x6B8E, 0x6B4D, 0x6B4D, 0x6B6E, 0x736E, 0x738E, 0x738E,
0x6B6E, 0x6B6E, 0x6B4D, 0x6B2D, 0x6B2D, 0x6B4D, 0x736E, 0x6B6D, 0x6B6E, 0x736E, 0x6B6E, 0x632D,
0x4A6A, 0x424A, 0x4A6A, 0x4A6A, 0x424A, 0x4229, 0x3A29, 0x4249, 0x4249, 0x4249, 0x426A, 0x426A,
0x426A, 0x424A, 0x426A, 0x4A6A, 0x4249, 0x3A29, 0x39E9, 0x31E8, 0x29A7, 0x2166, 0x2126, 0x1905,
0x10C4, 0x08A3, 0x08A3, 0x1905, 0x31A7, 0x4A6A, 0x634D, 0x73AE, 0x8430, 0x8C31, 0x8C51, 0x9492,
0x94B2, 0x9492, 0x8C72, 0x8410, 0x7BCF, 0x738E, 0x738E, 0x738E, 0x738E, 0x738E, 0x52AB, 0x18C3,
0x0001, 0x0001, 0x0000, 0x0000, 0x0000, 0x0001, 0x0883, 0x08A3, 0x0883, 0x08A3, 0x1904, 0x2125,
0x10C4, 0x10E4, 0x10C4, 0x18E4, 0x2125, 0x2125, 0x2986, 0x6B6D, 0x738E, 0x73AF, 0x73AE, 0x6B6E,
0x6B6D, 0x7BCF, 0x8430, 0x8430, 0x6B6D, 0x5AEB, 0x4A6A, 0x39E8, 0x31C8, 0x10A3, 0x0021, 0x0021,
0x0001, 0x0041, 0x0021, 0x0021, 0x0001, 0x0021, 0x0021, 0x0001, 0x0001, 0x0001, 0x0001, 0x0001,
0x0001, 0x0022, 0x0021, 0x0021, 0x0083, 0x1946, 0x0883, 0x31A7, 0x6B4E, 0x6B6E, 0x73AF, 0x73AE,
0x738E, 0x73AF, 0x5B0C, 0x2125, 0x2966, 0x2166, 0x2146, 0x2146, 0x2126, 0x2126, 0x2126, 0x1905,
0x1905, 0x1905, 0x1925, 0x1905, 0x10E4, 0x10E4, 0x10E4, 0x10C4, 0x10C4, 0x10C4, 0x10C4, 0x10C4,
0x10C3, 0x10C3, 0x10C3, 0x10C3, 0x10C3, 0x10C3, 0x08A3, 0x08A3, 0x0883, 0x08A3, 0x08A3, 0x08A3,
0x08A3, 0x08A3, 0x08A3, 0x08A3, 0x0883, 0x0883, 0x0883, 0x0883, 0x0883, 0x0883, 0x0883, 0x0883,
0x0883, 0x08A3, 0x08A3, 0x08A3, 0x08A3, 0x08A3, 0x08A3, 0x08A3, 0x08A3, 0x08A3, 0x08A3, 0x08A3,
0x08A3, 0x08A3, 0x08A3, 0x10C3, 0x3A08, 0x52AB, 0x632D, 0x6B4D, 0x6B6D, 0x738E, 0x6B6D, 0x632D,
0x630C, 0x630C, 0x630C, 0x630C, 0x630C, 0x630C, 0x630C, 0x630C, 0x528B, 0x3187, 0x0883, 0x0062,
0x0042, 0x0042, 0x0062, 0x0062, 0x0062, 0x0062, 0x0862, 0x0882, 0x0882, 0x0882, 0x0062, 0x0062,
0x0062, 0x0062, 0x0062, 0x0882, 0x0882, 0x0882, 0x0882, 0x0882, 0x0882, 0x0882, 0x0882, 0x0883,
0x0883, 0x0883, 0x0883, 0x0883, 0x08A3, 0x08A3, 0x10A3, 0x10A3, 0x10A3, 0x10C3, 0x10C4, 0x10C4,
0x10E4, 0x1904, 0x1904, 0x1904, 0x1905, 0x2125, 0x2125, 0x2145, 0x2145, 0x2146, 0x2146, 0x2146,
0x2146, 0x2146, 0x2145, 0x2986, 0x39E8, 0x4249, 0x4A69, 0x4A6A, 0x4A49, 0x4229, 0x39E8, 0x31A6,
0x4A4A, 0x4A6A, 0x4A6A, 0x4A6A, 0x4A8B, 0x4A8B, 0x4A8B, 0x52AB, 0x52CB, 0x52AB, 0x52AB, 0x52AB,
0x52AB, 0x52AB, 0x528B, 0x4A8A, 0x4A6A, 0x4A6A, 0x4A6A, 0x4249, 0x4229, 0x4229, 0x4229, 0x3A09,
0x3A09, 0x31E8, 0x31C7, 0x31C7, 0x31C7, 0x29A7, 0x2986, 0x2986, 0x3186, 0x4208, 0x62EB, 0x738E,
0x8410, 0x9472, 0x9CB2, 0x9CB2, 0x9CB3, 0x94B2, 0x9492, 0x8C71, 0x8C30, 0x83F0, 0x7BEF, 0x7BEF,
0x73AF, 0x6B8E, 0x6B6E, 0x6B4E, 0x6B6E, 0x6B6E, 0x738E, 0x738E, 0x6B6D, 0x6B4D, 0x6B4D, 0x6B4D,
0x6B4D, 0x6B4D, 0x738E, 0x738E, 0x736E, 0x6B6E, 0x632D, 0x52AB, 0x424A, 0x424A, 0x4A6A, 0x4A6A,
0x4229, 0x3A29, 0x3A29, 0x4249, 0x4249, 0x426A, 0x426A, 0x426A, 0x426A, 0x424A, 0x426A, 0x424A,
0x4249, 0x3A29, 0x31E9, 0x31C8, 0x29A7, 0x2146, 0x1905, 0x18E5, 0x10C4, 0x08A3, 0x08A3, 0x10C4,
0x2166, 0x3A29, 0x528B, 0x6B4D, 0x7BEF, 0x8C31, 0x8C51, 0x8C72, 0x8C72, 0x8431, 0x8410, 0x7BCF,
0x73AE, 0x738E, 0x738E, 0x6B6E, 0x6B6E, 0x738E, 0x736E, 0x6B2D, 0x2125, 0x0001, 0x0000, 0x0000,
0x0000, 0x0000, 0x0841, 0x0882, 0x0862, 0x0883, 0x1904, 0x2105, 0x18E4, 0x18E4, 0x1925, 0x18E4,
0x2966, 0x2145, 0x4228, 0x738E, 0x738E, 0x73AF, 0x73AE, 0x738E, 0x6B4D, 0x738E, 0x8430, 0x8430,
0x6B6D, 0x52AB, 0x3A09, 0x2987, 0x2126, 0x10A3, 0x0021, 0x0862, 0x0001, 0x0021, 0x0001, 0x0021,
0x0001, 0x0021, 0x0001, 0x0001, 0x0001, 0x0001, 0x0001, 0x0001, 0x0001, 0x0021, 0x0021, 0x0862,
0x2966, 0x2987, 0x4229, 0x6B4D, 0x6B4E, 0x736E, 0x7BCF, 0x738E, 0x73AE, 0x73AF, 0x52AB, 0x1905,
0x2146, 0x2125, 0x2125, 0x1925, 0x1905, 0x1905, 0x1905, 0x1905, 0x1905, 0x1905, 0x1904, 0x10E4,
0x10E4, 0x10C4, 0x10C4, 0x10C4, 0x10C4, 0x10C4, 0x10C4, 0x10C4, 0x10C3, 0x10C3, 0x10C3, 0x10C3,
0x10C3, 0x10C3, 0x08A3, 0x08A3, 0x0883, 0x0883, 0x08A3, 0x08A3, 0x08A3, 0x08A3, 0x08A3, 0x08A3,
0x0883, 0x0883, 0x0883, 0x0883, 0x0883, 0x0883, 0x0883, 0x0883, 0x0883, 0x08A3, 0x08A3, 0x08A3,
0x08A3, 0x08A3, 0x08A3, 0x08A3, 0x08A3, 0x08A3, 0x08A3, 0x08A3, 0x08A3, 0x08A3, 0x08A3, 0x0883,
0x10A3, 0x31A7, 0x4A8A, 0x6B4D, 0x6B6D, 0x738E, 0x738E, 0x6B6D, 0x632C, 0x630C, 0x630C, 0x630C,
0x630C, 0x630C, 0x630C, 0x630C, 0x630C, 0x3A08, 0x10C4, 0x0062, 0x0062, 0x0062, 0x0062, 0x0862,
0x0862, 0x0862, 0x0882, 0x0882, 0x0882, 0x0882, 0x0062, 0x0062, 0x0062, 0x0062, 0x0062, 0x0882,
0x0882, 0x0882, 0x0882, 0x0882, 0x0882, 0x0882, 0x0882, 0x0883, 0x0883, 0x0883, 0x08A3, 0x08A3,
0x08A3, 0x10A3, 0x10A3, 0x10A3, 0x10A3, 0x10A3, 0x10C4, 0x18E4, 0x18E4, 0x1904, 0x1904, 0x1925,
0x1925, 0x2145, 0x2125, 0x2145, 0x2145, 0x2146, 0x2146, 0x2146, 0x2146, 0x2146, 0x2146, 0x2145,
0x2986, 0x4208, 0x4249, 0x4A6A, 0x4A4A, 0x4249, 0x4229, 0x39E8, 0x4A4A, 0x4A6A, 0x4A6A, 0x52AB,
0x52AB, 0x52AB, 0x52AB, 0x52CC, 0x52CB, 0x52CB, 0x52AB, 0x52AB, 0x52AB, 0x52AB, 0x528B, 0x528A,
0x4A8A, 0x4A8A, 0x4A8A, 0x4A6A, 0x4249, 0x4A4A, 0x4229, 0x4229, 0x424A, 0x4209, 0x39E8, 0x39E8,
0x39E8, 0x3A08, 0x3A29, 0x4A8A, 0x630C, 0x736E, 0x8C30, 0x8C50, 0x9451, 0x9CB2, 0x9492, 0x9CB2,
0x9492, 0x8C72, 0x8C51, 0x8C30, 0x83EF, 0x7BCF, 0x7BCF, 0x73AF, 0x73AF, 0x738E, 0x736E, 0x736E,
0x6B6E, 0x6B6E, 0x6B6E, 0x736E, 0x6B4D, 0x6B2D, 0x6B4D, 0x6B4D, 0x6B4D, 0x6B6D, 0x736E, 0x738E,
0x6B6D, 0x632D, 0x52CB, 0x426A, 0x424A, 0x426A, 0x424A, 0x4229, 0x3A29, 0x3A29, 0x4229, 0x4249,
0x424A, 0x426A, 0x426A, 0x426A, 0x426A, 0x424A, 0x424A, 0x4249, 0x4229, 0x3A08, 0x31E8, 0x2987,
0x2967, 0x1925, 0x1905, 0x10C4, 0x08A3, 0x0883, 0x0883, 0x08A3, 0x10E4, 0x31C8, 0x4A6A, 0x5AEC,
0x738E, 0x7BEF, 0x8410, 0x8410, 0x7BF0, 0x73AF, 0x73AF, 0x7BEF, 0x7BEF, 0x73AE, 0x738E, 0x6B6E,
0x6B6E, 0x6B6E, 0x738E, 0x736E, 0x6B4E, 0x4209, 0x0021, 0x0001, 0x0000, 0x0000, 0x0000, 0x0000,
0x0042, 0x0883, 0x18E4, 0x1905, 0x1925, 0x1925, 0x2145, 0x2145, 0x2966, 0x2945, 0x630C, 0x738E,
0x738E, 0x73AE, 0x73AF, 0x73AE, 0x736E, 0x738E, 0x8410, 0x8410, 0x6B6E, 0x52AA, 0x31C7, 0x1925,
0x1905, 0x0883, 0x0021, 0x10A3, 0x0042, 0x0001, 0x0021, 0x0021, 0x0001, 0x0001, 0x0001, 0x0001,
0x0001, 0x0001, 0x0001, 0x0021, 0x0021, 0x0021, 0x0062, 0x2145, 0x4229, 0x4A8A, 0x632D, 0x6B4D,
0x6B4D, 0x736E, 0x73AE, 0x738E, 0x73AE, 0x73AF, 0x4209, 0x1905, 0x1905, 0x1905, 0x1905, 0x1905,
0x1905, 0x1905, 0x1905, 0x1905, 0x1905, 0x18E5, 0x10E4, 0x10E4, 0x10E4, 0x10C4, 0x10C4, 0x10C4,
0x10C4, 0x10C4, 0x10C4, 0x10C4, 0x10C3, 0x10C4, 0x10C3, 0x10C3, 0x10C3, 0x08A3, 0x08A3, 0x08A3,
0x0883, 0x0883, 0x0883, 0x08A3, 0x08A3, 0x08A3, 0x08A3, 0x08A3, 0x0883, 0x0883, 0x0883, 0x0883,
0x0883, 0x0883, 0x0883, 0x0883, 0x0883, 0x0883, 0x08A3, 0x08A3, 0x08A3, 0x08A3, 0x08A3, 0x08A3,
0x08A3, 0x08A3, 0x08A3, 0x08A3, 0x08A3, 0x08A3, 0x08A3, 0x08A3, 0x0883, 0x08A3, 0x2986, 0x4A6A,
0x5ACB, 0x6B6D, 0x6B6E, 0x6B6E, 0x6B6D, 0x632C, 0x630C, 0x630C, 0x630C, 0x630C, 0x630C, 0x630C,
0x630C, 0x5ACC, 0x2987, 0x0062, 0x0062, 0x0062, 0x0862, 0x0882, 0x0882, 0x0882, 0x0882, 0x0882,
0x0882, 0x0082, 0x0062, 0x0062, 0x0062, 0x0062, 0x0062, 0x0882, 0x0882, 0x0882, 0x0882, 0x0882,
0x0882, 0x0882, 0x0882, 0x0883, 0x0883, 0x08A3, 0x08A3, 0x10A3, 0x10A3, 0x10A3, 0x10A3, 0x10A3,
0x10A3, 0x10C3, 0x10E4, 0x1904, 0x1905, 0x1905, 0x1925, 0x2125, 0x2125, 0x2145, 0x2145, 0x2145,
0x2145, 0x2146, 0x2146, 0x2146, 0x2146, 0x2146, 0x2145, 0x2145, 0x2966, 0x31C7, 0x4228, 0x4A49,
0x4A6A, 0x4A49, 0x4249, 0x4229, 0x4A8A, 0x528B, 0x52AB, 0x52AB, 0x52AB, 0x52AB, 0x52CB, 0x52CC,
0x52CC, 0x52CB, 0x52AB, 0x52CB, 0x52AB, 0x52AB, 0x528B, 0x52AB, 0x52AB, 0x52AB, 0x4A8A, 0x4A8A,
0x4A6A, 0x4A4A, 0x4A4A, 0x4249, 0x4249, 0x4249, 0x3A08, 0x4A6A, 0x52AB, 0x5B0C, 0x6B8E, 0x7BCF,
0x8410, 0x8C31, 0x9471, 0x9492, 0x9C92, 0x9C92, 0x9491, 0x9492, 0x9472, 0x8C51, 0x8410, 0x7BEF,
0x7BCF, 0x7BCF, 0x73CF, 0x7BCF, 0x738E, 0x738E, 0x738E, 0x738E, 0x738E, 0x738E, 0x6B6D, 0x6B4D,
0x6B4D, 0x632D, 0x6B2D, 0x6B4D, 0x6B6D, 0x6B6D, 0x6B4D, 0x6B6D, 0x632D, 0x52CB, 0x4A8A, 0x4269,
0x426A, 0x424A, 0x4229, 0x4209, 0x4229, 0x4229, 0x4229, 0x4249, 0x4249, 0x4249, 0x426A, 0x426A,
0x4A6A, 0x4A4A, 0x4249, 0x4229, 0x3A08, 0x31E8, 0x29A7, 0x2987, 0x2146, 0x1905, 0x10E4, 0x10C4,
0x0083, 0x0063, 0x0062, 0x0062, 0x0883, 0x2126, 0x3A09, 0x52AB, 0x632D, 0x6B6E, 0x736E, 0x736E,
0x6B4D, 0x6B6D, 0x6B6E, 0x738E, 0x8410, 0x8410, 0x73AE, 0x738E, 0x736E, 0x6B6E, 0x6B6E, 0x6B6E,
0x6B8E, 0x6B6E, 0x5AEC, 0x10A3, 0x0001, 0x0001, 0x0001, 0x0000, 0x0021, 0x0062, 0x18E4, 0x2125,
0x2125, 0x1904, 0x1904, 0x2987, 0x31A7, 0x5AEC, 0x738E, 0x738E, 0x738E, 0x738E, 0x73AE, 0x73AE,
0x738E, 0x6B6D, 0x73AF, 0x7BAF, 0x6B2D, 0x4A6A, 0x4229, 0x2987, 0x10E4, 0x08A3, 0x0062, 0x0042,
0x0042, 0x0021, 0x0021, 0x0021, 0x0001, 0x0001, 0x0001, 0x0001, 0x0001, 0x0001, 0x0021, 0x0021,
0x0021, 0x0062, 0x1925, 0x39E8, 0x52CB, 0x6B6D, 0x6B6E, 0x6B4D, 0x6B4D, 0x6B6D, 0x73AE, 0x738E,
0x73AF, 0x73AF, 0x31C8, 0x1905, 0x1905, 0x1905, 0x1905, 0x1905, 0x1905, 0x1905, 0x1905, 0x1905,
0x18E5, 0x10E4, 0x10E4, 0x10E4, 0x10C4, 0x10C4, 0x10C4, 0x10C4, 0x10C4, 0x10C4, 0x10C4, 0x10C3,
0x10C3, 0x10C4, 0x10C3, 0x10C3, 0x08A3, 0x08A3, 0x0883, 0x0883, 0x0883, 0x0883, 0x08A3, 0x08A3,
0x08A3, 0x08A3, 0x0883, 0x0883, 0x0883, 0x0883, 0x0883, 0x0883, 0x0883, 0x0883, 0x0883, 0x0883,
0x0883, 0x0883, 0x0883, 0x0883, 0x08A3, 0x08A3, 0x08A3, 0x08A3, 0x08A3, 0x08A3, 0x08A3, 0x08A3,
0x08A3, 0x08A3, 0x08A3, 0x08A3, 0x08A3, 0x08A3, 0x0883, 0x2125, 0x4269, 0x5ACB, 0x6B6D, 0x736D,
0x736E, 0x6B6D, 0x6B2D, 0x632C, 0x630C, 0x630C, 0x630C, 0x630C, 0x630C, 0x5AEC, 0x4229, 0x18E4,
0x0882, 0x0062, 0x0882, 0x0882, 0x0882, 0x0882, 0x0882, 0x0882, 0x0882, 0x0062, 0x0062, 0x0062,
0x0062, 0x0062, 0x0062, 0x0882, 0x0882, 0x0882, 0x0882, 0x0882, 0x08A3, 0x08A3, 0x08A3, 0x0883,
0x0883, 0x08A3, 0x10A3, 0x10C3, 0x10A3, 0x10C3, 0x10C3, 0x10E4, 0x10E4, 0x10E4, 0x18E4, 0x1905,
0x1905, 0x1925, 0x1925, 0x2145, 0x2145, 0x2145, 0x2145, 0x2145, 0x2145, 0x2146, 0x2146, 0x2146,
0x2146, 0x2146, 0x2125, 0x2125, 0x2125, 0x2966, 0x39E7, 0x4229, 0x4A49, 0x4A49, 0x4A49, 0x4249,
0x528B, 0x52AB, 0x52AB, 0x52AB, 0x52AB, 0x52AB, 0x52CB, 0x52CC, 0x52CC, 0x52CB, 0x52AB, 0x52CB,
0x52AB, 0x4A8B, 0x4A8B, 0x52AA, 0x52AA, 0x52CB, 0x5ACB, 0x5AEB, 0x5AEC, 0x632D, 0x632D, 0x632D,
0x6B2D, 0x632D, 0x738E, 0x738E, 0x73AE, 0x8410, 0x8C72, 0x9472, 0x9CB3, 0x9CB2, 0x9CD3, 0x9CB2,
0x9492, 0x9491, 0x9471, 0x8C71, 0x8C31, 0x8410, 0x7BEF, 0x7BAF, 0x7BCF, 0x73AF, 0x73AF, 0x73AF,
0x738E, 0x738E, 0x73AE, 0x738E, 0x738E, 0x73AE, 0x738E, 0x6B6E, 0x6B4D, 0x6B2D, 0x6B2D, 0x634D,
0x632D, 0x632C, 0x632C, 0x630C, 0x52AB, 0x424A, 0x4A6A, 0x4249, 0x4249, 0x4229, 0x3A09, 0x3A29,
0x4229, 0x4229, 0x424A, 0x4249, 0x4249, 0x4249, 0x426A, 0x426A, 0x426A, 0x4249, 0x4229, 0x3A29,
0x31E8, 0x29A7, 0x2167, 0x2146, 0x1926, 0x10E4, 0x08A3, 0x0883, 0x0063, 0x0062, 0x0042, 0x0083,
0x10C4, 0x2146, 0x31A7, 0x4229, 0x52CB, 0x5B0C, 0x630C, 0x6B2D, 0x6B4D, 0x6B6D, 0x6B6D, 0x6B6D,
0x7BCF, 0x8410, 0x8410, 0x73AE, 0x738E, 0x736E, 0x6B6D, 0x6B6E, 0x6B6E, 0x6B6E, 0x6B8E, 0x6B6D,
0x4229, 0x1904, 0x0842, 0x0000, 0x0001, 0x0883, 0x10C4, 0x18E4, 0x18E4, 0x18E4, 0x1904, 0x31A7,
0x4A6A, 0x6B6E, 0x6B6D, 0x738E, 0x738E, 0x738E, 0x738E, 0x738E, 0x738E, 0x6B4D, 0x7BAF, 0x736E,
0x5ACC, 0x4A6A, 0x4229, 0x3A29, 0x2987, 0x10E4, 0x0042, 0x0021, 0x0001, 0x0001, 0x0021, 0x0021,
0x0001, 0x0001, 0x0001, 0x0001, 0x0001, 0x0001, 0x0021, 0x0041, 0x0882, 0x1925, 0x31A7, 0x52CB,
0x6B6E, 0x6B6E, 0x6B6D, 0x6B4D, 0x6B4D, 0x6B6E, 0x73AE, 0x738E, 0x738E, 0x636D, 0x2986, 0x1905,
0x1905, 0x1905, 0x1905, 0x1905, 0x1905, 0x1905, 0x1905, 0x18E5, 0x10E4, 0x10E4, 0x10E4, 0x10C4,
0x10C4, 0x10C4, 0x10C4, 0x10C4, 0x10C4, 0x10C4, 0x10C4, 0x10C3, 0x10C3, 0x10C3, 0x08A3, 0x08A3,
0x08A3, 0x08A3, 0x0883, 0x0883, 0x0883, 0x0882, 0x0883, 0x08A3, 0x0883, 0x0883, 0x0883, 0x0883,
0x0883, 0x0883, 0x0883, 0x0883, 0x0883, 0x0883, 0x0883, 0x0883, 0x0883, 0x0883, 0x0883, 0x0883,
0x08A3, 0x08A3, 0x08A3, 0x08A3, 0x08A3, 0x08A3, 0x08A3, 0x08A3, 0x08A3, 0x08A3, 0x08A3, 0x08A3,
0x08A3, 0x08A3, 0x0883, 0x0883, 0x2125, 0x4A69, 0x5ACB, 0x6B4D, 0x736E, 0x736E, 0x6B4D, 0x6B2D,
0x632D, 0x630C, 0x630C, 0x630C, 0x630C, 0x630C, 0x5ACB, 0x3187, 0x0883, 0x0062, 0x0882, 0x0882,
0x0882, 0x0882, 0x0882, 0x0882, 0x0882, 0x0062, 0x0062, 0x0062, 0x0882, 0x0882, 0x0882, 0x0882,
0x0882, 0x0882, 0x0882, 0x0882, 0x08A3, 0x08A3, 0x08A3, 0x0883, 0x08A3, 0x10A3, 0x10C3, 0x10C4,
0x10C3, 0x10C4, 0x18C4, 0x10E4, 0x10E4, 0x10E4, 0x1905, 0x1905, 0x1925, 0x1925, 0x2125, 0x2145,
0x2145, 0x2145, 0x2145, 0x2145, 0x2145, 0x2146, 0x2146, 0x2146, 0x2146, 0x2146, 0x2125, 0x2125,
0x2125, 0x2966, 0x31A7, 0x39E8, 0x4229, 0x4A6A, 0x4A49, 0x4249, 0x52AB, 0x52AB, 0x52AB, 0x52AB,
0x528B, 0x52AB, 0x52CC, 0x52CB, 0x52CC, 0x52CB, 0x52AB, 0x52CB, 0x52AB, 0x528B, 0x5ACC, 0x632D,
0x6B6D, 0x738E, 0x73AF, 0x73AF, 0x7BCF, 0x7BEF, 0x8410, 0x8430, 0x8C31, 0x8C31, 0x8C51, 0x8C51,
0x8C72, 0x9CB3, 0x9CB2, 0x9CB2, 0x9CB2, 0x9CB2, 0x9492, 0x9492, 0x9492, 0x8C71, 0x8C71, 0x8430,
0x7BEF, 0x7BEF, 0x7BCF, 0x7BAF, 0x73AF, 0x738E, 0x738E, 0x738E, 0x738E, 0x73AE, 0x7BAF, 0x7BAF,
0x73AE, 0x738E, 0x738E, 0x738E, 0x738E, 0x6B6E, 0x6B4D, 0x630D, 0x5AEC, 0x5AEC, 0x5AEB, 0x52AB,
0x4249, 0x424A, 0x424A, 0x4249, 0x4229, 0x3A09, 0x3A09, 0x4229, 0x4229, 0x4249, 0x4249, 0x424A,
0x424A, 0x424A, 0x424A, 0x4249, 0x4249, 0x4229, 0x3A29, 0x39E8, 0x31C8, 0x2987, 0x2146, 0x1925,
0x10E5, 0x10C4, 0x0883, 0x0062, 0x0062, 0x0042, 0x0083, 0x08C4, 0x2146, 0x31C8, 0x3A09, 0x4A6A,
0x52CB, 0x5AEC, 0x632C, 0x6B4D, 0x6B6E, 0x738E, 0x6B6D, 0x6B6E, 0x736E, 0x7BCF, 0x8410, 0x7BF0,
0x73AF, 0x738E, 0x736E, 0x6B6E, 0x6B6E, 0x6B6E, 0x736E, 0x73AE, 0x738E, 0x632D, 0x52AB, 0x4229,
0x31A7, 0x1904, 0x2125, 0x18E4, 0x18C4, 0x2105, 0x4A6A, 0x630C, 0x6B4D, 0x6B6D, 0x6B6D, 0x6B6E,
0x6B6E, 0x6B6E, 0x6B6E, 0x738E, 0x6B6E, 0x6B4D, 0x738E, 0x6B6E, 0x5ACC, 0x4A8A, 0x4249, 0x4229,
0x3A09, 0x2987, 0x1104, 0x0041, 0x0000, 0x0021, 0x0021, 0x0021, 0x0021, 0x0001, 0x0001, 0x0001,
0x0021, 0x0022, 0x0042, 0x0083, 0x2145, 0x31E8, 0x5AEB, 0x634D, 0x6B6D, 0x6B6D, 0x6B6D, 0x6B4D,
0x6B4D, 0x6B6E, 0x73AF, 0x738E, 0x73AF, 0x6B4D, 0x2145, 0x1905, 0x1905, 0x1905, 0x18E4, 0x18E4,
0x18E5, 0x18E5, 0x18E5, 0x10E4, 0x10E4, 0x10E4, 0x10C4, 0x10C4, 0x10C4, 0x10C4, 0x10C4, 0x10C4,
0x10C4, 0x10C4, 0x10C3, 0x10C3, 0x10C3, 0x08C3, 0x08A3, 0x08A3, 0x08A3, 0x08A3, 0x0883, 0x0883,
0x0863, 0x0883, 0x0883, 0x0883, 0x0883, 0x0883, 0x0883, 0x0883, 0x0883, 0x0863, 0x0863, 0x0863,
0x0883, 0x0883, 0x0883, 0x0883, 0x0883, 0x0883, 0x0883, 0x0883, 0x08A3, 0x08A3, 0x08A3, 0x08A3,
0x08A3, 0x08A3, 0x08A3, 0x08A3, 0x08A3, 0x08A3, 0x08A3, 0x08A3, 0x08A3, 0x08A3, 0x08A3, 0x08A3,
0x08A3, 0x2125, 0x4229, 0x630C, 0x6B2D, 0x632D, 0x6B4D, 0x6B4D, 0x632D, 0x632C, 0x630C, 0x630C,
0x630C, 0x630C, 0x5AEC, 0x3A08, 0x1904, 0x0882, 0x0883, 0x0882, 0x0882, 0x0882, 0x0882, 0x0882,
0x0882, 0x0082, 0x0062, 0x0062, 0x0862, 0x0882, 0x0882, 0x0882, 0x0882, 0x0882, 0x0882, 0x0883,
0x08A3, 0x08A3, 0x08A3, 0x10A3, 0x10A3, 0x10C3, 0x10C4, 0x10C4, 0x10C4, 0x18C4, 0x18E4, 0x18E4,
0x18E4, 0x18E4, 0x1905, 0x1925, 0x2125, 0x2145, 0x2145, 0x2125, 0x2125, 0x2125, 0x2125, 0x2125,
0x2125, 0x2125, 0x2145, 0x2145, 0x2145, 0x2145, 0x2145, 0x2125, 0x2125, 0x2145, 0x2966, 0x39C7,
0x4229, 0x4229, 0x4229, 0x4229, 0x52AB, 0x52AB, 0x52AB, 0x52AB, 0x528B, 0x52AB, 0x52AB, 0x52CB,
0x52CB, 0x5ACC, 0x5AEC, 0x630D, 0x6B4D, 0x6B8E, 0x7BCF, 0x7BD0, 0x8431, 0x8C51, 0x8C51, 0x8C71,
0x9471, 0x9492, 0x9492, 0x9CB2, 0x9CD3, 0x9CD3, 0x9CB3, 0x9CB3, 0x9CB3, 0x9CD3, 0x9CB3, 0x9C92,
0x9492, 0x9472, 0x9472, 0x9472, 0x8C71, 0x8430, 0x8410, 0x7BEF, 0x7BCF, 0x7BCF, 0x73CF, 0x73AE,
0x73AE, 0x6B8E, 0x6B8E, 0x6B8E, 0x738E, 0x73AF, 0x7BAF, 0x73AF, 0x73AE, 0x738E, 0x738E, 0x738E,
0x738E, 0x738E, 0x6B4D, 0x630D, 0x5ACC, 0x52AB, 0x4A6A, 0x4A49, 0x4249, 0x4249, 0x4229, 0x4209,
0x39E9, 0x39E9, 0x3A09, 0x3A29, 0x4229, 0x4249, 0x4249, 0x424A, 0x424A, 0x424A, 0x424A, 0x4229,
0x4229, 0x4229, 0x31E8, 0x31C8, 0x2987, 0x2146, 0x1926, 0x10E5, 0x10C4, 0x0883, 0x0062, 0x0042,
0x0041, 0x0042, 0x08A3, 0x2146, 0x2987, 0x3A09, 0x4A6A, 0x52CC, 0x5AEC, 0x632D, 0x6B4D, 0x738E,
0x738E, 0x73AE, 0x738E, 0x6B6E, 0x736E, 0x736E, 0x7BCF, 0x8410, 0x7C10, 0x73AF, 0x738E, 0x736E,
0x6B6E, 0x6B6E, 0x6B6D, 0x736E, 0x6B6D, 0x738E, 0x738E, 0x6B8E, 0x6B4D, 0x6B4D, 0x5AEC, 0x52AC,
0x52AC, 0x5ACC, 0x6B6D, 0x6B6D, 0x6B6D, 0x6B6D, 0x6B4D, 0x6B4D, 0x6B4E, 0x6B6E, 0x6B6E, 0x6B4D,
0x630C, 0x632D, 0x738E, 0x6B4D, 0x5AEB, 0x4A8A, 0x4A6A, 0x4249, 0x3A29, 0x31C7, 0x29A7, 0x1904,
0x0041, 0x0021, 0x0021, 0x0021, 0x0021, 0x0021, 0x0021, 0x0021, 0x0042, 0x0042, 0x08A3, 0x2146,
0x3A08, 0x634D, 0x6B8E, 0x6B8D, 0x6B4D, 0x6B6D, 0x6B6D, 0x6B4D, 0x6B4D, 0x6B6E, 0x73AF, 0x73AE,
0x7BAF, 0x6B4D, 0x2125, 0x1925, 0x1905, 0x1905, 0x10E4, 0x10E4, 0x10E4, 0x10E4, 0x10E4, 0x10E4,
0x10E4, 0x10E4, 0x10C4, 0x10C4, 0x10C4, 0x10C3, 0x10C3, 0x10C4, 0x10C4, 0x10C3, 0x08A3, 0x08A3,
0x08A3, 0x08A3, 0x08A3, 0x0883, 0x0883, 0x0883, 0x0883, 0x0883, 0x0863, 0x0863, 0x0883, 0x0883,
0x0883, 0x0883, 0x0883, 0x0863, 0x0062, 0x0863, 0x0863, 0x0863, 0x0883, 0x0883, 0x0883, 0x0883,
0x0883, 0x0883, 0x0883, 0x0883, 0x08A3, 0x08A3, 0x08A3, 0x08A3, 0x08A3, 0x08A3, 0x08A3, 0x08A3,
0x08A3, 0x08A3, 0x08A3, 0x08A3, 0x08A3, 0x08A3, 0x08A3, 0x08A3, 0x10A3, 0x1083, 0x1905, 0x4229,
0x630C, 0x632C, 0x6B4D, 0x6B6D, 0x6B4D, 0x632D, 0x632C, 0x630C, 0x62EC, 0x630C, 0x630C, 0x5ACB,
0x39E8, 0x08A3, 0x0883, 0x0882, 0x0882, 0x0882, 0x0882, 0x0882, 0x0882, 0x0882, 0x0882, 0x0882,
0x0882, 0x0862, 0x0862, 0x0882, 0x0882, 0x0883, 0x0883, 0x0883, 0x08A3, 0x08A3, 0x08A3, 0x10C3,
0x10C4, 0x10C4, 0x10C4, 0x10C4, 0x18C4, 0x18E4, 0x18E4, 0x1904, 0x1905, 0x1904, 0x1925, 0x2125,
0x2125, 0x2145, 0x2145, 0x2125, 0x2125, 0x2125, 0x2125, 0x2125, 0x2125, 0x2145, 0x2145, 0x2125,
0x2125, 0x2145, 0x2145, 0x2125, 0x2125, 0x2145, 0x2145, 0x3186, 0x39E8, 0x4208, 0x4209, 0x4229,
0x52AB, 0x52AB, 0x4A8B, 0x4AAA, 0x528B, 0x52AB, 0x52AB, 0x5AEC, 0x632D, 0x6B6E, 0x73AF, 0x7BF0,
0x8410, 0x8431, 0x8C51, 0x8C72, 0x9472, 0x9492, 0x9CB2, 0x9CB2, 0x9CD3, 0x9CD3, 0x9CD3, 0x9CD3,
0x9CD3, 0x9CD3, 0x9CB3, 0x9CB3, 0x9CB3, 0x9CB3, 0x9CB2, 0x9492, 0x9471, 0x8C51, 0x8C51, 0x8430,
0x8430, 0x8410, 0x7BCF, 0x7BCF, 0x73AE, 0x73AE, 0x73AE, 0x73AE, 0x73AE, 0x6B8E, 0x6B8E, 0x6B8E,
0x738E, 0x73AF, 0x7BAF, 0x73AF, 0x73AE, 0x738E, 0x738E, 0x73AE, 0x6B6E, 0x6B6D, 0x6B4D, 0x630C,
0x52AB, 0x4A6A, 0x4A4A, 0x4229, 0x424A, 0x4249, 0x4229, 0x3A08, 0x39E9, 0x3A09, 0x4229, 0x424A,
0x424A, 0x4249, 0x4249, 0x424A, 0x424A, 0x424A, 0x4249, 0x4229, 0x3A29, 0x39E8, 0x31C7, 0x29A7,
0x2146, 0x2126, 0x18E5, 0x10A4, 0x0883, 0x0062, 0x0042, 0x0042, 0x0041, 0x08A3, 0x2146, 0x29A7,
0x39E8, 0x4A6A, 0x52CB, 0x5AEC, 0x632D, 0x6B4D, 0x6B6E, 0x738E, 0x73AF, 0x73AE, 0x73AE, 0x6B6E,
0x6B6E, 0x738E, 0x738E, 0x7BCF, 0x8410, 0x8410, 0x73AF, 0x738E, 0x6B6E, 0x6B6E, 0x6B6D, 0x736E,
0x6B6D, 0x738E, 0x6B6D, 0x6B8E, 0x6B6E, 0x6B4E, 0x6B4D, 0x736E, 0x736E, 0x6B6E, 0x6B6D, 0x6B6D,
0x6B6D, 0x6B4D, 0x634D, 0x634D, 0x634D, 0x6B4D, 0x632D, 0x632D, 0x5AEC, 0x632C, 0x6B4D, 0x6B4D,
0x5AEB, 0x4A8A, 0x4A6A, 0x4A6A, 0x424A, 0x4249, 0x3A08, 0x31A7, 0x2986, 0x10C4, 0x0021, 0x0021,
0x0021, 0x0021, 0x0021, 0x0021, 0x0862, 0x10C4, 0x2125, 0x3A08, 0x6B4D, 0x6B8E, 0x738D, 0x6B6D,
0x6B4D, 0x6B4D, 0x6B6D, 0x6B4D, 0x6B4D, 0x6B6E, 0x73AF, 0x738E, 0x7BAF, 0x6B4D, 0x2125, 0x1925,
0x1905, 0x1905, 0x18E4, 0x10E4, 0x10E4, 0x10E4, 0x10E4, 0x10E4, 0x10E4, 0x10E4, 0x10C4, 0x10C4,
0x10C4, 0x08A3, 0x08A3, 0x08A3, 0x08A3, 0x08A3, 0x08A3, 0x08A3, 0x08A3, 0x08A3, 0x0883, 0x0883,
0x0883, 0x0883, 0x0882, 0x0862, 0x0862, 0x0062, 0x0062, 0x0862, 0x0062, 0x0062, 0x0062, 0x0062,
0x0062, 0x0863, 0x0863, 0x0863, 0x0883, 0x0883, 0x0883, 0x0883, 0x0883, 0x0883, 0x0883, 0x0883,
0x08A3, 0x08A3, 0x08A3, 0x08A3, 0x08A3, 0x08A3, 0x08A3, 0x08A3, 0x08A3, 0x08A3, 0x08A3, 0x08A3,
0x08A3, 0x08A3, 0x08A3, 0x08A3, 0x08A3, 0x10A3, 0x10A3, 0x2125, 0x4249, 0x630C, 0x632D, 0x6B4D,
0x6B6D, 0x6B4D, 0x632D, 0x630C, 0x62EC, 0x630C, 0x630C, 0x632C, 0x4A8A, 0x2966, 0x08A3, 0x0883,
0x0883, 0x0882, 0x0882, 0x0882, 0x0882, 0x0882, 0x0882, 0x0882, 0x0882, 0x0882, 0x0882, 0x0882,
0x0882, 0x0883, 0x0883, 0x0883, 0x08A3, 0x08A3, 0x10A3, 0x10C4, 0x10C4, 0x10C4, 0x10E4, 0x10E4,
0x18E4, 0x18E4, 0x1904, 0x1904, 0x2105, 0x1905, 0x1925, 0x2125, 0x2125, 0x1925, 0x1925, 0x2125,
0x2125, 0x2125, 0x1905, 0x1905, 0x2125, 0x2145, 0x2145, 0x2145, 0x2125, 0x2145, 0x2145, 0x2145,
0x2125, 0x2145, 0x2125, 0x2946, 0x31C7, 0x39E8, 0x3A08, 0x3A08, 0x5ACB, 0x52AA, 0x4A8A, 0x4A8A,
0x630C, 0x630D, 0x6B4D, 0x73AF, 0x7BF0, 0x8430, 0x8C51, 0x9471, 0x9492, 0x9CB2, 0x9CD3, 0x9CD3,
0x9CD3, 0x9CD3, 0x9CD3, 0x9CD3, 0x9CD3, 0x9CD2, 0x9CD2, 0x9CB2, 0x9CB2, 0x9CB2, 0x9CB3, 0x9CB3,
0x9CB3, 0x9472, 0x9472, 0x8C71, 0x8C51, 0x8430, 0x8410, 0x7BEF, 0x7BCF, 0x7BCF, 0x7BCF, 0x73AF,
0x73AE, 0x738E, 0x738E, 0x6B8E, 0x6B8E, 0x6B8E, 0x6B8E, 0x6B8E, 0x738E, 0x738E, 0x738E, 0x738E,
0x738E, 0x738E, 0x736E, 0x736E, 0x634D, 0x6B4D, 0x630C, 0x5AEC, 0x4A8B, 0x424A, 0x4229, 0x4229,
0x4229, 0x3A09, 0x3A08, 0x31E8, 0x3A09, 0x3A09, 0x4229, 0x4229, 0x4249, 0x4249, 0x4249, 0x4249,
0x4229, 0x4229, 0x4229, 0x3A09, 0x31E8, 0x31C8, 0x2987, 0x2166, 0x2146, 0x18E5, 0x10C4, 0x0883,
0x0062, 0x0042, 0x0041, 0x0042, 0x0882, 0x2125, 0x31C7, 0x3A08, 0x4A4A, 0x5ACC, 0x62EC, 0x630C,
0x6B4D, 0x6B6E, 0x738E, 0x73AF, 0x73AF, 0x73AE, 0x73AE, 0x73AE, 0x738E, 0x6B8E, 0x6B6E, 0x6B8E,
0x73CF, 0x8410, 0x8430, 0x83F0, 0x738E, 0x6B6E, 0x6B6E, 0x736D, 0x738E, 0x738E, 0x738E, 0x6B8E,
0x6B6E, 0x6B6E, 0x6B6D, 0x6B6E, 0x6B6E, 0x6B4D, 0x634D, 0x634D, 0x634D, 0x6B4D, 0x634D, 0x630D,
0x5B0C, 0x5B0C, 0x5B0C, 0x5ACB, 0x5ACB, 0x632C, 0x6B4D, 0x632D, 0x5ACB, 0x4A8A, 0x4A6A, 0x4A8A,
0x4A8A, 0x4249, 0x4249, 0x4229, 0x3A29, 0x3A09, 0x2146, 0x10A3, 0x0862, 0x0083, 0x08A4, 0x10A4,
0x2125, 0x2146, 0x4229, 0x6B8E, 0x738E, 0x6B4D, 0x6B6D, 0x6B6D, 0x6B6D, 0x6B6D, 0x6B6D, 0x6B4D,
0x6B4D, 0x6B6D, 0x738E, 0x738E, 0x73AE, 0x632D, 0x1904, 0x1905, 0x1905, 0x1905, 0x18E4, 0x10E4,
0x10E4, 0x10E4, 0x10E4, 0x10E4, 0x10E4, 0x10C4, 0x10E4, 0x10E4, 0x10C4, 0x10C4, 0x10C3, 0x08A3,
0x08A3, 0x08A3, 0x08A3, 0x08A3, 0x0882, 0x0883, 0x0882, 0x0062, 0x0062, 0x0062, 0x0862, 0x0862,
0x0062, 0x0062, 0x0062, 0x0062, 0x0062, 0x0062, 0x0062, 0x0062, 0x0062, 0x0863, 0x0863, 0x0863,
0x0883, 0x0883, 0x0883, 0x0883, 0x0883, 0x0883, 0x0883, 0x0883, 0x08A3, 0x08A3, 0x08A3, 0x08A3,
0x08A3, 0x08A3, 0x08A3, 0x08A3, 0x08A3, 0x08A3, 0x08A3, 0x08A3, 0x08A3, 0x08A3, 0x08A3, 0x08A3,
0x08A3, 0x08A3, 0x08A3, 0x10A3, 0x1904, 0x4249, 0x5B0C, 0x630C, 0x632D, 0x6B6E, 0x6B4D, 0x632D,
0x630C, 0x5AEC, 0x630C, 0x630C, 0x5ACB, 0x39E8, 0x18C4, 0x0882, 0x0882, 0x0882, 0x0882, 0x0882,
0x0882, 0x0882, 0x0882, 0x0883, 0x0882, 0x0882, 0x0882, 0x0883, 0x0883, 0x08A3, 0x08A3, 0x10A3,
0x10A3, 0x10C3, 0x10C4, 0x10C4, 0x10E4, 0x10E4, 0x18E4, 0x18E4, 0x18E4, 0x18E4, 0x1904, 0x1905,
0x2125, 0x2125, 0x2125, 0x2125, 0x1925, 0x1925, 0x1925, 0x2105, 0x1905, 0x1905, 0x1905, 0x1905,
0x1925, 0x2125, 0x2125, 0x2125, 0x2125, 0x2125, 0x2145, 0x2145, 0x2125, 0x2145, 0x1945, 0x2145,
0x2986, 0x31C7, 0x39E8, 0x39E8, 0x52CB, 0x5AEC, 0x630C, 0x632D, 0x738E, 0x7BCF, 0x83F0, 0x8431,
0x8C71, 0x9492, 0x9CB2, 0x9CB3, 0x9CD3, 0x9CD3, 0x9CD3, 0x9CD3, 0x9CD3, 0x9CD3, 0x9CB3, 0x9492,
0x94B2, 0x94B2, 0x94B2, 0x9492, 0x9492, 0x9471, 0x8C72, 0x8C72, 0x8C72, 0x8C51, 0x8430, 0x8410,
0x83F0, 0x7BEF, 0x7BCF, 0x7BAE, 0x73AE, 0x73AF, 0x73AF, 0x738E, 0x738E, 0x738E, 0x738E, 0x6B8E,
0x6B8E, 0x6B8E, 0x6B8E, 0x6B8E, 0x6B8E, 0x6B8E, 0x738E, 0x738E, 0x738E, 0x738E, 0x6B6D, 0x6B4D,
0x632D, 0x630C, 0x52AB, 0x4A8B, 0x4A6A, 0x4249, 0x4229, 0x4229, 0x3A08, 0x3A08, 0x39E8, 0x39E8,
0x3A29, 0x3A29, 0x4229, 0x4229, 0x4249, 0x4249, 0x4249, 0x4229, 0x4229, 0x4229, 0x3A09, 0x31E8,
0x31C8, 0x29A7, 0x2166, 0x1925, 0x1905, 0x10C4, 0x0883, 0x0062, 0x0042, 0x0041, 0x0042, 0x08A3,
0x2986, 0x31A7, 0x3A08, 0x528A, 0x5ACB, 0x62EC, 0x6B2D, 0x6B6E, 0x738E, 0x73AE, 0x73AF, 0x73AF,
0x73AF, 0x73AE, 0x73AE, 0x73AF, 0x738E, 0x6B8E, 0x6B6E, 0x6B6E, 0x6B6E, 0x73AE, 0x8410, 0x8410,
0x7BEF, 0x73AE, 0x738E, 0x736D, 0x736D, 0x6B6D, 0x6B6D, 0x6B6D, 0x738E, 0x738E, 0x738E, 0x6B6E,
0x6B6E, 0x6B2D, 0x634D, 0x634D, 0x634D, 0x634D, 0x632C, 0x5AEC, 0x5AEC, 0x5AEC, 0x52CB, 0x52CB,
0x630C, 0x6B4D, 0x6B4D, 0x630C, 0x528A, 0x52AB, 0x4A8A, 0x4A8A, 0x4A8A, 0x424A, 0x4249, 0x4249,
0x426A, 0x4A6A, 0x4A8B, 0x4249, 0x2986, 0x2987, 0x3A09, 0x31C8, 0x39E8, 0x52CB, 0x738E, 0x73AF,
0x6B6D, 0x6B4D, 0x6B4D, 0x6B4D, 0x6B4D, 0x6B4D, 0x6B4D, 0x6B4D, 0x6B4D, 0x6B6D, 0x738E, 0x738E,
0x73AE, 0x632D, 0x18E4, 0x1905, 0x1905, 0x18E5, 0x10E4, 0x10E4, 0x10E4, 0x10E4, 0x10E4, 0x10E4,
0x10E4, 0x10C4, 0x10C4, 0x10C4, 0x10C4, 0x10C3, 0x08A3, 0x08A3, 0x08A3, 0x08A3, 0x0883, 0x0882,
0x0882, 0x0882, 0x0062, 0x0062, 0x0062, 0x0062, 0x0062, 0x0062, 0x0062, 0x0062, 0x0062, 0x0062,
0x0062, 0x0062, 0x0062, 0x0062, 0x0062, 0x0863, 0x0863, 0x0863, 0x0883, 0x0883, 0x0883, 0x0883,
0x0883, 0x0883, 0x0883, 0x0883, 0x08A3, 0x08A3, 0x08A3, 0x08A3, 0x08A3, 0x08A3, 0x08A3, 0x08A3,
0x08A3, 0x08A3, 0x08A3, 0x08A3, 0x08A3, 0x08A3, 0x08A3, 0x08A3, 0x08A3, 0x08A3, 0x08A3, 0x08A3,
0x10C3, 0x1925, 0x4229, 0x5AEC, 0x630C, 0x6B4D, 0x6B6D, 0x6B4D, 0x632D, 0x630C, 0x5AEC, 0x5AEC,
0x5B0C, 0x52AB, 0x2966, 0x0862, 0x0882, 0x0882, 0x0882, 0x0882, 0x0882, 0x0882, 0x0882, 0x0883,
0x0883, 0x0883, 0x0883, 0x0883, 0x08A3, 0x08A3, 0x10A3, 0x10A3, 0x10C3, 0x10C4, 0x10C4, 0x10E4,
0x18E4, 0x18E4, 0x18E4, 0x18E4, 0x1904, 0x1904, 0x1905, 0x1905, 0x2125, 0x2105, 0x1925, 0x1925,
0x1925, 0x1925, 0x1905, 0x1905, 0x1905, 0x1905, 0x1905, 0x1905, 0x1925, 0x2125, 0x2125, 0x2125,
0x2125, 0x2125, 0x2145, 0x2145, 0x2145, 0x2125, 0x1925, 0x2145, 0x2145, 0x2986, 0x31C7, 0x39E8,
0x6B4D, 0x736E, 0x738E, 0x73AF, 0x8411, 0x8410, 0x8410, 0x8C71, 0x94B2, 0x94B2, 0x9CD3, 0x9CD3,
0x9CD3, 0x9CB2, 0x9CB2, 0x9C92, 0x9C92, 0x9C92, 0x9492, 0x9471, 0x8C51, 0x8C51, 0x8C51, 0x8C51,
0x8C31, 0x8C31, 0x8430, 0x8430, 0x8430, 0x7BF0, 0x7BEF, 0x7BEF, 0x7BCF, 0x7BCF, 0x73AE, 0x73AE,
0x73AE, 0x73AE, 0x738E, 0x738E, 0x738E, 0x738E, 0x738E, 0x6B8E, 0x6B8E, 0x6B8E, 0x6B8E, 0x6B8E,
0x6B8E, 0x6B8E, 0x738E, 0x738E, 0x738E, 0x6B6D, 0x6B4D, 0x634D, 0x630C, 0x5AEC, 0x4A8B, 0x4A6A,
0x424A, 0x4229, 0x3A29, 0x3A09, 0x31E8, 0x31E8, 0x31E8, 0x3A09, 0x4229, 0x3A29, 0x4229, 0x4229,
0x4249, 0x4249, 0x4249, 0x4229, 0x4229, 0x3A09, 0x31E8, 0x31C8, 0x29A7, 0x2166, 0x2146, 0x1925,
0x10E4, 0x10A4, 0x0062, 0x0042, 0x0042, 0x0041, 0x08A3, 0x2166, 0x3A08, 0x528B, 0x5ACB, 0x6B4D,
0x6B4D, 0x736E, 0x7BAF, 0x7BCF, 0x7BCF, 0x7BEF, 0x7BCF, 0x73AF, 0x73AF, 0x73AE, 0x73AE, 0x73AF,
0x738E, 0x6B8E, 0x6B6E, 0x6B8E, 0x6B8E, 0x6B8E, 0x73AE, 0x7BCF, 0x8410, 0x8410, 0x7BCF, 0x738E,
0x736D, 0x6B6D, 0x6B6D, 0x6B6D, 0x6B6D, 0x6B4D, 0x6B4D, 0x6B6D, 0x6B6E, 0x6B2D, 0x6B4D, 0x634D,
0x632C, 0x630C, 0x630C, 0x5AEC, 0x5AEC, 0x5AEC, 0x5AEC, 0x5AEC, 0x634D, 0x6B6D, 0x6B4D, 0x5ACB,
0x4A6A, 0x4A8A, 0x4A8A, 0x4A8A, 0x4A8A, 0x4A6A, 0x424A, 0x424A, 0x4A6A, 0x528B, 0x4A8A, 0x52AB,
0x52AB, 0x52CB, 0x52CC, 0x52AB, 0x5B0C, 0x6B6D, 0x738E, 0x73AF, 0x6B6D, 0x6B4D, 0x6B4D, 0x6B4D,
0x6B4D, 0x6B4D, 0x6B4D, 0x6B4D, 0x6B4D, 0x6B6D, 0x738E, 0x738E, 0x73AE, 0x632D, 0x1904, 0x1905,
0x1905, 0x18E4, 0x10C4, 0x10C4, 0x10C4, 0x10C4, 0x10C4, 0x10E4, 0x10C4, 0x10C4, 0x10C4, 0x10C4,
0x10C4, 0x08A3, 0x08A3, 0x08A3, 0x0883, 0x0883, 0x0882, 0x0882, 0x0862, 0x0062, 0x0042, 0x0042,
0x0042, 0x0042, 0x0042, 0x0042, 0x0062, 0x0062, 0x0062, 0x0062, 0x0882, 0x0882, 0x0062, 0x0062,
0x0062, 0x0863, 0x0863, 0x0863, 0x0883, 0x0883, 0x0883, 0x0883, 0x0883, 0x0883, 0x0883, 0x0883,
0x08A3, 0x08A3, 0x08A3, 0x08A3, 0x08A3, 0x08A3, 0x08A3, 0x08A3, 0x08A3, 0x08A3, 0x08A3, 0x08A3,
0x08A3, 0x08A3, 0x08A3, 0x08A3, 0x08A3, 0x08A3, 0x08A3, 0x08A3, 0x10C3, 0x08A3, 0x2125, 0x4229,
0x630D, 0x6B4D, 0x6B4D, 0x6B6D, 0x6B4D, 0x632D, 0x5AEC, 0x5AEC, 0x5B0C, 0x5ACB, 0x4249, 0x2125,
0x0862, 0x0882, 0x0882, 0x0882, 0x0882, 0x0882, 0x0882, 0x0883, 0x0883, 0x0883, 0x0883, 0x08A3,
0x08A3, 0x08A3, 0x10A3, 0x10C3, 0x10C4, 0x10C4, 0x10E4, 0x18E4, 0x1905, 0x1905, 0x1905, 0x1905,
0x1904, 0x1905, 0x2105, 0x1905, 0x2125, 0x2105, 0x1925, 0x1925, 0x1905, 0x1905, 0x1905, 0x1905,
0x1905, 0x1905, 0x1905, 0x1905, 0x1905, 0x2125, 0x2125, 0x2125, 0x2125, 0x2125, 0x2145, 0x2145,
0x2145, 0x1925, 0x1925, 0x2125, 0x2125, 0x2966, 0x31A6, 0x31C7, 0x7BCF, 0x7BEF, 0x83F0, 0x8430,
0x8430, 0x8C31, 0x8C51, 0x8C71, 0x8C72, 0x9472, 0x9492, 0x9492, 0x9492, 0x9492, 0x9472, 0x9451,
0x9451, 0x8C51, 0x8410, 0x8410, 0x8410, 0x83F0, 0x7BEF, 0x7BEF, 0x7BEF, 0x7BCF, 0x7BAF, 0x73AF,
0x7BAF, 0x73AF, 0x73AE, 0x73AE, 0x738E, 0x738E, 0x738E, 0x736E, 0x736E, 0x736E, 0x736E, 0x736E,
0x736E, 0x736E, 0x736E, 0x736E, 0x736E, 0x6B6E, 0x6B6E, 0x6B6E, 0x6B6E, 0x6B6E, 0x6B6E, 0x6B6E,
0x6B6E, 0x6B4D, 0x632D, 0x5B0C, 0x5AEB, 0x52AB, 0x4A6A, 0x4229, 0x4229, 0x3A29, 0x3A09, 0x31E9,
0x31E8, 0x31E8, 0x39E8, 0x4229, 0x4229, 0x4229, 0x4229, 0x4229, 0x4229, 0x422A, 0x4229, 0x4209,
0x3A09, 0x39E8, 0x31C8, 0x29A7, 0x2987, 0x2146, 0x1925, 0x10E4, 0x08A3, 0x0883, 0x0042, 0x0042,
0x0062, 0x0883, 0x18E4, 0x31C7, 0x4A4A, 0x52CB, 0x6B4D, 0x73AF, 0x7BCF, 0x7BEF, 0x8430, 0x8C31,
0x8C51, 0x8C51, 0x8C51, 0x8410, 0x8410, 0x8410, 0x7BCF, 0x7BCF, 0x7BCF, 0x73AF, 0x73AE, 0x73AE,
0x73AE, 0x73AE, 0x73AE, 0x73AE, 0x7BCF, 0x7BCF, 0x7BEF, 0x83EF, 0x7BAE, 0x738E, 0x6B6D, 0x738E,
0x6B6E, 0x6B4D, 0x6B4D, 0x6B4D, 0x6B4D, 0x632D, 0x632D, 0x632C, 0x5B0C, 0x5B0C, 0x5AEB, 0x5AEC,
0x5ACC, 0x5ACC, 0x5AEC, 0x632D, 0x6B6E, 0x6B6D, 0x6B6D, 0x4A8A, 0x4A8A, 0x528B, 0x4A6A, 0x4A8A,
0x4A8B, 0x4A8A, 0x4A6A, 0x4A6A, 0x528B, 0x528B, 0x52CB, 0x5AEC, 0x630D, 0x632D, 0x630D, 0x632D,
0x6B6E, 0x73AE, 0x738E, 0x736E, 0x6B6D, 0x6B4D, 0x6B4D, 0x634D, 0x6B2D, 0x6B2D, 0x6B2D, 0x6B4D,
0x6B4D, 0x6B4D, 0x6B6E, 0x6B6E, 0x738E, 0x630C, 0x10E4, 0x1905, 0x10E4, 0x10C4, 0x10C4, 0x10E4,
0x10C4, 0x10C4, 0x10C4, 0x10C4, 0x10C3, 0x10C3, 0x10C4, 0x08A3, 0x08A3, 0x0883, 0x0883, 0x0882,
0x0862, 0x0042, 0x0042, 0x0042, 0x0042, 0x0042, 0x0042, 0x0042, 0x0042, 0x0042, 0x0042, 0x0042,
0x0042, 0x0062, 0x0062, 0x0062, 0x0062, 0x0882, 0x0882, 0x0882, 0x0882, 0x0883, 0x0883, 0x0883,
0x0883, 0x0883, 0x0883, 0x08A3, 0x08A3, 0x08A3, 0x0083, 0x0883, 0x0883, 0x0883, 0x0883, 0x08A3,
0x08A3, 0x08A3, 0x08A3, 0x08A3, 0x08A3, 0x08A3, 0x08A3, 0x08A3, 0x08A3, 0x08A3, 0x08A3, 0x08A3,
0x08A3, 0x08A3, 0x08A3, 0x08A3, 0x10C3, 0x10C3, 0x10C3, 0x1925, 0x4A6A, 0x630C, 0x630C, 0x634D,
0x6B6D, 0x6B4D, 0x630C, 0x5AEC, 0x5AEB, 0x5AEB, 0x52CA, 0x31C7, 0x0883, 0x0883, 0x0883, 0x0882,
0x0882, 0x0883, 0x0883, 0x0883, 0x08A3, 0x08A3, 0x08A3, 0x08A3, 0x10A3, 0x10C4, 0x10C4, 0x10C4,
0x10E4, 0x10E4, 0x18E4, 0x18E4, 0x1905, 0x1905, 0x1905, 0x1905, 0x2105, 0x1905, 0x1904, 0x1905,
0x1905, 0x1905, 0x1905, 0x1905, 0x1905, 0x1905, 0x1905, 0x1905, 0x1905, 0x1905, 0x1905, 0x1905,
0x1905, 0x1905, 0x1905, 0x2125, 0x2125, 0x2125, 0x2125, 0x1925, 0x1925, 0x1905, 0x1905, 0x1925,
0x2125, 0x2125, 0x2966, 0x31A7, 0x8410, 0x8430, 0x8430, 0x8430, 0x8C31, 0x8C31, 0x8C31, 0x8431,
0x8430, 0x8431, 0x8411, 0x8431, 0x8410, 0x8410, 0x8410, 0x83CF, 0x83CF, 0x7BEF, 0x7BCF, 0x7BCF,
0x7BCF, 0x7BCF, 0x7BCF, 0x7BAF, 0x73AE, 0x73AE, 0x738E, 0x738E, 0x738E, 0x738E, 0x738E, 0x738E,
0x736E, 0x736E, 0x6B8E, 0x6B8E, 0x6B8E, 0x736E, 0x736E, 0x736E, 0x736E, 0x736E, 0x736E, 0x736E,
0x736E, 0x6B6E, 0x6B6D, 0x6B4D, 0x6B4D, 0x6B4D, 0x6B6D, 0x6B4E, 0x6B4D, 0x6B4D, 0x630C, 0x5ACB,
0x52AB, 0x4A6A, 0x4249, 0x3A09, 0x3A29, 0x3A09, 0x31E9, 0x31E8, 0x31E8, 0x3A08, 0x3A09, 0x3A29,
0x4229, 0x4229, 0x4229, 0x4229, 0x4229, 0x4229, 0x4249, 0x3A09, 0x39E9, 0x31C8, 0x29A7, 0x2987,
0x2166, 0x2146, 0x1905, 0x10C4, 0x0883, 0x0883, 0x0062, 0x0062, 0x0883, 0x18E4, 0x2946, 0x39E8,
0x4A6A, 0x5ACB, 0x632D, 0x738E, 0x7BCF, 0x83F0, 0x8C31, 0x8C31, 0x8C51, 0x8C51, 0x8C51, 0x8C51,
0x8C51, 0x8C71, 0x8C51, 0x8C31, 0x8430, 0x8430, 0x8410, 0x7BF0, 0x7BF0, 0x7BEF, 0x7BEF, 0x7BCF,
0x7BCF, 0x7BCF, 0x7BEF, 0x8430, 0x8410, 0x8410, 0x7BCF, 0x738E, 0x736E, 0x6B6E, 0x6B4D, 0x6B4D,
0x6B4D, 0x6B4D, 0x632D, 0x632C, 0x5B0C, 0x5AEC, 0x5AEB, 0x5AEC, 0x5AEC, 0x630D, 0x630C, 0x6B6E,
0x6B6E, 0x6B6D, 0x5AEC, 0x4249, 0x424A, 0x4A6A, 0x4A8A, 0x4A8B, 0x52AB, 0x528B, 0x4A8B, 0x4A8A,
0x528B, 0x52AB, 0x5AEC, 0x630D, 0x630D, 0x632D, 0x632D, 0x6B4D, 0x738E, 0x6B6E, 0x6B6D, 0x6B6D,
0x6B6D, 0x6B4D, 0x6B4D, 0x634D, 0x6B2D, 0x6B2D, 0x6B2D, 0x6B4D, 0x6B4D, 0x6B4D, 0x6B6E, 0x6B4D,
0x738E, 0x630C, 0x10E4, 0x18E4, 0x10C4, 0x10E4, 0x10C4, 0x10C4, 0x10C4, 0x10C3, 0x10C3, 0x10C3,
0x10C3, 0x08A3, 0x08A3, 0x08A3, 0x0883, 0x0882, 0x0882, 0x0062, 0x0062, 0x0042, 0x0042, 0x0042,
0x0042, 0x0042, 0x0042, 0x0042, 0x0042, 0x0042, 0x0042, 0x0042, 0x0042, 0x0062, 0x0062, 0x0062,
0x0062, 0x0882, 0x0882, 0x0882, 0x0882, 0x0883, 0x0883, 0x0883, 0x0883, 0x0883, 0x0883, 0x0883,
0x0883, 0x0883, 0x0083, 0x0883, 0x0883, 0x0883, 0x0883, 0x08A3, 0x08A3, 0x08A3, 0x08A3, 0x08A3,
0x08A3, 0x08A3, 0x08A3, 0x08A3, 0x08A3, 0x08A3, 0x08A3, 0x08A3, 0x08A3, 0x08A3, 0x08A3, 0x08A3,
0x10C3, 0x10C3, 0x10C3, 0x10C3, 0x2125, 0x4A6A, 0x632C, 0x632D, 0x6B4D, 0x6B6D, 0x632D, 0x630C,
0x5AEB, 0x5AEB, 0x630B, 0x4A69, 0x2166, 0x08A3, 0x0882, 0x0882, 0x0882, 0x0883, 0x0883, 0x0883,
0x08A3, 0x08A3, 0x08A3, 0x10A3, 0x10C3, 0x10C4, 0x10E4, 0x10E4, 0x18E4, 0x18E4, 0x1905, 0x1905,
0x1905, 0x1905, 0x1905, 0x1905, 0x1905, 0x1905, 0x1904, 0x1905, 0x1905, 0x1905, 0x1905, 0x1905,
0x1905, 0x1905, 0x1905, 0x1905, 0x1905, 0x1905, 0x1905, 0x1905, 0x1905, 0x1905, 0x1905, 0x2125,
0x2125, 0x2125, 0x1925, 0x1925, 0x1925, 0x1905, 0x1905, 0x1905, 0x1905, 0x1905, 0x2145, 0x2986,
0x8430, 0x8410, 0x8410, 0x7BF0, 0x8430, 0x8410, 0x8410, 0x7BF0, 0x7BF0, 0x7BCF, 0x7BCF, 0x7BCF,
0x73AF, 0x73AF, 0x73AF, 0x738E, 0x738E, 0x738E, 0x73AE, 0x73AE, 0x73AE, 0x73AF, 0x7BCF, 0x73AE,
0x73AE, 0x73AE, 0x738E, 0x738E, 0x738E, 0x736E, 0x6B6E, 0x738E, 0x738E, 0x738E, 0x6B8E, 0x6B8E,
0x736E, 0x736E, 0x736E, 0x736E, 0x738E, 0x738E, 0x738E, 0x6B6E, 0x6B6E, 0x6B6D, 0x6B4D, 0x6B4D,
0x6B4D, 0x6B4D, 0x6B2D, 0x632D, 0x632D, 0x5AEC, 0x5ACC, 0x52AB, 0x4A6A, 0x4249, 0x4249, 0x3A09,
0x3A09, 0x31E8, 0x31E8, 0x31E8, 0x39E8, 0x3A09, 0x3A09, 0x3A29, 0x3A29, 0x4229, 0x4229, 0x4229,
0x4229, 0x4229, 0x4229, 0x31E8, 0x31E8, 0x31C8, 0x29A7, 0x2146, 0x2146, 0x1905, 0x10C4, 0x08A3,
0x0883, 0x0062, 0x0062, 0x0083, 0x1905, 0x2146, 0x31C8, 0x4229, 0x4A6A, 0x5AEC, 0x630C, 0x6B6E,
0x738E, 0x7BAF, 0x83F0, 0x8410, 0x8410, 0x8410, 0x8410, 0x8410, 0x8410, 0x8410, 0x8C31, 0x8410,
0x8431, 0x8C31, 0x8430, 0x8431, 0x8C51, 0x8430, 0x8430, 0x8410, 0x83F0, 0x7BF0, 0x8410, 0x8410,
0x8430, 0x8C51, 0x8C51, 0x8410, 0x7BAF, 0x73AF, 0x738E, 0x6B6D, 0x6B4D, 0x6B6E, 0x6B2D, 0x632D,
0x632C, 0x630C, 0x5B0C, 0x630C, 0x632D, 0x6B6E, 0x738E, 0x738E, 0x738E, 0x5AEC, 0x4229, 0x4229,
0x4249, 0x4A6A, 0x4A8B, 0x52AB, 0x52AB, 0x52CB, 0x52AB, 0x52AB, 0x52CB, 0x5AEC, 0x630D, 0x630D,
0x5B0C, 0x630D, 0x632D, 0x6B4D, 0x6B6E, 0x6B6E, 0x6B6D, 0x6B4D, 0x6B6D, 0x6B4D, 0x6B4D, 0x634D,
0x6B2D, 0x6B2D, 0x6B2D, 0x6B4D, 0x6B4D, 0x6B4D, 0x6B6E, 0x6B6E, 0x738E, 0x630C, 0x10C4, 0x10C4,
0x10C4, 0x10E4, 0x10C4, 0x10C4, 0x10C3, 0x10C3, 0x08A3, 0x08A3, 0x08A3, 0x08A3, 0x0883, 0x0883,
0x0063, 0x0042, 0x0042, 0x0042, 0x0042, 0x0042, 0x0042, 0x0042, 0x0042, 0x0042, 0x0042, 0x0042,
0x0042, 0x0042, 0x0042, 0x0042, 0x0062, 0x0062, 0x0062, 0x0062, 0x0062, 0x0062, 0x0062, 0x0082,
0x0882, 0x0883, 0x0883, 0x0883, 0x0883, 0x0883, 0x0883, 0x0883, 0x0883, 0x0883, 0x0083, 0x0883,
0x0883, 0x0883, 0x0883, 0x08A3, 0x08A3, 0x08A3, 0x08A3, 0x08A3, 0x08A3, 0x08A3, 0x08A3, 0x08A3,
0x08A3, 0x08A3, 0x08A3, 0x08A3, 0x08A3, 0x08A3, 0x08A3, 0x08A3, 0x10C3, 0x10C3, 0x10C3, 0x10C3,
0x10E4, 0x2945, 0x4A6A, 0x632C, 0x6B2D, 0x6B4D, 0x6B4D, 0x632C, 0x630C, 0x5AEB, 0x5AEB, 0x5ACB,
0x4229, 0x10E4, 0x0882, 0x0882, 0x0882, 0x0883, 0x0883, 0x0883, 0x08A3, 0x08A3, 0x10A3, 0x10C4,
0x10C4, 0x18E4, 0x18E4, 0x18E4, 0x18E4, 0x1905, 0x1905, 0x1905, 0x1905, 0x1905, 0x1905, 0x1905,
0x1925, 0x1905, 0x1905, 0x1905, 0x1905, 0x1905, 0x1905, 0x1905, 0x1905, 0x1905, 0x1905, 0x1905,
0x1905, 0x1905, 0x1905, 0x1905, 0x1905, 0x1905, 0x1905, 0x1905, 0x1905, 0x1904, 0x1905, 0x1905,
0x1905, 0x1905, 0x1905, 0x1905, 0x1905, 0x18E4, 0x1905, 0x2946, 0x8410, 0x7BF0, 0x7BF0, 0x7BF0,
0x8410, 0x8410, 0x83F0, 0x7BF0, 0x7BF0, 0x7BCF, 0x7BAF, 0x7BAF, 0x73AF, 0x73AF, 0x738E, 0x738E,
0x738E, 0x738E, 0x73AF, 0x73AF, 0x73AF, 0x73AF, 0x73AF, 0x73AF, 0x73AF, 0x738E, 0x738E, 0x738E,
0x738E, 0x736E, 0x6B8E, 0x6B8E, 0x6B6E, 0x6B6E, 0x736E, 0x736E, 0x736E, 0x736E, 0x736E, 0x738E,
0x738E, 0x738E, 0x738E, 0x6B8E, 0x6B6E, 0x6B6D, 0x634D, 0x634D, 0x6B2D, 0x632D, 0x632D, 0x632D,
0x5B0C, 0x5AEC, 0x52AB, 0x4A6A, 0x4229, 0x4229, 0x3A09, 0x3A09, 0x31E8, 0x31E8, 0x31E8, 0x3208,
0x3A09, 0x3A09, 0x3A29, 0x3A29, 0x3A29, 0x4229, 0x4229, 0x4229, 0x4229, 0x3A09, 0x3A09, 0x31E8,
0x31C8, 0x2987, 0x2146, 0x2166, 0x1905, 0x10E4, 0x08A4, 0x0883, 0x0062, 0x0062, 0x0883, 0x1905,
0x2946, 0x31A7, 0x4229, 0x4A8B, 0x5ACB, 0x630C, 0x632C, 0x6B6D, 0x736E, 0x738E, 0x738E, 0x73AE,
0x73AE, 0x73AE, 0x73AE, 0x73AF, 0x73AF, 0x7BCF, 0x73CF, 0x7BCF, 0x7BF0, 0x7BF0, 0x7BF0, 0x7BEF,
0x7BF0, 0x83F0, 0x7C10, 0x7BF0, 0x8410, 0x8410, 0x8410, 0x7C10, 0x7C10, 0x8430, 0x8C71, 0x8C71,
0x8430, 0x8430, 0x7BEF, 0x7BCF, 0x73AF, 0x73AE, 0x738E, 0x6B8E, 0x6B6E, 0x632C, 0x634D, 0x6B4D,
0x6B6D, 0x73AF, 0x73AF, 0x738F, 0x630C, 0x424A, 0x3A09, 0x3A29, 0x4249, 0x4A6A, 0x4A8B, 0x52AB,
0x52AB, 0x52CB, 0x52CC, 0x5ACC, 0x5AEC, 0x5AEC, 0x630D, 0x630D, 0x630D, 0x6B4D, 0x6B4D, 0x6B6E,
0x6B6E, 0x6B6E, 0x6B6E, 0x736E, 0x6B4D, 0x6B2D, 0x632D, 0x632D, 0x632D, 0x632D, 0x632D, 0x632D,
0x632D, 0x632D, 0x6B8E, 0x738E, 0x736E, 0x632D, 0x2125, 0x10C4, 0x10C4, 0x10C4, 0x10C4, 0x10A3,
0x10C3, 0x08A3, 0x08A3, 0x0883, 0x0883, 0x0062, 0x0062, 0x0042, 0x0042, 0x0042, 0x0042, 0x0042,
0x0042, 0x0042, 0x0042, 0x0042, 0x0042, 0x0042, 0x0042, 0x0042, 0x0042, 0x0042, 0x0042, 0x0062,
0x0062, 0x0062, 0x0062, 0x0062, 0x0062, 0x0062, 0x0882, 0x0082, 0x0062, 0x0882, 0x0882, 0x0883,
0x0883, 0x0883, 0x0883, 0x08A3, 0x08A3, 0x0883, 0x0883, 0x0883, 0x0883, 0x0883, 0x0883, 0x08A3,
0x08A3, 0x08A3, 0x08A3, 0x08A3, 0x08A3, 0x08A3, 0x08A3, 0x08A3, 0x08A3, 0x08A3, 0x08A3, 0x08A3,
0x08A3, 0x08A3, 0x08A3, 0x08A3, 0x08A3, 0x08A3, 0x10C4, 0x10C4, 0x10C3, 0x10C4, 0x2966, 0x528A,
0x632D, 0x6B2D, 0x6B6D, 0x6B4D, 0x632C, 0x5AEB, 0x5ACB, 0x5AEC, 0x52AB, 0x39E8, 0x08A3, 0x0883,
0x0883, 0x08A3, 0x08A3, 0x08A3, 0x10A3, 0x10A3, 0x10C4, 0x10C4, 0x10E4, 0x18E4, 0x1905, 0x1905,
0x1905, 0x1905, 0x1905, 0x1905, 0x1905, 0x1905, 0x2105, 0x2105, 0x1925, 0x1925, 0x1905, 0x1905,
0x1905, 0x1904, 0x1904, 0x1904, 0x1904, 0x1904, 0x1904, 0x1904, 0x1904, 0x1904, 0x1905, 0x1905,
0x1905, 0x1905, 0x1904, 0x1905, 0x1905, 0x1904, 0x1904, 0x1904, 0x1904, 0x1905, 0x1904, 0x18E4,
0x18E4, 0x18E4, 0x18E4, 0x2125, 0x7BF0, 0x7BEF, 0x7BCF, 0x7BEF, 0x7BEF, 0x83F0, 0x83F0, 0x7BF0,
0x7BF0, 0x7BCF, 0x7BAF, 0x7BCF, 0x73AF, 0x73AE, 0x73AE, 0x738E, 0x738E, 0x738E, 0x73AF, 0x73AF,
0x73AF, 0x73AF, 0x73AF, 0x73AF, 0x738E, 0x738E, 0x738E, 0x738E, 0x738E, 0x736E, 0x6B8E, 0x6B8E,
0x738E, 0x738E, 0x6B8E, 0x6B8E, 0x736E, 0x736E, 0x736E, 0x738E, 0x738E, 0x738E, 0x738E, 0x6B8E,
0x6B6E, 0x6B6D, 0x634D, 0x634D, 0x632C, 0x632C, 0x630C, 0x630C, 0x5AEC, 0x52AB, 0x4A8B, 0x4249,
0x4229, 0x3A08, 0x3208, 0x31E8, 0x31E8, 0x31E8, 0x31E9, 0x3A29, 0x3A29, 0x4229, 0x3A29, 0x3A29,
0x3A29, 0x4229, 0x4229, 0x424A, 0x3A29, 0x3A08, 0x39E8, 0x29A7, 0x29A7, 0x2167, 0x2146, 0x1925,
0x10E4, 0x10C4, 0x08A3, 0x0883, 0x0063, 0x0883, 0x1905, 0x2166, 0x31A7, 0x4229, 0x4A8B, 0x52AB,
0x5B0C, 0x632D, 0x6B6D, 0x738E, 0x738E, 0x738E, 0x738E, 0x738E, 0x738E, 0x738E, 0x738E, 0x738E,
0x738E, 0x738E, 0x738E, 0x738E, 0x738E, 0x738E, 0x738E, 0x738E, 0x738E, 0x6B6E, 0x6B8E, 0x738E,
0x73AF, 0x73AF, 0x73CF, 0x73CF, 0x73CE, 0x73CF, 0x7BEF, 0x8410, 0x8430, 0x8C51, 0x7BEF, 0x8410,
0x8410, 0x8410, 0x7BF0, 0x7BCF, 0x8430, 0x7BEF, 0x6B8E, 0x738E, 0x738E, 0x6B6E, 0x634D, 0x4A8A,
0x4229, 0x424A, 0x3A09, 0x3A29, 0x4249, 0x4A6A, 0x52AB, 0x52AB, 0x52AB, 0x52CB, 0x5ACC, 0x5AEC,
0x5B0C, 0x630D, 0x630D, 0x630D, 0x6B4D, 0x6B4E, 0x6B4D, 0x6B6E, 0x6B6E, 0x6B6E, 0x6B6E, 0x736E,
0x6B4D, 0x6B2D, 0x632D, 0x632D, 0x632D, 0x632D, 0x632D, 0x632D, 0x632D, 0x632D, 0x6B8E, 0x738E,
0x738E, 0x632D, 0x2125, 0x10C4, 0x10C4, 0x10C4, 0x08A3, 0x08A3, 0x08A3, 0x0883, 0x0882, 0x0042,
0x0062, 0x0062, 0x0042, 0x0042, 0x0042, 0x0042, 0x0042, 0x0042, 0x0042, 0x0042, 0x0042, 0x0042,
0x0042, 0x0042, 0x0042, 0x0042, 0x0042, 0x0042, 0x0062, 0x0062, 0x0062, 0x0062, 0x0062, 0x0062,
0x0062, 0x0882, 0x0882, 0x0082, 0x0062, 0x0062, 0x0062, 0x0882, 0x0883, 0x0883, 0x0883, 0x08A3,
0x08A3, 0x0883, 0x0883, 0x0883, 0x0883, 0x0883, 0x0883, 0x08A3, 0x08A3, 0x08A3, 0x08A3, 0x08A3,
0x08A3, 0x08A3, 0x08A3, 0x08A3, 0x08A3, 0x08A3, 0x08A3, 0x08A3, 0x08A3, 0x08A3, 0x08A3, 0x08A3,
0x08A3, 0x08A3, 0x10C3, 0x10C4, 0x10C4, 0x10C4, 0x18C4, 0x31A7, 0x52AB, 0x632D, 0x6B4D, 0x6B4D,
0x6B4D, 0x630C, 0x5AEB, 0x5AEC, 0x5ACB, 0x4249, 0x2166, 0x0883, 0x0883, 0x08A3, 0x08A3, 0x08A3,
0x10C3, 0x10C4, 0x10C4, 0x10C4, 0x10E4, 0x1905, 0x1905, 0x1905, 0x1905, 0x1905, 0x1905, 0x1905,
0x1905, 0x1905, 0x1925, 0x1925, 0x1925, 0x1905, 0x1905, 0x1905, 0x1904, 0x1904, 0x1904, 0x1904,
0x18E4, 0x18E4, 0x18E4, 0x1904, 0x1904, 0x1904, 0x1905, 0x1905, 0x1905, 0x1905, 0x1904, 0x1904,
0x1904, 0x1904, 0x1904, 0x1904, 0x1904, 0x18E4, 0x18E4, 0x18E4, 0x10C4, 0x10C4, 0x10E4, 0x1904,
0x7BEF, 0x7BEF, 0x7BEF, 0x7BEF, 0x7BEF, 0x7BF0, 0x83F0, 0x7BF0, 0x7BEF, 0x7BCF, 0x7BAF, 0x73AF,
0x73AE, 0x73AE, 0x73AE, 0x73AE, 0x73AE, 0x738E, 0x738E, 0x738E, 0x738F, 0x73AF, 0x73AF, 0x738E,
0x738E, 0x738E, 0x73AE, 0x73AE, 0x738E, 0x738E, 0x738E, 0x738E, 0x73AE, 0x73AE, 0x738E, 0x738E,
0x736E, 0x6B6E, 0x6B8E, 0x6B8E, 0x738E, 0x738E, 0x738E, 0x6B6E, 0x6B6E, 0x6B4D, 0x634D, 0x632D,
0x630C, 0x630C, 0x5B0C, 0x5AEC, 0x52CC, 0x4A8B, 0x4A6A, 0x4229, 0x3A09, 0x31E8, 0x31E8, 0x31C8,
0x31C8, 0x39E9, 0x3A09, 0x3A29, 0x3A29, 0x3A29, 0x3A29, 0x4229, 0x4229, 0x4229, 0x4229, 0x3A09,
0x39E8, 0x31E8, 0x31C8, 0x29A7, 0x2967, 0x2146, 0x1925, 0x10C4, 0x10C4, 0x08A3, 0x0883, 0x0883,
0x10A3, 0x18E5, 0x2166, 0x31A7, 0x4229, 0x4A8B, 0x52AB, 0x5B0C, 0x632D, 0x6B4D, 0x736E, 0x738E,
0x738E, 0x738E, 0x738E, 0x73AE, 0x73AE, 0x73AE, 0x738E, 0x738E, 0x738E, 0x738E, 0x73AF, 0x73AE,
0x73AF, 0x73AF, 0x73AF, 0x738E, 0x738E, 0x6B6E, 0x6B8E, 0x6B6E, 0x6B6E, 0x6B6E, 0x6B6D, 0x6B6E,
0x6B6E, 0x6B6E, 0x6B6E, 0x6B6D, 0x6B6E, 0x738E, 0x6B6E, 0x6B6E, 0x73AF, 0x7BCF, 0x7BCF, 0x73AF,
0x73AF, 0x738E, 0x6B6E, 0x634D, 0x5B0C, 0x52CB, 0x424A, 0x3A09, 0x3A09, 0x3A09, 0x3A09, 0x4229,
0x4229, 0x424A, 0x528B, 0x52AB, 0x52AB, 0x5ACC, 0x5AEC, 0x5AEC, 0x630D, 0x630D, 0x632D, 0x6B4E,
0x6B6E, 0x6B6E, 0x6B6E, 0x6B6E, 0x736E, 0x736E, 0x6B6E, 0x6B6D, 0x6B4D, 0x6B2D, 0x632D, 0x632D,
0x632D, 0x632D, 0x632C, 0x632C, 0x632D, 0x632D, 0x6B6E, 0x738E, 0x736E, 0x632D, 0x2125, 0x10A4,
0x10C4, 0x08A3, 0x0883, 0x0882, 0x0062, 0x0062, 0x0042, 0x0042, 0x0042, 0x0042, 0x0042, 0x0042,
0x0042, 0x0042, 0x0041, 0x0042, 0x0042, 0x0042, 0x0042, 0x0042, 0x0062, 0x0042, 0x0042, 0x0042,
0x0042, 0x0042, 0x0062, 0x0062, 0x0062, 0x0062, 0x0862, 0x0062, 0x0062, 0x0882, 0x0862, 0x0862,
0x0862, 0x0062, 0x0862, 0x0883, 0x0883, 0x0883, 0x0883, 0x0883, 0x0883, 0x0883, 0x0883, 0x0883,
0x0883, 0x0883, 0x0883, 0x08A3, 0x08A3, 0x08A3, 0x08A3, 0x08A3, 0x08A3, 0x08A3, 0x08A3, 0x08A3,
0x08A3, 0x08A3, 0x08A3, 0x08A3, 0x08A3, 0x08A3, 0x08A3, 0x08A3, 0x10C3, 0x10C3, 0x10C4, 0x10C4,
0x10C4, 0x10E4, 0x10C4, 0x18E4, 0x39E8, 0x52AB, 0x632D, 0x634D, 0x634D, 0x632D, 0x630C, 0x5ACB,
0x5ACB, 0x5ACB, 0x4229, 0x2145, 0x10A3, 0x10C4, 0x10C4, 0x10C4, 0x10C4, 0x10C4, 0x10E4, 0x18E4,
0x18E4, 0x1905, 0x1905, 0x1905, 0x1925, 0x1925, 0x1925, 0x1905, 0x1905, 0x1905, 0x1905, 0x1905,
0x1905, 0x1905, 0x1905, 0x18E4, 0x1904, 0x1904, 0x1904, 0x1904, 0x18E4, 0x18E4, 0x18E4, 0x1904,
0x1905, 0x1905, 0x1905, 0x1905, 0x1905, 0x1905, 0x1905, 0x1905, 0x1905, 0x18E4, 0x10E4, 0x10E4,
0x10E4, 0x10E4, 0x10E4, 0x10C4, 0x10C4, 0x10C4, 0x10E4, 0x10E4, 0x8410, 0x8410, 0x7BF0, 0x7BF0,
0x7BF0, 0x7BF0, 0x7BF0, 0x7BEF, 0x7BCF, 0x7BCF, 0x73AE, 0x73AE, 0x73AE, 0x73AE, 0x73AE, 0x73AE,
0x73AE, 0x73AE, 0x73AE, 0x738E, 0x738E, 0x73AF, 0x73AF, 0x738E, 0x738E, 0x73AE, 0x73AE, 0x73AF,
0x73AF, 0x738E, 0x738E, 0x73AF, 0x73AF, 0x73AE, 0x738E, 0x738E, 0x736E, 0x6B6E, 0x6B8E, 0x6B8E,
0x6B8E, 0x6B8E, 0x6B6E, 0x6B6E, 0x6B4E, 0x634D, 0x632D, 0x632C, 0x630C, 0x5AEC, 0x5ACC, 0x52AB,
0x4A8B, 0x424A, 0x422A, 0x3A09, 0x39E9, 0x31E8, 0x31C8, 0x31C8, 0x39E8, 0x3A09, 0x3A29, 0x3A29,
0x3A29, 0x3A29, 0x3A29, 0x422A, 0x4229, 0x3A29, 0x3A09, 0x39E8, 0x31E8, 0x31C8, 0x29A7, 0x2987,
0x2146, 0x1925, 0x1905, 0x10C4, 0x08A3, 0x0883, 0x0063, 0x08A3, 0x18E4, 0x2146, 0x31A7, 0x4229,
0x4A8B, 0x52CB, 0x5AEC, 0x6B2D, 0x6B4E, 0x736E, 0x738E, 0x738E, 0x738E, 0x738E, 0x738E, 0x738E,
0x73AE, 0x738E, 0x738E, 0x738E, 0x738E, 0x738E, 0x738E, 0x738E, 0x73AF, 0x73AF, 0x73AF, 0x738E,
0x736E, 0x6B6E, 0x738E, 0x736E, 0x738E, 0x736E, 0x6B6E, 0x6B6D, 0x6B6D, 0x6B4D, 0x6B4D, 0x6B4D,
0x632D, 0x632D, 0x632D, 0x5B0C, 0x5B0C, 0x5AEC, 0x5AEC, 0x5AEC, 0x5AEC, 0x52AB, 0x528B, 0x4A6A,
0x4229, 0x3A09, 0x4229, 0x3A09, 0x4229, 0x4229, 0x4229, 0x4229, 0x4229, 0x424A, 0x528B, 0x52AB,
0x52AB, 0x5ACB, 0x5B0C, 0x5AEC, 0x630C, 0x6B4D, 0x6B4D, 0x6B6D, 0x6B6E, 0x6B6E, 0x6B6E, 0x6B6E,
0x736E, 0x736E, 0x736E, 0x6B6E, 0x6B6D, 0x6B4D, 0x632D, 0x632D, 0x632D, 0x632D, 0x632C, 0x632D,
0x630D, 0x630D, 0x6B6D, 0x738E, 0x736E, 0x738E, 0x31A6, 0x0883, 0x0883, 0x0882, 0x0062, 0x0062,
0x0042, 0x0042, 0x0042, 0x0042, 0x0042, 0x0042, 0x0042, 0x0042, 0x0042, 0x0042, 0x0041, 0x0041,
0x0041, 0x0041, 0x0042, 0x0062, 0x0062, 0x0042, 0x0042, 0x0062, 0x0862, 0x0862, 0x0862, 0x0862,
0x0862, 0x0862, 0x0862, 0x0862, 0x0082, 0x0882, 0x0062, 0x0862, 0x0862, 0x0062, 0x0863, 0x0883,
0x0883, 0x0883, 0x0883, 0x0883, 0x0883, 0x0883, 0x0883, 0x0883, 0x0883, 0x0883, 0x0883, 0x0883,
0x08A3, 0x08A3, 0x08A3, 0x08A3, 0x08A3, 0x08A3, 0x08A3, 0x08A3, 0x08A3, 0x08A3, 0x08A3, 0x08A3,
0x08A3, 0x08A3, 0x08A3, 0x08A3, 0x10C3, 0x10C4, 0x10C4, 0x10C4, 0x10E4, 0x10E4, 0x10E4, 0x10C4,
0x18E4, 0x3A08, 0x5ACB, 0x632D, 0x634D, 0x6B4D, 0x632D, 0x5AEC, 0x5ACB, 0x5ACB, 0x52AB, 0x39E8,
0x10C4, 0x10C4, 0x10C4, 0x10C4, 0x10C4, 0x10E4, 0x18E4, 0x18E4, 0x1905, 0x1905, 0x1905, 0x1905,
0x1925, 0x1925, 0x1925, 0x1905, 0x1905, 0x1905, 0x1905, 0x1904, 0x1905, 0x1905, 0x1905, 0x18E4,
0x18E4, 0x1905, 0x18E4, 0x18E4, 0x18E4, 0x18E4, 0x18E4, 0x1905, 0x1905, 0x1905, 0x1905, 0x1905,
0x1905, 0x1905, 0x1905, 0x1905, 0x18E4, 0x18E4, 0x10E4, 0x10E4, 0x10E4, 0x10E4, 0x10E4, 0x10C4,
0x10C4, 0x10C4, 0x10C4, 0x10E4, 0x8430, 0x8430, 0x8410, 0x8410, 0x7BF0, 0x7BF0, 0x7BF0, 0x7BEF,
0x7BCF, 0x7BCF, 0x73AE, 0x73AE, 0x73AE, 0x73AE, 0x73AE, 0x73AE, 0x73AF, 0x73AF, 0x73AF, 0x73AF,
0x73AF, 0x73AF, 0x73AF, 0x73AF, 0x73AF, 0x73AE, 0x73AF, 0x73AF, 0x73AF, 0x73AE, 0x73AF, 0x73AF,
0x73AF, 0x73AE, 0x738E, 0x738E, 0x738E, 0x6B8E, 0x6B8E, 0x6B8E, 0x6B8E, 0x6B8E, 0x6B6E, 0x6B4E,
0x6B4D, 0x634D, 0x632D, 0x630C, 0x630C, 0x5ACC, 0x52AB, 0x4A8A, 0x426A, 0x422A, 0x3A09, 0x3A09,
0x31E9, 0x31C8, 0x31E8, 0x39E8, 0x3A09, 0x3A29, 0x3A29, 0x3A29, 0x3A29, 0x3A29, 0x3A29, 0x4229,
0x4229, 0x3A09, 0x3A09, 0x39E8, 0x31C8, 0x29A7, 0x2167, 0x2166, 0x1925, 0x1905, 0x10C4, 0x08A3,
0x0883, 0x0063, 0x0883, 0x10E4, 0x2146, 0x31A7, 0x4229, 0x4A8B, 0x52AB, 0x630D, 0x634D, 0x6B4E,
0x736E, 0x738E, 0x738E, 0x738E, 0x738E, 0x738E, 0x738E, 0x738E, 0x738E, 0x738E, 0x738E, 0x738E,
0x738E, 0x738E, 0x738E, 0x738E, 0x73AE, 0x73AE, 0x73AE, 0x73AE, 0x738E, 0x6B6E, 0x738E, 0x736E,
0x738E, 0x738E, 0x736E, 0x6B6D, 0x6B4D, 0x6B4D, 0x6B4D, 0x6B4D, 0x632D, 0x632C, 0x632D, 0x5AEC,
0x5B0C, 0x5AEC, 0x528B, 0x528B, 0x52AB, 0x52AB, 0x4249, 0x4A6A, 0x424A, 0x3A09, 0x4229, 0x3A08,
0x4229, 0x4229, 0x4229, 0x4229, 0x424A, 0x4A6A, 0x528B, 0x52AB, 0x52AB, 0x5ACB, 0x5AEC, 0x630C,
0x632D, 0x6B4D, 0x6B6D, 0x6B6E, 0x738E, 0x6B6E, 0x6B6E, 0x6B6E, 0x738E, 0x738E, 0x736E, 0x6B6E,
0x6B6D, 0x6B4D, 0x632D, 0x632D, 0x632C, 0x632C, 0x630C, 0x632D, 0x630D, 0x630C, 0x6B4D, 0x738E,
0x738E, 0x738E, 0x31A7, 0x0062, 0x0082, 0x0042, 0x0042, 0x0042, 0x0042, 0x0042, 0x0042, 0x0042,
0x0042, 0x0042, 0x0042, 0x0042, 0x0042, 0x0041, 0x0041, 0x0041, 0x0041, 0x0041, 0x0062, 0x0062,
0x0062, 0x0042, 0x0042, 0x0042, 0x0062, 0x0062, 0x0862, 0x0882, 0x0882, 0x0862, 0x0862, 0x0862,
0x0882, 0x0062, 0x0862, 0x0862, 0x0862, 0x0863, 0x0883, 0x0883, 0x0883, 0x0883, 0x0883, 0x0883,
0x0883, 0x0883, 0x0883, 0x0883, 0x0883, 0x0883, 0x0883, 0x0883, 0x0883, 0x08A3, 0x08A3, 0x08A3,
0x08A3, 0x08A3, 0x08A3, 0x08A3, 0x08A3, 0x08A3, 0x08A3, 0x08A3, 0x08A3, 0x08A3, 0x08A3, 0x08A3,
0x10C3, 0x10C4, 0x10C4, 0x10C4, 0x10E4, 0x10E4, 0x10E4, 0x18E4, 0x10C4, 0x18E4, 0x4249, 0x5ACB,
0x632D, 0x6B4D, 0x6B4D, 0x630C, 0x5AEC, 0x5ACB, 0x52AB, 0x4A8A, 0x2966, 0x10C4, 0x10C4, 0x10C4,
0x10E4, 0x18E4, 0x1905, 0x1905, 0x1905, 0x1905, 0x1905, 0x1905, 0x1925, 0x1925, 0x1925, 0x1905,
0x1905, 0x1905, 0x1905, 0x1904, 0x1905, 0x1905, 0x1905, 0x18E4, 0x18E4, 0x18E4, 0x18E4, 0x18E4,
0x18E4, 0x18E4, 0x18E4, 0x1905, 0x1905, 0x1905, 0x18E4, 0x18E4, 0x18E4, 0x18E4, 0x18E4, 0x18E4,
0x10E4, 0x10C4, 0x10E4, 0x18C4, 0x18C4, 0x10C4, 0x10C4, 0x10C4, 0x10C4, 0x10C3, 0x10C3, 0x10C4,
0x8C51, 0x8431, 0x8430, 0x8430, 0x8410, 0x8410, 0x7BF0, 0x7BF0, 0x7BEF, 0x7BCF, 0x7BCF, 0x7BCF,
0x7BAF, 0x7BAF, 0x7BAF, 0x7BCF, 0x7BCF, 0x7BCF, 0x73AF, 0x7BAF, 0x7BAF, 0x73AF, 0x7BAF, 0x7BCF,
0x7BCF, 0x7BCF, 0x73AF, 0x73AF, 0x73AF, 0x73AF, 0x73AF, 0x73AF, 0x73AF, 0x73AE, 0x738E, 0x738E,
0x738E, 0x6B8E, 0x6B8E, 0x6B8E, 0x6B8E, 0x6B8E, 0x6B6E, 0x6B4D, 0x632D, 0x632D, 0x5B0C, 0x5B0C,
0x5ACB, 0x52AB, 0x528A, 0x4249, 0x4229, 0x3A09, 0x3A09, 0x31E9, 0x31C8, 0x31E8, 0x31E8, 0x3A09,
0x3A29, 0x3A29, 0x3A29, 0x3A29, 0x4229, 0x4229, 0x4229, 0x4229, 0x3A29, 0x3A09, 0x39E8, 0x31C7,
0x29A7, 0x2987, 0x2146, 0x1905, 0x1905, 0x10C4, 0x08A3, 0x0883, 0x0063, 0x0083, 0x08C4, 0x2146,
0x31A7, 0x4229, 0x528B, 0x5ACC, 0x5AEC, 0x6B4D, 0x6B6E, 0x738E, 0x738E, 0x738E, 0x738E, 0x738E,
0x738E, 0x73AE, 0x73AE, 0x73AE, 0x73AE, 0x73AE, 0x7BAF, 0x73AE, 0x738E, 0x73AE, 0x73AE, 0x73AE,
0x73AE, 0x73AF, 0x738E, 0x738E, 0x738E, 0x736E, 0x6B6E, 0x738E, 0x738E, 0x6B6E, 0x738E, 0x6B6E,
0x6B6D, 0x6B4D, 0x6B2D, 0x6B4D, 0x632D, 0x630C, 0x5B0C, 0x630C, 0x630C, 0x630C, 0x5AAB, 0x528A,
0x4A6A, 0x4A4A, 0x424A, 0x4229, 0x3A09, 0x39E8, 0x39E8, 0x3A08, 0x4229, 0x4229, 0x4249, 0x4A4A,
0x4A6A, 0x4A6A, 0x52AB, 0x52AB, 0x52AB, 0x5AEC, 0x5AEC, 0x632D, 0x6B2D, 0x6B4D, 0x6B6D, 0x736E,
0x736E, 0x738E, 0x73AE, 0x738E, 0x738E, 0x6B6D, 0x6B6D, 0x6B6D, 0x6B6D, 0x6B4D, 0x632D, 0x632D,
0x634D, 0x634D, 0x630C, 0x630C, 0x630C, 0x632D, 0x6B4D, 0x6B8D, 0x6B6D, 0x6B8E, 0x39C7, 0x0021,
0x0042, 0x0022, 0x0042, 0x0042, 0x0041, 0x0041, 0x0041, 0x0042, 0x0042, 0x0042, 0x0042, 0x0042,
0x0042, 0x0042, 0x0042, 0x0042, 0x0042, 0x0042, 0x0062, 0x0062, 0x0062, 0x0042, 0x0042, 0x0062,
0x0062, 0x0062, 0x0862, 0x0862, 0x0862, 0x0862, 0x0862, 0x0862, 0x0882, 0x0062, 0x0862, 0x0862,
0x0862, 0x0062, 0x0863, 0x0883, 0x0883, 0x0883, 0x0883, 0x0883, 0x0883, 0x0883, 0x0882, 0x0882,
0x0883, 0x0883, 0x0883, 0x08A3, 0x08A3, 0x08A3, 0x0883, 0x0883, 0x08A3, 0x08A3, 0x08A3, 0x08A3,
0x08A3, 0x08A3, 0x08A3, 0x08A3, 0x08A3, 0x08A3, 0x08A3, 0x10C3, 0x10C4, 0x10C4, 0x10C4, 0x10C4,
0x10E4, 0x10E4, 0x10E4, 0x18E4, 0x18E4, 0x18E4, 0x2125, 0x4A6A, 0x5AEC, 0x632D, 0x6B4D, 0x6B4D,
0x630C, 0x5ACC, 0x5ACB, 0x5ACB, 0x4A49, 0x2125, 0x18E4, 0x18E5, 0x18E4, 0x1905, 0x1905, 0x1905,
0x1905, 0x1905, 0x1905, 0x1905, 0x1905, 0x1905, 0x1905, 0x1904, 0x1904, 0x1904, 0x1904, 0x18E4,
0x18E4, 0x18E4, 0x18E4, 0x18E4, 0x18E4, 0x18E4, 0x18E4, 0x18E4, 0x18E4, 0x18E4, 0x18E4, 0x18E4,
0x18E4, 0x18E4, 0x10E4, 0x10E4, 0x10E4, 0x10E4, 0x10E4, 0x10E4, 0x10E4, 0x10C4, 0x10C4, 0x10C4,
0x10C4, 0x10C3, 0x10C3, 0x10C3, 0x10A3, 0x10A3, 0x10C3, 0x10C3, 0x8C51, 0x8431, 0x8431, 0x8430,
0x8410, 0x8410, 0x7BF0, 0x7BF0, 0x7BEF, 0x7BCF, 0x7BCF, 0x7BCF, 0x7BAF, 0x7BAF, 0x7BAF, 0x7BCF,
0x7BCF, 0x7BCF, 0x7BCF, 0x7BCF, 0x7BCF, 0x7BCF, 0x7BCF, 0x7BCF, 0x7BCF, 0x7BCF, 0x7BCF, 0x7BCF,
0x7BCF, 0x7BCF, 0x73AF, 0x73AF, 0x73AF, 0x73AE, 0x738E, 0x738E, 0x738E, 0x6B8E, 0x6B8E, 0x6B8E,
0x6B8E, 0x6B8E, 0x6B6E, 0x6B4D, 0x632D, 0x632D, 0x5B0C, 0x5AEC, 0x52AB, 0x4A6A, 0x4249, 0x4229,
0x3A09, 0x3A09, 0x3209, 0x31E8, 0x31E8, 0x31E9, 0x3A09, 0x3A29, 0x3A29, 0x3A29, 0x3A29, 0x3A29,
0x4229, 0x4229, 0x4229, 0x3A29, 0x3A08, 0x39E8, 0x31C8, 0x29A7, 0x2987, 0x2146, 0x1905, 0x10E4,
0x08A4, 0x08A3, 0x0063, 0x0062, 0x0083, 0x08C4, 0x1925, 0x2987, 0x4229, 0x4A6A, 0x52CB, 0x5B0C,
0x6B4D, 0x6B6E, 0x738F, 0x73AF, 0x7BAF, 0x7BCF, 0x7BCF, 0x7BCF, 0x7BCF, 0x7BEF, 0x7BEF, 0x7BEF,
0x840F, 0x840F, 0x83F0, 0x83F0, 0x7BEF, 0x7BF0, 0x7BEF, 0x7BEF, 0x7BF0, 0x7BF0, 0x7BEF, 0x7BCF,
0x7BAF, 0x73AE, 0x738E, 0x738E, 0x738E, 0x738E, 0x6B6E, 0x6B6D, 0x6B4D, 0x6B4D, 0x6B2D, 0x632D,
0x630C, 0x5B0C, 0x5AEC, 0x5AEC, 0x5AEB, 0x5AEB, 0x52AB, 0x528B, 0x4A6A, 0x4A6A, 0x424A, 0x4229,
0x4229, 0x3A08, 0x3A09, 0x3A08, 0x4229, 0x4249, 0x4249, 0x4A6A, 0x4A8A, 0x4A8A, 0x52AB, 0x52CB,
0x5AEC, 0x5AEC, 0x5AEC, 0x632D, 0x6B2D, 0x6B4D, 0x6B6D, 0x6B6E, 0x738E, 0x6B6D, 0x738E, 0x73AE,
0x738E, 0x738E, 0x6B6D, 0x6B4D, 0x6B6D, 0x6B4D, 0x632D, 0x632D, 0x632C, 0x632D, 0x632D, 0x630C,
0x630C, 0x632D, 0x632D, 0x6B6D, 0x6B8E, 0x6B8E, 0x4A8A, 0x0021, 0x0042, 0x0042, 0x0042, 0x0042,
0x0041, 0x0041, 0x0041, 0x0042, 0x0042, 0x0042, 0x0042, 0x0042, 0x0042, 0x0042, 0x0042, 0x0042,
0x0042, 0x0042, 0x0062, 0x0062, 0x0062, 0x0042, 0x0042, 0x0062, 0x0062, 0x0062, 0x0862, 0x0862,
0x0862, 0x0862, 0x0862, 0x0862, 0x0882, 0x0062, 0x0862, 0x0862, 0x0862, 0x0863, 0x0883, 0x0883,
0x0883, 0x0883, 0x0883, 0x0883, 0x0883, 0x0883, 0x0882, 0x0882, 0x0883, 0x0883, 0x0883, 0x0883,
0x08A3, 0x08A3, 0x0883, 0x0883, 0x0883, 0x08A3, 0x08A3, 0x08A3, 0x08A3, 0x08A3, 0x08A3, 0x08A3,
0x08A3, 0x08A3, 0x08A3, 0x10C3, 0x10C4, 0x10C4, 0x10C4, 0x10C4, 0x10E4, 0x10E4, 0x10E4, 0x18E4,
0x18E4, 0x18E5, 0x1905, 0x2987, 0x4A6A, 0x630C, 0x632D, 0x6B4D, 0x632D, 0x62EC, 0x5ACB, 0x5ACB,
0x5ACB, 0x39E8, 0x2125, 0x18E4, 0x18E4, 0x1905, 0x1905, 0x1905, 0x1905, 0x1905, 0x1905, 0x1905,
0x1905, 0x1905, 0x1905, 0x1904, 0x1904, 0x1904, 0x18E4, 0x18E4, 0x18E4, 0x18E4, 0x18E4, 0x18E4,
0x18E4, 0x18E4, 0x18E4, 0x18E4, 0x18E4, 0x18E4, 0x18E4, 0x10E4, 0x10E4, 0x10E4, 0x10E4, 0x10E4,
0x10E4, 0x10C4, 0x10C4, 0x10C4, 0x10C4, 0x10C4, 0x10C3, 0x10C3, 0x10C3, 0x10C3, 0x10C3, 0x10A3,
0x10A3, 0x10A3, 0x10C3, 0x10C3, 0x8C51, 0x8431, 0x8431, 0x8430, 0x8410, 0x8410, 0x7BF0, 0x7BF0,
0x7BEF, 0x7BCF, 0x7BCF, 0x7BEF, 0x7BCF, 0x7BCF, 0x7BCF, 0x7BCF, 0x7BCF, 0x7BCF, 0x7BCF, 0x7BCF,
0x7BEF, 0x7BCF, 0x7BCF, 0x7BCF, 0x7BCF, 0x7BCF, 0x7BCF, 0x7BCF, 0x7BCF, 0x7BCF, 0x73AF, 0x73AF,
0x73AF, 0x73AE, 0x73AE, 0x738E, 0x738E, 0x6B8E, 0x6B8E, 0x736E, 0x6B8E, 0x6B8E, 0x6B6D, 0x6B4D,
0x632D, 0x632D, 0x5AEC, 0x52AB, 0x4A6A, 0x4249, 0x4229, 0x3A09, 0x3A08, 0x39E8, 0x31E8, 0x31E8,
0x31E8, 0x3A09, 0x4229, 0x3A29, 0x3A29, 0x3A29, 0x3A29, 0x3A29, 0x4229, 0x4229, 0x3A29, 0x3A09,
0x39E8, 0x31E8, 0x29A7, 0x2966, 0x2146, 0x1925, 0x10E4, 0x08A3, 0x0883, 0x0063, 0x0063, 0x0083,
0x10E4, 0x1946, 0x29A7, 0x4229, 0x4A6A, 0x52AB, 0x632C, 0x6B4D, 0x6B6E, 0x7BCF, 0x7BF0, 0x7BF0,
0x83F0, 0x8410, 0x8C30, 0x8C30, 0x8C30, 0x83F0, 0x83F0, 0x8410, 0x8410, 0x8410, 0x8410, 0x83F0,
0x83F0, 0x83F0, 0x83F0, 0x83F0, 0x7BEF, 0x7BCF, 0x7BF0, 0x7BEF, 0x7BF0, 0x7BCF, 0x73AF, 0x7BCF,
0x7BAF, 0x7BCF, 0x73AE, 0x6B6D, 0x6B4D, 0x6B4D, 0x6B2D, 0x632D, 0x5AEC, 0x5B0C, 0x5ACB, 0x5ACB,
0x52CB, 0x52CB, 0x52AB, 0x528B, 0x4A8A, 0x4A6A, 0x4249, 0x4229, 0x4229, 0x4229, 0x4229, 0x3A08,
0x3A08, 0x4229, 0x4A6A, 0x4A8A, 0x52AB, 0x52AB, 0x52AB, 0x52CB, 0x5AEC, 0x5AEC, 0x5AEC, 0x632D,
0x6B2D, 0x6B4D, 0x6B6D, 0x6B6E, 0x738E, 0x6B6E, 0x6B6D, 0x738E, 0x6B6E, 0x738E, 0x738E, 0x6B4D,
0x6B4D, 0x6B4D, 0x632D, 0x632D, 0x634D, 0x632D, 0x632D, 0x630D, 0x630C, 0x632D, 0x632D, 0x6B6D,
0x6B8E, 0x6B8E, 0x5AEC, 0x0021, 0x0042, 0x0042, 0x0042, 0x0042, 0x0041, 0x0041, 0x0041, 0x0042,
0x0042, 0x0042, 0x0042, 0x0042, 0x0042, 0x0042, 0x0042, 0x0042, 0x0042, 0x0042, 0x0062, 0x0062,
0x0062, 0x0042, 0x0042, 0x0062, 0x0862, 0x0062, 0x0062, 0x0862, 0x0862, 0x0862, 0x0862, 0x0862,
0x0882, 0x0062, 0x0862, 0x0862, 0x0862, 0x0863, 0x0883, 0x0883, 0x0883, 0x0883, 0x0883, 0x0883,
0x0883, 0x0883, 0x0882, 0x0882, 0x0883, 0x0883, 0x0883, 0x0883, 0x0883, 0x08A3, 0x0883, 0x0883,
0x0883, 0x0883, 0x08A3, 0x08A3, 0x08A3, 0x08A3, 0x08A3, 0x08A3, 0x08A3, 0x08A3, 0x08A3, 0x10C3,
0x10C4, 0x10C4, 0x10C4, 0x10C4, 0x10E4, 0x10E4, 0x10E4, 0x18E4, 0x1905, 0x1905, 0x1905, 0x1905,
0x2986, 0x5ACB, 0x630C, 0x6B4D, 0x6B2C, 0x630C, 0x5AEC, 0x5ACB, 0x5AEB, 0x5ACB, 0x39E8, 0x1905,
0x18E4, 0x1905, 0x1905, 0x1905, 0x1905, 0x1905, 0x1904, 0x1904, 0x1905, 0x1905, 0x1905, 0x1904,
0x1904, 0x1904, 0x18E4, 0x18E4, 0x18E4, 0x18E4, 0x18E4, 0x18E4, 0x18E4, 0x18E4, 0x18E4, 0x18E4,
0x18E4, 0x18E4, 0x18E4, 0x10E4, 0x10E4, 0x10E4, 0x10E4, 0x10E4, 0x10C4, 0x10C4, 0x10C4, 0x10C4,
0x10C4, 0x10C4, 0x10A3, 0x10A3, 0x10A3, 0x10A3, 0x10A3, 0x10A3, 0x10A3, 0x10A3, 0x10C3, 0x10C3,
0x8431, 0x8431, 0x8430, 0x8410, 0x8410, 0x83F0, 0x7BF0, 0x7BCF, 0x7BEF, 0x7BEF, 0x7BF0, 0x7BEF,
0x7BEF, 0x7BEF, 0x7BEF, 0x7BCF, 0x7BCF, 0x7BCF, 0x7BCF, 0x7BCF, 0x7BCF, 0x7BCF, 0x7BCF, 0x7BCF,
0x7BAF, 0x7BAF, 0x7BCF, 0x7BCF, 0x7BCF, 0x7BCF, 0x7BCF, 0x7BCF, 0x7BCF, 0x73AE, 0x7BCF, 0x73AE,
0x73AE, 0x738E, 0x738E, 0x738E, 0x736E, 0x736E, 0x6B6D, 0x6B4D, 0x632C, 0x630C, 0x52CB, 0x4A8A,
0x424A, 0x3A09, 0x3A08, 0x39E8, 0x31E8, 0x31C8, 0x31C8, 0x31E8, 0x3A09, 0x4229, 0x4229, 0x4209,
0x4229, 0x4229, 0x4229, 0x4229, 0x4229, 0x3A29, 0x3A09, 0x39E9, 0x31E8, 0x29A7, 0x2987, 0x2146,
0x1925, 0x18E5, 0x08A3, 0x0083, 0x0063, 0x0063, 0x0884, 0x10E4, 0x1925, 0x29A7, 0x3A08, 0x528B,
0x630C, 0x6B4D, 0x738E, 0x73AF, 0x7BCF, 0x7BF0, 0x8410, 0x8410, 0x8430, 0x8430, 0x8430, 0x8430,
0x8C30, 0x8410, 0x8410, 0x8C10, 0x8C31, 0x8C31, 0x8C30, 0x8C30, 0x8C51, 0x8C51, 0x8C31, 0x8C31,
0x8430, 0x8430, 0x8430, 0x8430, 0x8430, 0x8410, 0x7BEF, 0x7BEF, 0x7BCF, 0x7BCF, 0x7BCF, 0x7BAF,
0x73AE, 0x738E, 0x6B6D, 0x6B4D, 0x632C, 0x5AEC, 0x528A, 0x528A, 0x4A8A, 0x52AB, 0x528B, 0x52AB,
0x4A8B, 0x4A8A, 0x4A6A, 0x424A, 0x4A6A, 0x424A, 0x4A6A, 0x4229, 0x4249, 0x4A6A, 0x4A8A, 0x52AA,
0x52AB, 0x52CB, 0x52CB, 0x5AEC, 0x5AEC, 0x5B0C, 0x630C, 0x632D, 0x6B4D, 0x6B4D, 0x6B6E, 0x736E,
0x6B6E, 0x6B6E, 0x6B6E, 0x6B6E, 0x738E, 0x738E, 0x738E, 0x738E, 0x6B4D, 0x6B4D, 0x6B4D, 0x6B4D,
0x634D, 0x632D, 0x632D, 0x630C, 0x630C, 0x632D, 0x632D, 0x6B6E, 0x6B8E, 0x73AE, 0x6B4D, 0x0021,
0x0042, 0x0042, 0x0022, 0x0022, 0x0042, 0x0042, 0x0042, 0x0042, 0x0042, 0x0042, 0x0042, 0x0042,
0x0042, 0x0042, 0x0042, 0x0042, 0x0042, 0x0042, 0x0062, 0x0062, 0x0062, 0x0062, 0x0042, 0x0062,
0x0882, 0x0882, 0x0062, 0x0862, 0x0062, 0x0062, 0x0062, 0x0882, 0x0882, 0x0062, 0x0062, 0x0062,
0x0082, 0x0862, 0x0863, 0x0883, 0x0883, 0x0883, 0x0883, 0x0883, 0x0883, 0x0883, 0x0883, 0x0883,
0x0883, 0x0883, 0x0883, 0x0883, 0x0883, 0x0883, 0x08A3, 0x08A3, 0x08A3, 0x08A3, 0x08A3, 0x08A3,
0x08A3, 0x08A3, 0x08A3, 0x08A3, 0x10A3, 0x10A3, 0x10A3, 0x10C4, 0x10C4, 0x10C4, 0x10C4, 0x10C4,
0x18C4, 0x10E4, 0x1904, 0x1905, 0x1905, 0x1905, 0x1905, 0x1905, 0x2125, 0x4229, 0x5AEC, 0x5B0C,
0x6B4D, 0x632C, 0x630C, 0x5AEB, 0x5ACB, 0x5ACB, 0x4A89, 0x31A7, 0x1904, 0x1905, 0x18E4, 0x1905,
0x1905, 0x1904, 0x18E4, 0x18E4, 0x18E4, 0x18E4, 0x18E4, 0x18E4, 0x18E4, 0x10E4, 0x10E4, 0x10E4,
0x18C4, 0x18C4, 0x18C4, 0x18E4, 0x18E4, 0x18E4, 0x18E4, 0x10E4, 0x10C4, 0x10C4, 0x10C4, 0x10C4,
0x10C4, 0x10C4, 0x10C4, 0x10C4, 0x10C4, 0x10C4, 0x10C3, 0x10A3, 0x10A3, 0x10A3, 0x10A3, 0x10A3,
0x10A3, 0x08A3, 0x08A3, 0x10A3, 0x10A3, 0x10A3, 0x10A3, 0x10A3, 0x8431, 0x8410, 0x8410, 0x8410,
0x8410, 0x83F0, 0x7BF0, 0x7BCF, 0x7BEF, 0x7BEF, 0x7BF0, 0x7BF0, 0x7BEF, 0x7BEF, 0x7BEF, 0x7BCF,
0x7BCF, 0x7BCF, 0x7BCF, 0x7BCF, 0x7BCF, 0x7BCF, 0x7BCF, 0x7BCF, 0x7BCF, 0x7BCF, 0x7BCF, 0x7BCF,
0x7BCF, 0x7BCF, 0x7BCF, 0x7BCF, 0x7BCF, 0x7BCF, 0x7BCF, 0x73AE, 0x73AE, 0x73AE, 0x738E, 0x738E,
0x736E, 0x6B6E, 0x6B4D, 0x632D, 0x630C, 0x5ACB, 0x52AB, 0x426A, 0x3A29, 0x3A09, 0x31E8, 0x31E8,
0x31C7, 0x31C8, 0x31C8, 0x3A09, 0x4229, 0x4229, 0x4229, 0x3A29, 0x3A29, 0x4229, 0x4229, 0x4229,
0x3A29, 0x3A09, 0x31E8, 0x31C8, 0x29A7, 0x2987, 0x2146, 0x1905, 0x10E4, 0x08A3, 0x0082, 0x0062,
0x0062, 0x0063, 0x10C5, 0x1926, 0x31A8, 0x39E8, 0x52AB, 0x632C, 0x6B6D, 0x738E, 0x73AE, 0x7BCF,
0x7BF0, 0x8410, 0x8410, 0x8430, 0x8431, 0x8C30, 0x8C30, 0x8C30, 0x8C30, 0x8C51, 0x9451, 0x9471,
0x9472, 0x9472, 0x9472, 0x9471, 0x9492, 0x9CB2, 0x9CB2, 0x9CB2, 0x9CB2, 0x9CB2, 0x94B2, 0x9492,
0x9492, 0x9472, 0x9471, 0x8C71, 0x8C31, 0x8C31, 0x8C31, 0x8410, 0x8410, 0x7BEF, 0x7BCF, 0x73CE,
0x738E, 0x6B6D, 0x5ACB, 0x528A, 0x4A6A, 0x52AB, 0x52AB, 0x52AB, 0x52AB, 0x52AB, 0x4A8A, 0x528B,
0x4A8A, 0x4229, 0x424A, 0x424A, 0x426A, 0x4A8A, 0x52AB, 0x52CB, 0x52CB, 0x5AEC, 0x5AEC, 0x5AEC,
0x5AEC, 0x630C, 0x632C, 0x632D, 0x6B4D, 0x6B4D, 0x6B6E, 0x736E, 0x6B6E, 0x6B6D, 0x6B6D, 0x6B6D,
0x6B6D, 0x6B6D, 0x738E, 0x738E, 0x736E, 0x6B6E, 0x6B6D, 0x6B4D, 0x634D, 0x632C, 0x632C, 0x630C,
0x630C, 0x632C, 0x632D, 0x6B4D, 0x73AE, 0x6B8E, 0x6BAE, 0x18E4, 0x0041, 0x0041, 0x0041, 0x0022,
0x0042, 0x0042, 0x0042, 0x0042, 0x0042, 0x0042, 0x0042, 0x0042, 0x0042, 0x0042, 0x0042, 0x0042,
0x0042, 0x0042, 0x0062, 0x0062, 0x0062, 0x0062, 0x0042, 0x0062, 0x0862, 0x0862, 0x0862, 0x0862,
0x0862, 0x0062, 0x0882, 0x0882, 0x0882, 0x0062, 0x0062, 0x0062, 0x0062, 0x0862, 0x0062, 0x0883,
0x0883, 0x0883, 0x0883, 0x0883, 0x0883, 0x0883, 0x0883, 0x0883, 0x0883, 0x0883, 0x0883, 0x0883,
0x0883, 0x0883, 0x08A3, 0x08A3, 0x08A3, 0x08A3, 0x08A3, 0x08A3, 0x08A3, 0x08A3, 0x08A3, 0x08A3,
0x10A3, 0x10A3, 0x10A3, 0x10C4, 0x10C4, 0x10C4, 0x18E4, 0x18E4, 0x18E4, 0x18E4, 0x1905, 0x1905,
0x1905, 0x1905, 0x1905, 0x1905, 0x1905, 0x2966, 0x4249, 0x5AEB, 0x632C, 0x6B4D, 0x632C, 0x5AEC,
0x5AEB, 0x5AEB, 0x5ACB, 0x4A69, 0x2966, 0x1904, 0x1904, 0x1905, 0x1905, 0x1904, 0x1904, 0x18E4,
0x18E4, 0x18E4, 0x18E4, 0x18E4, 0x18E4, 0x18E4, 0x10E4, 0x10E4, 0x18C4, 0x18C4, 0x18C4, 0x18E4,
0x18E4, 0x18E4, 0x10E4, 0x10C4, 0x10C4, 0x10C4, 0x10C4, 0x10C4, 0x10C4, 0x10C4, 0x10C3, 0x10C3,
0x10C3, 0x10A3, 0x10A3, 0x10A3, 0x08A3, 0x08A3, 0x10A3, 0x10A3, 0x08A3, 0x08A3, 0x08A3, 0x08A3,
0x10A3, 0x10A3, 0x0883, 0x0883, 0x8430, 0x8410, 0x8410, 0x8410, 0x8410, 0x8410, 0x83F0, 0x7BF0,
0x7BEF, 0x7BEF, 0x7BF0, 0x7BF0, 0x7BF0, 0x7BEF, 0x7BEF, 0x7BEF, 0x7BEF, 0x7BEF, 0x7BCF, 0x7BCF,
0x7BCF, 0x7BCF, 0x7BCF, 0x7BCF, 0x7BCF, 0x7BCF, 0x7BCF, 0x7BCF, 0x7BCF, 0x7BCF, 0x7BCF, 0x7BCF,
0x7BCF, 0x7BCF, 0x7BCF, 0x73AE, 0x73AE, 0x73AE, 0x738E, 0x738E, 0x6B6E, 0x6B4D, 0x632C, 0x630C,
0x5AEC, 0x52AB, 0x4A6A, 0x3A29, 0x3A08, 0x31E8, 0x31C8, 0x31A7, 0x31A7, 0x31E8, 0x39E8, 0x3A09,
0x4229, 0x4229, 0x4229, 0x3A29, 0x3A29, 0x3A29, 0x3A29, 0x4229, 0x3A09, 0x39E8, 0x31A8, 0x2987,
0x2967, 0x2146, 0x1905, 0x10C4, 0x08A3, 0x0063, 0x0062, 0x0062, 0x0062, 0x10C4, 0x2967, 0x31C8,
0x4A6A, 0x52CB, 0x632D, 0x6B4D, 0x73AE, 0x7BCF, 0x7BF0, 0x7BF0, 0x8410, 0x8410, 0x8410, 0x8431,
0x8C31, 0x8C31, 0x8C51, 0x8C51, 0x8C51, 0x9472, 0x9492, 0x9492, 0x9472, 0x9472, 0x9492, 0x9492,
0x9492, 0x9CD3, 0xA4D3, 0x9CF3, 0xA4F3, 0x9CF3, 0x9CD3, 0x9CD3, 0x9CD3, 0x9CD3, 0xA4F3, 0x9CD2,
0x9CB3, 0x9CB2, 0x94B2, 0x9471, 0x8C71, 0x8430, 0x8430, 0x8430, 0x8410, 0x7BEF, 0x738E, 0x6B4D,
0x630C, 0x5ACB, 0x52AB, 0x4A8A, 0x52AB, 0x4A8A, 0x4A8A, 0x52AB, 0x4A6A, 0x4249, 0x424A, 0x4A6A,
0x4A8A, 0x52AB, 0x52AB, 0x52CB, 0x52CB, 0x52CB, 0x5AEC, 0x5AEC, 0x5B0C, 0x630C, 0x632C, 0x632D,
0x6B4D, 0x6B4D, 0x6B6D, 0x736E, 0x6B6E, 0x6B6D, 0x6B4D, 0x6B6D, 0x6B6D, 0x6B6D, 0x738E, 0x738E,
0x738E, 0x6B6E, 0x6B6E, 0x6B6D, 0x6B4D, 0x632D, 0x632C, 0x632C, 0x630C, 0x632C, 0x632D, 0x634D,
0x73AE, 0x738E, 0x73AE, 0x31C8, 0x0021, 0x0021, 0x0042, 0x0022, 0x0042, 0x0042, 0x0042, 0x0042,
0x0042, 0x0042, 0x0042, 0x0042, 0x0042, 0x0042, 0x0062, 0x0062, 0x0062, 0x0062, 0x0062, 0x0062,
0x0062, 0x0062, 0x0062, 0x0062, 0x0062, 0x0062, 0x0062, 0x0862, 0x0862, 0x0882, 0x0882, 0x0882,
0x0062, 0x0062, 0x0062, 0x0062, 0x0062, 0x0862, 0x0883, 0x0883, 0x0883, 0x0883, 0x0883, 0x0883,
0x0883, 0x0883, 0x0883, 0x0883, 0x0883, 0x0883, 0x0883, 0x0883, 0x0883, 0x0883, 0x08A3, 0x08A3,
0x08A3, 0x08A3, 0x08A3, 0x08A3, 0x08A3, 0x08A3, 0x08A3, 0x08A3, 0x10A3, 0x10A3, 0x10C3, 0x10C4,
0x10C4, 0x10C4, 0x18E4, 0x18E4, 0x18E4, 0x18E4, 0x1905, 0x1905, 0x1905, 0x1905, 0x1905, 0x1925,
0x1925, 0x2145, 0x2986, 0x4A69, 0x5AEB, 0x632C, 0x632C, 0x630C, 0x5AEB, 0x5ACB, 0x5ACB, 0x52CB,
0x4229, 0x2145, 0x1905, 0x18E4, 0x18E4, 0x1904, 0x1904, 0x18E4, 0x18E4, 0x18E4, 0x18E4, 0x10E4,
0x18E4, 0x10E4, 0x10E4, 0x10E4, 0x10C4, 0x10C4, 0x10C4, 0x18E4, 0x18E4, 0x10E4, 0x10C4, 0x10C4,
0x10C4, 0x10C4, 0x10C4, 0x10C4, 0x10C4, 0x10C3, 0x10A3, 0x10A3, 0x08A3, 0x08A3, 0x08A3, 0x08A3,
0x08A3, 0x08A3, 0x08A3, 0x08A3, 0x08A3, 0x0883, 0x08A3, 0x08A3, 0x08A3, 0x0883, 0x0882, 0x0862,
0x8430, 0x8430, 0x8430, 0x8430, 0x8410, 0x8410, 0x8410, 0x83F0, 0x7BEF, 0x7BCF, 0x7BEF, 0x7BEF,
0x7BF0, 0x7BF0, 0x7BF0, 0x7BF0, 0x7BF0, 0x7BF0, 0x7BF0, 0x7BF0, 0x7BF0, 0x7BEF, 0x7BEF, 0x7BCF,
0x7BCF, 0x7BCF, 0x7BCF, 0x7BCF, 0x7BCF, 0x7BCF, 0x7BCF, 0x7BCF, 0x7BCF, 0x7BCF, 0x7BCF, 0x73AE,
0x738E, 0x73AE, 0x738E, 0x736E, 0x6B6D, 0x634D, 0x630C, 0x5ACB, 0x52AB, 0x4A6A, 0x4208, 0x39E8,
0x31C8, 0x31A7, 0x31A7, 0x31A7, 0x31C8, 0x3A08, 0x3A09, 0x4209, 0x3A29, 0x3A29, 0x3A29, 0x4229,
0x4229, 0x3A29, 0x3A09, 0x3A09, 0x39E9, 0x31C8, 0x29A7, 0x2987, 0x2146, 0x1905, 0x10C5, 0x0883,
0x0042, 0x0042, 0x0042, 0x0863, 0x10C4, 0x2966, 0x39E8, 0x528B, 0x5ACC, 0x632D, 0x738E, 0x73CF,
0x7BCF, 0x7C10, 0x8410, 0x8410, 0x8410, 0x8430, 0x8C31, 0x8C51, 0x8C31, 0x8C31, 0x8430, 0x8430,
0x8430, 0x738E, 0x738E, 0x738E, 0x736E, 0x736E, 0x738E, 0x73AE, 0x7C10, 0x7BEF, 0x7BEF, 0x7BEF,
0x7BAF, 0x9492, 0x94B3, 0x9CD3, 0x9CD3, 0x9CD3, 0x9CF3, 0xA4F3, 0x9CD3, 0x9CD3, 0x9CD3, 0x9CF3,
0x9CD3, 0x94B2, 0x9492, 0x8C92, 0x8C51, 0x8C51, 0x7BCF, 0x7BEF, 0x7BEF, 0x738E, 0x6B6E, 0x632D,
0x52AB, 0x4A6A, 0x4A6A, 0x4A6A, 0x4A8A, 0x5AEC, 0x52AB, 0x4A6A, 0x52AB, 0x52CB, 0x52CB, 0x5ACB,
0x5AEC, 0x5AEC, 0x5B0C, 0x5B0C, 0x630C, 0x630C, 0x630C, 0x632D, 0x6B2D, 0x6B4D, 0x6B4D, 0x6B6D,
0x6B6D, 0x6B4D, 0x6B4D, 0x6B4D, 0x6B6D, 0x6B6D, 0x736E, 0x736E, 0x736E, 0x6B6D, 0x6B6E, 0x6B6E,
0x6B6D, 0x6B4D, 0x632D, 0x632D, 0x632C, 0x632D, 0x632D, 0x632D, 0x6B6E, 0x6B8E, 0x73CF, 0x52EC,
0x0001, 0x0021, 0x0042, 0x0042, 0x0042, 0x0042, 0x0042, 0x0042, 0x0042, 0x0042, 0x0042, 0x0042,
0x0062, 0x0041, 0x0062, 0x0062, 0x0062, 0x0062, 0x0062, 0x0062, 0x0062, 0x0042, 0x0042, 0x0042,
0x0042, 0x0042, 0x0062, 0x0862, 0x0862, 0x0882, 0x0882, 0x0082, 0x0062, 0x0882, 0x0062, 0x0062,
0x0062, 0x0862, 0x0863, 0x0883, 0x0883, 0x0883, 0x0883, 0x0883, 0x0883, 0x0883, 0x0883, 0x0883,
0x0883, 0x0883, 0x0883, 0x0883, 0x0883, 0x0883, 0x0883, 0x0883, 0x08A3, 0x08A3, 0x08A3, 0x08A3,
0x08A3, 0x08A3, 0x08A3, 0x10C3, 0x10A3, 0x10C3, 0x10C4, 0x10C4, 0x10C4, 0x10C4, 0x10E4, 0x10E4,
0x18E4, 0x1905, 0x1905, 0x1905, 0x1905, 0x1905, 0x1905, 0x2125, 0x2146, 0x2145, 0x2125, 0x39E8,
0x528A, 0x5B0C, 0x632C, 0x632C, 0x630C, 0x5ACB, 0x5ACB, 0x5ACB, 0x52CB, 0x39E7, 0x2125, 0x18E4,
0x18E4, 0x18E4, 0x1904, 0x10E4, 0x18E4, 0x18E4, 0x18E4, 0x10E4, 0x10E4, 0x10E4, 0x10E4, 0x10E4,
0x10C4, 0x10C4, 0x10C4, 0x10E4, 0x10E4, 0x10E4, 0x10C4, 0x10C4, 0x10C4, 0x10C4, 0x10A3, 0x10C3,
0x10A3, 0x10A3, 0x10A3, 0x08A3, 0x08A3, 0x0883, 0x0883, 0x08A3, 0x08A3, 0x08A3, 0x08A3, 0x08A3,
0x08A3, 0x08A3, 0x0883, 0x0883, 0x0882, 0x0862, 0x0062, 0x0042, 0x8430, 0x8430, 0x8430, 0x8430,
0x8430, 0x8410, 0x8410, 0x83F0, 0x7BEF, 0x7BEF, 0x7BEF, 0x7BEF, 0x7BEF, 0x7BF0, 0x83F0, 0x83F0,
0x83F0, 0x83F0, 0x83F0, 0x83F0, 0x8410, 0x7C10, 0x7BEF, 0x7BEF, 0x7BEF, 0x7BEF, 0x7BCF, 0x7BCF,
0x7BCF, 0x7BCF, 0x7BCF, 0x7BCF, 0x7BCF, 0x7BCF, 0x73AE, 0x73AE, 0x738E, 0x6B8E, 0x6B8E, 0x6B6E,
0x634D, 0x632D, 0x5AEC, 0x52CB, 0x4A6A, 0x4209, 0x39C8, 0x31C7, 0x31A7, 0x31A7, 0x31A7, 0x31C8,
0x31E8, 0x3A08, 0x4229, 0x4229, 0x3A29, 0x3A29, 0x3A29, 0x3A29, 0x3A29, 0x3A29, 0x3A09, 0x3A09,
0x31E8, 0x29A7, 0x2987, 0x2146, 0x1925, 0x10E4, 0x0883, 0x0042, 0x0042, 0x0042, 0x0042, 0x10C4,
0x2986, 0x3A08, 0x528A, 0x5ACB, 0x6B2D, 0x73AE, 0x7BF0, 0x7BF0, 0x8410, 0x8410, 0x8410, 0x8410,
0x8410, 0x8410, 0x8431, 0x8410, 0x83F0, 0x736E, 0x4A6A, 0x4A49, 0x4A49, 0x4208, 0x4208, 0x39E8,
0x3187, 0x3187, 0x2966, 0x3A08, 0x3A08, 0x4229, 0x4229, 0x4229, 0x4229, 0x5ACC, 0x4209, 0x5ACB,
0x5AEC, 0x632D, 0x738E, 0x8C31, 0x8C51, 0x8C51, 0x9492, 0x9CD3, 0x9CD3, 0x9CD3, 0x9CD3, 0x9CD3,
0x9CB3, 0x9492, 0x8C51, 0x8430, 0x8410, 0x7BCF, 0x73AE, 0x7BAF, 0x738E, 0x738E, 0x632C, 0x4A6A,
0x4A6A, 0x52AB, 0x52AB, 0x52AB, 0x52CB, 0x5AEB, 0x5AEB, 0x5AEB, 0x5AEC, 0x5AEC, 0x5B0C, 0x630C,
0x630C, 0x630C, 0x634C, 0x634D, 0x6B4D, 0x6B4D, 0x6B4D, 0x6B6D, 0x6B4D, 0x6B4D, 0x6B4D, 0x6B4D,
0x6B6D, 0x6B6D, 0x6B6E, 0x6B6E, 0x6B6E, 0x6B6E, 0x6B6E, 0x6B6D, 0x6B4D, 0x634D, 0x634D, 0x634D,
0x632C, 0x632D, 0x632D, 0x632C, 0x6B8E, 0x73AE, 0x73AE, 0x5B0C, 0x0042, 0x0021, 0x0042, 0x0042,
0x0042, 0x0042, 0x0042, 0x0022, 0x0022, 0x0022, 0x0042, 0x0042, 0x0062, 0x0041, 0x0062, 0x0062,
0x0062, 0x0062, 0x0062, 0x0062, 0x0062, 0x0042, 0x0042, 0x0042, 0x0042, 0x0042, 0x0062, 0x0862,
0x0862, 0x0882, 0x0882, 0x0882, 0x0882, 0x0062, 0x0062, 0x0062, 0x0062, 0x0862, 0x0863, 0x0883,
0x0883, 0x0883, 0x0883, 0x0883, 0x08A3, 0x08A3, 0x08A3, 0x08A3, 0x0883, 0x0883, 0x0883, 0x0883,
0x0883, 0x0883, 0x0883, 0x0883, 0x08A3, 0x08A3, 0x08A3, 0x08A3, 0x08A3, 0x08A3, 0x10C3, 0x10C3,
0x10A3, 0x10C3, 0x10C4, 0x10C4, 0x10C4, 0x10C4, 0x10E4, 0x10E4, 0x18E4, 0x1905, 0x1905, 0x1905,
0x1905, 0x1905, 0x1925, 0x2125, 0x2146, 0x2146, 0x2145, 0x2966, 0x4229, 0x52AA, 0x630C, 0x6B2C,
0x632C, 0x5AEB, 0x5ACB, 0x5ACB, 0x5AEC, 0x52AB, 0x39C7, 0x1904, 0x18E4, 0x18E4, 0x1904, 0x10E4,
0x18E4, 0x18E4, 0x18E4, 0x10E4, 0x10E4, 0x10C4, 0x10C4, 0x10C4, 0x10C4, 0x10C4, 0x10C4, 0x10C4,
0x10C4, 0x10C4, 0x10C4, 0x10C4, 0x10C3, 0x10C3, 0x10A3, 0x10A3, 0x10A3, 0x08A3, 0x08A3, 0x08A3,
0x08A3, 0x0883, 0x0883, 0x0883, 0x0883, 0x08A3, 0x08A3, 0x08A3, 0x08A3, 0x0883, 0x0882, 0x0062,
0x0062, 0x0062, 0x0062, 0x0062, 0x8C30, 0x8430, 0x8430, 0x8430, 0x8431, 0x8410, 0x83F0, 0x83F0,
0x7BF0, 0x7BEF, 0x7BEF, 0x7BEF, 0x7BEF, 0x83F0, 0x8410, 0x8410, 0x8410, 0x8410, 0x8410, 0x8410,
0x8410, 0x8410, 0x8410, 0x8410, 0x8410, 0x7BEF, 0x7BCF, 0x7BCF, 0x7BCF, 0x7BCF, 0x7BCF, 0x7BCF,
0x7BCF, 0x7BCF, 0x73AF, 0x738E, 0x6B8E, 0x6B8E, 0x6B8E, 0x634D, 0x632D, 0x5AEC, 0x52AB, 0x4A6A,
0x3A09, 0x31C8, 0x31A7, 0x29A7, 0x29A7, 0x2987, 0x31C8, 0x31E9, 0x3A09, 0x3A09, 0x3A09, 0x4209,
0x3A29, 0x3A29, 0x3A29, 0x3A29, 0x3A29, 0x3A29, 0x31E8, 0x31C8, 0x2987, 0x2967, 0x2166, 0x1926,
0x10E5, 0x0883, 0x0063, 0x0042, 0x0063, 0x0882, 0x10C4, 0x2966, 0x31C8, 0x4A8B, 0x630C, 0x6B4D,
0x738E, 0x7BCF, 0x7BF0, 0x8410, 0x8410, 0x8410, 0x7BEF, 0x7BEF, 0x7BCF, 0x6B4D, 0x5ACB, 0x4A6A,
0x39E8, 0x2966, 0x2125, 0x1905, 0x1905, 0x2125, 0x2125, 0x2125, 0x2146, 0x2146, 0x2146, 0x2145,
0x2145, 0x2145, 0x2145, 0x2146, 0x2146, 0x2146, 0x2145, 0x2125, 0x1925, 0x2125, 0x2145, 0x2986,
0x31C7, 0x39E8, 0x4A49, 0x630C, 0x73AE, 0x7C10, 0x8C51, 0x8C51, 0x9472, 0x9492, 0x9492, 0x94B2,
0x94B2, 0x9492, 0x8410, 0x7BCF, 0x7BCF, 0x73CF, 0x73CF, 0x738E, 0x632D, 0x5ACB, 0x52AB, 0x52AB,
0x5B0C, 0x630C, 0x630C, 0x632D, 0x630C, 0x5B0C, 0x630C, 0x630C, 0x630C, 0x632D, 0x632D, 0x632D,
0x6B4D, 0x6B4D, 0x6B4D, 0x6B4D, 0x6B4D, 0x6B4D, 0x6B4D, 0x6B4D, 0x6B4D, 0x6B6E, 0x6B6D, 0x6B6E,
0x6B6D, 0x6B4D, 0x6B6D, 0x6B4D, 0x6B4D, 0x634D, 0x634D, 0x634D, 0x632C, 0x632C, 0x632D, 0x632C,
0x6B6D, 0x738E, 0x738E, 0x6B6E, 0x2125, 0x0041, 0x0042, 0x0042, 0x0042, 0x0042, 0x0042, 0x0042,
0x0042, 0x0042, 0x0042, 0x0042, 0x0042, 0x0042, 0x0042, 0x0042, 0x0042, 0x0042, 0x0062, 0x0062,
0x0062, 0x0062, 0x0062, 0x0062, 0x0062, 0x0062, 0x0062, 0x0062, 0x0862, 0x0882, 0x0882, 0x0882,
0x0862, 0x0062, 0x0062, 0x0882, 0x0082, 0x0883, 0x0882, 0x0882, 0x0882, 0x0882, 0x0883, 0x0883,
0x0883, 0x0883, 0x0883, 0x0883, 0x08A3, 0x08A3, 0x08A3, 0x08A3, 0x08A3, 0x08A3, 0x08A3, 0x08A3,
0x08A3, 0x08A3, 0x08A3, 0x08A3, 0x08A3, 0x08A3, 0x08A3, 0x10C3, 0x10C3, 0x10C4, 0x10C4, 0x10C4,
0x10C4, 0x10C4, 0x10E4, 0x18E4, 0x18E4, 0x1905, 0x1905, 0x1905, 0x1904, 0x1905, 0x2125, 0x2145,
0x2145, 0x2966, 0x2966, 0x2966, 0x2966, 0x4249, 0x5ACB, 0x630C, 0x630C, 0x630C, 0x5AEB, 0x5ACB,
0x5AEC, 0x5AEC, 0x528A, 0x31A6, 0x18E4, 0x18E4, 0x10E4, 0x10E4, 0x10E4, 0x18E4, 0x18E4, 0x10E4,
0x10E4, 0x10C4, 0x10C4, 0x10C4, 0x10C4, 0x10C4, 0x10C4, 0x10C4, 0x10C3, 0x10A3, 0x10A3, 0x10A3,
0x10A3, 0x08A3, 0x08A3, 0x08A3, 0x08A3, 0x08A3, 0x08A3, 0x0883, 0x0883, 0x0883, 0x0883, 0x0883,
0x0883, 0x0883, 0x0883, 0x0883, 0x0883, 0x0062, 0x0042, 0x0042, 0x0042, 0x0042, 0x0042, 0x0042,
0x8C30, 0x8C30, 0x8430, 0x8430, 0x8410, 0x8410, 0x83F0, 0x83F0, 0x83F0, 0x7BF0, 0x7BEF, 0x7BEF,
0x8410, 0x8410, 0x8410, 0x8410, 0x8430, 0x8410, 0x8410, 0x8410, 0x8410, 0x8410, 0x8410, 0x8410,
0x8410, 0x7BEF, 0x7BCF, 0x7BCF, 0x7BCF, 0x73AF, 0x73AF, 0x7BAF, 0x73AE, 0x73AE, 0x738E, 0x738E,
0x6B8E, 0x6B6E, 0x6B4D, 0x630C, 0x52EB, 0x52CB, 0x4A6A, 0x3A09, 0x31C8, 0x2987, 0x2986, 0x2966,
0x2987, 0x29A7, 0x31C8, 0x3A09, 0x3A09, 0x3A09, 0x3A09, 0x4209, 0x3A29, 0x3A29, 0x3A29, 0x3A29,
0x3A09, 0x3A09, 0x31C8, 0x29A7, 0x2987, 0x2146, 0x1905, 0x10C4, 0x08A4, 0x0063, 0x0063, 0x0042,
0x0062, 0x10C3, 0x2125, 0x31C7, 0x4A8A, 0x632D, 0x6B4D, 0x73AE, 0x7BCF, 0x7BEF, 0x8410, 0x8431,
0x7C10, 0x7BCF, 0x738E, 0x5AEC, 0x4A6A, 0x31A7, 0x10C4, 0x10C4, 0x10C4, 0x10C4, 0x10C4, 0x18E5,
0x1905, 0x1925, 0x1925, 0x1925, 0x1925, 0x1925, 0x1925, 0x1926, 0x1926, 0x2146, 0x2146, 0x2146,
0x2146, 0x2146, 0x2146, 0x2146, 0x2146, 0x2146, 0x2145, 0x2145, 0x1925, 0x1905, 0x18E4, 0x18E4,
0x18E4, 0x3186, 0x31C7, 0x5AEB, 0x7BCF, 0x8431, 0x8431, 0x8C72, 0x8C71, 0x94B2, 0x9492, 0x8C72,
0x8431, 0x8410, 0x7BCF, 0x73AE, 0x73AF, 0x7BCF, 0x6B6E, 0x6B4D, 0x632C, 0x630C, 0x632D, 0x632D,
0x632D, 0x630C, 0x632C, 0x632C, 0x632C, 0x632D, 0x632D, 0x632D, 0x6B4D, 0x6B4D, 0x6B4D, 0x6B4D,
0x6B4D, 0x6B4D, 0x6B4D, 0x6B4D, 0x6B4D, 0x6B4D, 0x6B4D, 0x6B6E, 0x6B6D, 0x6B4D, 0x6B6D, 0x6B4D,
0x634D, 0x634D, 0x634D, 0x634D, 0x634D, 0x632C, 0x632D, 0x632C, 0x6B4D, 0x736E, 0x738E, 0x738F,
0x3187, 0x0021, 0x0042, 0x0042, 0x0042, 0x0041, 0x0041, 0x0062, 0x0062, 0x0041, 0x0042, 0x0042,
0x0042, 0x0042, 0x0042, 0x0042, 0x0042, 0x0042, 0x0062, 0x0062, 0x0062, 0x0062, 0x0062, 0x0062,
0x0062, 0x0062, 0x0042, 0x0042, 0x0062, 0x0062, 0x0062, 0x0862, 0x0062, 0x0062, 0x0062, 0x0882,
0x0082, 0x0883, 0x0882, 0x0882, 0x0882, 0x0882, 0x0883, 0x0883, 0x0883, 0x0883, 0x0883, 0x0883,
0x08A3, 0x08A3, 0x08A3, 0x08A3, 0x08A3, 0x08A3, 0x08A3, 0x08A3, 0x08A3, 0x08A3, 0x08A3, 0x08A3,
0x08A3, 0x08A3, 0x08A3, 0x10C3, 0x10C3, 0x10C4, 0x10C4, 0x10C4, 0x10C4, 0x10C4, 0x18E4, 0x18E4,
0x18E4, 0x1905, 0x1905, 0x1904, 0x1904, 0x1905, 0x2145, 0x2145, 0x2145, 0x2966, 0x2966, 0x2966,
0x2966, 0x31C7, 0x4A49, 0x5AEC, 0x630C, 0x632C, 0x630C, 0x5ACB, 0x5ACB, 0x5AEC, 0x5AEB, 0x4A8A,
0x31A6, 0x18E4, 0x10C4, 0x10E4, 0x10E4, 0x18E4, 0x18E4, 0x10E4, 0x10E4, 0x10C4, 0x10C4, 0x10C4,
0x10C4, 0x10C4, 0x10C4, 0x10C4, 0x10A3, 0x10A3, 0x10A3, 0x10A3, 0x08A3, 0x0883, 0x0883, 0x0883,
0x0883, 0x0883, 0x0883, 0x0883, 0x0883, 0x0883, 0x0883, 0x0883, 0x0883, 0x0883, 0x0882, 0x0862,
0x0062, 0x0042, 0x0042, 0x0042, 0x0042, 0x0042, 0x0042, 0x0041, 0x8C30, 0x8430, 0x8410, 0x8430,
0x8410, 0x8410, 0x8410, 0x8410, 0x83F0, 0x83F0, 0x8410, 0x8410, 0x8410, 0x8410, 0x8410, 0x8410,
0x8430, 0x8410, 0x8430, 0x8430, 0x8410, 0x8410, 0x8410, 0x8410, 0x8410, 0x7BEF, 0x7BCF, 0x7BAF,
0x73AE, 0x738E, 0x738E, 0x738E, 0x738E, 0x738E, 0x738E, 0x738E, 0x736E, 0x6B2D, 0x632D, 0x5AEC,
0x52AB, 0x424A, 0x3A09, 0x31C7, 0x2987, 0x2966, 0x2966, 0x2166, 0x2987, 0x31C8, 0x31C8, 0x3A09,
0x3A09, 0x3A09, 0x3A09, 0x4229, 0x3A29, 0x3A29, 0x3A29, 0x3A09, 0x31E9, 0x31E8, 0x31C8, 0x2987,
0x2167, 0x2126, 0x10E5, 0x0883, 0x0063, 0x0042, 0x0062, 0x0062, 0x10C4, 0x2125, 0x3A08, 0x528A,
0x632C, 0x634D, 0x73AE, 0x83CF, 0x83F0, 0x8410, 0x7BF0, 0x8410, 0x634D, 0x4249, 0x2987, 0x2126,
0x1905, 0x10C4, 0x10C4, 0x10C4, 0x10C4, 0x18E5, 0x1905, 0x1905, 0x1905, 0x1925, 0x1925, 0x1925,
0x1925, 0x1925, 0x1926, 0x2146, 0x2146, 0x1926, 0x1925, 0x1925, 0x2146, 0x2146, 0x2146, 0x2146,
0x2146, 0x2146, 0x2146, 0x2146, 0x2125, 0x2125, 0x2105, 0x18E4, 0x1904, 0x18E4, 0x1104, 0x10E4,
0x18E4, 0x3187, 0x3A09, 0x5B0C, 0x6B6E, 0x73AF, 0x8430, 0x8C72, 0x9492, 0x94B2, 0x8C51, 0x83F0,
0x7BEF, 0x7BCF, 0x7BCF, 0x7BCF, 0x7BCF, 0x738E, 0x6B4D, 0x632D, 0x632D, 0x632D, 0x632D, 0x632D,
0x632D, 0x632D, 0x632D, 0x632D, 0x6B4D, 0x6B4D, 0x6B4D, 0x6B4D, 0x6B4D, 0x6B4D, 0x6B4D, 0x6B4D,
0x6B4D, 0x6B4D, 0x6B4D, 0x6B6D, 0x6B6D, 0x6B4D, 0x6B6D, 0x6B4D, 0x634D, 0x634D, 0x632C, 0x634D,
0x634D, 0x632D, 0x632C, 0x632C, 0x6B2D, 0x6B6E, 0x6B6E, 0x7BCF, 0x4A49, 0x0042, 0x0062, 0x0042,
0x0042, 0x0041, 0x0041, 0x0062, 0x0062, 0x0062, 0x0042, 0x0042, 0x0042, 0x0042, 0x0042, 0x0042,
0x0042, 0x0042, 0x0062, 0x0062, 0x0062, 0x0062, 0x0062, 0x0062, 0x0062, 0x0062, 0x0042, 0x0042,
0x0042, 0x0062, 0x0062, 0x0062, 0x0042, 0x0042, 0x0062, 0x0062, 0x0083, 0x0883, 0x0882, 0x0882,
0x0882, 0x0882, 0x0883, 0x0883, 0x0883, 0x0883, 0x0883, 0x0883, 0x08A3, 0x08A3, 0x08A3, 0x08A3,
0x08A3, 0x08A3, 0x08A3, 0x08A3, 0x08A3, 0x08A3, 0x08A3, 0x08A3, 0x08A3, 0x08A3, 0x08A3, 0x10C3,
0x10C3, 0x10C4, 0x10C4, 0x10C4, 0x10C4, 0x10C4, 0x1905, 0x1905, 0x1905, 0x1905, 0x1905, 0x1905,
0x1904, 0x1905, 0x2145, 0x2145, 0x2145, 0x2966, 0x2966, 0x2966, 0x2966, 0x2966, 0x3A08, 0x528A,
0x62EC, 0x632D, 0x630C, 0x5AEB, 0x5ACB, 0x5ACB, 0x5ACB, 0x5ACB, 0x4A8A, 0x2966, 0x10C4, 0x18E4,
0x10E4, 0x10E4, 0x10E4, 0x10E4, 0x10E4, 0x10C4, 0x10C4, 0x10C4, 0x10C4, 0x10C4, 0x10C4, 0x10A3,
0x08A3, 0x08A3, 0x08A3, 0x08A3, 0x0883, 0x0883, 0x0883, 0x0883, 0x0883, 0x0883, 0x0883, 0x0883,
0x0883, 0x0882, 0x0882, 0x0882, 0x0882, 0x0882, 0x0062, 0x0042, 0x0021, 0x0042, 0x0042, 0x0042,
0x0042, 0x0042, 0x0042, 0x0021, 0x8C30, 0x8C30, 0x8430, 0x8430, 0x8410, 0x8410, 0x8410, 0x8410,
0x8410, 0x8410, 0x8410, 0x8410, 0x8410, 0x8410, 0x8410, 0x8410, 0x8410, 0x8410, 0x8410, 0x8410,
0x8410, 0x8410, 0x8410, 0x7BF0, 0x7BEF, 0x7BCF, 0x7BAF, 0x73AE, 0x738E, 0x738E, 0x738E, 0x736E,
0x736E, 0x736E, 0x738E, 0x6B8E, 0x6B4D, 0x630C, 0x5AEC, 0x52AB, 0x4A6A, 0x3A09, 0x31A7, 0x2166,
0x2146, 0x2146, 0x2146, 0x2966, 0x29A7, 0x31C8, 0x39E9, 0x3A09, 0x3A09, 0x3A09, 0x3A09, 0x3A09,
0x3A29, 0x3A09, 0x3A09, 0x31E8, 0x31C8, 0x29A7, 0x2987, 0x2146, 0x1926, 0x18E5, 0x08A4, 0x0863,
0x0063, 0x0062, 0x0062, 0x10C3, 0x2146, 0x31C7, 0x52AA, 0x632C, 0x6B6E, 0x73CF, 0x8410, 0x83F0,
0x7BD0, 0x738E, 0x632D, 0x4229, 0x2166, 0x1104, 0x10E4, 0x10C4, 0x10C4, 0x10C3, 0x10C4, 0x10E4,
0x10E4, 0x10E4, 0x18E5, 0x1905, 0x1905, 0x2146, 0x1925, 0x1925, 0x1905, 0x1905, 0x1925, 0x1925,
0x1905, 0x1925, 0x1925, 0x1905, 0x1925, 0x1925, 0x1925, 0x1926, 0x1925, 0x1925, 0x1925, 0x1925,
0x1905, 0x1905, 0x18E5, 0x1904, 0x18E4, 0x1905, 0x1905, 0x1905, 0x1904, 0x18E4, 0x18E4, 0x10C4,
0x1905, 0x2966, 0x426A, 0x4A8A, 0x6B8E, 0x8411, 0x8C51, 0x9492, 0x9472, 0x8C71, 0x7C10, 0x7BEF,
0x83F0, 0x8410, 0x7BEF, 0x73AE, 0x738E, 0x6B6D, 0x6B6D, 0x6B6D, 0x6B6D, 0x6B4D, 0x6B2D, 0x6B2D,
0x6B4D, 0x6B4D, 0x6B4D, 0x6B4D, 0x6B4D, 0x6B4D, 0x6B4D, 0x6B4D, 0x6B4D, 0x6B4D, 0x6B4D, 0x6B6D,
0x6B4D, 0x6B4D, 0x6B4D, 0x634D, 0x634D, 0x634D, 0x634D, 0x634D, 0x6B4D, 0x634D, 0x632D, 0x632D,
0x6B2D, 0x6B6D, 0x736E, 0x7BCF, 0x632D, 0x0042, 0x0042, 0x0042, 0x0062, 0x0062, 0x0062, 0x0062,
0x0062, 0x0062, 0x0042, 0x0042, 0x0062, 0x0062, 0x0062, 0x0042, 0x0042, 0x0062, 0x0042, 0x0042,
0x0042, 0x0042, 0x0042, 0x0062, 0x0882, 0x0882, 0x0062, 0x0062, 0x0862, 0x0062, 0x0062, 0x0862,
0x0062, 0x0062, 0x0062, 0x0063, 0x0083, 0x0883, 0x0883, 0x0883, 0x0882, 0x0883, 0x0883, 0x0883,
0x0883, 0x0882, 0x0882, 0x0883, 0x0883, 0x0883, 0x0883, 0x08A3, 0x08A3, 0x08A3, 0x0883, 0x0883,
0x08A3, 0x08A3, 0x08A3, 0x08A3, 0x08A3, 0x08A3, 0x10C3, 0x10C3, 0x10C4, 0x10C4, 0x10C4, 0x10E4,
0x18E4, 0x18E4, 0x18E4, 0x1905, 0x1905, 0x1905, 0x1905, 0x2125, 0x2145, 0x2145, 0x2145, 0x2145,
0x2966, 0x2966, 0x2986, 0x2986, 0x2986, 0x2966, 0x31A7, 0x4249, 0x52CB, 0x630C, 0x632C, 0x630C,
0x5ACB, 0x5ACB, 0x5ACB, 0x630C, 0x5ACB, 0x4208, 0x2125, 0x1905, 0x10E4, 0x10E4, 0x10E4, 0x10E4,
0x10C4, 0x10C4, 0x10C4, 0x10C4, 0x10C4, 0x10C4, 0x10A3, 0x08A3, 0x0883, 0x0883, 0x0883, 0x0883,
0x0882, 0x0882, 0x0882, 0x0882, 0x0882, 0x0882, 0x0882, 0x0882, 0x0882, 0x0862, 0x0862, 0x0862,
0x0862, 0x0042, 0x0041, 0x0041, 0x0041, 0x0041, 0x0042, 0x0042, 0x0041, 0x0021, 0x0021, 0x0021,
0x8C30, 0x8C30, 0x8430, 0x8430, 0x8431, 0x8431, 0x8431, 0x8C31, 0x8430, 0x8410, 0x8410, 0x8410,
0x8410, 0x7BEF, 0x7BEF, 0x83F0, 0x83F0, 0x83F0, 0x83F0, 0x83F0, 0x83F0, 0x7BF0, 0x7BEF, 0x7BCF,
0x7BCF, 0x7BCF, 0x73AE, 0x738E, 0x738E, 0x736E, 0x736E, 0x736E, 0x6B8E, 0x6B8E, 0x6B6E, 0x634D,
0x632C, 0x5ACB, 0x52AB, 0x424A, 0x39E8, 0x29A7, 0x2166, 0x2146, 0x2146, 0x2146, 0x2146, 0x2987,
0x29A7, 0x31E8, 0x31E9, 0x3A09, 0x3A09, 0x3A09, 0x4229, 0x4229, 0x3A09, 0x3A09, 0x39E9, 0x31C8,
0x2987, 0x2987, 0x2166, 0x1905, 0x18E5, 0x10A4, 0x0883, 0x0063, 0x0063, 0x0062, 0x10E4, 0x2125,
0x31C7, 0x52AB, 0x632C, 0x73AE, 0x7BCF, 0x7BF0, 0x8410, 0x73AF, 0x5AEC, 0x3A09, 0x2986, 0x1925,
0x1904, 0x1904, 0x10E4, 0x10E4, 0x10C3, 0x10C3, 0x10C3, 0x10E4, 0x10E4, 0x10E4, 0x1905, 0x1905,
0x1905, 0x1925, 0x1926, 0x1926, 0x1926, 0x2166, 0x2166, 0x2166, 0x2146, 0x2146, 0x2146, 0x1925,
0x2146, 0x1925, 0x1925, 0x1925, 0x1925, 0x1925, 0x1925, 0x1905, 0x1905, 0x18E4, 0x18E4, 0x18E5,
0x18E4, 0x18E4, 0x10E4, 0x10E4, 0x10E4, 0x10E4, 0x10E4, 0x10E4, 0x10E4, 0x10C4, 0x1104, 0x1104,
0x2145, 0x39E8, 0x632D, 0x7BD0, 0x8410, 0x8C72, 0x8C51, 0x8C31, 0x8430, 0x8410, 0x8410, 0x7BF0,
0x7BEF, 0x73CF, 0x738E, 0x6B6E, 0x6B6D, 0x6B4D, 0x6B4D, 0x6B4D, 0x6B4D, 0x6B4D, 0x6B4D, 0x6B4D,
0x6B4D, 0x6B6D, 0x6B4D, 0x6B4D, 0x6B4D, 0x6B4D, 0x6B4D, 0x6B6D, 0x6B6D, 0x6B4D, 0x6B4D, 0x634D,
0x634D, 0x634D, 0x634D, 0x634D, 0x6B4D, 0x6B4D, 0x6B4D, 0x632D, 0x632D, 0x6B4D, 0x6B6E, 0x7BCF,
0x73CF, 0x2105, 0x0022, 0x0042, 0x0042, 0x0062, 0x0062, 0x0062, 0x0062, 0x0062, 0x0062, 0x0042,
0x0042, 0x0062, 0x0042, 0x0042, 0x0042, 0x0062, 0x0042, 0x0042, 0x0042, 0x0042, 0x0042, 0x0062,
0x0882, 0x0882, 0x0882, 0x0882, 0x0882, 0x0862, 0x0062, 0x0862, 0x0862, 0x0062, 0x0062, 0x0883,
0x0083, 0x0882, 0x0882, 0x0882, 0x0882, 0x0883, 0x0883, 0x0883, 0x0883, 0x0882, 0x0882, 0x0883,
0x0883, 0x0883, 0x0883, 0x08A3, 0x08A3, 0x08A3, 0x0883, 0x0883, 0x08A3, 0x08A3, 0x08A3, 0x08A3,
0x08A3, 0x08A3, 0x10C3, 0x10C3, 0x10C4, 0x10C4, 0x10C4, 0x10E4, 0x18E4, 0x18E4, 0x18E4, 0x1905,
0x1905, 0x1905, 0x1925, 0x2125, 0x2145, 0x2145, 0x2146, 0x2145, 0x2966, 0x2966, 0x2966, 0x2966,
0x2986, 0x2986, 0x2966, 0x31C7, 0x4A6A, 0x5AEB, 0x632C, 0x630C, 0x62EC, 0x5ACB, 0x5ACB, 0x62EC,
0x630C, 0x52CB, 0x3A08, 0x2125, 0x10C4, 0x10E4, 0x10E4, 0x10C4, 0x10C4, 0x10C4, 0x10C4, 0x10C4,
0x10C4, 0x10A3, 0x08A3, 0x0883, 0x0883, 0x0883, 0x0883, 0x0882, 0x0882, 0x0882, 0x0862, 0x0882,
0x0882, 0x0882, 0x0062, 0x0062, 0x0062, 0x0862, 0x0862, 0x0062, 0x0042, 0x0041, 0x0041, 0x0041,
0x0041, 0x0041, 0x0042, 0x0042, 0x0021, 0x0021, 0x0021, 0x0021, 0x8C30, 0x8C31, 0x8C31, 0x8C31,
0x8430, 0x8430, 0x8C30, 0x8C30, 0x8430, 0x8410, 0x8410, 0x8410, 0x7BEF, 0x7BEF, 0x7BEF, 0x7BCF,
0x7BCF, 0x83F0, 0x7BF0, 0x7BF0, 0x7BF0, 0x7BCF, 0x73AF, 0x73AF, 0x73AF, 0x7BAF, 0x738E, 0x738E,
0x738E, 0x6B6E, 0x6B6E, 0x6B6E, 0x6B6E, 0x6B6E, 0x634D, 0x632D, 0x5AEC, 0x52AB, 0x4249, 0x3A09,
0x31C7, 0x2166, 0x2146, 0x1926, 0x2146, 0x2146, 0x2967, 0x29A7, 0x31C8, 0x31E8, 0x3A09, 0x3A09,
0x3A29, 0x3A29, 0x4229, 0x3A09, 0x3A09, 0x39E9, 0x31E8, 0x29A7, 0x2987, 0x2166, 0x1925, 0x1905,
0x08A3, 0x0883, 0x0063, 0x0062, 0x0062, 0x10C4, 0x2125, 0x39C8, 0x52AB, 0x630C, 0x6B8E, 0x7BEF,
0x7BEF, 0x73AF, 0x630D, 0x528B, 0x31C7, 0x2166, 0x2146, 0x1925, 0x1904, 0x10E4, 0x10C3, 0x08C3,
0x08C3, 0x10C3, 0x10C4, 0x10E4, 0x10E4, 0x18E5, 0x1905, 0x1905, 0x1905, 0x1925, 0x2146, 0x2146,
0x2146, 0x2987, 0x2987, 0x2167, 0x2987, 0x2166, 0x2987, 0x2987, 0x2166, 0x2166, 0x2166, 0x2146,
0x2146, 0x1925, 0x1905, 0x1905, 0x18E4, 0x18E4, 0x18E5, 0x18E5, 0x18E5, 0x10E4, 0x10E4, 0x10E4,
0x10E4, 0x10E4, 0x10E4, 0x10E4, 0x10E4, 0x10E4, 0x10E4, 0x10E4, 0x10E5, 0x1905, 0x18E5, 0x31A7,
0x39E8, 0x632D, 0x7BF0, 0x8C51, 0x8C51, 0x8C31, 0x8C30, 0x8410, 0x7BCF, 0x7BF0, 0x83F0, 0x7BCF,
0x6B8E, 0x6B6D, 0x6B6D, 0x6B4D, 0x6B4D, 0x6B4D, 0x6B4D, 0x6B4D, 0x6B4D, 0x6B4D, 0x6B4D, 0x6B4D,
0x634D, 0x634D, 0x634D, 0x6B4D, 0x6B6D, 0x6B4D, 0x6B4D, 0x634D, 0x632D, 0x632D, 0x632D, 0x634D,
0x6B4D, 0x6B4D, 0x6B4D, 0x6B2D, 0x6B2D, 0x6B4D, 0x6B6D, 0x7BAF, 0x7BCF, 0x4A6A, 0x0001, 0x0042,
0x0042, 0x0062, 0x0062, 0x0062, 0x0062, 0x0062, 0x0062, 0x0062, 0x0042, 0x0042, 0x0042, 0x0042,
0x0042, 0x0062, 0x0042, 0x0042, 0x0042, 0x0042, 0x0042, 0x0062, 0x0062, 0x0882, 0x0882, 0x0882,
0x0882, 0x0882, 0x0062, 0x0862, 0x0862, 0x0062, 0x0062, 0x0062, 0x0062, 0x0882, 0x0882, 0x0882,
0x0882, 0x0882, 0x0883, 0x0883, 0x0883, 0x0882, 0x0882, 0x0883, 0x0883, 0x0883, 0x0883, 0x08A3,
0x08A3, 0x0883, 0x0883, 0x0883, 0x08A3, 0x08A3, 0x08A3, 0x08A3, 0x08A3, 0x08A3, 0x10C3, 0x10C3,
0x10C4, 0x10C4, 0x10C4, 0x10E4, 0x18E4, 0x18E4, 0x18E4, 0x1905, 0x1905, 0x1905, 0x2125, 0x2145,
0x2145, 0x2145, 0x2966, 0x2166, 0x2966, 0x2966, 0x2966, 0x2966, 0x2986, 0x2986, 0x2966, 0x2986,
0x4208, 0x528A, 0x630C, 0x630C, 0x630C, 0x5ACB, 0x5ACB, 0x5AEB, 0x630C, 0x5AEC, 0x52CB, 0x3A08,
0x1925, 0x10E4, 0x10E4, 0x10C4, 0x10C4, 0x10C4, 0x10C4, 0x10C4, 0x10A3, 0x08A3, 0x08A3, 0x0883,
0x0883, 0x0883, 0x0882, 0x0882, 0x0062, 0x0062, 0x0062, 0x0062, 0x0062, 0x0062, 0x0062, 0x0062,
0x0062, 0x0042, 0x0042, 0x0041, 0x0041, 0x0021, 0x0041, 0x0041, 0x0041, 0x0021, 0x0021, 0x0021,
0x0021, 0x0021, 0x0021, 0x0021, 0x8C31, 0x8C31, 0x8C51, 0x8C31, 0x8410, 0x8410, 0x8410, 0x8410,
0x83F0, 0x8410, 0x7BF0, 0x7BF0, 0x7BCF, 0x7BCF, 0x7BCF, 0x7BCF, 0x7BCF, 0x7BAF, 0x7BCF, 0x7BAF,
0x7BAF, 0x73AF, 0x73AF, 0x73AF, 0x73AF, 0x738E, 0x738E, 0x738E, 0x736E, 0x6B6E, 0x6B6E, 0x6B6E,
0x6B4E, 0x634E, 0x632D, 0x5B0D, 0x52AB, 0x4249, 0x3A08, 0x29A7, 0x2146, 0x1925, 0x1905, 0x2146,
0x2146, 0x2166, 0x29A7, 0x31E8, 0x39E8, 0x3A08, 0x3A09, 0x3A29, 0x3A29, 0x3A29, 0x3A09, 0x3A09,
0x31E8, 0x31C8, 0x31C8, 0x2967, 0x2126, 0x1105, 0x10C4, 0x08A4, 0x0063, 0x0062, 0x0062, 0x0062,
0x10C4, 0x2146, 0x31C8, 0x526A, 0x632D, 0x738F, 0x73AF, 0x73AE, 0x632D, 0x4A6A, 0x39E9, 0x31C8,
0x31A7, 0x2166, 0x1925, 0x10E4, 0x10C3, 0x08A3, 0x08A3, 0x10C4, 0x10C4, 0x10C4, 0x10E4, 0x18E5,
0x1905, 0x1905, 0x1905, 0x1905, 0x1905, 0x1925, 0x1925, 0x1926, 0x2146, 0x2146, 0x2146, 0x2146,
0x2146, 0x2166, 0x2987, 0x2166, 0x2166, 0x2166, 0x2146, 0x1925, 0x2126, 0x1905, 0x1905, 0x1905,
0x1904, 0x1904, 0x1905, 0x18E5, 0x10E4, 0x10C4, 0x10E4, 0x10E4, 0x10E4, 0x10E4, 0x10E4, 0x10E4,
0x10E4, 0x10E4, 0x10E5, 0x18E5, 0x10E5, 0x10C4, 0x10C4, 0x10A4, 0x10C4, 0x2125, 0x31C8, 0x4A8A,
0x738E, 0x8C31, 0x8C31, 0x8C51, 0x8430, 0x8410, 0x83F0, 0x7BCF, 0x7BCF, 0x73CF, 0x738E, 0x6B4D,
0x6B4D, 0x6B4D, 0x6B4D, 0x6B4D, 0x6B6D, 0x6B4D, 0x6B4D, 0x6B4D, 0x6B4D, 0x6B4D, 0x6B4D, 0x634D,
0x634D, 0x6B4D, 0x634D, 0x634D, 0x634D, 0x630C, 0x632D, 0x632D, 0x632D, 0x6B4D, 0x6B4D, 0x6B4D,
0x6B4D, 0x6B4D, 0x6B4D, 0x738E, 0x7BCF, 0x6B4E, 0x0042, 0x0021, 0x0042, 0x0042, 0x0042, 0x0062,
0x0062, 0x0062, 0x0042, 0x0042, 0x0042, 0x0042, 0x0042, 0x0042, 0x0042, 0x0042, 0x0042, 0x0042,
0x0042, 0x0062, 0x0062, 0x0062, 0x0062, 0x0062, 0x0862, 0x0862, 0x0862, 0x0882, 0x0882, 0x0882,
0x0862, 0x0082, 0x0062, 0x0062, 0x0062, 0x0883, 0x0862, 0x0882, 0x0882, 0x0082, 0x0082, 0x0863,
0x0863, 0x0883, 0x0883, 0x0883, 0x0883, 0x0883, 0x0883, 0x08A3, 0x08A3, 0x08A3, 0x08A3, 0x08A3,
0x08A3, 0x08A3, 0x08A3, 0x08A3, 0x08A3, 0x08A3, 0x10C3, 0x10C4, 0x10C4, 0x10E4, 0x10E4, 0x18E4,
0x18E4, 0x18E4, 0x1905, 0x1905, 0x1905, 0x2125, 0x2125, 0x2146, 0x2145, 0x2145, 0x2966, 0x2966,
0x2966, 0x2986, 0x2986, 0x2986, 0x2986, 0x2986, 0x2966, 0x2966, 0x2987, 0x4229, 0x5ACC, 0x5AEC,
0x6B2D, 0x62EC, 0x5ACB, 0x5ACB, 0x5AEB, 0x630C, 0x5AEB, 0x52AA, 0x39E8, 0x2125, 0x18E4, 0x10C4,
0x10C4, 0x10C4, 0x10A3, 0x08A3, 0x08A3, 0x08A3, 0x0883, 0x0883, 0x0882, 0x0862, 0x0862, 0x0042,
0x0042, 0x0042, 0x0042, 0x0042, 0x0062, 0x0062, 0x0042, 0x0062, 0x0041, 0x0041, 0x0041, 0x0041,
0x0041, 0x0041, 0x0021, 0x0021, 0x0021, 0x0021, 0x0021, 0x0021, 0x0001, 0x0001, 0x0001, 0x0001,
0x8C31, 0x8C31, 0x8C31, 0x8430, 0x8430, 0x8410, 0x83F0, 0x8410, 0x83F0, 0x83F0, 0x7BF0, 0x7BEF,
0x7BCF, 0x7BCF, 0x7BCF, 0x7BAF, 0x7BAF, 0x73AF, 0x73AF, 0x73AE, 0x738E, 0x738E, 0x738E, 0x738E,
0x736F, 0x738F, 0x736E, 0x6B6E, 0x6B6E, 0x6B4E, 0x6B4E, 0x6B4E, 0x6B4D, 0x632D, 0x630D, 0x52AB,
0x4A6A, 0x39E8, 0x29A7, 0x2966, 0x1905, 0x1905, 0x1905, 0x2146, 0x2146, 0x2987, 0x29A8, 0x31E8,
0x3A08, 0x3A09, 0x3A09, 0x3A29, 0x3A29, 0x3A29, 0x3A09, 0x31E8, 0x31C8, 0x29A7, 0x2167, 0x2126,
0x1905, 0x10C4, 0x08A3, 0x0083, 0x0062, 0x0062, 0x0062, 0x10A3, 0x1905, 0x31A7, 0x528A, 0x630C,
0x6B6E, 0x738E, 0x6B2D, 0x52AB, 0x424A, 0x3A09, 0x31C8, 0x31A7, 0x2146, 0x1905, 0x10E4, 0x10C4,
0x10C3, 0x08A3, 0x10C4, 0x10C4, 0x10C4, 0x10E4, 0x1905, 0x1905, 0x1905, 0x1905, 0x1905, 0x1905,
0x1905, 0x1925, 0x1925, 0x1925, 0x2146, 0x2146, 0x2146, 0x2146, 0x2146, 0x2166, 0x2166, 0x2146,
0x1926, 0x1905, 0x1905, 0x1905, 0x1905, 0x1905, 0x1905, 0x1904, 0x1904, 0x1904, 0x1905, 0x18E4,
0x10E4, 0x10C4, 0x10C4, 0x10E4, 0x10E4, 0x10E4, 0x10E4, 0x10E4, 0x10C4, 0x10C4, 0x10E4, 0x10E4,
0x10E4, 0x10C4, 0x10C4, 0x10C4, 0x10C4, 0x10A3, 0x10C4, 0x10C4, 0x31C8, 0x52AB, 0x83F0, 0x8C31,
0x8C71, 0x8C51, 0x8C31, 0x8410, 0x8410, 0x7BEF, 0x7BF0, 0x7BAF, 0x736E, 0x6B6D, 0x6B4D, 0x6B4D,
0x6B6D, 0x6B4D, 0x6B4D, 0x6B4D, 0x6B4D, 0x6B4D, 0x6B4D, 0x634D, 0x634D, 0x6B4D, 0x634D, 0x632D,
0x6B4D, 0x632D, 0x632D, 0x632D, 0x634D, 0x634D, 0x6B4D, 0x6B4D, 0x6B4D, 0x6B4D, 0x6B4D, 0x738E,
0x7BCF, 0x73AF, 0x2966, 0x0021, 0x0042, 0x0042, 0x0042, 0x0062, 0x0062, 0x0062, 0x0042, 0x0042,
0x0042, 0x0042, 0x0042, 0x0062, 0x0042, 0x0042, 0x0042, 0x0042, 0x0042, 0x0062, 0x0062, 0x0062,
0x0062, 0x0062, 0x0862, 0x0862, 0x0862, 0x0882, 0x0882, 0x0882, 0x0862, 0x0882, 0x0082, 0x0062,
0x0062, 0x0882, 0x0062, 0x0062, 0x0882, 0x0082, 0x0082, 0x0863, 0x0863, 0x0883, 0x0883, 0x0883,
0x0883, 0x0883, 0x0883, 0x08A3, 0x08A3, 0x08A3, 0x08A3, 0x08A3, 0x08A3, 0x08A3, 0x08A3, 0x08A3,
0x08A3, 0x08A3, 0x10C3, 0x10C4, 0x10C4, 0x10E4, 0x10E4, 0x18E4, 0x1905, 0x1905, 0x1905, 0x1925,
0x1925, 0x2145, 0x2146, 0x2146, 0x2145, 0x2146, 0x2966, 0x2966, 0x2966, 0x2986, 0x2986, 0x2986,
0x2986, 0x2986, 0x2966, 0x2166, 0x2146, 0x31A7, 0x4A6A, 0x5AEC, 0x632D, 0x632C, 0x5AEB, 0x5ACB,
0x5ACB, 0x630C, 0x630C, 0x5AEC, 0x4A8A, 0x39E8, 0x2125, 0x10C4, 0x10C4, 0x10A3, 0x08A3, 0x08A3,
0x08A3, 0x0883, 0x0882, 0x0882, 0x0862, 0x0062, 0x0042, 0x0041, 0x0042, 0x0042, 0x0042, 0x0042,
0x0042, 0x0062, 0x0042, 0x0041, 0x0041, 0x0041, 0x0041, 0x0041, 0x0041, 0x0041, 0x0021, 0x0021,
0x0021, 0x0021, 0x0021, 0x0021, 0x0001, 0x0001, 0x0001, 0x0001, 0x8430, 0x8430, 0x8410, 0x8410,
0x8410, 0x8410, 0x7BEF, 0x7BEF, 0x7BEF, 0x7BEF, 0x7BEF, 0x7BCF, 0x73CF, 0x73CF, 0x7BCF, 0x73AF,
0x73AF, 0x73AF, 0x73AE, 0x738E, 0x738E, 0x738E, 0x738E, 0x6B6E, 0x6B6E, 0x6B4E, 0x6B4E, 0x6B4D,
0x6B4D, 0x634D, 0x634D, 0x632D, 0x632D, 0x5AEC, 0x52AB, 0x4A6A, 0x4209, 0x31A7, 0x1925, 0x18E5,
0x10E4, 0x1905, 0x1925, 0x2146, 0x2967, 0x29A7, 0x31C8, 0x31E8, 0x3A09, 0x3A09, 0x3A29, 0x3A29,
0x3A09, 0x3A09, 0x31E8, 0x31C8, 0x2987, 0x2167, 0x2146, 0x1905, 0x10C4, 0x0083, 0x0042, 0x0042,
0x0062, 0x0062, 0x08C4, 0x1925, 0x29A7, 0x4A6A, 0x62EC, 0x632D, 0x632D, 0x52CB, 0x424A, 0x39E8,
0x3A08, 0x31E8, 0x2987, 0x2126, 0x1905, 0x10C3, 0x10C4, 0x08A3, 0x10C3, 0x10C3, 0x10C4, 0x10C4,
0x10E4, 0x1905, 0x1905, 0x1925, 0x1925, 0x1925, 0x1925, 0x1925, 0x1925, 0x1926, 0x1926, 0x1926,
0x1925, 0x2146, 0x2146, 0x2146, 0x2146, 0x2146, 0x1925, 0x1925, 0x1905, 0x1905, 0x10E4, 0x1905,
0x10E4, 0x10E4, 0x10E4, 0x10E4, 0x10E4, 0x10E4, 0x10E4, 0x18E4, 0x10E4, 0x10C4, 0x10C4, 0x10C4,
0x10C4, 0x10C4, 0x10E4, 0x10C4, 0x10C4, 0x10C4, 0x10C4, 0x10C4, 0x10C4, 0x10C4, 0x10C4, 0x10C4,
0x10C4, 0x10C4, 0x10C4, 0x10C3, 0x10C4, 0x10C4, 0x3187, 0x528A, 0x738E, 0x8431, 0x8431, 0x8431,
0x8431, 0x8410, 0x8410, 0x7BF0, 0x7BCF, 0x7BCF, 0x73AE, 0x6B6E, 0x6B4D, 0x6B4D, 0x6B4D, 0x6B4D,
0x6B4D, 0x6B4D, 0x6B4D, 0x634D, 0x634D, 0x634D, 0x634D, 0x634D, 0x632D, 0x632D, 0x632D, 0x632D,
0x634D, 0x632D, 0x6B4D, 0x6B4D, 0x6B4D, 0x6B2D, 0x6B4D, 0x6B6E, 0x7BCF, 0x7BCF, 0x4249, 0x0041,
0x0042, 0x0042, 0x0042, 0x0062, 0x0062, 0x0062, 0x0042, 0x0042, 0x0042, 0x0042, 0x0042, 0x0062,
0x0062, 0x0062, 0x0062, 0x0062, 0x0062, 0x0062, 0x0062, 0x0062, 0x0062, 0x0062, 0x0862, 0x0862,
0x0862, 0x0882, 0x0062, 0x0062, 0x0862, 0x0882, 0x0882, 0x0082, 0x0082, 0x0862, 0x0862, 0x0062,
0x0882, 0x0082, 0x0082, 0x0883, 0x0883, 0x0883, 0x0883, 0x0883, 0x0883, 0x0883, 0x0883, 0x08A3,
0x08A3, 0x08A3, 0x08A3, 0x08A3, 0x08A3, 0x08A3, 0x08A3, 0x10C3, 0x10C3, 0x10C4, 0x10C4, 0x10C4,
0x10C4, 0x10E4, 0x10E4, 0x1905, 0x1905, 0x1905, 0x1905, 0x1925, 0x1925, 0x2146, 0x2146, 0x2146,
0x2145, 0x2166, 0x2966, 0x2966, 0x2966, 0x2966, 0x2966, 0x2966, 0x2966, 0x2966, 0x2966, 0x2966,
0x2946, 0x2966, 0x4229, 0x52CB, 0x630C, 0x632C, 0x5AEC, 0x5ACB, 0x5ACB, 0x5AEB, 0x630C, 0x630C,
0x5ACB, 0x4A8A, 0x39E8, 0x18E4, 0x08A3, 0x08A3, 0x08A3, 0x08A3, 0x0883, 0x0882, 0x0862, 0x0862,
0x0062, 0x0042, 0x0041, 0x0041, 0x0042, 0x0041, 0x0041, 0x0042, 0x0042, 0x0041, 0x0041, 0x0021,
0x0021, 0x0021, 0x0021, 0x0021, 0x0021, 0x0021, 0x0021, 0x0021, 0x0021, 0x0021, 0x0021, 0x0021,
0x0001, 0x0001, 0x0001, 0x0001, 0x8410, 0x8410, 0x8410, 0x8410, 0x7BEF, 0x7BEF, 0x7BEF, 0x7BCF,
0x7BCF, 0x7BCF, 0x7BCF, 0x73CF, 0x73CF, 0x73CF, 0x73CF, 0x73AF, 0x73AE, 0x738E, 0x738E, 0x6B8E,
0x6B6E, 0x6B6D, 0x6B4D, 0x6B4D, 0x634D, 0x634D, 0x634D, 0x634D, 0x634D, 0x634D, 0x632D, 0x630C,
0x5AEC, 0x52AB, 0x4A6A, 0x3A09, 0x29A7, 0x2126, 0x10E4, 0x10C4, 0x10E4, 0x1905, 0x2146, 0x2166,
0x29A7, 0x31C8, 0x31E8, 0x31E9, 0x3A08, 0x3A09, 0x3A09, 0x3A09, 0x3208, 0x31E8, 0x31C8, 0x29A7,
0x2166, 0x1925, 0x1905, 0x08A4, 0x0062, 0x0042, 0x0042, 0x0042, 0x0042, 0x0083, 0x10E4, 0x29A7,
0x4A8A, 0x5B0C, 0x632D, 0x630C, 0x528B, 0x3A08, 0x31C7, 0x31C7, 0x31C7, 0x2987, 0x1925, 0x10E4,
0x10C4, 0x08A3, 0x08A3, 0x08A3, 0x10C3, 0x10C4, 0x10C4, 0x10C4, 0x1905, 0x1905, 0x1925, 0x1925,
0x2146, 0x1925, 0x1946, 0x2146, 0x2146, 0x2146, 0x2146, 0x1926, 0x1925, 0x2146, 0x2146, 0x2146,
0x2146, 0x2146, 0x1925, 0x1905, 0x1905, 0x1905, 0x1905, 0x10E4, 0x10E4, 0x10E4, 0x10E4, 0x10E4,
0x10E4, 0x10E4, 0x10E4, 0x10E4, 0x10C4, 0x10C4, 0x10C4, 0x08C4, 0x10C4, 0x10C4, 0x10C4, 0x10C4,
0x10C4, 0x10C4, 0x10C4, 0x10C4, 0x10C4, 0x10C4, 0x10C4, 0x10C4, 0x10C4, 0x10C4, 0x10C4, 0x10C3,
0x10C4, 0x10A3, 0x10A3, 0x18C4, 0x2125, 0x4A8A, 0x7BF0, 0x8430, 0x8431, 0x8C51, 0x8430, 0x8410,
0x83F0, 0x7BF0, 0x7BF0, 0x7BF0, 0x73AE, 0x6B4D, 0x6B4D, 0x6B4D, 0x6B4D, 0x6B4D, 0x6B4D, 0x634D,
0x634D, 0x634D, 0x634D, 0x634D, 0x634D, 0x632C, 0x632C, 0x632D, 0x632D, 0x632D, 0x6B4D, 0x6B4D,
0x6B4D, 0x6B2D, 0x6B4D, 0x6B6D, 0x738E, 0x7BCF, 0x632D, 0x0882, 0x0042, 0x0042, 0x0042, 0x0042,
0x0042, 0x0042, 0x0042, 0x0042, 0x0042, 0x0042, 0x0042, 0x0062, 0x0062, 0x0062, 0x0062, 0x0062,
0x0062, 0x0062, 0x0062, 0x0062, 0x0062, 0x0062, 0x0862, 0x0862, 0x0862, 0x0882, 0x0062, 0x0062,
0x0862, 0x0062, 0x0082, 0x0882, 0x0082, 0x0862, 0x0862, 0x0882, 0x0882, 0x0082, 0x0082, 0x0883,
0x0883, 0x0883, 0x0883, 0x0883, 0x0883, 0x0883, 0x0883, 0x08A3, 0x08A3, 0x08A3, 0x08A3, 0x08A3,
0x08A3, 0x08A3, 0x08A3, 0x10C3, 0x10C3, 0x10C4, 0x10C4, 0x10C4, 0x10C4, 0x10E4, 0x18E4, 0x1905,
0x1905, 0x1905, 0x1905, 0x1925, 0x2125, 0x2146, 0x2146, 0x2146, 0x2166, 0x2986, 0x2966, 0x2966,
0x2966, 0x2166, 0x2166, 0x2166, 0x2166, 0x2166, 0x2966, 0x2966, 0x2966, 0x2146, 0x2986, 0x4249,
0x5AEB, 0x632C, 0x630C, 0x5ACB, 0x5ACB, 0x5ACB, 0x5AEB, 0x630C, 0x5B0C, 0x5AEB, 0x4A69, 0x2987,
0x10E4, 0x08A3, 0x08A3, 0x08A3, 0x0883, 0x0862, 0x0062, 0x0042, 0x0042, 0x0041, 0x0041, 0x0041,
0x0041, 0x0041, 0x0041, 0x0022, 0x0021, 0x0021, 0x0021, 0x0021, 0x0021, 0x0021, 0x0021, 0x0021,
0x0021, 0x0021, 0x0021, 0x0021, 0x0021, 0x0021, 0x0021, 0x0001, 0x0001, 0x0001, 0x0001, 0x0001,
0x8410, 0x8410, 0x7BF0, 0x7BF0, 0x7BEF, 0x7BCF, 0x7BCF, 0x7BCF, 0x7BCF, 0x7BCF, 0x73CF, 0x73CF,
0x73CF, 0x73CF, 0x73CF, 0x73AE, 0x73AE, 0x738E, 0x6B8E, 0x6B8E, 0x6B6E, 0x6B4D, 0x6B4D, 0x634D,
0x634D, 0x634D, 0x634D, 0x634D, 0x634D, 0x634D, 0x632C, 0x5AEC, 0x52AB, 0x4A6A, 0x3A09, 0x31A7,
0x2125, 0x10E4, 0x10C4, 0x10C4, 0x18E4, 0x1905, 0x2146, 0x29A7, 0x29A7, 0x31C8, 0x31E8, 0x31E8,
0x3A08, 0x3A08, 0x3A08, 0x31E8, 0x31E8, 0x31C8, 0x2987, 0x2166, 0x1925, 0x1905, 0x08A4, 0x0062,
0x0042, 0x0042, 0x0042, 0x0042, 0x0062, 0x10E4, 0x29A7, 0x4A6A, 0x5B0C, 0x630C, 0x5AEC, 0x4A8A,
0x3A08, 0x31A7, 0x31A7, 0x29A7, 0x2966, 0x2145, 0x18E5, 0x10C4, 0x08A3, 0x08A3, 0x08A3, 0x08A3,
0x10C3, 0x10C4, 0x10C4, 0x10E5, 0x18E5, 0x18E5, 0x1905, 0x1925, 0x1925, 0x1925, 0x1925, 0x1925,
0x1925, 0x2146, 0x2146, 0x1926, 0x2146, 0x2166, 0x2146, 0x2146, 0x2146, 0x2146, 0x1925, 0x1905,
0x1905, 0x1905, 0x1905, 0x10E4, 0x10E4, 0x10E4, 0x10E4, 0x10E4, 0x10E4, 0x10E4, 0x10E4, 0x10C4,
0x10C4, 0x10C4, 0x10C3, 0x08A4, 0x10C3, 0x10C3, 0x10C4, 0x10C4, 0x10C4, 0x10C4, 0x10C4, 0x10C4,
0x10C4, 0x10C4, 0x10C4, 0x10C4, 0x10C4, 0x10C4, 0x10C3, 0x08A3, 0x10C3, 0x10A3, 0x1083, 0x10A4,
0x10C4, 0x1905, 0x2986, 0x52CB, 0x73AF, 0x8C51, 0x8C50, 0x8430, 0x83F0, 0x7BF0, 0x7BF0, 0x7BF0,
0x7BEF, 0x7BCF, 0x738E, 0x6B6D, 0x6B4D, 0x6B4D, 0x6B4D, 0x6B4D, 0x632D, 0x632D, 0x634D, 0x634D,
0x634D, 0x634D, 0x632D, 0x632D, 0x632D, 0x634D, 0x6B4D, 0x6B4D, 0x6B4D, 0x6B2D, 0x6B4D, 0x6B4D,
0x736E, 0x73AF, 0x7BEF, 0x1924, 0x0042, 0x0042, 0x0042, 0x0042, 0x0042, 0x0042, 0x0862, 0x0862,
0x0062, 0x0042, 0x0042, 0x0062, 0x0062, 0x0062, 0x0062, 0x0062, 0x0062, 0x0062, 0x0062, 0x0062,
0x0062, 0x0082, 0x0882, 0x0862, 0x0882, 0x0882, 0x0062, 0x0062, 0x0862, 0x0062, 0x0062, 0x0882,
0x0082, 0x0882, 0x0862, 0x0882, 0x0062, 0x0062, 0x0082, 0x0883, 0x0883, 0x0883, 0x0883, 0x0883,
0x0883, 0x0883, 0x0883, 0x08A3, 0x08A3, 0x08A3, 0x08A3, 0x08A3, 0x08A3, 0x10C3, 0x10C3, 0x10C3,
0x10C3, 0x10C4, 0x10C4, 0x10C4, 0x10E4, 0x18E4, 0x1905, 0x1905, 0x1905, 0x1905, 0x1925, 0x1925,
0x2145, 0x2146, 0x2146, 0x2146, 0x2166, 0x2966, 0x2166, 0x2166, 0x2166, 0x2166, 0x2166, 0x2166,
0x2166, 0x2166, 0x2966, 0x2966, 0x2966, 0x2146, 0x2145, 0x3A08, 0x4A8A, 0x5AEC, 0x630C, 0x5AEC,
0x5ACB, 0x5ACB, 0x5ACB, 0x5AEB, 0x630C, 0x630C, 0x5ACB, 0x4249, 0x31A7, 0x10C3, 0x0883, 0x0883,
0x0883, 0x0862, 0x0062, 0x0042, 0x0041, 0x0021, 0x0041, 0x0041, 0x0041, 0x0041, 0x0042, 0x0022,
0x0021, 0x0021, 0x0021, 0x0021, 0x0021, 0x0021, 0x0021, 0x0021, 0x0021, 0x0021, 0x0001, 0x0001,
0x0001, 0x0001, 0x0001, 0x0001, 0x0001, 0x0001, 0x0001, 0x0021, 0x83F0, 0x7BEF, 0x7BCF, 0x7BCF,
0x7BCF, 0x7BCF, 0x7BCF, 0x7BEF, 0x7BEF, 0x7BEF, 0x7BCF, 0x7BAF, 0x73AF, 0x73AF, 0x73AF, 0x738E,
0x738E, 0x6B6E, 0x6B4E, 0x6B4E, 0x6B4E, 0x6B4D, 0x6B4D, 0x634D, 0x634D, 0x634D, 0x6B2D, 0x6B2D,
0x632D, 0x632C, 0x630C, 0x52CB, 0x4A8A, 0x3A09, 0x29A7, 0x2966, 0x18E4, 0x08A4, 0x10C4, 0x10E4,
0x1926, 0x2146, 0x2967, 0x29A7, 0x31C8, 0x31E8, 0x31E9, 0x31E9, 0x3A09, 0x3A08, 0x31E8, 0x31E8,
0x29C7, 0x2186, 0x2166, 0x2126, 0x10E4, 0x0883, 0x0042, 0x0042, 0x0041, 0x0042, 0x0042, 0x0063,
0x1905, 0x2946, 0x4229, 0x5ACB, 0x5AEC, 0x52CB, 0x4249, 0x31C7, 0x31A7, 0x31A7, 0x2987, 0x2946,
0x2125, 0x18E5, 0x10C4, 0x08A3, 0x08A3, 0x08A3, 0x08A3, 0x10A4, 0x10C4, 0x10C4, 0x10E4, 0x10E4,
0x1905, 0x1905, 0x1905, 0x1925, 0x2146, 0x2146, 0x1925, 0x1925, 0x2146, 0x2145, 0x2166, 0x2166,
0x2146, 0x2145, 0x2146, 0x1925, 0x1925, 0x1925, 0x1905, 0x1905, 0x1905, 0x2126, 0x1905, 0x10E4,
0x10E4, 0x10E4, 0x10E4, 0x10E4, 0x10C4, 0x10C4, 0x10C4, 0x10C4, 0x10C4, 0x10A3, 0x10C4, 0x10C4,
0x10C4, 0x10C4, 0x10C4, 0x10C4, 0x10C4, 0x10C4, 0x10C4, 0x10C4, 0x10C4, 0x10C4, 0x10C4, 0x10C4,
0x10C4, 0x10C4, 0x10C4, 0x08A3, 0x08A3, 0x08A3, 0x08A3, 0x10C4, 0x10C4, 0x10C4, 0x10C4, 0x18E4,
0x2966, 0x4A6A, 0x7BEF, 0x8430, 0x8410, 0x8C31, 0x8410, 0x8410, 0x7C10, 0x8410, 0x8410, 0x83F0,
0x738E, 0x6B6D, 0x6B6D, 0x6B4D, 0x6B4D, 0x6B4D, 0x6B4D, 0x6B4D, 0x6B2D, 0x6B2D, 0x630C, 0x632D,
0x632D, 0x632D, 0x632D, 0x632D, 0x6B4D, 0x6B4D, 0x6B2D, 0x632D, 0x6B6D, 0x73AF, 0x7BF0, 0x5ACB,
0x0021, 0x0862, 0x0062, 0x0062, 0x0062, 0x0062, 0x0062, 0x0062, 0x0062, 0x0062, 0x0062, 0x0062,
0x0042, 0x0042, 0x0062, 0x0062, 0x0062, 0x0862, 0x0862, 0x0062, 0x0882, 0x0882, 0x0862, 0x0862,
0x0862, 0x0862, 0x0862, 0x0062, 0x0042, 0x0062, 0x0062, 0x0882, 0x0082, 0x0062, 0x0062, 0x0062,
0x0883, 0x0883, 0x0883, 0x0063, 0x0062, 0x0883, 0x0883, 0x0883, 0x08A3, 0x08A3, 0x08A3, 0x08A3,
0x08A3, 0x10A3, 0x10A3, 0x10A3, 0x10C4, 0x10C4, 0x10C4, 0x10C4, 0x10C4, 0x10C4, 0x10C4, 0x10E4,
0x18E4, 0x1905, 0x1905, 0x1905, 0x1905, 0x1925, 0x2125, 0x2125, 0x2145, 0x2145, 0x2145, 0x2146,
0x2146, 0x2146, 0x2146, 0x2146, 0x2146, 0x2146, 0x2146, 0x2146, 0x2166, 0x2166, 0x2166, 0x2166,
0x2166, 0x2166, 0x2145, 0x2966, 0x4229, 0x52AB, 0x5ACB, 0x5AEC, 0x5ACB, 0x5ACB, 0x5ACB, 0x5ACB,
0x5AEB, 0x62EC, 0x62EC, 0x528B, 0x4229, 0x2966, 0x10A3, 0x08A3, 0x0862, 0x0062, 0x0041, 0x0041,
0x0041, 0x0041, 0x0041, 0x0041, 0x0021, 0x0021, 0x0021, 0x0021, 0x0021, 0x0021, 0x0021, 0x0021,
0x0021, 0x0021, 0x0021, 0x0021, 0x0021, 0x0021, 0x0001, 0x0001, 0x0001, 0x0001, 0x0001, 0x0021,
0x0021, 0x0021, 0x0021, 0x0042, 0x7BEF, 0x7BCF, 0x7BCF, 0x7BCF, 0x7BCF, 0x7BCF, 0x7BCF, 0x7BEF,
0x7BEF, 0x7BF0, 0x7BCF, 0x7BAF, 0x73AF, 0x73AF, 0x73AF, 0x738E, 0x738E, 0x6B4E, 0x6B4E, 0x6B4E,
0x6B4D, 0x6B4D, 0x6B4D, 0x634D, 0x634D, 0x634D, 0x6B2D, 0x6B4D, 0x632D, 0x630C, 0x5ACB, 0x4A8A,
0x4249, 0x39E8, 0x2966, 0x1904, 0x10C3, 0x08A4, 0x10E4, 0x1905, 0x1926, 0x2967, 0x2987, 0x29A8,
0x31E8, 0x31E9, 0x31E9, 0x31E8, 0x31E8, 0x31E8, 0x31C8, 0x29A7, 0x2987, 0x2146, 0x1925, 0x10E5,
0x08A3, 0x0041, 0x0042, 0x0042, 0x0041, 0x0042, 0x0083, 0x10E5, 0x2166, 0x424A, 0x5ACC, 0x5ACC,
0x52AB, 0x4209, 0x31C7, 0x31A7, 0x29A7, 0x2987, 0x2166, 0x2126, 0x18E5, 0x10C4, 0x08A3, 0x08A3,
0x08A3, 0x10A4, 0x10C4, 0x10C4, 0x10C4, 0x10C4, 0x10E4, 0x1905, 0x1905, 0x1905, 0x1925, 0x1926,
0x2146, 0x2146, 0x1925, 0x2126, 0x2146, 0x2145, 0x2145, 0x2145, 0x2146, 0x2145, 0x2146, 0x2146,
0x1925, 0x1925, 0x1925, 0x1905, 0x18E5, 0x1905, 0x18E5, 0x1905, 0x1905, 0x1905, 0x1905, 0x10E4,
0x10C4, 0x10C4, 0x10C4, 0x10C4, 0x10A4, 0x10A3, 0x18E5, 0x18E4, 0x10C4, 0x10C4, 0x10C4, 0x10C4,
0x10C4, 0x10C4, 0x10C4, 0x10C4, 0x10C4, 0x10C4, 0x10C4, 0x10C4, 0x10C4, 0x10C4, 0x10C4, 0x10C3,
0x10C4, 0x08A3, 0x08A3, 0x10C4, 0x10C4, 0x10C4, 0x10C4, 0x10C3, 0x10C4, 0x1904, 0x2946, 0x5ACC,
0x7BCF, 0x8430, 0x8410, 0x840F, 0x83EF, 0x8410, 0x8410, 0x8410, 0x83F0, 0x7BCF, 0x73AE, 0x6B4D,
0x6B4D, 0x6B4D, 0x6B4D, 0x6B4D, 0x6B2D, 0x632D, 0x632C, 0x632D, 0x632D, 0x632D, 0x632D, 0x632D,
0x6B4D, 0x6B4D, 0x6B2D, 0x6B4D, 0x6B4D, 0x738E, 0x7BF0, 0x73AF, 0x1082, 0x0042, 0x0042, 0x0062,
0x0062, 0x0062, 0x0062, 0x0062, 0x0062, 0x0062, 0x0862, 0x0062, 0x0042, 0x0042, 0x0062, 0x0062,
0x0062, 0x0862, 0x0862, 0x0062, 0x0882, 0x0882, 0x0862, 0x0862, 0x0862, 0x0862, 0x0062, 0x0062,
0x0042, 0x0062, 0x0062, 0x0882, 0x0082, 0x0883, 0x0863, 0x0062, 0x0062, 0x0883, 0x0883, 0x0883,
0x0863, 0x0883, 0x0883, 0x0883, 0x08A3, 0x08A3, 0x08A3, 0x08A3, 0x08A3, 0x10A3, 0x10A3, 0x10A3,
0x10C4, 0x10C4, 0x10C4, 0x10C4, 0x10C4, 0x10C4, 0x10E4, 0x18E4, 0x1905, 0x1905, 0x1905, 0x1905,
0x1925, 0x2125, 0x2125, 0x2125, 0x2145, 0x2145, 0x2145, 0x2146, 0x2146, 0x2146, 0x2146, 0x2146,
0x2146, 0x2146, 0x2146, 0x2146, 0x2166, 0x2166, 0x2166, 0x2166, 0x2166, 0x2166, 0x2166, 0x2145,
0x39E8, 0x4A69, 0x5ACB, 0x62EC, 0x5ACB, 0x5AAB, 0x5AAB, 0x52AB, 0x5AAB, 0x5AEB, 0x5AEC, 0x5ACC,
0x528B, 0x4229, 0x2966, 0x10C4, 0x0862, 0x0042, 0x0041, 0x0041, 0x0041, 0x0041, 0x0041, 0x0041,
0x0021, 0x0021, 0x0021, 0x0021, 0x0021, 0x0021, 0x0021, 0x0021, 0x0021, 0x0021, 0x0021, 0x0021,
0x0021, 0x0021, 0x0001, 0x0001, 0x0001, 0x0001, 0x0001, 0x0021, 0x0021, 0x0042, 0x0062, 0x0883,
0x7BCF, 0x7BCF, 0x7BCF, 0x7BCF, 0x7BCF, 0x7BCF, 0x7BCF, 0x7BEF, 0x7BEF, 0x7BF0, 0x7BCF, 0x7BAF,
0x73AF, 0x73AF, 0x73AF, 0x6B8E, 0x6B6E, 0x6B4E, 0x6B4E, 0x6B4E, 0x6B4D, 0x6B4D, 0x6B4D, 0x634D,
0x634D, 0x634D, 0x6B2D, 0x632D, 0x630C, 0x5ACC, 0x528B, 0x4A6A, 0x39E8, 0x2986, 0x1905, 0x10C4,
0x08A3, 0x08A4, 0x10E5, 0x1905, 0x2146, 0x2987, 0x29A7, 0x31C8, 0x31E8, 0x31E8, 0x31E8, 0x31E8,
0x31C8, 0x31C8, 0x2987, 0x2166, 0x2146, 0x1905, 0x1905, 0x08A3, 0x0042, 0x0041, 0x0041, 0x0022,
0x0022, 0x0042, 0x10E4, 0x2146, 0x4229, 0x5ACC, 0x5ACC, 0x52AB, 0x3A08, 0x2986, 0x29A7, 0x31A7,
0x2987, 0x2166, 0x2146, 0x18E5, 0x10C4, 0x08A3, 0x08A3, 0x08A3, 0x08A3, 0x10C4, 0x10C4, 0x10E4,
0x1905, 0x1905, 0x1925, 0x1925, 0x1925, 0x2126, 0x2146, 0x1926, 0x2146, 0x2146, 0x2146, 0x2146,
0x2146, 0x2166, 0x2166, 0x2166, 0x2146, 0x2145, 0x2146, 0x1925, 0x1905, 0x1925, 0x2146, 0x1905,
0x18E5, 0x18E5, 0x10E4, 0x10C4, 0x10E4, 0x10E5, 0x1905, 0x10E4, 0x10C4, 0x10C4, 0x10C4, 0x10C4,
0x10C4, 0x10A4, 0x10C4, 0x10C4, 0x10C4, 0x10C4, 0x10C4, 0x10C4, 0x10C4, 0x10C4, 0x10C4, 0x10C4,
0x10C4, 0x10C3, 0x10C3, 0x10C4, 0x10C4, 0x10C4, 0x10C3, 0x08A3, 0x10C4, 0x10C4, 0x08A3, 0x08A3,
0x08A3, 0x10C4, 0x10C3, 0x10C3, 0x10C3, 0x10A3, 0x10A4, 0x2126, 0x39E8, 0x632D, 0x8C30, 0x8C30,
0x8410, 0x7BEF, 0x83F0, 0x83F0, 0x8410, 0x8410, 0x83F0, 0x7BCF, 0x738E, 0x6B4D, 0x6B4D, 0x6B4D,
0x632D, 0x632C, 0x6B2D, 0x632C, 0x632C, 0x632C, 0x632C, 0x632C, 0x6B4D, 0x6B4D, 0x6B2D, 0x6B4D,
0x6B4D, 0x6B6E, 0x7BF0, 0x7BCF, 0x39C7, 0x0042, 0x0042, 0x0062, 0x0062, 0x0062, 0x0062, 0x0062,
0x0062, 0x0862, 0x0862, 0x0062, 0x0042, 0x0042, 0x0042, 0x0062, 0x0862, 0x0862, 0x0862, 0x0062,
0x0882, 0x0882, 0x0862, 0x0862, 0x0862, 0x0062, 0x0062, 0x0062, 0x0042, 0x0062, 0x0062, 0x0882,
0x0082, 0x0863, 0x0863, 0x0863, 0x0062, 0x0063, 0x0883, 0x0883, 0x0883, 0x0883, 0x0883, 0x0883,
0x08A3, 0x08A3, 0x08A3, 0x08A3, 0x10A3, 0x10A3, 0x10A3, 0x10A3, 0x10C4, 0x10C4, 0x10C4, 0x10E4,
0x10E4, 0x10E4, 0x18E4, 0x1905, 0x1905, 0x1905, 0x1905, 0x1925, 0x2125, 0x2125, 0x2125, 0x2125,
0x2145, 0x2145, 0x2145, 0x2146, 0x2146, 0x2146, 0x2146, 0x2146, 0x2146, 0x2146, 0x2146, 0x2146,
0x2146, 0x2146, 0x2166, 0x2166, 0x2166, 0x2166, 0x2166, 0x2165, 0x2986, 0x4A29, 0x528A, 0x5AEB,
0x5AEB, 0x52AB, 0x52AB, 0x52CB, 0x52AB, 0x5ACB, 0x5AEB, 0x5AEC, 0x5AEC, 0x528B, 0x4229, 0x2966,
0x10C3, 0x0041, 0x0042, 0x0041, 0x0041, 0x0041, 0x0021, 0x0021, 0x0021, 0x0021, 0x0021, 0x0021,
0x0021, 0x0021, 0x0021, 0x0021, 0x0021, 0x0021, 0x0021, 0x0021, 0x0021, 0x0021, 0x0001, 0x0001,
0x0001, 0x0001, 0x0001, 0x0021, 0x0062, 0x0883, 0x0883, 0x0883, 0x7BCF, 0x73AF, 0x73AF, 0x73AF,
0x7BAF, 0x7BCF, 0x7BCF, 0x7BCF, 0x7BCF, 0x7BCF, 0x73AF, 0x73AF, 0x738E, 0x738E, 0x6B8E, 0x6B8E,
0x6B6E, 0x6B4E, 0x6B4E, 0x6B4D, 0x6B4D, 0x6B4D, 0x6B4D, 0x634D, 0x634D, 0x632D, 0x632D, 0x5AEC,
0x52CB, 0x4A6A, 0x4A4A, 0x39E8, 0x2987, 0x1925, 0x10C4, 0x08A3, 0x08A3, 0x10C4, 0x1905, 0x2126,
0x2167, 0x2987, 0x31C8, 0x31E8, 0x31E8, 0x31E8, 0x31E8, 0x31C8, 0x31A7, 0x2987, 0x2146, 0x2126,
0x18E5, 0x10E4, 0x0883, 0x0042, 0x0041, 0x0042, 0x0022, 0x0042, 0x0042, 0x10E4, 0x2966, 0x424A,
0x5ACC, 0x5ACC, 0x4A6A, 0x39E8, 0x2986, 0x29A7, 0x31C8, 0x2987, 0x2966, 0x2126, 0x1905, 0x10C4,
0x08A3, 0x08A3, 0x08A3, 0x10C3, 0x10C4, 0x10E4, 0x10E4, 0x1905, 0x1905, 0x1905, 0x1925, 0x1925,
0x1925, 0x1925, 0x1925, 0x1925, 0x1925, 0x1925, 0x1905, 0x1905, 0x1925, 0x1925, 0x1925, 0x2145,
0x2145, 0x2146, 0x2146, 0x1926, 0x1905, 0x1905, 0x1905, 0x10E4, 0x1905, 0x1905, 0x10E4, 0x10E4,
0x1905, 0x1905, 0x10E4, 0x10C4, 0x10E4, 0x10E4, 0x10E4, 0x10C4, 0x10C4, 0x10A4, 0x10A3, 0x10A3,
0x10A4, 0x10C4, 0x10C4, 0x10C4, 0x10C4, 0x10C4, 0x10C4, 0x10C4, 0x10C4, 0x10C4, 0x08A3, 0x10C3,
0x10C3, 0x10C3, 0x08A3, 0x10C3, 0x08A3, 0x10C4, 0x08A3, 0x0883, 0x08A3, 0x10A4, 0x08A3, 0x08A3,
0x08A3, 0x0883, 0x10A3, 0x10A4, 0x0883, 0x1905, 0x4A49, 0x73AE, 0x8430, 0x8410, 0x83F0, 0x83F0,
0x83F0, 0x8410, 0x8410, 0x8410, 0x7BCF, 0x73AE, 0x6B4D, 0x6B4D, 0x632D, 0x632D, 0x632D, 0x632C,
0x632C, 0x632D, 0x632D, 0x632D, 0x6B2D, 0x6B2D, 0x6B2D, 0x6B2D, 0x632C, 0x6B4D, 0x738E, 0x8410,
0x630C, 0x1083, 0x0042, 0x0062, 0x0062, 0x0062, 0x0062, 0x0062, 0x0062, 0x0062, 0x0062, 0x0062,
0x0062, 0x0062, 0x0062, 0x0062, 0x0062, 0x0862, 0x0862, 0x0062, 0x0882, 0x0883, 0x0882, 0x0882,
0x0882, 0x0862, 0x0062, 0x0062, 0x0862, 0x0062, 0x0082, 0x0882, 0x0082, 0x0883, 0x0883, 0x0863,
0x0062, 0x0863, 0x0883, 0x0883, 0x0883, 0x0883, 0x08A3, 0x08A3, 0x08A3, 0x08A3, 0x10A3, 0x10A3,
0x10C3, 0x10C4, 0x10C4, 0x10C4, 0x10C4, 0x10C4, 0x10E4, 0x10E4, 0x18E4, 0x18E4, 0x1905, 0x1905,
0x1905, 0x1905, 0x1925, 0x2125, 0x2125, 0x2125, 0x2146, 0x2146, 0x2146, 0x2145, 0x2145, 0x2146,
0x2146, 0x2146, 0x2146, 0x2146, 0x2146, 0x2146, 0x2146, 0x2146, 0x2146, 0x2146, 0x2166, 0x2166,
0x2166, 0x2166, 0x2166, 0x2166, 0x2966, 0x31A7, 0x4A49, 0x5AAB, 0x5ACB, 0x52AB, 0x528A, 0x528A,
0x528A, 0x52AB, 0x52AB, 0x5ACC, 0x5AEC, 0x5AEC, 0x52AB, 0x4229, 0x2986, 0x10A3, 0x0882, 0x0041,
0x0041, 0x0041, 0x0021, 0x0021, 0x0021, 0x0021, 0x0021, 0x0021, 0x0021, 0x0021, 0x0021, 0x0021,
0x0001, 0x0001, 0x0001, 0x0001, 0x0001, 0x0001, 0x0021, 0x0021, 0x0021, 0x0021, 0x0041, 0x0882,
0x08A3, 0x0883, 0x10A3, 0x10C4, 0x7BCF, 0x73AF, 0x73AF, 0x73AF, 0x7BAF, 0x7BCF, 0x7BCF, 0x7BCF,
0x7BCF, 0x7BCF, 0x73AF, 0x73AF, 0x738E, 0x738E, 0x6B6E, 0x6B6E, 0x6B6E, 0x6B4E, 0x6B4E, 0x6B4D,
0x6B6E, 0x6B6E, 0x6B4E, 0x6B4E, 0x634D, 0x632D, 0x5AEC, 0x52CB, 0x4A8A, 0x424A, 0x39E8, 0x2986,
0x1925, 0x10C4, 0x08A3, 0x08A3, 0x08A4, 0x1905, 0x1905, 0x2146, 0x2987, 0x31A8, 0x31C8, 0x31E8,
0x31E8, 0x31E8, 0x31C8, 0x29A7, 0x2987, 0x2146, 0x1925, 0x18E5, 0x10C4, 0x0883, 0x0041, 0x0041,
0x0042, 0x0022, 0x0022, 0x0042, 0x10C4, 0x2987, 0x4229, 0x5ACC, 0x5ACB, 0x52CB, 0x3A08, 0x29A7,
0x29A7, 0x29A7, 0x2987, 0x2166, 0x1925, 0x1905, 0x10C4, 0x08A3, 0x08A3, 0x08A3, 0x10C3, 0x10C4,
0x10E4, 0x10E4, 0x10E4, 0x1905, 0x1905, 0x1905, 0x1905, 0x1905, 0x1925, 0x1925, 0x1925, 0x1926,
0x1925, 0x1926, 0x1925, 0x1925, 0x1925, 0x1925, 0x1904, 0x1905, 0x1905, 0x1904, 0x1905, 0x18E5,
0x1905, 0x1905, 0x1905, 0x10E4, 0x1905, 0x10E4, 0x10E4, 0x10E4, 0x18E4, 0x2126, 0x10E4, 0x10C4,
0x10E4, 0x10E4, 0x10E4, 0x10C4, 0x10C4, 0x10A4, 0x10A3, 0x10A3, 0x08A3, 0x10C4, 0x10C4, 0x10C4,
0x10C4, 0x10C4, 0x10C4, 0x10C3, 0x10C4, 0x10C4, 0x10C4, 0x10C3, 0x10C3, 0x10C3, 0x10C3, 0x08A3,
0x10C3, 0x10C4, 0x08A3, 0x0883, 0x08A3, 0x10A4, 0x08A3, 0x08A3, 0x08A3, 0x08A3, 0x08A3, 0x08A3,
0x08A3, 0x08A3, 0x10E4, 0x2986, 0x632C, 0x840F, 0x83EF, 0x83EF, 0x83EF, 0x7BEF, 0x8410, 0x8410,
0x8410, 0x83EF, 0x738E, 0x6B6D, 0x6B4D, 0x632C, 0x632D, 0x632C, 0x632C, 0x632C, 0x632D, 0x632D,
0x6B2D, 0x6B2D, 0x6B2D, 0x632D, 0x632C, 0x6B4D, 0x738E, 0x7BEF, 0x7BF0, 0x2105, 0x0042, 0x0863,
0x0862, 0x0062, 0x0862, 0x0862, 0x0862, 0x0862, 0x0862, 0x0882, 0x0883, 0x0062, 0x0062, 0x0062,
0x0062, 0x0862, 0x0862, 0x0062, 0x0882, 0x0883, 0x0882, 0x0882, 0x0882, 0x0862, 0x0062, 0x0862,
0x0862, 0x0062, 0x0082, 0x0882, 0x0083, 0x0883, 0x0883, 0x0863, 0x0863, 0x0883, 0x0883, 0x0883,
0x0883, 0x0883, 0x08A3, 0x08A3, 0x08A3, 0x08A3, 0x10A3, 0x10C3, 0x10C4, 0x10C4, 0x10C4, 0x10C4,
0x10E4, 0x10E4, 0x18E4, 0x10E4, 0x18E4, 0x18E4, 0x1905, 0x1905, 0x1905, 0x1925, 0x1925, 0x2125,
0x2125, 0x2125, 0x2146, 0x2146, 0x2146, 0x2145, 0x2145, 0x2146, 0x2146, 0x2146, 0x2146, 0x2146,
0x2146, 0x2146, 0x2146, 0x2146, 0x2146, 0x2146, 0x2166, 0x2166, 0x2166, 0x2166, 0x2166, 0x2166,
0x2966, 0x2965, 0x39E7, 0x528A, 0x5AEB, 0x52AB, 0x4A6A, 0x4A6A, 0x4A8A, 0x52AA, 0x528A, 0x52AB,
0x5AEB, 0x5AEC, 0x5AEB, 0x52AA, 0x4249, 0x2986, 0x08A3, 0x0041, 0x0041, 0x0041, 0x0021, 0x0021,
0x0021, 0x0021, 0x0021, 0x0021, 0x0021, 0x0021, 0x0001, 0x0001, 0x0001, 0x0001, 0x0001, 0x0001,
0x0001, 0x0001, 0x0001, 0x0021, 0x0041, 0x0062, 0x0882, 0x0883, 0x0882, 0x10A3, 0x10E4, 0x1925,
0x7BCF, 0x73AF, 0x73AF, 0x73AE, 0x73AF, 0x7BAF, 0x7BAF, 0x7BAF, 0x73AF, 0x73AF, 0x73AF, 0x73AF,
0x738E, 0x736E, 0x6B6E, 0x6B6D, 0x6B6D, 0x6B6E, 0x6B6E, 0x6B4E, 0x6B6E, 0x6B6E, 0x6B4D, 0x6B4D,
0x6B4D, 0x630C, 0x52CB, 0x4A8B, 0x4249, 0x39E8, 0x2986, 0x1925, 0x08C4, 0x08A3, 0x0883, 0x08A3,
0x10C4, 0x1905, 0x1926, 0x2166, 0x2987, 0x31A8, 0x31C8, 0x31C8, 0x31C8, 0x31C7, 0x29A7, 0x2986,
0x2146, 0x1905, 0x18E5, 0x0883, 0x0883, 0x0042, 0x0042, 0x0042, 0x0042, 0x0022, 0x0042, 0x10E4,
0x2987, 0x3A09, 0x52CC, 0x5AEC, 0x5ACB, 0x4249, 0x31C7, 0x29A7, 0x29A7, 0x2987, 0x2146, 0x1925,
0x10E4, 0x10C4, 0x10C4, 0x08A3, 0x08A3, 0x08A3, 0x10C4, 0x10C4, 0x10E4, 0x10E4, 0x18E5, 0x1905,
0x1925, 0x1925, 0x1925, 0x1925, 0x1925, 0x1925, 0x1905, 0x1925, 0x1925, 0x1905, 0x1926, 0x2146,
0x2146, 0x2146, 0x2145, 0x2145, 0x1925, 0x1905, 0x10E4, 0x10E4, 0x10E4, 0x1905, 0x1905, 0x18E5,
0x18E4, 0x10E4, 0x10E4, 0x18E4, 0x18E4, 0x10E4, 0x10C4, 0x10C4, 0x10E4, 0x10E4, 0x10E4, 0x10C4,
0x10C4, 0x10C4, 0x10A4, 0x10A3, 0x10C4, 0x10C4, 0x10C4, 0x10C4, 0x10C4, 0x10C4, 0x10C4, 0x10C3,
0x10C4, 0x10C4, 0x10C4, 0x10C3, 0x10C4, 0x10C4, 0x08A3, 0x0883, 0x08A3, 0x08A3, 0x08A3, 0x08A3,
0x08A3, 0x08A3, 0x08A3, 0x08A3, 0x08A3, 0x08A4, 0x08A3, 0x08A3, 0x08A3, 0x08A3, 0x10C4, 0x1904,
0x10E4, 0x4249, 0x6B6D, 0x8410, 0x7BF0, 0x83EF, 0x83EF, 0x8410, 0x8410, 0x8410, 0x83EF, 0x7BCF,
0x73AE, 0x6B4D, 0x6B2D, 0x632C, 0x632C, 0x632D, 0x632D, 0x632D, 0x632D, 0x632D, 0x632D, 0x632C,
0x630C, 0x6B4D, 0x6B6E, 0x73AE, 0x7BF0, 0x630D, 0x0001, 0x0883, 0x0862, 0x0862, 0x0882, 0x0882,
0x0883, 0x0882, 0x0882, 0x0062, 0x0882, 0x0882, 0x0882, 0x0882, 0x0082, 0x0862, 0x0862, 0x0062,
0x0882, 0x0883, 0x0883, 0x0883, 0x0862, 0x0862, 0x0862, 0x0862, 0x0062, 0x0062, 0x0062, 0x0882,
0x0082, 0x0883, 0x0883, 0x0883, 0x0883, 0x0883, 0x0883, 0x0883, 0x0883, 0x08A3, 0x08A3, 0x08A3,
0x10A3, 0x10A3, 0x10C3, 0x10C4, 0x10C4, 0x10C4, 0x10C4, 0x10E4, 0x10E4, 0x18E4, 0x18E4, 0x1904,
0x1905, 0x1905, 0x1905, 0x1905, 0x1905, 0x1925, 0x2125, 0x2125, 0x2125, 0x2125, 0x2146, 0x2146,
0x2146, 0x2145, 0x2145, 0x2146, 0x2146, 0x2146, 0x2145, 0x2145, 0x2145, 0x2146, 0x2145, 0x2145,
0x2146, 0x2145, 0x2146, 0x2146, 0x2146, 0x2166, 0x2166, 0x2166, 0x2966, 0x2966, 0x31A7, 0x4229,
0x52AA, 0x52AB, 0x4A6A, 0x4249, 0x4A69, 0x4A8A, 0x4A8A, 0x528B, 0x52AB, 0x5AEB, 0x5AEB, 0x5AEB,
0x4A6A, 0x2966, 0x0883, 0x0021, 0x0021, 0x0021, 0x0021, 0x0021, 0x0021, 0x0021, 0x0021, 0x0021,
0x0021, 0x0021, 0x0001, 0x0001, 0x0001, 0x0001, 0x0001, 0x0001, 0x0001, 0x0001, 0x0021, 0x0862,
0x0862, 0x0883, 0x0883, 0x0883, 0x10A3, 0x18E4, 0x1925, 0x1925, 0x7BCF, 0x73AF, 0x73AF, 0x73AE,
0x738F, 0x73AF, 0x73AF, 0x7BAF, 0x73CF, 0x73CF, 0x73AF, 0x73AE, 0x738E, 0x738E, 0x6B6E, 0x6B6E,
0x6B6D, 0x6B6D, 0x736E, 0x738E, 0x736E, 0x6B6E, 0x6B4D, 0x6B4D, 0x632D, 0x5AEC, 0x52AB, 0x426A,
0x39E8, 0x2987, 0x1925, 0x08A3, 0x0883, 0x0883, 0x0863, 0x08A3, 0x10E4, 0x1905, 0x2146, 0x2987,
0x29A7, 0x31C8, 0x31C8, 0x31A8, 0x29A7, 0x29A7, 0x2166, 0x2146, 0x1905, 0x10E4, 0x08A3, 0x0063,
0x0042, 0x0042, 0x0042, 0x0042, 0x0042, 0x0041, 0x10C4, 0x2987, 0x4229, 0x52CB, 0x630C, 0x630C,
0x4A8A, 0x31C8, 0x2987, 0x29A7, 0x2987, 0x2146, 0x1905, 0x10E5, 0x10A4, 0x08A4, 0x08A4, 0x08A3,
0x08A3, 0x10C4, 0x10C4, 0x10E4, 0x10E4, 0x10E4, 0x1905, 0x1925, 0x1925, 0x2146, 0x2126, 0x1925,
0x1905, 0x1925, 0x1925, 0x1905, 0x1905, 0x1905, 0x1925, 0x1925, 0x1925, 0x2146, 0x2126, 0x1925,
0x1925, 0x1925, 0x1905, 0x1905, 0x1905, 0x1905, 0x10E4, 0x10E4, 0x10E4, 0x10E4, 0x10E4, 0x10E4,
0x10E4, 0x10E4, 0x10C4, 0x10C4, 0x10C4, 0x10C4, 0x10C4, 0x10C4, 0x10C3, 0x10C4, 0x10C4, 0x10C4,
0x10C4, 0x10C4, 0x10C4, 0x10C4, 0x10C4, 0x10C4, 0x10C4, 0x10A4, 0x10C4, 0x10C4, 0x10A4, 0x08A3,
0x10A4, 0x10C4, 0x08A3, 0x08A4, 0x08A3, 0x08A3, 0x08A3, 0x08A3, 0x08A3, 0x08A3, 0x08A3, 0x08A3,
0x10A3, 0x10A4, 0x08A3, 0x08A3, 0x10C4, 0x08C3, 0x10C3, 0x10C3, 0x10C4, 0x10E4, 0x2166, 0x634D,
0x7BF0, 0x7BEF, 0x7BEF, 0x7BEF, 0x8410, 0x8C30, 0x8C30, 0x8410, 0x7BCF, 0x7BAF, 0x736E, 0x6B2D,
0x632C, 0x632D, 0x6B2D, 0x6B2D, 0x632D, 0x632D, 0x632D, 0x630C, 0x630C, 0x6B4D, 0x6B6E, 0x736E,
0x83EF, 0x7BCF, 0x2125, 0x0883, 0x0862, 0x0862, 0x0062, 0x0062, 0x0883, 0x0882, 0x0882, 0x0062,
0x0882, 0x0882, 0x0882, 0x0882, 0x0062, 0x0862, 0x0862, 0x0862, 0x0062, 0x0882, 0x0883, 0x0863,
0x0862, 0x0862, 0x0862, 0x0862, 0x0062, 0x0062, 0x0062, 0x0882, 0x0882, 0x0883, 0x0883, 0x0883,
0x0883, 0x08A3, 0x08A3, 0x0883, 0x08A3, 0x08A3, 0x08A3, 0x08A3, 0x10C3, 0x10C3, 0x10C4, 0x10C4,
0x10C4, 0x10C4, 0x10E4, 0x18E4, 0x10E4, 0x18E4, 0x1905, 0x1904, 0x1904, 0x1904, 0x1904, 0x1905,
0x2125, 0x2125, 0x2125, 0x2146, 0x2146, 0x2146, 0x2145, 0x2145, 0x2145, 0x2145, 0x2145, 0x2146,
0x2146, 0x2145, 0x2125, 0x2125, 0x2145, 0x2125, 0x2145, 0x2145, 0x2145, 0x2145, 0x2145, 0x2145,
0x2145, 0x2166, 0x2166, 0x2166, 0x2966, 0x2166, 0x2966, 0x4209, 0x4A6A, 0x528A, 0x4A6A, 0x4249,
0x4229, 0x4249, 0x4A6A, 0x4A8A, 0x528A, 0x5ACB, 0x5AEC, 0x5AAB, 0x39E8, 0x10E4, 0x0021, 0x0021,
0x0021, 0x0021, 0x0021, 0x0021, 0x0021, 0x0021, 0x0021, 0x0001, 0x0001, 0x0001, 0x0001, 0x0001,
0x0001, 0x0021, 0x0021, 0x0021, 0x0021, 0x0042, 0x0882, 0x10C3, 0x0883, 0x0862, 0x0883, 0x18E4,
0x1904, 0x2104, 0x1904, 0x1904, 0x7BCF, 0x73AF, 0x73AF, 0x73AE, 0x738E, 0x73AF, 0x73AF, 0x7BAF,
0x73CF, 0x73CF, 0x73AF, 0x73AE, 0x738E, 0x738E, 0x6B6E, 0x6B6E, 0x6B6E, 0x6B6E, 0x6B8E, 0x6B8E,
0x6B8E, 0x6B6E, 0x6B4D, 0x634D, 0x5B0C, 0x5ACC, 0x4A8A, 0x3A08, 0x29A7, 0x1905, 0x08C3, 0x0083,
0x0062, 0x0063, 0x08A3, 0x10C4, 0x10E4, 0x1925, 0x2146, 0x2987, 0x29A7, 0x29A7, 0x29A7, 0x29A7,
0x2987, 0x2166, 0x1926, 0x1925, 0x10C5, 0x0883, 0x0042, 0x0042, 0x0042, 0x0042, 0x0042, 0x0042,
0x0041, 0x10A3, 0x2966, 0x4229, 0x5ACC, 0x5B0C, 0x630C, 0x52CB, 0x4229, 0x29A7, 0x2987, 0x2986,
0x2146, 0x1925, 0x10E4, 0x10C4, 0x08A3, 0x08A3, 0x08A3, 0x08A3, 0x10C4, 0x10C4, 0x10C4, 0x10E5,
0x1905, 0x1905, 0x1905, 0x1925, 0x2126, 0x1925, 0x1925, 0x1925, 0x1905, 0x1905, 0x1905, 0x1905,
0x1905, 0x1925, 0x1925, 0x1925, 0x1925, 0x1926, 0x2126, 0x1925, 0x1946, 0x1905, 0x10E4, 0x1905,
0x1905, 0x10E4, 0x10E4, 0x10E4, 0x10E4, 0x10E4, 0x10E4, 0x10E4, 0x10E4, 0x10E4, 0x10C4, 0x10C4,
0x10C4, 0x10C4, 0x10C4, 0x10C3, 0x10C3, 0x10C3, 0x10C4, 0x10C4, 0x10C4, 0x10C4, 0x10C4, 0x10C3,
0x08A3, 0x10C4, 0x10C4, 0x10C3, 0x10C3, 0x10C3, 0x08C3, 0x10C4, 0x08A3, 0x08A3, 0x08A3, 0x08A3,
0x08A3, 0x08A3, 0x08A3, 0x08A3, 0x08A3, 0x08A3, 0x08A3, 0x08A3, 0x08A3, 0x08A3, 0x10C3, 0x08A3,
0x08A3, 0x08C3, 0x08C3, 0x10C3, 0x10C4, 0x10E4, 0x10E4, 0x1904, 0x52AB, 0x73AF, 0x7BF0, 0x7BEF,
0x7BEF, 0x8410, 0x8C10, 0x8C10, 0x8410, 0x8410, 0x7BCF, 0x73AE, 0x6B4D, 0x632C, 0x632D, 0x632D,
0x632C, 0x632C, 0x632C, 0x6B4D, 0x6B4D, 0x6B6E, 0x736E, 0x6B6E, 0x7BCF, 0x8410, 0x5AEC, 0x0862,
0x0862, 0x0862, 0x0062, 0x0062, 0x0883, 0x0883, 0x0882, 0x0062, 0x0882, 0x0882, 0x0882, 0x0882,
0x0062, 0x0862, 0x0862, 0x0862, 0x0882, 0x0882, 0x0862, 0x0862, 0x0062, 0x0062, 0x0862, 0x0862,
0x0882, 0x0882, 0x0882, 0x0882, 0x0882, 0x0883, 0x0883, 0x0883, 0x08A3, 0x08A3, 0x08A3, 0x08A3,
0x08A3, 0x08A3, 0x08A3, 0x08A3, 0x10C4, 0x10C4, 0x10C4, 0x10C4, 0x10C4, 0x10C4, 0x18E4, 0x18E4,
0x18E4, 0x18E4, 0x1905, 0x1904, 0x1904, 0x1904, 0x1904, 0x1905, 0x2125, 0x2125, 0x2125, 0x2146,
0x2146, 0x2146, 0x2145, 0x2145, 0x2145, 0x2145, 0x2145, 0x2146, 0x2146, 0x2145, 0x2125, 0x2125,
0x2125, 0x2125, 0x2145, 0x2145, 0x2145, 0x2145, 0x2145, 0x2145, 0x2145, 0x2166, 0x2166, 0x2166,
0x2966, 0x2166, 0x2966, 0x3187, 0x4249, 0x528A, 0x4A6A, 0x4229, 0x4229, 0x4228, 0x4229, 0x4A6A,
0x4A6A, 0x4A6A, 0x4229, 0x39C8, 0x18E4, 0x0021, 0x0021, 0x0021, 0x0021, 0x0021, 0x0021, 0x0021,
0x0021, 0x0021, 0x0021, 0x0001, 0x0001, 0x0001, 0x0001, 0x0001, 0x0001, 0x0021, 0x0021, 0x0021,
0x0062, 0x10A3, 0x10A3, 0x0862, 0x0862, 0x10A3, 0x18E4, 0x1904, 0x1904, 0x18E4, 0x1904, 0x1904,
0x7BCF, 0x73AF, 0x73AF, 0x73AF, 0x73AF, 0x73AF, 0x73AF, 0x73AF, 0x73AF, 0x73AF, 0x73AF, 0x73AE,
0x738E, 0x738E, 0x6B6E, 0x6B6E, 0x6B6E, 0x6B8E, 0x6B8E, 0x6B8E, 0x6B6E, 0x6B6D, 0x6B4D, 0x630C,
0x5ACC, 0x52AB, 0x39E8, 0x29A7, 0x1925, 0x08A3, 0x0883, 0x0063, 0x0062, 0x0063, 0x08A4, 0x10C4,
0x10E4, 0x1925, 0x2146, 0x2167, 0x2987, 0x2987, 0x2166, 0x2166, 0x2146, 0x1925, 0x1905, 0x10E4,
0x08A4, 0x0063, 0x0042, 0x0042, 0x0041, 0x0042, 0x0042, 0x0042, 0x10C4, 0x2146, 0x4229, 0x52CB,
0x5B0C, 0x5B0C, 0x5AEC, 0x426A, 0x31C7, 0x29A7, 0x2166, 0x2145, 0x1905, 0x10E4, 0x10C4, 0x10A4,
0x08A3, 0x08A4, 0x10C4, 0x10C4, 0x10C4, 0x10E5, 0x10E5, 0x1905, 0x1905, 0x1905, 0x1905, 0x1905,
0x1905, 0x1905, 0x1905, 0x1905, 0x1905, 0x1905, 0x1905, 0x1905, 0x1905, 0x1925, 0x1925, 0x1925,
0x2146, 0x1905, 0x1905, 0x1905, 0x1905, 0x1905, 0x10E4, 0x10E4, 0x10E4, 0x10E4, 0x10E4, 0x10E4,
0x10E4, 0x10E4, 0x10E4, 0x10C4, 0x10C4, 0x10C4, 0x10C4, 0x10C4, 0x10C3, 0x10C3, 0x10C3, 0x10C3,
0x10C3, 0x08A3, 0x10C3, 0x10C4, 0x10C4, 0x10C3, 0x10C3, 0x10C4, 0x10C3, 0x08A3, 0x08A3, 0x08A3,
0x08A3, 0x10A3, 0x10C4, 0x08A4, 0x10C4, 0x08A3, 0x08A3, 0x08A3, 0x0883, 0x08A3, 0x08A3, 0x08A3,
0x0883, 0x0883, 0x08A3, 0x08A3, 0x10A4, 0x08A3, 0x10A3, 0x10A3, 0x10C3, 0x08C4, 0x10C4, 0x10C4,
0x10C4, 0x10C4, 0x10E4, 0x10E3, 0x10E4, 0x39E8, 0x6B6D, 0x7BEF, 0x7BEF, 0x7BEF, 0x83EF, 0x8410,
0x8410, 0x8410, 0x8410, 0x7BEF, 0x7BCF, 0x6B6E, 0x6B2D, 0x6B2D, 0x630C, 0x630C, 0x632C, 0x6B6D,
0x738E, 0x6B6E, 0x738E, 0x6B6D, 0x738E, 0x7BEF, 0x73AF, 0x18E4, 0x0062, 0x0062, 0x0883, 0x08A3,
0x0883, 0x0882, 0x0882, 0x0883, 0x0882, 0x0882, 0x0882, 0x0882, 0x0882, 0x0862, 0x0862, 0x0862,
0x0883, 0x0882, 0x0882, 0x0862, 0x0862, 0x0862, 0x0862, 0x0862, 0x0882, 0x0883, 0x0883, 0x0883,
0x0883, 0x08A3, 0x08A3, 0x08A3, 0x08A3, 0x08A3, 0x08A3, 0x08A3, 0x08A3, 0x08A3, 0x08A3, 0x08A3,
0x10C4, 0x10C4, 0x10C4, 0x10E4, 0x10E4, 0x10E4, 0x10E4, 0x10E4, 0x18E4, 0x1905, 0x1905, 0x1904,
0x1904, 0x1904, 0x1905, 0x1925, 0x2125, 0x2125, 0x2125, 0x2125, 0x2125, 0x2125, 0x2145, 0x2145,
0x2145, 0x2145, 0x2145, 0x2145, 0x2145, 0x2146, 0x2145, 0x2145, 0x2145, 0x2125, 0x2145, 0x2145,
0x2145, 0x2145, 0x2145, 0x2146, 0x2146, 0x2166, 0x2166, 0x2166, 0x2966, 0x2966, 0x2146, 0x2946,
0x3A08, 0x4A69, 0x528A, 0x4229, 0x3A08, 0x3A08, 0x39E8, 0x39E8, 0x39E8, 0x39C8, 0x2125, 0x0862,
0x0021, 0x0021, 0x0021, 0x0021, 0x0021, 0x0021, 0x0001, 0x0001, 0x0001, 0x0001, 0x0001, 0x0001,
0x0001, 0x0001, 0x0021, 0x0021, 0x0021, 0x0021, 0x0042, 0x08A3, 0x10C4, 0x08A3, 0x0862, 0x0883,
0x18E4, 0x1905, 0x1905, 0x1904, 0x18E4, 0x18E4, 0x18E4, 0x10E4, 0x7BCF, 0x73AF, 0x73AF, 0x73AF,
0x73AF, 0x7BAF, 0x7BAF, 0x73AF, 0x73AF, 0x73AF, 0x73AF, 0x73AE, 0x738E, 0x738E, 0x6B6E, 0x6B6E,
0x6B8E, 0x6B8E, 0x6B8E, 0x6B8E, 0x6B6E, 0x6B6D, 0x632D, 0x5AEC, 0x528B, 0x4229, 0x31A7, 0x2166,
0x10C4, 0x0062, 0x0042, 0x0042, 0x0063, 0x0063, 0x10A4, 0x10C4, 0x10E4, 0x1925, 0x2146, 0x2166,
0x2146, 0x2146, 0x2146, 0x1925, 0x1905, 0x10E4, 0x08C4, 0x0083, 0x0062, 0x0042, 0x0042, 0x0041,
0x0041, 0x0041, 0x0042, 0x10A3, 0x2145, 0x4229, 0x52AB, 0x632D, 0x634D, 0x5B2C, 0x4A8A, 0x31E8,
0x29A7, 0x2987, 0x2146, 0x1905, 0x10E4, 0x10C4, 0x08A3, 0x08A3, 0x08A3, 0x10A4, 0x10C4, 0x10C4,
0x10E4, 0x1905, 0x1905, 0x1905, 0x1905, 0x1905, 0x1925, 0x1925, 0x1925, 0x1905, 0x1905, 0x1905,
0x1925, 0x1926, 0x1925, 0x1925, 0x1925, 0x1925, 0x1905, 0x18E5, 0x1925, 0x1905, 0x1905, 0x1905,
0x10E4, 0x10E4, 0x10E4, 0x10E4, 0x10E4, 0x10E4, 0x10E4, 0x10E4, 0x10E4, 0x10E4, 0x10C4, 0x10C4,
0x10C4, 0x10C3, 0x10C3, 0x10C3, 0x10C4, 0x10C3, 0x10C3, 0x10C3, 0x08A3, 0x08A3, 0x10C3, 0x10C4,
0x10C4, 0x10C4, 0x10C3, 0x10C4, 0x10C3, 0x08A3, 0x08A3, 0x08A3, 0x08A3, 0x08A3, 0x08A3, 0x08A3,
0x10C4, 0x08A3, 0x08A3, 0x08A3, 0x0883, 0x08A3, 0x08A3, 0x0883, 0x0883, 0x0883, 0x08A3, 0x08A3,
0x10A4, 0x10A3, 0x10A3, 0x10A3, 0x10C3, 0x08C4, 0x10C4, 0x10A3, 0x10C3, 0x10C4, 0x10C4, 0x10C4,
0x10C4, 0x10C4, 0x2125, 0x6B6E, 0x73CF, 0x7BEF, 0x7BCF, 0x7BCF, 0x8410, 0x8410, 0x8410, 0x8430,
0x840F, 0x7BCF, 0x738E, 0x6B4D, 0x6B2D, 0x6B2D, 0x6B4D, 0x738E, 0x738E, 0x6B6E, 0x738E, 0x6B6D,
0x6B6D, 0x7BCF, 0x8410, 0x4229, 0x0042, 0x0862, 0x0883, 0x0883, 0x0882, 0x0882, 0x0882, 0x0883,
0x0882, 0x0882, 0x0882, 0x0882, 0x0882, 0x0862, 0x0862, 0x0862, 0x0882, 0x0883, 0x0882, 0x0882,
0x0882, 0x0862, 0x0862, 0x0062, 0x0882, 0x0883, 0x0883, 0x0883, 0x0883, 0x08A3, 0x08A3, 0x08A3,
0x08A3, 0x08A3, 0x08A3, 0x08A3, 0x08A3, 0x08A3, 0x08A3, 0x08A3, 0x10C3, 0x10C4, 0x10C4, 0x10E4,
0x10E4, 0x10E4, 0x10E4, 0x10E4, 0x18E4, 0x1905, 0x1905, 0x1904, 0x1904, 0x1904, 0x1905, 0x1925,
0x2125, 0x2125, 0x2125, 0x2125, 0x2125, 0x2125, 0x2145, 0x2145, 0x2145, 0x2145, 0x2145, 0x2145,
0x2145, 0x2146, 0x2145, 0x2145, 0x2146, 0x2125, 0x2145, 0x2145, 0x2145, 0x2145, 0x2146, 0x2166,
0x2166, 0x2145, 0x2145, 0x2145, 0x2966, 0x2966, 0x2146, 0x2146, 0x31A7, 0x4249, 0x4A8A, 0x4249,
0x39E8, 0x39C7, 0x31A7, 0x2966, 0x2125, 0x0883, 0x0042, 0x0021, 0x0021, 0x0021, 0x0021, 0x0021,
0x0021, 0x0021, 0x0001, 0x0001, 0x0001, 0x0001, 0x0001, 0x0001, 0x0001, 0x0001, 0x0021, 0x0021,
0x0042, 0x0883, 0x10C4, 0x10C4, 0x0883, 0x0062, 0x0883, 0x18E4, 0x18E4, 0x1905, 0x1904, 0x1904,
0x18E4, 0x10E4, 0x10E4, 0x10C4, 0x7BCF, 0x73AF, 0x73AF, 0x73AF, 0x7BCF, 0x7BCF, 0x7BCF, 0x73AF,
0x73AF, 0x73AF, 0x73AF, 0x73AE, 0x738E, 0x736E, 0x6B6E, 0x6B8E, 0x6B8E, 0x6B8E, 0x6B8E, 0x6B8E,
0x6B6E, 0x632D, 0x5AEC, 0x52AB, 0x424A, 0x31C8, 0x2166, 0x1905, 0x0062, 0x0042, 0x0041, 0x0042,
0x0063, 0x0883, 0x08A4, 0x10C4, 0x10E4, 0x1925, 0x1925, 0x1945, 0x2145, 0x1925, 0x1905, 0x1905,
0x08C4, 0x0883, 0x0062, 0x0062, 0x0042, 0x0041, 0x0041, 0x0041, 0x0041, 0x0042, 0x10A3, 0x2145,
0x4229, 0x52AB, 0x630D, 0x6B6E, 0x634D, 0x52EB, 0x4249, 0x31C7, 0x2987, 0x2146, 0x18E5, 0x10C4,
0x10C3, 0x08A3, 0x08A3, 0x08A3, 0x08A3, 0x10C3, 0x10C4, 0x10C4, 0x1905, 0x1905, 0x1905, 0x1905,
0x1905, 0x1925, 0x1905, 0x1905, 0x1925, 0x1905, 0x1905, 0x18E5, 0x1905, 0x1905, 0x1905, 0x1905,
0x1925, 0x2146, 0x2146, 0x1925, 0x1925, 0x18E5, 0x1905, 0x1905, 0x1905, 0x10E4, 0x10E4, 0x10E4,
0x10E4, 0x10E4, 0x10C4, 0x10E4, 0x10E4, 0x10E4, 0x10C4, 0x10C4, 0x10C4, 0x10A3, 0x08A3, 0x08A3,
0x10C3, 0x10C4, 0x10E4, 0x10C3, 0x08A3, 0x10C3, 0x10C3, 0x10C4, 0x10C4, 0x08A3, 0x08A3, 0x08A3,
0x08A3, 0x08A3, 0x08A3, 0x08A3, 0x08A3, 0x08A3, 0x08A3, 0x08A3, 0x08A3, 0x08A3, 0x08A3, 0x08A3,
0x0883, 0x08A3, 0x08A3, 0x0883, 0x0883, 0x0883, 0x08A3, 0x08A3, 0x08A3, 0x10A3, 0x10A3, 0x10A3,
0x10C3, 0x08C4, 0x08A4, 0x08A3, 0x08A3, 0x10C4, 0x10C4, 0x10C4, 0x10C4, 0x10C4, 0x10A3, 0x1905,
0x4A6A, 0x73CF, 0x7BEF, 0x7BCF, 0x7BCF, 0x83EF, 0x8410, 0x8430, 0x8430, 0x83F0, 0x7BCF, 0x73AF,
0x736E, 0x738E, 0x73AE, 0x736E, 0x738E, 0x738E, 0x738E, 0x6B6D, 0x6B4D, 0x738E, 0x8410, 0x73CF,
0x10C4, 0x0862, 0x0883, 0x0883, 0x0883, 0x0883, 0x0882, 0x0882, 0x0882, 0x0882, 0x0882, 0x0882,
0x0882, 0x0882, 0x0862, 0x0062, 0x0882, 0x0883, 0x0882, 0x0882, 0x0882, 0x0882, 0x0862, 0x0862,
0x0883, 0x0883, 0x08A3, 0x08A3, 0x08A3, 0x08A3, 0x08A3, 0x08A3, 0x08A3, 0x08A3, 0x08A3, 0x10C3,
0x10C3, 0x10C3, 0x10C3, 0x10C3, 0x10C3, 0x10C4, 0x10C4, 0x10E4, 0x10E4, 0x10E4, 0x10E4, 0x10E4,
0x18E4, 0x1905, 0x1905, 0x1904, 0x1904, 0x1904, 0x1925, 0x2125, 0x2125, 0x2145, 0x2145, 0x2145,
0x2145, 0x2145, 0x2145, 0x2145, 0x2145, 0x2145, 0x2145, 0x2145, 0x2145, 0x2146, 0x2145, 0x2145,
0x2146, 0x2125, 0x2145, 0x2145, 0x2145, 0x2145, 0x2146, 0x2166, 0x2166, 0x2145, 0x2145, 0x2145,
0x2145, 0x2145, 0x2145, 0x2145, 0x2986, 0x4208, 0x4A6A, 0x4A49, 0x39E8, 0x31A7, 0x2145, 0x10C4,
0x0062, 0x0021, 0x0041, 0x0021, 0x0021, 0x0021, 0x0021, 0x0021, 0x0021, 0x0021, 0x0001, 0x0001,
0x0001, 0x0001, 0x0001, 0x0001, 0x0001, 0x0001, 0x0021, 0x0842, 0x10A3, 0x10C4, 0x08A3, 0x0062,
0x0883, 0x10A3, 0x18E4, 0x1904, 0x18E4, 0x18E4, 0x18E4, 0x18E4, 0x18E4, 0x10C4, 0x10A3, 0x08A3,
0x73AF, 0x73AF, 0x73AE, 0x73AF, 0x73AF, 0x73AF, 0x73AF, 0x7BCF, 0x7BCF, 0x73AF, 0x73AF, 0x738E,
0x6B6E, 0x6B6E, 0x6B6D, 0x6B6E, 0x6B8E, 0x6B8E, 0x6B6E, 0x6B6E, 0x632D, 0x5B0C, 0x52CB, 0x3A09,
0x31C8, 0x2966, 0x10C4, 0x0083, 0x0062, 0x0042, 0x0041, 0x0042, 0x0063, 0x0883, 0x08A4, 0x10C4,
0x10E4, 0x1905, 0x1905, 0x1905, 0x18E5, 0x10E4, 0x10C4, 0x08A3, 0x0083, 0x0042, 0x0042, 0x0042,
0x0042, 0x0042, 0x0042, 0x0022, 0x0042, 0x10C4, 0x2145, 0x3A08, 0x52AB, 0x632C, 0x6B6D, 0x6B6E,
0x630C, 0x4A8B, 0x31C8, 0x2967, 0x2126, 0x18E5, 0x10C4, 0x08A3, 0x08A3, 0x08A3, 0x08A3, 0x08A3,
0x10C4, 0x10E4, 0x10E4, 0x18E4, 0x1905, 0x1905, 0x2146, 0x1925, 0x2125, 0x2146, 0x2146, 0x1925,
0x2146, 0x1925, 0x1925, 0x1925, 0x2126, 0x2166, 0x2146, 0x1925, 0x1905, 0x1925, 0x1905, 0x1905,
0x1905, 0x1905, 0x1905, 0x1905, 0x1905, 0x18E5, 0x10E4, 0x18E4, 0x10E4, 0x10E4, 0x10C4, 0x10E4,
0x10E4, 0x10E4, 0x10C4, 0x10C4, 0x10C4, 0x10C4, 0x10A4, 0x10C4, 0x10C4, 0x10C4, 0x10C4, 0x10C4,
0x10A4, 0x10A3, 0x10C3, 0x10C3, 0x10A4, 0x10A4, 0x08A4, 0x08A3, 0x08A3, 0x08A3, 0x0883, 0x08A3,
0x08A3, 0x08A3, 0x08A3, 0x08A3, 0x08A3, 0x08A3, 0x08A3, 0x08A3, 0x0883, 0x08A3, 0x08A3, 0x0883,
0x08A3, 0x08A3, 0x08A3, 0x08A3, 0x08A3, 0x10C3, 0x10C3, 0x10C4, 0x10C4, 0x10C4, 0x10C4, 0x10C4,
0x10C4, 0x10C4, 0x10C4, 0x10C4, 0x10C4, 0x18E4, 0x18E5, 0x1905, 0x10C3, 0x31A7, 0x73AE, 0x7BCF,
0x7BCF, 0x7BCF, 0x7BEF, 0x8410, 0x8430, 0x8C30, 0x8410, 0x7BCF, 0x7BCF, 0x738E, 0x738E, 0x73AF,
0x7BAF, 0x736E, 0x736E, 0x736E, 0x6B6E, 0x6B6D, 0x7BCF, 0x8410, 0x4A6A, 0x0062, 0x08A3, 0x0883,
0x0883, 0x0882, 0x0882, 0x0883, 0x08A3, 0x0082, 0x08A3, 0x08A3, 0x0883, 0x0883, 0x0883, 0x0883,
0x0882, 0x0882, 0x0882, 0x0882, 0x0882, 0x0883, 0x0882, 0x0882, 0x0883, 0x0883, 0x08A3, 0x08A3,
0x08A3, 0x08A3, 0x10C3, 0x10C3, 0x10C3, 0x08A3, 0x08C3, 0x10C3, 0x10C3, 0x10C3, 0x10C4, 0x10C4,
0x10C4, 0x10C4, 0x10C4, 0x18E4, 0x18E4, 0x10E4, 0x10E4, 0x10E4, 0x18E4, 0x1905, 0x1905, 0x1905,
0x1905, 0x1905, 0x1905, 0x2125, 0x2125, 0x2125, 0x2125, 0x2146, 0x2126, 0x2125, 0x2125, 0x2125,
0x2125, 0x2125, 0x2125, 0x2125, 0x2125, 0x2125, 0x2145, 0x2145, 0x2145, 0x2145, 0x2145, 0x2145,
0x2145, 0x2145, 0x2146, 0x2146, 0x2146, 0x2146, 0x2146, 0x2146, 0x2145, 0x2145, 0x2145, 0x2145,
0x2145, 0x31A7, 0x4229, 0x4229, 0x39E8, 0x2145, 0x18E4, 0x0883, 0x0021, 0x0021, 0x0021, 0x0021,
0x0021, 0x0021, 0x0021, 0x0001, 0x0001, 0x0001, 0x0001, 0x0001, 0x0001, 0x0001, 0x0001, 0x0021,
0x0021, 0x0041, 0x0862, 0x10C3, 0x18E4, 0x0882, 0x0862, 0x08A3, 0x10C4, 0x10C4, 0x10E4, 0x10E4,
0x10C4, 0x18E4, 0x1905, 0x10E4, 0x10C3, 0x10A3, 0x0883, 0x0883, 0x73AF, 0x73AE, 0x73AE, 0x73AF,
0x73AF, 0x73AF, 0x73AF, 0x7BCF, 0x7BCF, 0x7BCF, 0x73AF, 0x73AF, 0x736E, 0x6B6E, 0x6B6D, 0x6B8E,
0x6B6E, 0x736E, 0x6B6E, 0x634D, 0x630D, 0x52CB, 0x4249, 0x31C8, 0x2966, 0x10C4, 0x0083, 0x0042,
0x0042, 0x0042, 0x0042, 0x0042, 0x0063, 0x0883, 0x08A4, 0x08A4, 0x10C4, 0x10C4, 0x10E4, 0x10C4,
0x08A4, 0x08A4, 0x0883, 0x0062, 0x0042, 0x0042, 0x0041, 0x0041, 0x0042, 0x0042, 0x0042, 0x0042,
0x0883, 0x2145, 0x31C7, 0x4A6A, 0x5AEB, 0x6B4D, 0x6B8E, 0x6B8E, 0x5AEC, 0x3A08, 0x2987, 0x2126,
0x18E5, 0x10C4, 0x10A4, 0x08A3, 0x08A3, 0x08A3, 0x08A3, 0x10C3, 0x10C4, 0x10E4, 0x1904, 0x1905,
0x1905, 0x1905, 0x2126, 0x1925, 0x1925, 0x1905, 0x1905, 0x1905, 0x1905, 0x1105, 0x1905, 0x1905,
0x1905, 0x1925, 0x1925, 0x2146, 0x1925, 0x1925, 0x1905, 0x1905, 0x1905, 0x1905, 0x1905, 0x1905,
0x18E5, 0x18E4, 0x10E4, 0x18E5, 0x10E4, 0x10E4, 0x10C4, 0x10C4, 0x10C4, 0x10C4, 0x10C4, 0x10C4,
0x10C4, 0x10C4, 0x10A4, 0x10C4, 0x10C4, 0x10C4, 0x08A3, 0x10C4, 0x10A4, 0x08A3, 0x08A3, 0x08A3,
0x08A4, 0x08A4, 0x08A3, 0x08A3, 0x08A3, 0x08A3, 0x0883, 0x08A3, 0x08A3, 0x0883, 0x08A3, 0x0883,
0x0883, 0x08A3, 0x08A3, 0x08A3, 0x0883, 0x0883, 0x0883, 0x0883, 0x08A3, 0x08A3, 0x08A3, 0x08A3,
0x08A3, 0x10C3, 0x10C3, 0x10C4, 0x10C4, 0x10C4, 0x10C4, 0x10E4, 0x10E4, 0x10C4, 0x10C4, 0x10C4,
0x10C4, 0x18E4, 0x18E5, 0x1905, 0x1905, 0x10C3, 0x31A7, 0x738E, 0x7BEF, 0x7BEF, 0x7BCF, 0x7BEF,
0x8410, 0x8C10, 0x8C10, 0x8410, 0x7BCF, 0x738E, 0x73AE, 0x738E, 0x738E, 0x738E, 0x736E, 0x736E,
0x6B6E, 0x6B4D, 0x738E, 0x8410, 0x6B6E, 0x18C4, 0x0882, 0x0882, 0x0862, 0x0882, 0x0882, 0x0883,
0x0883, 0x0883, 0x08A3, 0x08A3, 0x08A3, 0x0883, 0x0883, 0x0883, 0x0883, 0x0883, 0x0883, 0x0882,
0x0882, 0x0883, 0x0882, 0x0882, 0x08A3, 0x08A3, 0x08A3, 0x08A3, 0x08A3, 0x10C3, 0x10C3, 0x10C3,
0x10C3, 0x10C3, 0x10C3, 0x10C4, 0x10C4, 0x10C4, 0x10C4, 0x10C4, 0x10C4, 0x10C4, 0x10E4, 0x18E4,
0x18E4, 0x10E4, 0x10E4, 0x10E4, 0x18E4, 0x1905, 0x1905, 0x1905, 0x1905, 0x1905, 0x1905, 0x1905,
0x1925, 0x2125, 0x2125, 0x2126, 0x1925, 0x1925, 0x2125, 0x2125, 0x2125, 0x2125, 0x2125, 0x2125,
0x2125, 0x2125, 0x2145, 0x2145, 0x2145, 0x2145, 0x2145, 0x2145, 0x2145, 0x2166, 0x2146, 0x2146,
0x2146, 0x2146, 0x2146, 0x2146, 0x2145, 0x2145, 0x2145, 0x2145, 0x2145, 0x2966, 0x4209, 0x4229,
0x39C8, 0x2145, 0x1083, 0x0042, 0x0021, 0x0021, 0x0021, 0x0021, 0x0021, 0x0021, 0x0021, 0x0001,
0x0001, 0x0001, 0x0001, 0x0001, 0x0001, 0x0001, 0x0001, 0x0021, 0x0042, 0x18E4, 0x1904, 0x10C3,
0x0062, 0x0883, 0x10C4, 0x10E4, 0x10E4, 0x10E4, 0x10C4, 0x10E4, 0x18E4, 0x10E4, 0x10C4, 0x10A3,
0x08A3, 0x0883, 0x08A3, 0x10A3, 0x738E, 0x738E, 0x73AE, 0x73AF, 0x73AF, 0x73AF, 0x73AF, 0x7BCF,
0x7BCF, 0x7BCF, 0x7BAF, 0x7BAF, 0x738E, 0x738E, 0x736E, 0x6B8E, 0x738E, 0x6B6E, 0x634E, 0x632D,
0x5ACC, 0x424A, 0x3A08, 0x2987, 0x10C4, 0x0863, 0x0062, 0x0042, 0x0042, 0x0042, 0x0042, 0x0042,
0x0063, 0x0883, 0x08A4, 0x08A4, 0x08A4, 0x08A4, 0x08A4, 0x08A4, 0x0063, 0x0042, 0x0042, 0x0041,
0x0041, 0x0041, 0x0041, 0x0041, 0x0042, 0x0042, 0x0042, 0x08A3, 0x2125, 0x29A7, 0x4249, 0x52CB,
0x6B4D, 0x73AE, 0x738E, 0x632D, 0x4A8B, 0x31C8, 0x1925, 0x1905, 0x10C4, 0x08A4, 0x08A3, 0x08A3,
0x08A3, 0x08A3, 0x10C3, 0x10C4, 0x10E4, 0x1904, 0x1905, 0x1905, 0x18E4, 0x18E4, 0x18E5, 0x18E5,
0x10E4, 0x1905, 0x1905, 0x1905, 0x1905, 0x1905, 0x1905, 0x1905, 0x1905, 0x1905, 0x1905, 0x1905,
0x1905, 0x1905, 0x1905, 0x1905, 0x1905, 0x1905, 0x1905, 0x1905, 0x18E4, 0x10E4, 0x10C4, 0x18E5,
0x18E4, 0x10C4, 0x10C4, 0x10C4, 0x10C4, 0x10C4, 0x10C4, 0x10C4, 0x10C4, 0x10C4, 0x10C4, 0x10C4,
0x10C4, 0x10C4, 0x10C4, 0x10C4, 0x10A4, 0x08A3, 0x08A3, 0x08A3, 0x08A3, 0x08A3, 0x08A3, 0x08A3,
0x08A3, 0x0883, 0x0883, 0x08A3, 0x0883, 0x0883, 0x0883, 0x0883, 0x0883, 0x08A3, 0x08A3, 0x0883,
0x0883, 0x0883, 0x0883, 0x0883, 0x08A3, 0x08A3, 0x10C3, 0x10C3, 0x10C3, 0x10C3, 0x10C3, 0x10C4,
0x10C4, 0x10C4, 0x10E4, 0x10E4, 0x10E4, 0x10E4, 0x10E4, 0x10C4, 0x10C4, 0x10C4, 0x10E4, 0x1905,
0x1905, 0x10E4, 0x10C4, 0x1905, 0x632D, 0x7BCF, 0x7BCF, 0x7BCF, 0x7BEF, 0x8410, 0x8410, 0x8410,
0x83F0, 0x73AE, 0x738E, 0x738E, 0x738E, 0x738E, 0x736E, 0x736E, 0x6B8E, 0x6B6E, 0x6B6D, 0x7BF0,
0x8410, 0x4229, 0x0042, 0x0862, 0x0862, 0x0882, 0x0882, 0x0882, 0x0883, 0x08A3, 0x08A3, 0x08A3,
0x08A3, 0x0883, 0x0883, 0x0883, 0x0883, 0x0883, 0x0883, 0x0883, 0x08A3, 0x08A3, 0x08A3, 0x0883,
0x08A3, 0x08A3, 0x08A3, 0x08A3, 0x10C3, 0x10C3, 0x10C3, 0x10C3, 0x10C3, 0x10C3, 0x10C4, 0x10C4,
0x10C4, 0x10C4, 0x10C4, 0x10C4, 0x10C4, 0x10C4, 0x10E4, 0x18E4, 0x18E4, 0x10E4, 0x10E4, 0x10E4,
0x18E4, 0x1905, 0x1905, 0x1905, 0x1905, 0x1905, 0x1905, 0x1905, 0x1905, 0x1925, 0x2125, 0x1925,
0x1905, 0x1905, 0x2125, 0x2125, 0x2125, 0x2125, 0x2125, 0x2125, 0x2125, 0x2125, 0x2145, 0x2145,
0x2145, 0x2145, 0x2145, 0x2145, 0x2146, 0x2166, 0x2146, 0x2146, 0x2146, 0x2146, 0x2146, 0x2145,
0x2145, 0x2145, 0x2145, 0x2145, 0x2145, 0x2146, 0x31C8, 0x4229, 0x39E8, 0x2945, 0x10A3, 0x0021,
0x0021, 0x0021, 0x0021, 0x0021, 0x0021, 0x0021, 0x0021, 0x0001, 0x0001, 0x0001, 0x0001, 0x0001,
0x0001, 0x0001, 0x0001, 0x0042, 0x1904, 0x31A7, 0x31A7, 0x2145, 0x10A3, 0x10E4, 0x10E4, 0x18E4,
0x10E4, 0x10E4, 0x18E4, 0x18E4, 0x10E4, 0x10C4, 0x0883, 0x0883, 0x0883, 0x0883, 0x10A3, 0x10C4,
0x73AE, 0x738E, 0x738E, 0x738E, 0x73AF, 0x73AF, 0x73AF, 0x73AF, 0x73CF, 0x73CF, 0x73AF, 0x7BCF,
0x7BAF, 0x7BAF, 0x73AE, 0x73AE, 0x73AF, 0x738E, 0x632D, 0x5AEC, 0x4A6A, 0x39E8, 0x2166, 0x10C4,
0x0042, 0x0022, 0x0042, 0x0042, 0x0042, 0x0042, 0x0042, 0x0062, 0x0062, 0x0083, 0x0883, 0x08A3,
0x0883, 0x0083, 0x0063, 0x0062, 0x0042, 0x0042, 0x0042, 0x0042, 0x0042, 0x0041, 0x0041, 0x0041,
0x0041, 0x0042, 0x0883, 0x2125, 0x31A7, 0x4A4A, 0x5ACB, 0x6B2D, 0x73AE, 0x7BCF, 0x738E, 0x5ACB,
0x3A09, 0x1925, 0x10E5, 0x10C4, 0x08A4, 0x08A3, 0x08A3, 0x08A3, 0x08A3, 0x10C3, 0x10C4, 0x10E4,
0x10E4, 0x10E4, 0x1904, 0x10E4, 0x1905, 0x1905, 0x1905, 0x1905, 0x1905, 0x1905, 0x1905, 0x1905,
0x1905, 0x1925, 0x1905, 0x1905, 0x1905, 0x1925, 0x1905, 0x1905, 0x1905, 0x1905, 0x1905, 0x1905,
0x1905, 0x18E5, 0x18E5, 0x18E5, 0x18E4, 0x10E4, 0x10E4, 0x10E4, 0x10E4, 0x10E4, 0x10C4, 0x10C4,
0x10C4, 0x10C4, 0x10C4, 0x10C4, 0x10C4, 0x10C4, 0x10C4, 0x10C3, 0x08A3, 0x08A3, 0x08A3, 0x08A3,
0x08A3, 0x08A3, 0x0883, 0x0883, 0x08A3, 0x08A3, 0x08A3, 0x0883, 0x0883, 0x0883, 0x0883, 0x0883,
0x0883, 0x08A3, 0x08A3, 0x08A3, 0x0883, 0x0883, 0x0883, 0x0883, 0x08A3, 0x08A3, 0x0883, 0x0862,
0x08A3, 0x10A3, 0x10C4, 0x08A3, 0x10C4, 0x10C4, 0x10C4, 0x10C4, 0x10C4, 0x10C4, 0x10E4, 0x10E4,
0x10E4, 0x10C4, 0x10C4, 0x10E4, 0x10C4, 0x10E4, 0x18E5, 0x18E4, 0x18E5, 0x18E5, 0x18E4, 0x10E4,
0x1905, 0x52AB, 0x7BCF, 0x7BCF, 0x7BCF, 0x7BEF, 0x8410, 0x8430, 0x8430, 0x8410, 0x73AE, 0x736E,
0x738E, 0x6B6E, 0x6B6E, 0x6B6E, 0x736E, 0x6B6E, 0x6B6D, 0x738E, 0x8410, 0x73AF, 0x1904, 0x0062,
0x0862, 0x0882, 0x0882, 0x08A3, 0x08A3, 0x08A3, 0x08A3, 0x08A3, 0x08A3, 0x0883, 0x0883, 0x0883,
0x08A3, 0x08A3, 0x08A3, 0x08A3, 0x08A3, 0x08A3, 0x08A3, 0x08A3, 0x08A3, 0x08C3, 0x10C3, 0x10C3,
0x10C4, 0x10C4, 0x10C4, 0x10E4, 0x10C4, 0x10C4, 0x10C4, 0x10C4, 0x10C4, 0x10C4, 0x10C4, 0x10C4,
0x10C4, 0x10C4, 0x10C4, 0x10E4, 0x10E4, 0x10E4, 0x10E4, 0x10E4, 0x18E4, 0x1905, 0x1905, 0x1905,
0x1905, 0x1905, 0x1905, 0x1925, 0x1925, 0x1905, 0x1905, 0x1925, 0x1925, 0x1925, 0x1925, 0x1925,
0x2125, 0x2125, 0x2125, 0x2125, 0x2125, 0x2125, 0x2145, 0x2145, 0x2145, 0x2145, 0x2145, 0x2145,
0x2145, 0x2145, 0x2145, 0x2125, 0x2125, 0x2125, 0x2125, 0x2125, 0x2125, 0x2125, 0x2125, 0x2125,
0x2125, 0x1925, 0x2967, 0x4209, 0x4208, 0x31A7, 0x2125, 0x08A3, 0x0021, 0x0021, 0x0021, 0x0021,
0x0021, 0x0001, 0x0001, 0x0001, 0x0001, 0x0021, 0x0021, 0x0021, 0x0021, 0x0042, 0x1904, 0x39E8,
0x4249, 0x4A49, 0x31C7, 0x2145, 0x1904, 0x1904, 0x1904, 0x1904, 0x18E4, 0x1905, 0x10E4, 0x10C3,
0x0883, 0x0883, 0x0883, 0x0883, 0x08A3, 0x10C4, 0x10E4, 0x10E4, 0x6B6E, 0x6B6E, 0x738E, 0x738E,
0x738E, 0x73AF, 0x73AF, 0x73CF, 0x7BCF, 0x7BCF, 0x7BCF, 0x7BCF, 0x7BEF, 0x7BEF, 0x7BEF, 0x7BEF,
0x7BCF, 0x738E, 0x632D, 0x52AB, 0x3A08, 0x31A7, 0x10E5, 0x0042, 0x0042, 0x0042, 0x0042, 0x0042,
0x0042, 0x0042, 0x0042, 0x0042, 0x0062, 0x0063, 0x0063, 0x0063, 0x0063, 0x0062, 0x0042, 0x0042,
0x0042, 0x0042, 0x0042, 0x0042, 0x0042, 0x0022, 0x0041, 0x0041, 0x0041, 0x0882, 0x1904, 0x31A7,
0x4209, 0x5AAB, 0x6B2D, 0x738E, 0x83F0, 0x7BCF, 0x6B4D, 0x4249, 0x1905, 0x10E4, 0x10C4, 0x08A3,
0x08A3, 0x08A3, 0x08A3, 0x08A3, 0x10C3, 0x10C4, 0x10C4, 0x10E4, 0x10E4, 0x10E4, 0x1904, 0x1905,
0x1905, 0x1905, 0x1905, 0x1905, 0x1905, 0x1905, 0x1905, 0x1905, 0x1905, 0x1905, 0x1905, 0x1905,
0x1925, 0x1926, 0x1905, 0x1905, 0x1905, 0x1905, 0x1905, 0x1905, 0x1905, 0x18E5, 0x18E5, 0x18E5,
0x18E4, 0x10C4, 0x18E5, 0x18E5, 0x10E4, 0x10E4, 0x10C4, 0x10C4, 0x10C4, 0x10C4, 0x10C4, 0x10C4,
0x10A4, 0x10C3, 0x10C4, 0x10C3, 0x08A3, 0x08A3, 0x08A3, 0x0883, 0x0883, 0x0883, 0x0883, 0x0883,
0x0883, 0x0083, 0x0082, 0x0883, 0x00A2, 0x0882, 0x0883, 0x0082, 0x0883, 0x0883, 0x0883, 0x0883,
0x0883, 0x0883, 0x0883, 0x0883, 0x08A3, 0x08A3, 0x08A3, 0x0882, 0x08A3, 0x10A3, 0x10C3, 0x08A3,
0x10C3, 0x10C4, 0x10C4, 0x10C4, 0x10C4, 0x10C4, 0x10E4, 0x10E4, 0x10E4, 0x10C4, 0x10C4, 0x10C4,
0x10E4, 0x10C4, 0x10E4, 0x10E4, 0x18E4, 0x18E4, 0x18E4, 0x1905, 0x10A4, 0x10C4, 0x4A6A, 0x7BCF,
0x7BCF, 0x7BCF, 0x7BCF, 0x8410, 0x8C30, 0x8C30, 0x8410, 0x73AE, 0x6B8E, 0x6B6D, 0x6B6D, 0x6B6D,
0x6B6E, 0x736E, 0x6B6D, 0x6B4D, 0x7BCF, 0x8410, 0x5AEC, 0x0062, 0x0862, 0x0882, 0x0882, 0x08A3,
0x08A3, 0x08A3, 0x08A3, 0x08A3, 0x08A3, 0x0883, 0x08A3, 0x08A3, 0x08A3, 0x08A3, 0x08A3, 0x08A3,
0x08A3, 0x08A3, 0x08A3, 0x08A3, 0x10C3, 0x10C3, 0x10C4, 0x10C4, 0x10C4, 0x10E4, 0x10E4, 0x10E4,
0x10C4, 0x10C4, 0x10C4, 0x10C4, 0x10C4, 0x10C4, 0x10C4, 0x10C4, 0x10C4, 0x10C4, 0x10C4, 0x10E4,
0x10E4, 0x10E4, 0x18E4, 0x18E4, 0x18E4, 0x1905, 0x1905, 0x1905, 0x1905, 0x1905, 0x1905, 0x1905,
0x1925, 0x1905, 0x1905, 0x1905, 0x1905, 0x1905, 0x1905, 0x1925, 0x1925, 0x2125, 0x2125, 0x2125,
0x2145, 0x2125, 0x2145, 0x2145, 0x2145, 0x2145, 0x2145, 0x2145, 0x2145, 0x2145, 0x2145, 0x2125,
0x2125, 0x2125, 0x2125, 0x2125, 0x2125, 0x2125, 0x1925, 0x2125, 0x2125, 0x2125, 0x2126, 0x31A7,
0x4229, 0x4208, 0x31A7, 0x1904, 0x0882, 0x0021, 0x0021, 0x0021, 0x0021, 0x0001, 0x0001, 0x0001,
0x0001, 0x0021, 0x0021, 0x0021, 0x0042, 0x1905, 0x4229, 0x528A, 0x528A, 0x4228, 0x2125, 0x18E4,
0x1904, 0x1904, 0x1905, 0x1905, 0x1904, 0x10E4, 0x10A3, 0x08A3, 0x0883, 0x0883, 0x08A3, 0x10A3,
0x10C4, 0x10C4, 0x10C4, 0x10C4, 0x6B4D, 0x6B4E, 0x736E, 0x738E, 0x738E, 0x73AF, 0x7BCF, 0x7BF0,
0x7BF0, 0x7BF0, 0x7BEF, 0x7BEF, 0x7BEF, 0x7BEF, 0x7BEF, 0x7BF0, 0x7BAF, 0x738E, 0x632D, 0x4A8A,
0x31C7, 0x1905, 0x0063, 0x0042, 0x0041, 0x0041, 0x0042, 0x0042, 0x0042, 0x0042, 0x0042, 0x0042,
0x0062, 0x0062, 0x0062, 0x0042, 0x0042, 0x0042, 0x0022, 0x0022, 0x0022, 0x0042, 0x0042, 0x0042,
0x0042, 0x0042, 0x0021, 0x0042, 0x0883, 0x1905, 0x31C7, 0x4209, 0x528A, 0x632D, 0x738E, 0x7BCF,
0x7BEF, 0x7BCF, 0x630C, 0x31A7, 0x10C4, 0x10C4, 0x08A3, 0x08A3, 0x08A3, 0x08A3, 0x08A3, 0x10C4,
0x10C4, 0x10C4, 0x10E4, 0x10E4, 0x1904, 0x10E4, 0x1905, 0x1905, 0x1905, 0x1905, 0x1905, 0x1905,
0x1905, 0x1905, 0x1905, 0x1905, 0x1905, 0x1905, 0x1905, 0x1925, 0x1905, 0x1925, 0x2146, 0x1905,
0x1905, 0x1905, 0x1905, 0x18E5, 0x1905, 0x10E5, 0x1905, 0x18E5, 0x10C4, 0x10E4, 0x10E4, 0x10E4,
0x10E4, 0x10C4, 0x10E4, 0x10C4, 0x10C4, 0x10C4, 0x08A3, 0x08A3, 0x08A3, 0x08A3, 0x08C3, 0x08A3,
0x08A3, 0x08A3, 0x08A3, 0x0883, 0x0883, 0x0883, 0x0883, 0x0883, 0x0883, 0x0883, 0x0882, 0x0883,
0x0883, 0x0082, 0x0882, 0x0883, 0x0883, 0x0883, 0x08A3, 0x0883, 0x0883, 0x0883, 0x08A3, 0x0883,
0x0883, 0x08A3, 0x08A3, 0x0883, 0x08A3, 0x08A3, 0x10C3, 0x08A3, 0x10C4, 0x10C4, 0x10C4, 0x10C4,
0x10C4, 0x10C4, 0x10E4, 0x10E4, 0x10E4, 0x10E4, 0x10C4, 0x10C4, 0x10C4, 0x10A3, 0x10C4, 0x10E4,
0x18E4, 0x18E4, 0x1905, 0x18E4, 0x10C4, 0x10C4, 0x18E4, 0x4A8A, 0x73AF, 0x7BCF, 0x7BCF, 0x7BCF,
0x8410, 0x8410, 0x8410, 0x840F, 0x73AE, 0x6B6D, 0x6B6D, 0x6B6D, 0x6B6E, 0x736E, 0x6B6D, 0x6B4D,
0x736E, 0x8410, 0x73AE, 0x2945, 0x0862, 0x0883, 0x0882, 0x0883, 0x08A3, 0x08A3, 0x08A3, 0x08A3,
0x08A3, 0x0883, 0x08A3, 0x10C3, 0x08A3, 0x08A3, 0x10A3, 0x10A3, 0x10C3, 0x10C3, 0x10C3, 0x10C3,
0x10C4, 0x10C4, 0x10C4, 0x10E4, 0x10E4, 0x10E4, 0x10E4, 0x10E4, 0x10E4, 0x10C4, 0x10C4, 0x10C4,
0x10C4, 0x10C4, 0x10C4, 0x10C4, 0x10C4, 0x10C4, 0x10C4, 0x18E4, 0x10E4, 0x18E4, 0x18E4, 0x18E4,
0x1905, 0x1905, 0x1905, 0x1905, 0x1905, 0x1905, 0x1905, 0x1905, 0x1905, 0x1905, 0x1905, 0x1905,
0x1905, 0x1905, 0x1905, 0x1905, 0x1925, 0x2125, 0x2125, 0x2125, 0x2125, 0x2125, 0x2145, 0x2145,
0x2145, 0x2146, 0x2146, 0x2145, 0x2145, 0x2145, 0x2125, 0x2125, 0x2125, 0x2125, 0x2125, 0x2125,
0x1925, 0x1925, 0x1925, 0x1925, 0x1925, 0x1905, 0x1905, 0x2986, 0x3A08, 0x3A08, 0x39C7, 0x2986,
0x2125, 0x08A3, 0x0021, 0x0021, 0x0001, 0x0001, 0x0001, 0x0021, 0x0021, 0x0021, 0x0041, 0x10C4,
0x2166, 0x3A09, 0x426A, 0x4208, 0x2986, 0x2104, 0x1904, 0x1904, 0x1904, 0x1905, 0x1905, 0x1904,
0x10E4, 0x10A3, 0x08A3, 0x0883, 0x0883, 0x08A3, 0x10A3, 0x10C4, 0x10A3, 0x10A3, 0x10A3, 0x10A3,
0x6B4D, 0x6B6E, 0x738E, 0x738E, 0x73AF, 0x7BCF, 0x7BCF, 0x83F0, 0x83F0, 0x8410, 0x8410, 0x840F,
0x7BEF, 0x7BEF, 0x7BEF, 0x7BCF, 0x736E, 0x6B6E, 0x52AB, 0x4229, 0x1925, 0x0062, 0x0021, 0x0041,
0x0041, 0x0042, 0x0042, 0x0042, 0x0042, 0x0042, 0x0042, 0x0042, 0x0042, 0x0042, 0x0042, 0x0042,
0x0042, 0x0022, 0x0022, 0x0022, 0x0022, 0x0022, 0x0042, 0x0041, 0x0041, 0x0042, 0x0042, 0x0863,
0x18E5, 0x31A8, 0x4229, 0x528B, 0x632D, 0x6B8E, 0x73CF, 0x7BF0, 0x7BAE, 0x6B4D, 0x4229, 0x1905,
0x08A3, 0x08A3, 0x0883, 0x08A3, 0x08A4, 0x10C4, 0x10C4, 0x10E4, 0x10E4, 0x10E4, 0x1905, 0x1905,
0x1905, 0x1905, 0x1905, 0x1905, 0x1905, 0x1905, 0x1905, 0x1905, 0x1905, 0x1905, 0x1905, 0x1925,
0x1905, 0x1925, 0x1905, 0x1925, 0x1905, 0x1925, 0x1925, 0x1905, 0x1905, 0x1905, 0x1905, 0x18E4,
0x1905, 0x10E5, 0x10E4, 0x10E4, 0x10E4, 0x10E4, 0x10C4, 0x10C4, 0x10C4, 0x10C4, 0x10C4, 0x10C3,
0x10C4, 0x10A3, 0x08A3, 0x08A3, 0x08A3, 0x0883, 0x0883, 0x08A3, 0x0883, 0x08A3, 0x0883, 0x0883,
0x0883, 0x0883, 0x0062, 0x0062, 0x0062, 0x0882, 0x0883, 0x0883, 0x0883, 0x0082, 0x0062, 0x0883,
0x0062, 0x0883, 0x08A3, 0x08A3, 0x0883, 0x0883, 0x08A3, 0x0883, 0x0883, 0x0883, 0x08A3, 0x08A3,
0x08A3, 0x08A3, 0x10C4, 0x10C4, 0x10C4, 0x10C4, 0x10C4, 0x10E4, 0x10E4, 0x10E4, 0x10E4, 0x10E4,
0x10E4, 0x10E4, 0x10C4, 0x10C4, 0x10C4, 0x10C3, 0x10A4, 0x10E5, 0x18E4, 0x18E4, 0x18E4, 0x1904,
0x1905, 0x1905, 0x1905, 0x10E4, 0x3A08, 0x73AE, 0x7BEF, 0x7BCF, 0x7BCF, 0x83EF, 0x8410, 0x8410,
0x840F, 0x7BCE, 0x736D, 0x6B6D, 0x6B6E, 0x736E, 0x6B6D, 0x6B6E, 0x6B4D, 0x73AF, 0x8410, 0x5AEC,
0x0862, 0x0883, 0x0882, 0x0883, 0x0883, 0x0883, 0x0883, 0x0883, 0x0883, 0x0883, 0x08A3, 0x10C3,
0x10C3, 0x08A3, 0x10A3, 0x10A3, 0x10C4, 0x10C4, 0x10C4, 0x10C4, 0x10C4, 0x10C4, 0x10C4, 0x10E4,
0x10E4, 0x1905, 0x1904, 0x18E4, 0x10E4, 0x10E4, 0x10C4, 0x10C4, 0x10C4, 0x10C4, 0x18C4, 0x18C4,
0x10C4, 0x10C4, 0x10C4, 0x10E4, 0x10E4, 0x18E4, 0x18E4, 0x18E4, 0x18E5, 0x1905, 0x1905, 0x1905,
0x1905, 0x1905, 0x1905, 0x1905, 0x1905, 0x1905, 0x1905, 0x1905, 0x1905, 0x1905, 0x1905, 0x1905,
0x1905, 0x1925, 0x1925, 0x2125, 0x2125, 0x2145, 0x2145, 0x2146, 0x2166, 0x2146, 0x2146, 0x2146,
0x2146, 0x2125, 0x2125, 0x2125, 0x2125, 0x2125, 0x2125, 0x1905, 0x1925, 0x1925, 0x1925, 0x1905,
0x1905, 0x1925, 0x1925, 0x2125, 0x31C7, 0x3A08, 0x3A08, 0x31C8, 0x31A7, 0x2146, 0x10A3, 0x0021,
0x0001, 0x0001, 0x0001, 0x0021, 0x0042, 0x10C4, 0x2966, 0x31A7, 0x4249, 0x3A08, 0x2966, 0x18E4,
0x18E4, 0x1904, 0x1905, 0x1905, 0x1905, 0x1904, 0x10E4, 0x08A3, 0x08A3, 0x0883, 0x08A3, 0x08A3,
0x10A3, 0x10C4, 0x10C3, 0x10A3, 0x10A3, 0x10A3, 0x08A3, 0x0883, 0x6B4D, 0x738E, 0x738F, 0x73AF,
0x7BCF, 0x7BCF, 0x7BCF, 0x83F0, 0x8410, 0x8410, 0x8410, 0x83F0, 0x7BCF, 0x73AE, 0x738E, 0x6B4D,
0x632D, 0x5AEC, 0x4A6A, 0x2146, 0x0883, 0x0041, 0x0041, 0x0041, 0x0041, 0x0042, 0x0042, 0x0042,
0x0042, 0x0042, 0x0042, 0x0042, 0x0042, 0x0042, 0x0042, 0x0042, 0x0042, 0x0022, 0x0022, 0x0022,
0x0022, 0x0022, 0x0042, 0x0042, 0x0042, 0x0042, 0x0883, 0x18E5, 0x2166, 0x3A09, 0x52AB, 0x632D,
0x6B4D, 0x73AE, 0x7BEF, 0x7BEF, 0x738E, 0x5AEC, 0x2966, 0x08A4, 0x08A3, 0x08A3, 0x08A3, 0x08A3,
0x10C4, 0x10C4, 0x10C4, 0x10E4, 0x10E4, 0x1904, 0x1905, 0x1905, 0x1905, 0x1905, 0x1905, 0x1905,
0x1905, 0x1905, 0x1905, 0x1905, 0x1905, 0x1905, 0x1905, 0x1926, 0x1925, 0x1925, 0x1905, 0x1905,
0x1904, 0x1905, 0x1925, 0x1905, 0x1905, 0x1905, 0x1905, 0x18E4, 0x1905, 0x18E5, 0x10E4, 0x10E4,
0x10E4, 0x10E4, 0x10C4, 0x10C4, 0x10C4, 0x10C4, 0x08A3, 0x08A3, 0x08A3, 0x0883, 0x0883, 0x0883,
0x0883, 0x0883, 0x0083, 0x0883, 0x0083, 0x08A3, 0x0082, 0x0883, 0x0883, 0x0883, 0x0062, 0x0063,
0x0883, 0x0882, 0x0882, 0x0882, 0x0882, 0x0882, 0x0883, 0x0082, 0x0883, 0x08A3, 0x08A3, 0x08A3,
0x08A3, 0x0883, 0x08A3, 0x0883, 0x0883, 0x08A3, 0x08A3, 0x08A3, 0x08A3, 0x08A3, 0x10A4, 0x10C4,
0x10C4, 0x10C4, 0x10C4, 0x10E4, 0x10E4, 0x10E4, 0x10E4, 0x10E4, 0x10E4, 0x10E4, 0x10E4, 0x10C4,
0x10C4, 0x10C4, 0x10C4, 0x10E5, 0x18E5, 0x18E4, 0x18E4, 0x18E4, 0x1905, 0x1905, 0x1905, 0x2146,
0x10C3, 0x39E7, 0x6B6E, 0x7BEF, 0x7BAF, 0x7BCF, 0x8410, 0x8410, 0x8410, 0x8410, 0x7BCE, 0x738D,
0x6B6E, 0x736E, 0x6B6D, 0x6B4D, 0x6B4D, 0x6B6D, 0x8410, 0x83F0, 0x31A7, 0x0063, 0x0883, 0x0883,
0x0883, 0x0883, 0x0883, 0x0883, 0x0883, 0x0883, 0x08A3, 0x10C3, 0x10C4, 0x10C3, 0x10A3, 0x10A3,
0x10C4, 0x10C4, 0x10C4, 0x10C4, 0x10C4, 0x10C4, 0x10C4, 0x10E4, 0x10E4, 0x1905, 0x1905, 0x1904,
0x18E4, 0x10E4, 0x10E4, 0x10E4, 0x10E4, 0x10C4, 0x18C4, 0x18C4, 0x10C4, 0x10C4, 0x10C4, 0x10E4,
0x10E4, 0x10E4, 0x18E4, 0x18E4, 0x18E4, 0x1905, 0x1905, 0x1905, 0x1905, 0x1905, 0x1905, 0x1905,
0x1905, 0x1905, 0x1905, 0x1905, 0x1905, 0x1905, 0x1905, 0x1905, 0x1905, 0x1925, 0x1925, 0x2125,
0x2145, 0x2145, 0x2145, 0x2145, 0x2146, 0x2146, 0x2145, 0x2145, 0x2125, 0x2125, 0x2125, 0x1925,
0x1925, 0x1925, 0x1925, 0x1905, 0x1905, 0x1905, 0x1905, 0x1905, 0x1905, 0x1905, 0x1905, 0x1904,
0x29A7, 0x3A08, 0x3A29, 0x3A08, 0x39E8, 0x31C7, 0x2966, 0x1904, 0x0883, 0x0022, 0x0021, 0x0882,
0x10C4, 0x29A7, 0x3A29, 0x4229, 0x31C8, 0x2146, 0x1905, 0x18E4, 0x18E4, 0x1905, 0x1905, 0x1905,
0x1904, 0x10C4, 0x08A3, 0x0883, 0x0883, 0x0883, 0x08A3, 0x10A3, 0x10C4, 0x10C3, 0x10A3, 0x08A3,
0x08A3, 0x08A3, 0x0882, 0x0042, 0x738F, 0x73AF, 0x7BAF, 0x7BCF, 0x83F0, 0x83F0, 0x83F0, 0x8410,
0x8410, 0x8410, 0x7BF0, 0x7BCF, 0x6B6E, 0x6B4D, 0x5AEC, 0x4A6A, 0x4A6A, 0x39E8, 0x2166, 0x0063,
0x0062, 0x0041, 0x0041, 0x0041, 0x0041, 0x0041, 0x0042, 0x0042, 0x0042, 0x0042, 0x0042, 0x0042,
0x0042, 0x0042, 0x0042, 0x0042, 0x0042, 0x0022, 0x0022, 0x0022, 0x0042, 0x0042, 0x0042, 0x0042,
0x0042, 0x08A3, 0x10E4, 0x2986, 0x3A08, 0x4A8B, 0x632D, 0x738E, 0x73AF, 0x7BEF, 0x7BEF, 0x7BCF,
0x634D, 0x3A09, 0x1105, 0x10C4, 0x08A3, 0x08A3, 0x10A4, 0x10C4, 0x10C4, 0x10E4, 0x10E4, 0x10E4,
0x1905, 0x10E4, 0x1905, 0x1905, 0x1905, 0x1905, 0x1905, 0x1905, 0x1905, 0x1905, 0x1925, 0x2125,
0x2125, 0x1925, 0x1925, 0x1925, 0x1925, 0x1905, 0x1905, 0x1905, 0x1905, 0x1905, 0x1905, 0x1905,
0x1905, 0x18E5, 0x18E5, 0x18E4, 0x18E5, 0x1905, 0x10E4, 0x10C4, 0x10E4, 0x10E4, 0x10C4, 0x10C3,
0x10C3, 0x08A3, 0x08A3, 0x08A3, 0x08A3, 0x08A3, 0x08A3, 0x0062, 0x0062, 0x0062, 0x0062, 0x0082,
0x0083, 0x0062, 0x0062, 0x0063, 0x0062, 0x0863, 0x0883, 0x0883, 0x0883, 0x0882, 0x0882, 0x0062,
0x0082, 0x0062, 0x08A3, 0x0082, 0x0082, 0x08A3, 0x08A3, 0x08A3, 0x08A3, 0x08A3, 0x08A3, 0x08A3,
0x08A3, 0x08A3, 0x08A3, 0x08A3, 0x08A3, 0x08A3, 0x10C4, 0x10C4, 0x10C4, 0x10C4, 0x10E4, 0x10E4,
0x10E4, 0x10E4, 0x10E4, 0x10E4, 0x10E4, 0x10E4, 0x10E4, 0x10C4, 0x10C4, 0x10C4, 0x10C4, 0x10C4,
0x10E4, 0x10E4, 0x10E4, 0x10E4, 0x18E5, 0x18E5, 0x1905, 0x2125, 0x1925, 0x10E4, 0x2986, 0x6B4D,
0x73AF, 0x7BCF, 0x7BCF, 0x83EF, 0x8410, 0x8410, 0x83EF, 0x73AE, 0x738E, 0x6B6E, 0x6B6E, 0x6B4D,
0x6B4D, 0x6B4D, 0x738E, 0x840F, 0x6B4D, 0x08A3, 0x0062, 0x0883, 0x08A3, 0x08A3, 0x08A3, 0x08A3,
0x08A3, 0x08A3, 0x10C3, 0x10C4, 0x10C4, 0x10C4, 0x10C4, 0x10C4, 0x10C4, 0x10C4, 0x10C4, 0x10C4,
0x10E4, 0x10C4, 0x10C4, 0x10E4, 0x10E4, 0x1905, 0x1905, 0x1905, 0x1904, 0x18E4, 0x18E4, 0x10E4,
0x10E4, 0x10C4, 0x10C4, 0x10C4, 0x10C4, 0x10C4, 0x10C4, 0x10C4, 0x10C4, 0x10C4, 0x10E4, 0x10E4,
0x10E4, 0x18E4, 0x1904, 0x1905, 0x1905, 0x1905, 0x1905, 0x1905, 0x1905, 0x1905, 0x1905, 0x1905,
0x1905, 0x1905, 0x1905, 0x1905, 0x1905, 0x1925, 0x1925, 0x1925, 0x2125, 0x2125, 0x2145, 0x2145,
0x2145, 0x2125, 0x2125, 0x2125, 0x2125, 0x2125, 0x1925, 0x1925, 0x1925, 0x1905, 0x1905, 0x1905,
0x1905, 0x1905, 0x1905, 0x1905, 0x1905, 0x1905, 0x1904, 0x1904, 0x2166, 0x3A08, 0x4249, 0x4209,
0x3A08, 0x3A08, 0x3A08, 0x39E8, 0x2986, 0x2125, 0x10C4, 0x2125, 0x31C7, 0x4249, 0x3A08, 0x2986,
0x1904, 0x1904, 0x1904, 0x18E4, 0x18E4, 0x1905, 0x18E4, 0x10E4, 0x10C3, 0x08A3, 0x0883, 0x0883,
0x08A3, 0x08A3, 0x10A3, 0x10A3, 0x10A3, 0x08A3, 0x0883, 0x0883, 0x0883, 0x0062, 0x0021, 0x0021,
0x7BAF, 0x7BCF, 0x7BF0, 0x7BF0, 0x83F0, 0x83F0, 0x83F0, 0x83F0, 0x83F0, 0x83F0, 0x7BCF, 0x6B6D,
0x632D, 0x4A6A, 0x39E8, 0x2986, 0x2125, 0x10E4, 0x0882, 0x0042, 0x0041, 0x0041, 0x0041, 0x0041,
0x0041, 0x0041, 0x0042, 0x0042, 0x0042, 0x0042, 0x0042, 0x0042, 0x0042, 0x0042, 0x0022, 0x0022,
0x0022, 0x0021, 0x0021, 0x0022, 0x0042, 0x0042, 0x0042, 0x0063, 0x0883, 0x10E4, 0x2966, 0x31C7,
0x4A8A, 0x632C, 0x73AF, 0x7BCF, 0x7BCF, 0x7BEF, 0x7BEF, 0x6B8E, 0x5AEC, 0x29A8, 0x08C4, 0x10E4,
0x10C4, 0x10A4, 0x10C4, 0x10C4, 0x10C4, 0x10E4, 0x10E4, 0x10E4, 0x1905, 0x1905, 0x1905, 0x1905,
0x1905, 0x1905, 0x1905, 0x1905, 0x1905, 0x1905, 0x1925, 0x2125, 0x2125, 0x2125, 0x2125, 0x1925,
0x1925, 0x1905, 0x1905, 0x1905, 0x1905, 0x1905, 0x1905, 0x1905, 0x18E5, 0x18E4, 0x18E4, 0x18E4,
0x18E4, 0x10E4, 0x10E4, 0x10C3, 0x10C4, 0x10C4, 0x08A3, 0x08A3, 0x10C3, 0x08A3, 0x08A3, 0x08A3,
0x08A3, 0x08A3, 0x0883, 0x0062, 0x0062, 0x0062, 0x0062, 0x0062, 0x0062, 0x0062, 0x0063, 0x0062,
0x0062, 0x0063, 0x0883, 0x0062, 0x0882, 0x0883, 0x0062, 0x0882, 0x0883, 0x0883, 0x08A3, 0x08A3,
0x08A3, 0x08A3, 0x08A3, 0x08A3, 0x08A3, 0x08A3, 0x08A3, 0x08A3, 0x08A3, 0x08A3, 0x08A3, 0x08A3,
0x08A3, 0x08A3, 0x10C4, 0x10C4, 0x10C4, 0x10C4, 0x10C4, 0x10E4, 0x10E4, 0x10E4, 0x10E4, 0x10E4,
0x1905, 0x10E4, 0x10E4, 0x10C4, 0x10C4, 0x10C4, 0x10C4, 0x10C4, 0x10E4, 0x10E4, 0x10E4, 0x10E4,
0x18E5, 0x18E5, 0x18E5, 0x1905, 0x1925, 0x2166, 0x1905, 0x31C7, 0x6B6E, 0x7BCF, 0x7BCF, 0x7BCF,
0x83EF, 0x8410, 0x8410, 0x7BEF, 0x73AE, 0x6B6E, 0x6B6D, 0x6B4D, 0x6B4D, 0x6B4D, 0x634D, 0x7BEF,
0x8410, 0x4249, 0x0062, 0x08A3, 0x08A3, 0x08A3, 0x08A3, 0x08A3, 0x08A3, 0x10C3, 0x10C3, 0x10C4,
0x10C4, 0x10C4, 0x10C4, 0x10C4, 0x10C4, 0x10C4, 0x10C4, 0x10C4, 0x10E4, 0x10E4, 0x10C4, 0x10E4,
0x10E4, 0x1905, 0x1905, 0x1905, 0x1904, 0x18E4, 0x18E4, 0x10E4, 0x10E4, 0x10C4, 0x10C4, 0x10C4,
0x10C4, 0x10C4, 0x10C4, 0x10C4, 0x10C4, 0x10C4, 0x10E4, 0x10E4, 0x18E4, 0x1905, 0x1905, 0x1905,
0x1905, 0x1905, 0x1905, 0x1905, 0x1905, 0x1905, 0x1905, 0x1905, 0x1905, 0x1905, 0x1905, 0x1905,
0x1905, 0x1925, 0x1925, 0x1925, 0x2125, 0x2125, 0x2145, 0x2145, 0x2145, 0x2125, 0x2125, 0x2125,
0x2125, 0x1925, 0x1925, 0x1905, 0x1904, 0x1905, 0x1905, 0x18E4, 0x18E4, 0x18E4, 0x18E4, 0x1905,
0x1905, 0x1905, 0x1904, 0x1904, 0x2125, 0x31E7, 0x4229, 0x4229, 0x4229, 0x4229, 0x4229, 0x4229,
0x4A49, 0x3A08, 0x3A08, 0x4229, 0x4249, 0x31C7, 0x2145, 0x1904, 0x1904, 0x1904, 0x1904, 0x1905,
0x1905, 0x18E4, 0x10C3, 0x08A3, 0x0883, 0x0883, 0x0883, 0x08A3, 0x08A3, 0x10C3, 0x10A3, 0x08A3,
0x08A3, 0x0883, 0x0883, 0x0862, 0x0042, 0x0021, 0x0021, 0x0021, 0x7BD0, 0x7BF0, 0x7BF0, 0x7BF0,
0x7BEF, 0x7BCF, 0x7BEF, 0x83F0, 0x7BEF, 0x7BCF, 0x634D, 0x5B0C, 0x4249, 0x2166, 0x2146, 0x08A3,
0x08A3, 0x0063, 0x0042, 0x0041, 0x0041, 0x0042, 0x0042, 0x0041, 0x0041, 0x0042, 0x0042, 0x0042,
0x0042, 0x0042, 0x0042, 0x0042, 0x0022, 0x0022, 0x0021, 0x0021, 0x0021, 0x0021, 0x0022, 0x0022,
0x0042, 0x0042, 0x0063, 0x08A4, 0x18E4, 0x2966, 0x31C7, 0x3A08, 0x5ACB, 0x6B6E, 0x7BCF, 0x7BF0,
0x7BEF, 0x7BEF, 0x7BCF, 0x6B4D, 0x426A, 0x1926, 0x08C4, 0x10C4, 0x10C4, 0x10C4, 0x10C4, 0x10E4,
0x10C4, 0x10E4, 0x10E4, 0x1905, 0x1905, 0x1904, 0x1905, 0x1905, 0x1905, 0x1905, 0x1905, 0x1905,
0x1905, 0x1925, 0x1925, 0x2125, 0x2125, 0x2125, 0x2125, 0x2125, 0x1925, 0x1925, 0x1905, 0x1905,
0x1905, 0x1905, 0x1905, 0x1905, 0x18E4, 0x10E4, 0x18E4, 0x18E4, 0x18E4, 0x10C4, 0x10C4, 0x10C4,
0x08A4, 0x10C3, 0x08A3, 0x08A3, 0x08A3, 0x0883, 0x0883, 0x0883, 0x0883, 0x0883, 0x0062, 0x0062,
0x0062, 0x0042, 0x0062, 0x0062, 0x0083, 0x0063, 0x0063, 0x0062, 0x0062, 0x0063, 0x0883, 0x0883,
0x0883, 0x0082, 0x0062, 0x0082, 0x08A3, 0x08A3, 0x08A3, 0x08A3, 0x08A3, 0x08A3, 0x08A3, 0x08A3,
0x0883, 0x0883, 0x08A3, 0x08A3, 0x08A3, 0x08A3, 0x08A3, 0x08A3, 0x08A3, 0x08A3, 0x10C4, 0x10C4,
0x10C4, 0x10C4, 0x10C4, 0x10E4, 0x10E4, 0x10E4, 0x10E4, 0x10E4, 0x10E4, 0x10E4, 0x10E4, 0x10C4,
0x10C4, 0x10C4, 0x10E4, 0x18E5, 0x18E4, 0x10E4, 0x10E4, 0x10E4, 0x18E5, 0x18E5, 0x18E5, 0x1905,
0x1905, 0x2146, 0x2166, 0x1905, 0x2987, 0x6B6D, 0x7BCF, 0x7BCF, 0x7BCE, 0x83EF, 0x8410, 0x8430,
0x7BF0, 0x738E, 0x736D, 0x6B4D, 0x6B4D, 0x6B4D, 0x634D, 0x6B8E, 0x7C10, 0x73AE, 0x2125, 0x08A3,
0x10C3, 0x10C3, 0x10C3, 0x10C3, 0x10C3, 0x10C4, 0x10C3, 0x10C4, 0x10C4, 0x10C4, 0x10C4, 0x10C4,
0x10C4, 0x10C4, 0x10C4, 0x10C4, 0x10E4, 0x10E4, 0x10C4, 0x10E4, 0x10E4, 0x1905, 0x1905, 0x1905,
0x1904, 0x18E4, 0x18E4, 0x10E4, 0x10E4, 0x10C4, 0x10C3, 0x10C3, 0x10C4, 0x10C4, 0x10C4, 0x10C4,
0x10C4, 0x10C4, 0x10E4, 0x10E4, 0x10E4, 0x18E4, 0x1905, 0x1905, 0x1905, 0x1905, 0x1905, 0x1905,
0x1905, 0x1905, 0x1905, 0x1905, 0x1905, 0x1905, 0x1905, 0x1905, 0x1905, 0x1925, 0x1925, 0x1925,
0x1925, 0x2125, 0x2145, 0x2145, 0x2125, 0x2125, 0x2125, 0x2125, 0x1905, 0x1905, 0x1905, 0x1904,
0x1904, 0x1905, 0x1905, 0x1905, 0x18E4, 0x18E4, 0x18E4, 0x1905, 0x1905, 0x1905, 0x1904, 0x1904,
0x1925, 0x29A6, 0x4229, 0x4229, 0x4229, 0x4229, 0x4249, 0x4A4A, 0x4A6A, 0x4A49, 0x4A69, 0x39E8,
0x2986, 0x2125, 0x1904, 0x1904, 0x1904, 0x1905, 0x1905, 0x18E4, 0x10C4, 0x10C4, 0x0883, 0x0062,
0x0082, 0x0883, 0x08A3, 0x08A3, 0x08A3, 0x08A3, 0x08A3, 0x08A3, 0x0883, 0x0883, 0x0062, 0x0042,
0x0021, 0x0021, 0x0021, 0x0021, 0x7BCF, 0x7BF0, 0x7BEF, 0x7BCF, 0x73AE, 0x73CF, 0x7BCF, 0x73AE,
0x738E, 0x6B4D, 0x630C, 0x52AB, 0x29A7, 0x08A3, 0x0042, 0x0042, 0x0042, 0x0042, 0x0022, 0x0022,
0x0022, 0x0022, 0x0022, 0x0042, 0x0042, 0x0042, 0x0042, 0x0042, 0x0042, 0x0042, 0x0041, 0x0021,
0x0021, 0x0021, 0x0021, 0x0021, 0x0021, 0x0022, 0x0062, 0x0062, 0x0883, 0x0883, 0x10C4, 0x1905,
0x2146, 0x31A7, 0x3A08, 0x52AB, 0x6B4D, 0x73AE, 0x8410, 0x8430, 0x8410, 0x83F0, 0x7BCF, 0x630C,
0x31C8, 0x10C4, 0x08C4, 0x08A3, 0x10C4, 0x10C4, 0x10E4, 0x10E4, 0x1905, 0x1905, 0x1905, 0x1905,
0x1905, 0x1905, 0x1905, 0x1905, 0x1905, 0x1905, 0x1905, 0x1925, 0x1925, 0x1925, 0x2145, 0x2145,
0x1925, 0x1925, 0x1925, 0x1925, 0x1925, 0x1925, 0x1905, 0x1905, 0x1905, 0x1905, 0x10E4, 0x18E5,
0x1905, 0x1905, 0x18E5, 0x18E4, 0x10E4, 0x10C4, 0x10C4, 0x10C3, 0x08A3, 0x08A3, 0x08A3, 0x08A3,
0x08A3, 0x0883, 0x0883, 0x0883, 0x0883, 0x0883, 0x0063, 0x0883, 0x0883, 0x0062, 0x0062, 0x0062,
0x0883, 0x0863, 0x0063, 0x0883, 0x0082, 0x0883, 0x0883, 0x0883, 0x0883, 0x0883, 0x0062, 0x0883,
0x0883, 0x0883, 0x08A3, 0x08A3, 0x08A3, 0x0883, 0x0883, 0x08A3, 0x08A3, 0x0883, 0x08A3, 0x10C4,
0x10C3, 0x10C4, 0x10C4, 0x10C4, 0x08A3, 0x10C4, 0x10C4, 0x18E4, 0x10E4, 0x10E4, 0x10E4, 0x10E4,
0x10E4, 0x10E4, 0x10E4, 0x10C4, 0x10C4, 0x10E4, 0x10C4, 0x10C4, 0x10C4, 0x10C4, 0x10E4, 0x18E4,
0x18E4, 0x10E4, 0x10E4, 0x10E4, 0x1905, 0x1905, 0x1905, 0x1905, 0x1905, 0x2125, 0x2125, 0x2145,
0x18E4, 0x31E7, 0x634D, 0x7BAF, 0x7BCF, 0x7BAE, 0x83EF, 0x8410, 0x83F0, 0x7BCF, 0x736D, 0x6B4D,
0x6B4D, 0x6B6D, 0x6B4E, 0x6B2D, 0x73AE, 0x7BF0, 0x52AB, 0x10A3, 0x18C4, 0x10C3, 0x10C3, 0x08C3,
0x10C4, 0x10C4, 0x10C4, 0x10C4, 0x10C4, 0x10C4, 0x10C4, 0x10C4, 0x10C4, 0x10E4, 0x10E4, 0x18E4,
0x10E4, 0x10E4, 0x10E4, 0x10C4, 0x18E4, 0x1905, 0x1905, 0x1905, 0x18E4, 0x10E4, 0x10E4, 0x10E4,
0x10E4, 0x10C4, 0x10C4, 0x10C4, 0x10C4, 0x10C4, 0x10C4, 0x10C4, 0x10C4, 0x10C4, 0x10E4, 0x10E4,
0x18E4, 0x1905, 0x1905, 0x1905, 0x1905, 0x1905, 0x1905, 0x1905, 0x1905, 0x1905, 0x1905, 0x1905,
0x1905, 0x1905, 0x1905, 0x1905, 0x1905, 0x1905, 0x1905, 0x1925, 0x2125, 0x2125, 0x2146, 0x1925,
0x2125, 0x2125, 0x2125, 0x1925, 0x1905, 0x1905, 0x1905, 0x1905, 0x1905, 0x18E4, 0x18E4, 0x18E4,
0x10E4, 0x10E4, 0x10E4, 0x1904, 0x1905, 0x18E4, 0x18E4, 0x18E4, 0x1904, 0x2966, 0x3A08, 0x4A6A,
0x4A49, 0x4A6A, 0x4A6A, 0x4A6A, 0x4249, 0x4229, 0x31C7, 0x2125, 0x18E4, 0x1905, 0x1905, 0x1905,
0x1904, 0x18E4, 0x10E4, 0x10C4, 0x08A3, 0x0883, 0x0862, 0x0862, 0x0883, 0x08A3, 0x10A3, 0x10A3,
0x08A3, 0x08A3, 0x0883, 0x0883, 0x0862, 0x0021, 0x0021, 0x0021, 0x0021, 0x0021, 0x0021, 0x0021,
0x7BCF, 0x7BCF, 0x7BAF, 0x738E, 0x738E, 0x738E, 0x738E, 0x738E, 0x6B4D, 0x630D, 0x52AB, 0x2987,
0x08A3, 0x0042, 0x0042, 0x0042, 0x0042, 0x0021, 0x0022, 0x0021, 0x0022, 0x0022, 0x0022, 0x0042,
0x0042, 0x0042, 0x0042, 0x0042, 0x0042, 0x0042, 0x0021, 0x0021, 0x0021, 0x0021, 0x0021, 0x0021,
0x0021, 0x0042, 0x0883, 0x08A3, 0x08A4, 0x10C4, 0x1905, 0x2987, 0x31C7, 0x3A08, 0x4A6A, 0x630C,
0x738E, 0x7BEF, 0x8410, 0x8430, 0x8410, 0x7BF0, 0x738F, 0x5ACC, 0x2966, 0x08A3, 0x10A3, 0x10C4,
0x10C4, 0x10E4, 0x10E4, 0x10E4, 0x1905, 0x1905, 0x1905, 0x1905, 0x1905, 0x1905, 0x1905, 0x1905,
0x1905, 0x1905, 0x1905, 0x1925, 0x2145, 0x2146, 0x2145, 0x2145, 0x1925, 0x1925, 0x1925, 0x1905,
0x1905, 0x1905, 0x1905, 0x1905, 0x18E5, 0x18E4, 0x10E4, 0x10E5, 0x18E5, 0x18E5, 0x10E4, 0x10C4,
0x10C4, 0x10C3, 0x08A3, 0x08A3, 0x08A3, 0x08A3, 0x08A3, 0x08A3, 0x08A3, 0x0883, 0x0883, 0x0882,
0x0042, 0x0042, 0x0883, 0x0883, 0x0883, 0x0062, 0x0062, 0x0062, 0x0063, 0x0883, 0x0062, 0x0882,
0x0882, 0x0882, 0x0882, 0x0883, 0x08A3, 0x0883, 0x0882, 0x0883, 0x0883, 0x0883, 0x08A3, 0x08A3,
0x08A3, 0x08A3, 0x08A3, 0x08A3, 0x08A3, 0x08A3, 0x08A3, 0x10C4, 0x10C3, 0x10C3, 0x10C4, 0x10C4,
0x08A3, 0x10C4, 0x10C4, 0x10E4, 0x10E4, 0x10E4, 0x10E4, 0x10E4, 0x10E4, 0x10E4, 0x10E4, 0x10C4,
0x10C4, 0x10E4, 0x10C4, 0x10C4, 0x10C4, 0x10C4, 0x10E4, 0x18E4, 0x18E4, 0x18E4, 0x18E4, 0x18E4,
0x1905, 0x1905, 0x1905, 0x1905, 0x1905, 0x2125, 0x2125, 0x2125, 0x2966, 0x1904, 0x4228, 0x7BAF,
0x7BCF, 0x7BCF, 0x7BCF, 0x83F0, 0x83F0, 0x83F0, 0x7BCF, 0x6B6D, 0x6B4D, 0x6B4D, 0x6B4E, 0x632D,
0x6B6E, 0x7BF0, 0x7BCF, 0x39E8, 0x18C4, 0x18C3, 0x10C3, 0x08C4, 0x10C4, 0x10C4, 0x10E4, 0x10C4,
0x10C4, 0x10C4, 0x10C4, 0x10C4, 0x10C4, 0x10E4, 0x10E4, 0x10E4, 0x10E4, 0x10E4, 0x10E4, 0x10E4,
0x18E4, 0x1905, 0x1905, 0x18E4, 0x10E4, 0x10E4, 0x10C4, 0x10C4, 0x10C4, 0x10C4, 0x10C4, 0x10C4,
0x10C4, 0x10C4, 0x10C4, 0x10C4, 0x10C4, 0x10C4, 0x10E4, 0x10E4, 0x18E4, 0x1905, 0x1905, 0x1905,
0x1905, 0x1905, 0x1905, 0x1905, 0x1905, 0x1905, 0x1905, 0x1905, 0x1905, 0x1905, 0x1905, 0x1905,
0x1905, 0x1905, 0x1905, 0x1925, 0x2125, 0x2125, 0x2125, 0x1925, 0x1905, 0x1905, 0x1905, 0x1905,
0x1905, 0x1905, 0x1905, 0x1905, 0x1904, 0x18E4, 0x10E4, 0x10E4, 0x10E4, 0x10E4, 0x10E4, 0x10E4,
0x1904, 0x18E4, 0x18E4, 0x18E4, 0x18E4, 0x2125, 0x39E8, 0x4A6A, 0x4A6A, 0x4A6A, 0x4A6A, 0x4A4A,
0x3A28, 0x2145, 0x1904, 0x1905, 0x1905, 0x1905, 0x1905, 0x1905, 0x1904, 0x10E4, 0x10C3, 0x08A3,
0x0862, 0x0862, 0x0862, 0x0883, 0x08A3, 0x08A3, 0x08A3, 0x08A3, 0x08A3, 0x0883, 0x0882, 0x0042,
0x0021, 0x0021, 0x0021, 0x0001, 0x0021, 0x0021, 0x0021, 0x0021, 0x73AF, 0x73AF, 0x738E, 0x6B4D,
0x6B4D, 0x632D, 0x632D, 0x632D, 0x5AEC, 0x52AB, 0x31A7, 0x10C4, 0x0042, 0x0022, 0x0042, 0x0042,
0x0021, 0x0021, 0x0022, 0x0021, 0x0021, 0x0022, 0x0022, 0x0042, 0x0042, 0x0042, 0x0042, 0x0042,
0x0022, 0x0022, 0x0022, 0x0021, 0x0021, 0x0021, 0x0021, 0x0021, 0x0042, 0x08A3, 0x10C4, 0x10E5,
0x18E5, 0x1925, 0x2987, 0x31C7, 0x3A08, 0x4A69, 0x52CB, 0x6B4D, 0x7BEF, 0x7C10, 0x8430, 0x8430,
0x8410, 0x7BF0, 0x6B4E, 0x4A6A, 0x1905, 0x10C4, 0x08A4, 0x10C4, 0x10C4, 0x10E4, 0x10E4, 0x10E4,
0x1905, 0x1905, 0x1904, 0x1905, 0x1905, 0x1905, 0x1905, 0x1905, 0x1905, 0x1925, 0x1925, 0x1925,
0x1925, 0x2146, 0x2145, 0x2145, 0x1925, 0x1925, 0x1925, 0x1905, 0x1905, 0x1905, 0x18E5, 0x18E5,
0x18E5, 0x18E4, 0x10E4, 0x10E4, 0x10E4, 0x10E4, 0x10C4, 0x10C4, 0x10C4, 0x08A3, 0x08A3, 0x08A3,
0x08A3, 0x08A3, 0x08A3, 0x08A3, 0x08A3, 0x08A3, 0x08A3, 0x0882, 0x0883, 0x0062, 0x0062, 0x0883,
0x0883, 0x0062, 0x0062, 0x0062, 0x0062, 0x0883, 0x0062, 0x0882, 0x0082, 0x0883, 0x0883, 0x0883,
0x0883, 0x0882, 0x0062, 0x0883, 0x0883, 0x0883, 0x08A3, 0x08A3, 0x08A3, 0x08A3, 0x08A3, 0x08A3,
0x08A3, 0x08A3, 0x08A3, 0x10C4, 0x10C3, 0x10C3, 0x10C3, 0x10E4, 0x10C3, 0x08A3, 0x10E4, 0x10C4,
0x10E4, 0x1905, 0x10E4, 0x10E4, 0x10E4, 0x10E4, 0x10E4, 0x10C4, 0x10C4, 0x10C4, 0x10C4, 0x10C4,
0x10C4, 0x10E4, 0x18E4, 0x18E4, 0x18E4, 0x18E4, 0x18E4, 0x18E4, 0x1905, 0x1905, 0x1905, 0x1905,
0x1905, 0x1925, 0x1925, 0x1925, 0x2966, 0x2966, 0x1904, 0x4A49, 0x73AE, 0x7BAF, 0x7BAF, 0x7BCF,
0x8410, 0x8410, 0x8410, 0x73AF, 0x6B6D, 0x6B6D, 0x6B4D, 0x6B4D, 0x630C, 0x73AE, 0x7BCF, 0x632D,
0x10A3, 0x10C3, 0x10C3, 0x10C4, 0x10C4, 0x10E4, 0x10E4, 0x10E4, 0x10C4, 0x10C4, 0x10C4, 0x10C4,
0x10C4, 0x10E4, 0x10E4, 0x10E4, 0x10E4, 0x10E4, 0x10E4, 0x10E4, 0x10E4, 0x18E4, 0x18E4, 0x10E4,
0x10E4, 0x10C4, 0x10C4, 0x10C4, 0x10C4, 0x10C4, 0x10C4, 0x10C4, 0x10C4, 0x10C4, 0x10C4, 0x10C4,
0x10C4, 0x10C4, 0x10E4, 0x10E4, 0x18E4, 0x18E4, 0x18E4, 0x1905, 0x1905, 0x1905, 0x1905, 0x1905,
0x1905, 0x1905, 0x1905, 0x1905, 0x1905, 0x1905, 0x1905, 0x1905, 0x1905, 0x1905, 0x1905, 0x1925,
0x1925, 0x1925, 0x1905, 0x1905, 0x1905, 0x1905, 0x1905, 0x1904, 0x1904, 0x1904, 0x1904, 0x1904,
0x18E4, 0x10E4, 0x10E4, 0x10E4, 0x10E4, 0x10E4, 0x10E4, 0x10E4, 0x10E4, 0x18E4, 0x18E4, 0x18E4,
0x1905, 0x18E4, 0x31C7, 0x4A6A, 0x4A8A, 0x4A6A, 0x4249, 0x2986, 0x1904, 0x1904, 0x1905, 0x1905,
0x1905, 0x1905, 0x1905, 0x10E4, 0x10A3, 0x08A3, 0x08A3, 0x0883, 0x0883, 0x0883, 0x0883, 0x08A3,
0x08A3, 0x08A3, 0x08A3, 0x0883, 0x0883, 0x0862, 0x0042, 0x0021, 0x0021, 0x0021, 0x0001, 0x0001,
0x0021, 0x0021, 0x0021, 0x0021, 0x738E, 0x6B4D, 0x630C, 0x5ACB, 0x5AEC, 0x5AEC, 0x5ACC, 0x5AEC,
0x52AB, 0x4229, 0x2125, 0x0062, 0x0021, 0x0021, 0x0021, 0x0022, 0x0022, 0x0022, 0x0041, 0x0041,
0x0041, 0x0041, 0x0041, 0x0042, 0x0042, 0x0042, 0x0022, 0x0022, 0x0021, 0x0021, 0x0021, 0x0021,
0x0021, 0x0021, 0x0022, 0x0062, 0x10C4, 0x1905, 0x1905, 0x1905, 0x2166, 0x2987, 0x39E8, 0x4249,
0x4A6A, 0x52CB, 0x5B0C, 0x738E, 0x7BEF, 0x8430, 0x8431, 0x8430, 0x8410, 0x738E, 0x6B4D, 0x4209,
0x10C4, 0x10C4, 0x10E4, 0x10C4, 0x10E4, 0x10E4, 0x10E4, 0x10E4, 0x1905, 0x1905, 0x1904, 0x1905,
0x1905, 0x1905, 0x1925, 0x1925, 0x2146, 0x2146, 0x2146, 0x2146, 0x2146, 0x2145, 0x2145, 0x1925,
0x1925, 0x1905, 0x1905, 0x1905, 0x1905, 0x18E5, 0x18E4, 0x18E4, 0x18E4, 0x10C4, 0x10C4, 0x10C4,
0x10C3, 0x10A4, 0x08A4, 0x08A4, 0x10C4, 0x08A3, 0x0883, 0x0883, 0x08A3, 0x10C3, 0x0883, 0x08A3,
0x08A3, 0x08A3, 0x08A3, 0x0883, 0x0882, 0x0062, 0x0883, 0x0062, 0x08A3, 0x0083, 0x0062, 0x0062,
0x0062, 0x0062, 0x0883, 0x0882, 0x0883, 0x08A3, 0x0882, 0x0062, 0x0062, 0x0062, 0x0062, 0x0882,
0x0883, 0x0883, 0x0883, 0x08A3, 0x08A3, 0x08A3, 0x08A3, 0x10C3, 0x10C3, 0x10C3, 0x10C3, 0x10C4,
0x10C4, 0x10C4, 0x10C4, 0x10C4, 0x10C4, 0x10C3, 0x10E4, 0x10E4, 0x10E4, 0x10E4, 0x1905, 0x10E4,
0x10E4, 0x10E4, 0x10C4, 0x10E4, 0x10E4, 0x10C4, 0x10C4, 0x10C4, 0x18E4, 0x18E4, 0x18E4, 0x10E4,
0x1905, 0x1905, 0x1905, 0x1905, 0x1905, 0x1905, 0x1905, 0x1905, 0x1905, 0x1905, 0x1925, 0x1925,
0x2145, 0x2145, 0x2145, 0x1904, 0x4229, 0x738E, 0x73AF, 0x7BCF, 0x7BCF, 0x8410, 0x8410, 0x8410,
0x738E, 0x6B4D, 0x6B6D, 0x6B4D, 0x6B4D, 0x6B4D, 0x73AE, 0x7BCF, 0x5AEB, 0x0021, 0x10C4, 0x10C4,
0x10C4, 0x10E4, 0x10E4, 0x10E4, 0x10E4, 0x10C4, 0x10E4, 0x10E4, 0x10E4, 0x10E4, 0x10E4, 0x10E4,
0x10E4, 0x10E4, 0x10C4, 0x10C4, 0x10C4, 0x10E4, 0x10E4, 0x10E4, 0x10C4, 0x10C4, 0x10C4, 0x10C4,
0x10C4, 0x10C4, 0x10C4, 0x10C4, 0x10C4, 0x10C4, 0x10C4, 0x10C4, 0x10C4, 0x10C4, 0x10C4, 0x10C4,
0x10E4, 0x10E4, 0x10E4, 0x1905, 0x1905, 0x1905, 0x1905, 0x1905, 0x1905, 0x1905, 0x1905, 0x1905,
0x1905, 0x1905, 0x1905, 0x1905, 0x1905, 0x1905, 0x1905, 0x1905, 0x1905, 0x1905, 0x1905, 0x1905,
0x1905, 0x1905, 0x18E4, 0x18E4, 0x18E4, 0x18E4, 0x18E4, 0x10E4, 0x10E4, 0x10E4, 0x10E4, 0x10E4,
0x10C4, 0x10C4, 0x10C4, 0x10E4, 0x10E4, 0x18E4, 0x18E4, 0x18E4, 0x18E4, 0x18E4, 0x2946, 0x4A49,
0x528A, 0x3A08, 0x2125, 0x10C4, 0x18E4, 0x1905, 0x1905, 0x1905, 0x1905, 0x18E4, 0x10C4, 0x10A3,
0x0883, 0x0883, 0x0883, 0x0883, 0x0883, 0x0883, 0x08A3, 0x08A3, 0x08A3, 0x08A3, 0x0883, 0x0862,
0x0041, 0x0041, 0x0021, 0x0021, 0x0021, 0x0021, 0x0021, 0x0021, 0x0021, 0x0021, 0x0042, 0x0862,
0x6B2D, 0x630C, 0x52AA, 0x4A69, 0x4A8A, 0x52CB, 0x52CB, 0x52AB, 0x528A, 0x31C8, 0x10E4, 0x0001,
0x0021, 0x0021, 0x0021, 0x0022, 0x0021, 0x0021, 0x0041, 0x0041, 0x0041, 0x0041, 0x0041, 0x0041,
0x0021, 0x0022, 0x0021, 0x0021, 0x0021, 0x0021, 0x0022, 0x0021, 0x0021, 0x0021, 0x0062, 0x10C4,
0x1946, 0x2146, 0x2966, 0x2986, 0x31E8, 0x3A09, 0x426A, 0x4A8A, 0x52CB, 0x5B0C, 0x632C, 0x73AE,
0x7BEF, 0x8430, 0x8430, 0x8410, 0x8410, 0x738E, 0x528B, 0x2946, 0x10A4, 0x10C4, 0x10E4, 0x10E4,
0x10E4, 0x10E4, 0x10E4, 0x10E4, 0x10E4, 0x1904, 0x1905, 0x1905, 0x1905, 0x1925, 0x1925, 0x2146,
0x2146, 0x2146, 0x2146, 0x2146, 0x2145, 0x2145, 0x2145, 0x1925, 0x1925, 0x1905, 0x1905, 0x1905,
0x18E5, 0x10E4, 0x10C4, 0x10C4, 0x10C4, 0x10C3, 0x10C3, 0x10C3, 0x08C4, 0x08A3, 0x08C4, 0x08C4,
0x08A3, 0x08A3, 0x0883, 0x0082, 0x0883, 0x0883, 0x0883, 0x0883, 0x0883, 0x08A3, 0x0883, 0x0883,
0x0883, 0x0882, 0x0883, 0x0883, 0x0883, 0x0062, 0x0062, 0x0062, 0x0863, 0x0062, 0x0062, 0x0062,
0x0062, 0x08A3, 0x0883, 0x0882, 0x0882, 0x0882, 0x0882, 0x0082, 0x08A3, 0x0883, 0x0883, 0x0883,
0x08A3, 0x08A3, 0x08A4, 0x10C4, 0x10C3, 0x10C3, 0x10C3, 0x10C4, 0x10C4, 0x10E4, 0x10E4, 0x10E4,
0x10C3, 0x10C3, 0x10E4, 0x10E4, 0x10E4, 0x10E4, 0x1905, 0x1905, 0x1905, 0x10E4, 0x10C4, 0x10E4,
0x10E4, 0x10C4, 0x10C4, 0x10C4, 0x10E4, 0x10E4, 0x10E4, 0x10E4, 0x1905, 0x1905, 0x1905, 0x1905,
0x1905, 0x1905, 0x1905, 0x1905, 0x1905, 0x1905, 0x1905, 0x2125, 0x2146, 0x2145, 0x2145, 0x2966,
0x18E4, 0x52CB, 0x73AF, 0x73AE, 0x73AE, 0x7BCF, 0x840F, 0x8410, 0x7BEF, 0x6B6E, 0x6B6D, 0x6B4D,
0x6B4D, 0x6B4D, 0x6B4D, 0x7BAE, 0x738E, 0x31C7, 0x10C4, 0x10C4, 0x10E4, 0x10E4, 0x10E4, 0x18E4,
0x18E4, 0x10E4, 0x10E4, 0x10E4, 0x10E4, 0x10E4, 0x10E4, 0x10E4, 0x10E4, 0x10E4, 0x10C4, 0x10C4,
0x10C4, 0x10E4, 0x10E4, 0x10E4, 0x10C4, 0x10C4, 0x10C4, 0x10C4, 0x10C4, 0x10C4, 0x10C4, 0x10C4,
0x10C4, 0x10C4, 0x10C4, 0x10C4, 0x10C4, 0x10C4, 0x10C4, 0x10C4, 0x10E4, 0x10E4, 0x10E4, 0x1905,
0x1905, 0x1905, 0x1905, 0x1905, 0x1905, 0x1904, 0x1905, 0x1905, 0x1905, 0x1905, 0x1905, 0x1905,
0x1905, 0x1905, 0x1905, 0x1905, 0x1905, 0x1905, 0x1905, 0x1905, 0x1905, 0x1905, 0x18E4, 0x18E4,
0x10E4, 0x10E4, 0x10E4, 0x10E4, 0x10E4, 0x10E4, 0x10E4, 0x10E4, 0x10C4, 0x10C4, 0x10C4, 0x10E4,
0x10E4, 0x18E4, 0x18E4, 0x18E4, 0x18E4, 0x18E5, 0x2105, 0x39E8, 0x39C8, 0x10E4, 0x10C4, 0x10C4,
0x10E4, 0x18E5, 0x18E5, 0x18E4, 0x10E4, 0x10C4, 0x10A3, 0x0883, 0x0882, 0x0882, 0x0883, 0x0883,
0x0883, 0x0883, 0x08A3, 0x08A3, 0x08A3, 0x0882, 0x0062, 0x0041, 0x0021, 0x0021, 0x0021, 0x0021,
0x0021, 0x0021, 0x0021, 0x0021, 0x0021, 0x0021, 0x0882, 0x2146, 0x5AEB, 0x52AA, 0x4229, 0x4249,
0x4A4A, 0x4A8A, 0x528B, 0x52AB, 0x4A6A, 0x31A7, 0x10C3, 0x0021, 0x0001, 0x0021, 0x0021, 0x0022,
0x0022, 0x0042, 0x0042, 0x0042, 0x0042, 0x0042, 0x0042, 0x0021, 0x0021, 0x0021, 0x0021, 0x0021,
0x0021, 0x0001, 0x0001, 0x0021, 0x0022, 0x0022, 0x10C4, 0x2146, 0x2166, 0x29A7, 0x31E8, 0x39E8,
0x4249, 0x426A, 0x4AAA, 0x52CB, 0x5AEC, 0x632C, 0x6B6D, 0x73AE, 0x7BEF, 0x8430, 0x8410, 0x8410,
0x840F, 0x6B4D, 0x4249, 0x2126, 0x10C4, 0x10C4, 0x10E4, 0x10E4, 0x10E4, 0x10E5, 0x10E4, 0x10E4,
0x1905, 0x1905, 0x1905, 0x1925, 0x1925, 0x1925, 0x2126, 0x2126, 0x2126, 0x2146, 0x2146, 0x2145,
0x2146, 0x2146, 0x2146, 0x1925, 0x1905, 0x1905, 0x1905, 0x10E5, 0x10E4, 0x10E4, 0x10C4, 0x10C4,
0x10C4, 0x08A3, 0x08A3, 0x08A3, 0x08A3, 0x08A3, 0x08A3, 0x08A3, 0x08A3, 0x08A3, 0x0883, 0x0862,
0x0883, 0x08A3, 0x0883, 0x0883, 0x0883, 0x0883, 0x0883, 0x0883, 0x0062, 0x0883, 0x0883, 0x0883,
0x0883, 0x0082, 0x0062, 0x0062, 0x0062, 0x0062, 0x0062, 0x0062, 0x0062, 0x0062, 0x0062, 0x0883,
0x0882, 0x0882, 0x0882, 0x0883, 0x08A3, 0x0883, 0x08A3, 0x08A3, 0x08A3, 0x08A3, 0x10A4, 0x10C4,
0x10C4, 0x10C4, 0x10C4, 0x10C4, 0x10E4, 0x10C4, 0x10E4, 0x10C4, 0x10C4, 0x10C4, 0x10E5, 0x18E4,
0x10E4, 0x18E4, 0x18E5, 0x1905, 0x1905, 0x1905, 0x10E4, 0x10E4, 0x10E4, 0x10C4, 0x10C4, 0x10E4,
0x10E4, 0x10E4, 0x18E5, 0x18E5, 0x1905, 0x1905, 0x1905, 0x1905, 0x1925, 0x1905, 0x18E4, 0x1905,
0x1905, 0x1905, 0x1905, 0x1925, 0x2145, 0x2145, 0x2145, 0x2166, 0x2166, 0x1925, 0x52CB, 0x73AF,
0x73AF, 0x7BAF, 0x7BCF, 0x7BEF, 0x8410, 0x7BCF, 0x736D, 0x6B4D, 0x6B4D, 0x6B4D, 0x6B4D, 0x738E,
0x7BEF, 0x634D, 0x10C4, 0x10C4, 0x10C4, 0x10E4, 0x10E4, 0x18E4, 0x1904, 0x18E4, 0x10E4, 0x10E4,
0x10E4, 0x10E4, 0x10E4, 0x10E4, 0x10E4, 0x10E4, 0x10C4, 0x10C4, 0x10C4, 0x10C4, 0x10C4, 0x10C4,
0x10C4, 0x10C4, 0x10C4, 0x10C4, 0x10C4, 0x10C4, 0x10C4, 0x10C4, 0x10C4, 0x10C4, 0x10C4, 0x10C4,
0x10C4, 0x10C4, 0x10C4, 0x10C4, 0x10E4, 0x10E4, 0x10E4, 0x1905, 0x1905, 0x1905, 0x1905, 0x1905,
0x1905, 0x1905, 0x1905, 0x1905, 0x1905, 0x1905, 0x1905, 0x1905, 0x1905, 0x1905, 0x1905, 0x1905,
0x1905, 0x1905, 0x1905, 0x1905, 0x1905, 0x18E4, 0x18E4, 0x10E4, 0x10C4, 0x10C4, 0x10C4, 0x10C4,
0x10C4, 0x10E4, 0x10E4, 0x10E4, 0x10C4, 0x10C4, 0x10C4, 0x10C4, 0x10C4, 0x10C4, 0x10C4, 0x10C4,
0x18E4, 0x18E4, 0x10C4, 0x1905, 0x10C3, 0x10C4, 0x10C4, 0x10C4, 0x10E4, 0x10E4, 0x10E4, 0x10C4,
0x10A3, 0x08A3, 0x0883, 0x0882, 0x0883, 0x0883, 0x08A3, 0x0883, 0x0883, 0x0883, 0x08A3, 0x0883,
0x0862, 0x0041, 0x0021, 0x0021, 0x0021, 0x0021, 0x0021, 0x0021, 0x0021, 0x0021, 0x0021, 0x0041,
0x0042, 0x18E4, 0x31A7, 0x3A29, 0x52AA, 0x3A28, 0x31C7, 0x31E8, 0x4229, 0x4A6A, 0x4A8A, 0x4A8A,
0x4249, 0x2987, 0x1083, 0x0021, 0x0001, 0x0001, 0x0021, 0x0042, 0x0042, 0x0042, 0x0042, 0x0042,
0x0042, 0x0022, 0x0022, 0x0021, 0x0021, 0x0001, 0x0001, 0x0001, 0x0001, 0x0001, 0x0001, 0x0022,
0x0022, 0x0863, 0x2146, 0x29A7, 0x31E8, 0x4229, 0x426A, 0x4A8A, 0x4A8A, 0x4AAA, 0x5ACC, 0x5AEC,
0x630C, 0x632D, 0x6B6E, 0x7BCF, 0x8410, 0x8430, 0x8430, 0x7C0F, 0x73AE, 0x5B0C, 0x3A09, 0x1905,
0x10E4, 0x10E4, 0x10E4, 0x10E4, 0x10E4, 0x1905, 0x10E4, 0x10E4, 0x1905, 0x1905, 0x1905, 0x1925,
0x1945, 0x1925, 0x2126, 0x2126, 0x2146, 0x2146, 0x2146, 0x2146, 0x2146, 0x2146, 0x1925, 0x1905,
0x1905, 0x1905, 0x1905, 0x10E4, 0x10C4, 0x10C4, 0x10C3, 0x10C3, 0x10C3, 0x08A3, 0x08A3, 0x08A3,
0x08A3, 0x08A3, 0x08A3, 0x08A3, 0x08A3, 0x08A3, 0x08A3, 0x0883, 0x0883, 0x0883, 0x0883, 0x0082,
0x08A3, 0x08A3, 0x08A3, 0x0883, 0x0863, 0x0863, 0x0063, 0x0883, 0x0063, 0x0062, 0x0062, 0x0062,
0x0062, 0x0062, 0x0062, 0x0083, 0x0083, 0x0883, 0x0083, 0x0083, 0x0062, 0x0062, 0x0882, 0x0883,
0x08A3, 0x08A3, 0x08A3, 0x08A3, 0x08A3, 0x08A3, 0x10A4, 0x10C4, 0x10C4, 0x10C4, 0x10E4, 0x10C4,
0x10E4, 0x10E4, 0x10E4, 0x10C4, 0x10C4, 0x10C4, 0x18E4, 0x18E4, 0x18E4, 0x18E4, 0x1905, 0x1905,
0x1905, 0x1905, 0x1905, 0x10E4, 0x10E4, 0x10E4, 0x10E4, 0x10E4, 0x18E4, 0x18E4, 0x18E5, 0x1905,
0x1905, 0x1905, 0x1905, 0x1905, 0x1925, 0x2105, 0x1905, 0x1905, 0x1905, 0x1905, 0x1905, 0x1925,
0x1925, 0x1925, 0x1925, 0x2146, 0x2146, 0x2145, 0x10C4, 0x52CB, 0x738F, 0x736E, 0x7BCF, 0x7BCF,
0x83EF, 0x8410, 0x7BCF, 0x6B4D, 0x6B4D, 0x6B4D, 0x6B4D, 0x6B2D, 0x7BCF, 0x7BEF, 0x528B, 0x10A3,
0x10A4, 0x10E4, 0x10E4, 0x10E4, 0x10E4, 0x10E4, 0x10E4, 0x10E4, 0x10E4, 0x10E4, 0x10E4, 0x10E4,
0x10E4, 0x10E4, 0x10C4, 0x10C4, 0x10C4, 0x10C4, 0x10C4, 0x10C4, 0x10C4, 0x10C4, 0x10C4, 0x10C4,
0x10C4, 0x10C4, 0x10C4, 0x10C4, 0x10C4, 0x10C4, 0x10C4, 0x10C4, 0x10C4, 0x10C4, 0x10C4, 0x10C4,
0x10C4, 0x10E4, 0x18E4, 0x1905, 0x1905, 0x1905, 0x1905, 0x1905, 0x1905, 0x1905, 0x1905, 0x1905,
0x1905, 0x1905, 0x1905, 0x1905, 0x1905, 0x1905, 0x1905, 0x1905, 0x1905, 0x1905, 0x1905, 0x1905,
0x1905, 0x18E4, 0x10E4, 0x10C4, 0x10C4, 0x10C4, 0x10C4, 0x10C4, 0x10C4, 0x10C4, 0x10C4, 0x10C4,
0x10C4, 0x10C4, 0x10C4, 0x10C4, 0x10C4, 0x10C4, 0x10C4, 0x10C4, 0x10C3, 0x08A3, 0x10A3, 0x10C3,
0x10C4, 0x10C4, 0x10C4, 0x10C4, 0x10C4, 0x10E4, 0x10E4, 0x10C4, 0x08A3, 0x0882, 0x0882, 0x0883,
0x0883, 0x08A3, 0x08A3, 0x08A3, 0x08A3, 0x08A3, 0x0883, 0x0062, 0x0022, 0x0021, 0x0021, 0x0021,
0x0021, 0x0021, 0x0021, 0x0021, 0x0021, 0x0021, 0x0041, 0x10C3, 0x2966, 0x31C7, 0x4229, 0x4229,
0x4249, 0x31C7, 0x2986, 0x31C7, 0x4209, 0x4A6A, 0x4A8B, 0x4A8A, 0x426A, 0x2987, 0x1083, 0x0021,
0x0001, 0x0001, 0x0022, 0x0042, 0x0042, 0x0042, 0x0042, 0x0042, 0x0042, 0x0022, 0x0021, 0x0021,
0x0021, 0x0001, 0x0001, 0x0001, 0x0001, 0x0001, 0x0021, 0x0021, 0x0882, 0x1925, 0x29A7, 0x3A08,
0x426A, 0x4A8A, 0x52AB, 0x52AB, 0x52CB, 0x5AEB, 0x5B0C, 0x630D, 0x630C, 0x632D, 0x6B6E, 0x7BCF,
0x8410, 0x8430, 0x8430, 0x8410, 0x73AE, 0x5B0C, 0x31A7, 0x10E4, 0x10E4, 0x10E4, 0x10E4, 0x10E4,
0x10E4, 0x1905, 0x1905, 0x1905, 0x1905, 0x1905, 0x1905, 0x1925, 0x2146, 0x2146, 0x2126, 0x2146,
0x2146, 0x2146, 0x2146, 0x2146, 0x2146, 0x2146, 0x1905, 0x1905, 0x1905, 0x10E5, 0x10E4, 0x10C4,
0x10C4, 0x10C3, 0x10C3, 0x10C3, 0x08A3, 0x08A3, 0x08A3, 0x08A3, 0x08A3, 0x08A3, 0x08A3, 0x08A3,
0x08A3, 0x08A3, 0x08A3, 0x0883, 0x0883, 0x0062, 0x0883, 0x0062, 0x0082, 0x08A3, 0x0082, 0x0062,
0x0062, 0x0883, 0x0883, 0x0883, 0x0062, 0x0062, 0x0062, 0x0042, 0x0062, 0x0062, 0x0062, 0x0883,
0x08A3, 0x08A3, 0x0883, 0x0083, 0x0082, 0x0883, 0x0882, 0x0883, 0x08A3, 0x08A3, 0x08A3, 0x08A3,
0x08A3, 0x08A3, 0x10A4, 0x10C4, 0x10C4, 0x10C4, 0x18E5, 0x10E4, 0x10E4, 0x10E5, 0x10E4, 0x10E4,
0x10E4, 0x10E4, 0x10E4, 0x1905, 0x18E5, 0x10E4, 0x1905, 0x1905, 0x1905, 0x1905, 0x1905, 0x18E5,
0x10E4, 0x10E4, 0x10E4, 0x10E4, 0x18E4, 0x18E4, 0x18E5, 0x1905, 0x1905, 0x1905, 0x1905, 0x1905,
0x1905, 0x1925, 0x1905, 0x1905, 0x1905, 0x1925, 0x1905, 0x1905, 0x1925, 0x1925, 0x2125, 0x2125,
0x2146, 0x2966, 0x2966, 0x18E4, 0x630D, 0x736E, 0x738E, 0x7BAF, 0x7BCF, 0x83F0, 0x83EF, 0x738E,
0x6B4D, 0x6B4D, 0x6B4D, 0x6B4D, 0x6B4D, 0x7BEF, 0x738E, 0x39E8, 0x10A3, 0x1904, 0x1904, 0x1904,
0x10E4, 0x10E4, 0x10E4, 0x10E4, 0x10E4, 0x10E4, 0x10E4, 0x10E4, 0x10C4, 0x10C4, 0x10C4, 0x10C4,
0x10C4, 0x10C4, 0x10C4, 0x10C3, 0x10C4, 0x10C3, 0x10C3, 0x10C4, 0x10C4, 0x10C4, 0x10C4, 0x10C4,
0x10C4, 0x10C4, 0x10C4, 0x10C4, 0x10C4, 0x10C4, 0x10C4, 0x10C4, 0x10C4, 0x10E4, 0x18E4, 0x1905,
0x1905, 0x1905, 0x1905, 0x1905, 0x1905, 0x1905, 0x1905, 0x1905, 0x1905, 0x1905, 0x18E4, 0x18E4,
0x1904, 0x1905, 0x1905, 0x1905, 0x1904, 0x1904, 0x18E4, 0x18E4, 0x18E4, 0x10E4, 0x10C4, 0x10C4,
0x10A3, 0x10A3, 0x10C3, 0x10C4, 0x10C4, 0x10C4, 0x10C4, 0x10C4, 0x10C4, 0x10C4, 0x10C4, 0x10C4,
0x10C4, 0x10C4, 0x10A3, 0x08A3, 0x08A3, 0x10A3, 0x10C4, 0x10C4, 0x10C4, 0x10C4, 0x10C4, 0x10C4,
0x10C4, 0x10E4, 0x10A3, 0x08A3, 0x0883, 0x0882, 0x0882, 0x0883, 0x08A3, 0x08A3, 0x08A3, 0x08A3,
0x0883, 0x0862, 0x0042, 0x0021, 0x0021, 0x0021, 0x0021, 0x0021, 0x0021, 0x0021, 0x0021, 0x0021,
0x0021, 0x08A3, 0x2125, 0x3187, 0x4229, 0x4229, 0x4229, 0x4229, 0x39E8, 0x2166, 0x2166, 0x31A7,
0x3A09, 0x4A6A, 0x4A8A, 0x4A8A, 0x4269, 0x2987, 0x10A4, 0x0022, 0x0001, 0x0001, 0x0021, 0x0022,
0x0042, 0x0042, 0x0042, 0x0042, 0x0021, 0x0021, 0x0001, 0x0021, 0x0021, 0x0001, 0x0001, 0x0001,
0x0021, 0x0021, 0x0021, 0x0883, 0x10E4, 0x2166, 0x3A09, 0x424A, 0x52EC, 0x5B0C, 0x5B0C, 0x5AEC,
0x5AEC, 0x5B0C, 0x630D, 0x630D, 0x630C, 0x632D, 0x6B6E, 0x73CF, 0x7BEF, 0x8410, 0x8410, 0x8410,
0x6B8E, 0x52AB, 0x2146, 0x10E4, 0x10E5, 0x10E4, 0x10E4, 0x10E4, 0x1905, 0x1905, 0x1905, 0x1905,
0x1925, 0x1925, 0x1925, 0x2146, 0x2146, 0x2146, 0x2126, 0x2146, 0x2126, 0x2125, 0x2145, 0x1925,
0x1925, 0x1905, 0x10E4, 0x10E4, 0x10E4, 0x10C4, 0x10C4, 0x10C4, 0x10C3, 0x10C3, 0x08A3, 0x08A3,
0x08A3, 0x08A3, 0x08A3, 0x08A3, 0x08A3, 0x08A3, 0x08A3, 0x08A3, 0x10A3, 0x08A3, 0x08A3, 0x0883,
0x0063, 0x0062, 0x0062, 0x0062, 0x0062, 0x0062, 0x0062, 0x0062, 0x0062, 0x0062, 0x0062, 0x0882,
0x0062, 0x0062, 0x0062, 0x0062, 0x0062, 0x0062, 0x0042, 0x0083, 0x0083, 0x0883, 0x0883, 0x0883,
0x0883, 0x0883, 0x0883, 0x0883, 0x08A3, 0x08A3, 0x10A4, 0x10A4, 0x10C4, 0x10C4, 0x10C4, 0x10E4,
0x10E4, 0x10E4, 0x10E4, 0x10E4, 0x10E4, 0x10E5, 0x10E4, 0x1905, 0x1905, 0x10E4, 0x1905, 0x1905,
0x18E5, 0x1905, 0x1905, 0x1905, 0x1905, 0x1905, 0x1905, 0x1905, 0x1905, 0x10C4, 0x10E4, 0x18E5,
0x18E4, 0x18E4, 0x1905, 0x1905, 0x1905, 0x1905, 0x1905, 0x1905, 0x1905, 0x1905, 0x1905, 0x1905,
0x1925, 0x1925, 0x1905, 0x1905, 0x2145, 0x1925, 0x1905, 0x2125, 0x2146, 0x2146, 0x2966, 0x1925,
0x2146, 0x6B6E, 0x738E, 0x738E, 0x73AF, 0x7BAF, 0x83EF, 0x7BEF, 0x736E, 0x6B4D, 0x6B4D, 0x6B4D,
0x6B4D, 0x738E, 0x73CF, 0x632D, 0x1904, 0x10E4, 0x10E4, 0x10C4, 0x10C4, 0x10C4, 0x10E4, 0x10E4,
0x10E4, 0x10E4, 0x10E4, 0x10C4, 0x10C4, 0x10C3, 0x08A3, 0x10C3, 0x10C3, 0x10C4, 0x10C4, 0x10A3,
0x10C3, 0x10C3, 0x10C3, 0x10C3, 0x10C3, 0x10C3, 0x10C3, 0x10C3, 0x10C4, 0x10C4, 0x10C4, 0x10E4,
0x10E4, 0x10E4, 0x10E4, 0x10E4, 0x10C4, 0x10C4, 0x10E4, 0x1905, 0x1905, 0x1905, 0x1905, 0x1905,
0x1905, 0x1905, 0x1905, 0x1905, 0x1905, 0x1905, 0x18E4, 0x18E4, 0x18E4, 0x18E4, 0x18E4, 0x18E4,
0x18E4, 0x10E4, 0x10E4, 0x10C4, 0x10C4, 0x10C4, 0x10C4, 0x10C4, 0x10C3, 0x08A3, 0x10C3, 0x10C4,
0x10C4, 0x10C4, 0x10C4, 0x10C4, 0x10C4, 0x10C4, 0x10C4, 0x10C4, 0x10C4, 0x08A3, 0x0883, 0x0883,
0x08A3, 0x08A3, 0x10C3, 0x10A3, 0x10A3, 0x10C4, 0x10C4, 0x10A3, 0x08A3, 0x08A3, 0x0883, 0x0882,
0x0882, 0x0883, 0x08A3, 0x0883, 0x08A3, 0x08A3, 0x0882, 0x0062, 0x0042, 0x0021, 0x0021, 0x0021,
0x0021, 0x0021, 0x0021, 0x0021, 0x0021, 0x0021, 0x0041, 0x0042, 0x18E4, 0x2986, 0x3A08, 0x4229,
0x4229, 0x4229, 0x4229, 0x4229, 0x2987, 0x2146, 0x2125, 0x2987, 0x4229, 0x4A6A, 0x4A8A, 0x4A8A,
0x4269, 0x31C7, 0x10C4, 0x0022, 0x0001, 0x0001, 0x0021, 0x0021, 0x0022, 0x0042, 0x0042, 0x0042,
0x0021, 0x0021, 0x0001, 0x0021, 0x0021, 0x0001, 0x0001, 0x0001, 0x0021, 0x0021, 0x0042, 0x10C4,
0x2146, 0x31C8, 0x426A, 0x5AEC, 0x632D, 0x6B6D, 0x6B4D, 0x630C, 0x630C, 0x630D, 0x630D, 0x630D,
0x630C, 0x632D, 0x6B6E, 0x73AF, 0x7BEF, 0x8410, 0x8410, 0x7BF0, 0x6B6D, 0x4A6A, 0x1905, 0x10C4,
0x10E5, 0x10E4, 0x10E4, 0x1905, 0x1905, 0x1905, 0x1905, 0x1905, 0x1925, 0x1925, 0x1925, 0x2146,
0x2146, 0x2146, 0x2146, 0x2146, 0x2146, 0x2125, 0x2125, 0x1905, 0x1905, 0x1905, 0x10C4, 0x10C4,
0x10C4, 0x10C4, 0x10C4, 0x10C3, 0x10C3, 0x10C3, 0x08A3, 0x08A3, 0x08A3, 0x08A3, 0x08A3, 0x08A3,
0x08A3, 0x08A3, 0x08A3, 0x08A3, 0x10A3, 0x08A3, 0x08A3, 0x0883, 0x0883, 0x0883, 0x0062, 0x0883,
0x0082, 0x0062, 0x0062, 0x0062, 0x0062, 0x0062, 0x0062, 0x0883, 0x08A3, 0x0062, 0x0062, 0x0062,
0x0062, 0x0062, 0x0883, 0x0083, 0x0063, 0x0083, 0x0883, 0x0883, 0x0883, 0x0883, 0x0883, 0x08A3,
0x08A3, 0x08A3, 0x10C4, 0x10C4, 0x10C4, 0x10C4, 0x10C4, 0x10C4, 0x10E4, 0x10E4, 0x10E4, 0x10E4,
0x10E4, 0x1905, 0x18E5, 0x1905, 0x1905, 0x10E5, 0x1905, 0x1905, 0x1905, 0x1905, 0x1905, 0x1905,
0x1905, 0x1905, 0x1905, 0x1905, 0x1905, 0x10C4, 0x18E4, 0x18E5, 0x18E5, 0x18E4, 0x18E5, 0x1905,
0x1905, 0x1905, 0x1905, 0x1905, 0x1905, 0x1905, 0x1905, 0x1905, 0x1905, 0x1905, 0x1905, 0x1905,
0x1905, 0x1925, 0x1925, 0x2145, 0x2145, 0x2146, 0x2166, 0x2966, 0x1925, 0x4229, 0x6B6E, 0x6B6E,
0x738E, 0x73AE, 0x7BEF, 0x83F0, 0x7BAF, 0x6B4D, 0x6B4D, 0x6B4D, 0x6B4D, 0x6B4D, 0x73AE, 0x73CF,
0x5B2C, 0x0883, 0x10C3, 0x10C4, 0x10C4, 0x10C4, 0x10C4, 0x10C4, 0x10C4, 0x10C4, 0x10C4, 0x10C4,
0x10C3, 0x08A3, 0x08A3, 0x10C3, 0x10C3, 0x10C4, 0x10C4, 0x10A3, 0x10C3, 0x10C3, 0x10C3, 0x10C3,
0x10C3, 0x10C3, 0x10C3, 0x10C3, 0x10C4, 0x10C4, 0x10C4, 0x10C4, 0x10C4, 0x10E4, 0x10E4, 0x10E4,
0x10C4, 0x10C4, 0x10E4, 0x1904, 0x1904, 0x1904, 0x1904, 0x1904, 0x1904, 0x1905, 0x1905, 0x1905,
0x1905, 0x1905, 0x18E4, 0x18E4, 0x18E4, 0x18E4, 0x18E4, 0x10E4, 0x10E4, 0x10E4, 0x10C4, 0x10C4,
0x10C4, 0x10C3, 0x10C3, 0x10C3, 0x10C3, 0x08A3, 0x10C3, 0x10C3, 0x10C3, 0x10C4, 0x10C4, 0x10C4,
0x10C4, 0x10C4, 0x10C4, 0x10C4, 0x08A3, 0x0883, 0x08A3, 0x10C4, 0x08A3, 0x08A3, 0x08A3, 0x10A3,
0x10A3, 0x10C3, 0x10A3, 0x0883, 0x0862, 0x0062, 0x0862, 0x0882, 0x0883, 0x0883, 0x08A3, 0x08A3,
0x0883, 0x0062, 0x0042, 0x0021, 0x0021, 0x0021, 0x0021, 0x0021, 0x0021, 0x0021, 0x0021, 0x0021,
0x0021, 0x0042, 0x10A3, 0x2986, 0x39E8, 0x4249, 0x4A69, 0x4A69, 0x4229, 0x4229, 0x4229, 0x4229,
0x2145, 0x1926, 0x2126, 0x2987, 0x39E8, 0x4249, 0x4A8A, 0x4A8A, 0x4269, 0x39E8, 0x2146, 0x0863,
0x0001, 0x0001, 0x0021, 0x0021, 0x0021, 0x0022, 0x0042, 0x0022, 0x0021, 0x0001, 0x0001, 0x0021,
0x0021, 0x0001, 0x0001, 0x0021, 0x0021, 0x0042, 0x08A3, 0x1905, 0x29A7, 0x31E8, 0x5AEC, 0x6B6E,
0x6B6E, 0x738E, 0x738E, 0x6B4D, 0x630D, 0x630C, 0x630D, 0x630C, 0x630C, 0x632D, 0x6B6E, 0x73AF,
0x7BF0, 0x8410, 0x8410, 0x73AF, 0x630C, 0x3A09, 0x10E4, 0x10E4, 0x10E5, 0x10E5, 0x1905, 0x1905,
0x1905, 0x1925, 0x1925, 0x1925, 0x1925, 0x1925, 0x1925, 0x2146, 0x2146, 0x2146, 0x2126, 0x1905,
0x1905, 0x1905, 0x18E4, 0x10E4, 0x10E4, 0x10E4, 0x10C4, 0x10C4, 0x10C3, 0x10C3, 0x10C3, 0x10C3,
0x10C3, 0x10A4, 0x08A3, 0x08A3, 0x08A3, 0x08A3, 0x08A3, 0x08A3, 0x08A3, 0x08A3, 0x08A3, 0x08A3,
0x08A3, 0x08A3, 0x08A3, 0x08A3, 0x08A3, 0x0883, 0x0062, 0x0062, 0x0883, 0x0062, 0x0062, 0x0062,
0x0062, 0x0062, 0x0062, 0x0062, 0x0062, 0x0062, 0x0062, 0x0062, 0x0062, 0x0062, 0x0062, 0x0083,
0x0083, 0x0883, 0x08A3, 0x08A3, 0x08A3, 0x0883, 0x0883, 0x08A3, 0x08A3, 0x10C3, 0x10C4, 0x10C4,
0x10C4, 0x10C4, 0x10C4, 0x10C4, 0x10E4, 0x10E4, 0x1905, 0x1905, 0x10E5, 0x10E5, 0x1905, 0x10E5,
0x10E4, 0x1905, 0x18E5, 0x1905, 0x1905, 0x1905, 0x1905, 0x1905, 0x1925, 0x1925, 0x1905, 0x1905,
0x18E5, 0x10C4, 0x18E4, 0x18E5, 0x18E5, 0x18E5, 0x18E5, 0x1905, 0x1905, 0x1905, 0x1905, 0x1905,
0x1905, 0x1905, 0x1905, 0x1905, 0x1905, 0x1905, 0x1905, 0x1905, 0x1904, 0x1905, 0x1925, 0x2145,
0x2145, 0x2145, 0x2946, 0x2166, 0x2966, 0x08A3, 0x4228, 0x738E, 0x6B6E, 0x738E, 0x7BCF, 0x83F0,
0x8410, 0x7BAF, 0x6B4D, 0x6B4D, 0x6B4D, 0x6B4D, 0x73AE, 0x73AE, 0x73AE, 0x4249, 0x10C4, 0x10C4,
0x10C4, 0x10C4, 0x10C4, 0x10C4, 0x10C4, 0x10C4, 0x10C4, 0x10C4, 0x10C3, 0x08A3, 0x08A3, 0x10C3,
0x10C3, 0x10C4, 0x10C4, 0x10A3, 0x10C3, 0x10C3, 0x10C3, 0x10C3, 0x10C3, 0x10C3, 0x10C3, 0x10C3,
0x10C4, 0x10C4, 0x10C4, 0x10C4, 0x10C4, 0x10C4, 0x10E4, 0x10E4, 0x10C4, 0x10C4, 0x10E4, 0x1904,
0x1904, 0x1904, 0x1905, 0x1905, 0x1905, 0x1905, 0x1905, 0x1905, 0x1905, 0x1905, 0x10E4, 0x10E4,
0x10E4, 0x10E4, 0x10E4, 0x10C4, 0x10C4, 0x10C4, 0x10C4, 0x10C4, 0x10C4, 0x10C3, 0x10C3, 0x10C3,
0x10C3, 0x08A3, 0x08A3, 0x10C3, 0x10C3, 0x10C3, 0x10C3, 0x10C3, 0x10C3, 0x10C3, 0x10A3, 0x0883,
0x0882, 0x08A3, 0x10C3, 0x08A3, 0x08A3, 0x08A3, 0x08A3, 0x0883, 0x0883, 0x0883, 0x0882, 0x0062,
0x0042, 0x0062, 0x0882, 0x0883, 0x0883, 0x0883, 0x0883, 0x0862, 0x0062, 0x0041, 0x0021, 0x0021,
0x0021, 0x0021, 0x0021, 0x0021, 0x0021, 0x0021, 0x0021, 0x0021, 0x0042, 0x1925, 0x4229, 0x4A49,
0x4A69, 0x4A69, 0x4A69, 0x4A49, 0x4229, 0x4229, 0x4229, 0x4229, 0x1905, 0x18E5, 0x2125, 0x2966,
0x31A8, 0x4229, 0x4A8A, 0x528B, 0x4A6A, 0x3A09, 0x2987, 0x18E4, 0x0042, 0x0001, 0x0001, 0x0001,
0x0021, 0x0022, 0x0021, 0x0021, 0x0021, 0x0001, 0x0001, 0x0001, 0x0001, 0x0021, 0x0041, 0x0041,
0x0062, 0x08A3, 0x1905, 0x2166, 0x31C8, 0x426A, 0x632D, 0x738E, 0x73AF, 0x7BCF, 0x73AF, 0x6B6E,
0x632D, 0x632C, 0x630C, 0x630C, 0x630C, 0x6B4D, 0x73AE, 0x7BCF, 0x8410, 0x8410, 0x7BEF, 0x738E,
0x5AEC, 0x31C7, 0x10E4, 0x10E4, 0x10E4, 0x1905, 0x1905, 0x1905, 0x1925, 0x1925, 0x1925, 0x2146,
0x2146, 0x2146, 0x2146, 0x2146, 0x2146, 0x1926, 0x1905, 0x1905, 0x1905, 0x18E5, 0x18E4, 0x10E4,
0x10E4, 0x10E4, 0x10C4, 0x10C4, 0x10C4, 0x10C4, 0x10C3, 0x10C3, 0x08A3, 0x08A3, 0x08A3, 0x08A3,
0x08A3, 0x0883, 0x0883, 0x0883, 0x08A3, 0x08A3, 0x08A3, 0x08A3, 0x08A3, 0x08A3, 0x08A3, 0x0883,
0x0883, 0x0883, 0x0883, 0x0883, 0x0883, 0x0882, 0x0883, 0x0062, 0x0063, 0x0062, 0x0062, 0x0062,
0x0082, 0x0062, 0x0062, 0x0062, 0x0883, 0x0883, 0x0062, 0x0063, 0x0063, 0x0062, 0x0883, 0x08A3,
0x08A3, 0x08A3, 0x08A3, 0x08A3, 0x10A4, 0x10C4, 0x10C4, 0x10C4, 0x10E4, 0x10E4, 0x10E4, 0x10E4,
0x10E4, 0x10E4, 0x1905, 0x1905, 0x18E5, 0x18E5, 0x1905, 0x18E5, 0x18E4, 0x1905, 0x1905, 0x10E4,
0x1905, 0x1925, 0x1905, 0x1905, 0x1925, 0x1925, 0x1905, 0x1905, 0x1905, 0x18E5, 0x10E4, 0x18E5,
0x1905, 0x1905, 0x1905, 0x1905, 0x1905, 0x1905, 0x1905, 0x1905, 0x1925, 0x1905, 0x1905, 0x1905,
0x1905, 0x1905, 0x1925, 0x1925, 0x1905, 0x1905, 0x2125, 0x1925, 0x2145, 0x2145, 0x2125, 0x2145,
0x2146, 0x2146, 0x08A3, 0x5AEB, 0x6B6D, 0x736D, 0x73AF, 0x73AF, 0x7BF0, 0x7BCF, 0x738E, 0x6B4D,
0x6B4D, 0x6B4D, 0x6B4D, 0x6B6D, 0x7BCF, 0x736E, 0x2966, 0x10C3, 0x10E4, 0x10C4, 0x10C4, 0x10C4,
0x10C4, 0x10C3, 0x10C3, 0x10A3, 0x08A3, 0x08A3, 0x10C4, 0x10C4, 0x10C4, 0x10A4, 0x10A4, 0x10A4,
0x10C3, 0x08C3, 0x08C3, 0x10C3, 0x10C3, 0x10C3, 0x10C3, 0x10C4, 0x10C4, 0x10C4, 0x10C4, 0x10C4,
0x10C4, 0x10C4, 0x10C4, 0x10C4, 0x10C4, 0x10E4, 0x10E4, 0x10E4, 0x10E4, 0x10E4, 0x1905, 0x1905,
0x18E4, 0x18E4, 0x10E4, 0x10E4, 0x10E4, 0x10E4, 0x10C4, 0x10C4, 0x10C4, 0x10C4, 0x10C4, 0x10C4,
0x10C4, 0x10C3, 0x10C3, 0x10C3, 0x10C3, 0x10A3, 0x10A3, 0x10A3, 0x08A3, 0x08A3, 0x08A3, 0x08A3,
0x08A3, 0x10C3, 0x10C3, 0x10C4, 0x10A4, 0x0883, 0x0883, 0x0883, 0x0883, 0x0883, 0x0883, 0x0883,
0x0883, 0x0883, 0x0882, 0x0062, 0x0062, 0x0042, 0x0042, 0x0042, 0x0862, 0x0862, 0x0882, 0x08A3,
0x0883, 0x0883, 0x0862, 0x0042, 0x0021, 0x0001, 0x0001, 0x0001, 0x0021, 0x0021, 0x0021, 0x0021,
0x0021, 0x0021, 0x0041, 0x10C3, 0x2166, 0x3A29, 0x4A6A, 0x52AB, 0x52AB, 0x4A6A, 0x4229, 0x4249,
0x4229, 0x4229, 0x4229, 0x4229, 0x1905, 0x10E5, 0x1905, 0x2146, 0x31A7, 0x4209, 0x4A8A, 0x528B,
0x4A8B, 0x424A, 0x3A09, 0x2967, 0x10E4, 0x0022, 0x0001, 0x0001, 0x0001, 0x0021, 0x0021, 0x0021,
0x0021, 0x0021, 0x0001, 0x0021, 0x0021, 0x0021, 0x0042, 0x0082, 0x10C4, 0x1946, 0x2166, 0x31A7,
0x31C8, 0x426A, 0x632D, 0x73AF, 0x7BCF, 0x83F0, 0x7BCF, 0x6B8E, 0x632D, 0x632C, 0x632C, 0x630C,
0x630C, 0x6B4D, 0x738F, 0x7BD0, 0x8410, 0x8410, 0x7BF0, 0x6B4D, 0x52AB, 0x31A7, 0x10E4, 0x10E4,
0x1905, 0x1905, 0x1905, 0x1905, 0x1925, 0x1925, 0x1925, 0x2146, 0x2146, 0x2146, 0x2146, 0x2146,
0x1925, 0x1905, 0x1905, 0x1905, 0x1905, 0x10E4, 0x10E4, 0x10E4, 0x10C4, 0x10C4, 0x10C4, 0x10C4,
0x10C4, 0x10A3, 0x08A3, 0x08A3, 0x08A3, 0x08A3, 0x08A3, 0x08A3, 0x0883, 0x0883, 0x0883, 0x0883,
0x0883, 0x0883, 0x08A3, 0x08A3, 0x08A3, 0x08A3, 0x0883, 0x0883, 0x0883, 0x0883, 0x08A3, 0x0883,
0x0883, 0x0882, 0x0883, 0x0882, 0x0062, 0x0042, 0x0062, 0x0062, 0x0882, 0x0062, 0x0062, 0x0062,
0x0062, 0x0882, 0x0883, 0x0883, 0x0883, 0x0883, 0x0883, 0x08A3, 0x08A3, 0x08A3, 0x08A3, 0x10A4,
0x10C4, 0x10C4, 0x10C4, 0x10C4, 0x10C4, 0x18E5, 0x1905, 0x18E5, 0x18E5, 0x10E4, 0x1905, 0x1905,
0x1905, 0x18E5, 0x1905, 0x1905, 0x1905, 0x1905, 0x1905, 0x10E4, 0x1905, 0x1925, 0x1925, 0x1925,
0x1925, 0x1925, 0x1905, 0x1905, 0x1905, 0x18E4, 0x18E5, 0x18E4, 0x10E4, 0x1905, 0x1905, 0x1905,
0x1905, 0x1905, 0x1905, 0x1905, 0x1905, 0x1905, 0x1905, 0x1905, 0x1905, 0x1905, 0x1925, 0x2125,
0x2126, 0x2125, 0x1905, 0x1925, 0x2145, 0x2145, 0x2145, 0x2145, 0x2166, 0x2966, 0x2145, 0x18E4,
0x630C, 0x736E, 0x738E, 0x6B8E, 0x7BCF, 0x7BEF, 0x7BCF, 0x6B6E, 0x6B4D, 0x6B4D, 0x6B4D, 0x6B4D,
0x738E, 0x7BCF, 0x6B4D, 0x08A3, 0x10C3, 0x10C3, 0x10A3, 0x10A3, 0x10A3, 0x10A3, 0x10A3, 0x10A3,
0x08A3, 0x08A3, 0x10C4, 0x10C4, 0x10C4, 0x10A4, 0x10A4, 0x10A4, 0x10C3, 0x08C3, 0x08C3, 0x10C3,
0x10C3, 0x10C3, 0x10C3, 0x10C4, 0x10C4, 0x10C4, 0x10C4, 0x10C4, 0x10C4, 0x10C4, 0x10C4, 0x10C4,
0x10C4, 0x10E4, 0x10E4, 0x10E4, 0x10E4, 0x10E4, 0x1905, 0x18E5, 0x18E4, 0x10E4, 0x10E4, 0x10C4,
0x10C4, 0x10C4, 0x10C4, 0x10C4, 0x10C4, 0x10C4, 0x10C4, 0x10C4, 0x10C4, 0x10A3, 0x10A3, 0x10A3,
0x10A3, 0x10A3, 0x10A3, 0x10A3, 0x08A3, 0x08A3, 0x08A3, 0x08A3, 0x08A3, 0x10C4, 0x08A3, 0x08A3,
0x0883, 0x0883, 0x0883, 0x0883, 0x0883, 0x0883, 0x0883, 0x0882, 0x0062, 0x0042, 0x0042, 0x0042,
0x0062, 0x0062, 0x0062, 0x0062, 0x0042, 0x0062, 0x0062, 0x0882, 0x0062, 0x0042, 0x0021, 0x0021,
0x0021, 0x0001, 0x0001, 0x0021, 0x0021, 0x0021, 0x0041, 0x0041, 0x0021, 0x10A3, 0x2145, 0x3A08,
0x4229, 0x4229, 0x4A6A, 0x528B, 0x52AB, 0x528A, 0x4249, 0x4229, 0x4229, 0x4229, 0x4229, 0x4229,
0x18E4, 0x10E4, 0x1905, 0x2146, 0x2987, 0x39E9, 0x4A6A, 0x528B, 0x4A8B, 0x4A6A, 0x424A, 0x3A09,
0x2146, 0x10A4, 0x0022, 0x0001, 0x0001, 0x0001, 0x0021, 0x0021, 0x0021, 0x0021, 0x0021, 0x0022,
0x0022, 0x0042, 0x10E4, 0x2166, 0x29A7, 0x31E8, 0x31E8, 0x31C8, 0x31C8, 0x4A6A, 0x632D, 0x7BAF,
0x7BCF, 0x8410, 0x7BCF, 0x6B6E, 0x632D, 0x632C, 0x632C, 0x630C, 0x630C, 0x6B4D, 0x73AF, 0x7BF0,
0x8410, 0x8410, 0x7BD0, 0x6B4D, 0x528A, 0x2987, 0x10E4, 0x18E5, 0x1905, 0x1905, 0x1925, 0x1925,
0x1925, 0x1925, 0x2146, 0x2146, 0x2146, 0x2146, 0x2146, 0x1905, 0x1905, 0x1905, 0x10E4, 0x10E4,
0x10E4, 0x10C4, 0x10C4, 0x10C4, 0x10C4, 0x10C4, 0x10C4, 0x10C4, 0x10C4, 0x10A3, 0x08A3, 0x08A3,
0x08A3, 0x08A3, 0x08A3, 0x08A3, 0x08A3, 0x0883, 0x0883, 0x0883, 0x0883, 0x0883, 0x0883, 0x08A3,
0x08A3, 0x08A3, 0x0883, 0x0883, 0x0883, 0x0883, 0x08A3, 0x0883, 0x0883, 0x0883, 0x0062, 0x0883,
0x0063, 0x0062, 0x0062, 0x0062, 0x0882, 0x0062, 0x0062, 0x0062, 0x0062, 0x0883, 0x0883, 0x0883,
0x0883, 0x08A3, 0x08A3, 0x08A3, 0x10A4, 0x10A4, 0x10A4, 0x10C4, 0x10C4, 0x10E4, 0x10C4, 0x10E4,
0x18E4, 0x18E5, 0x18E4, 0x1905, 0x1905, 0x1905, 0x1905, 0x1905, 0x1905, 0x18E4, 0x1905, 0x1925,
0x1925, 0x1905, 0x1905, 0x18E5, 0x1905, 0x1925, 0x1925, 0x1925, 0x1925, 0x1925, 0x1905, 0x18E5,
0x18E5, 0x18E4, 0x18E5, 0x18E4, 0x10E4, 0x18E5, 0x1905, 0x1905, 0x1905, 0x1905, 0x1925, 0x1925,
0x1905, 0x1925, 0x1925, 0x1925, 0x1925, 0x1925, 0x1925, 0x2125, 0x1925, 0x1925, 0x1925, 0x2125,
0x2145, 0x2125, 0x2145, 0x2145, 0x2146, 0x2966, 0x2966, 0x2146, 0x2966, 0x632D, 0x738E, 0x6B8E,
0x738E, 0x7BCF, 0x7BEF, 0x738E, 0x6B4D, 0x6B4D, 0x6B2D, 0x6B4D, 0x6B4D, 0x73AE, 0x7BCF, 0x528A,
0x10C3, 0x08A3, 0x10A3, 0x10A3, 0x10A3, 0x10A3, 0x10A3, 0x10A3, 0x08A3, 0x08A3, 0x10A3, 0x10C4,
0x10C4, 0x10A4, 0x10A4, 0x10A4, 0x10C3, 0x08C3, 0x08C3, 0x10C3, 0x10C3, 0x10C3, 0x10C3, 0x10C4,
0x10C4, 0x10C4, 0x10C4, 0x10C4, 0x10C4, 0x10C4, 0x10C4, 0x10C4, 0x10C4, 0x10C4, 0x10C4, 0x10E4,
0x10E4, 0x10E4, 0x10E4, 0x10E4, 0x10E4, 0x10C4, 0x10C4, 0x10C4, 0x10C4, 0x10C4, 0x10C4, 0x10C4,
0x10C4, 0x10C3, 0x10C3, 0x10C3, 0x10A3, 0x10A3, 0x08A3, 0x08A3, 0x08A3, 0x08A3, 0x08A3, 0x08A3,
0x08A3, 0x08A3, 0x08A3, 0x08A3, 0x08A3, 0x08A3, 0x0882, 0x0882, 0x0883, 0x0883, 0x0863, 0x0863,
0x0883, 0x0883, 0x0062, 0x0042, 0x0042, 0x0042, 0x0042, 0x0062, 0x0062, 0x0062, 0x0042, 0x0042,
0x0042, 0x0042, 0x0062, 0x0042, 0x0021, 0x0021, 0x0001, 0x0001, 0x0001, 0x0001, 0x0001, 0x0021,
0x0021, 0x0021, 0x0041, 0x0041, 0x10C3, 0x2966, 0x39E8, 0x4229, 0x4249, 0x4249, 0x4A49, 0x4A6A,
0x528A, 0x52AB, 0x4A6A, 0x4229, 0x4229, 0x4229, 0x4229, 0x4229, 0x10E4, 0x10E4, 0x1905, 0x1925,
0x2966, 0x31A8, 0x4229, 0x4A8A, 0x52AB, 0x52AB, 0x52AB, 0x426A, 0x31C8, 0x2967, 0x0883, 0x0001,
0x0001, 0x0001, 0x0001, 0x0001, 0x0001, 0x0021, 0x0021, 0x0042, 0x0083, 0x10E5, 0x29A7, 0x3A09,
0x4249, 0x426A, 0x3A49, 0x31E8, 0x31C8, 0x4A6A, 0x6B4D, 0x7BAF, 0x83F0, 0x8410, 0x7BEF, 0x6B6E,
0x632D, 0x632D, 0x632D, 0x632C, 0x632C, 0x6B6E, 0x73AF, 0x7BF0, 0x7BF0, 0x83F0, 0x7BCF, 0x632D,
0x4249, 0x2125, 0x1905, 0x1905, 0x1925, 0x1925, 0x1925, 0x2146, 0x2146, 0x2146, 0x2146, 0x2146,
0x2146, 0x1925, 0x1925, 0x1905, 0x18E5, 0x10E4, 0x10E4, 0x10E4, 0x10C4, 0x10C4, 0x10C4, 0x10C4,
0x10C4, 0x10C4, 0x10C4, 0x10C4, 0x10C3, 0x10A3, 0x10C3, 0x08A3, 0x08A3, 0x08A3, 0x08A3, 0x08A3,
0x08A3, 0x08A3, 0x08A3, 0x0082, 0x0863, 0x0883, 0x0883, 0x08A3, 0x08A3, 0x08A3, 0x0883, 0x0883,
0x0882, 0x08A3, 0x08A3, 0x08A3, 0x0883, 0x0883, 0x0883, 0x0062, 0x0062, 0x0062, 0x0062, 0x0062,
0x0882, 0x0883, 0x0863, 0x0062, 0x0883, 0x0883, 0x0883, 0x0883, 0x08A3, 0x08A3, 0x08A3, 0x08A3,
0x08A3, 0x10C4, 0x10C4, 0x10C4, 0x10E4, 0x1905, 0x1904, 0x1905, 0x1905, 0x1905, 0x1905, 0x1905,
0x1905, 0x1925, 0x1905, 0x1925, 0x1925, 0x1905, 0x1904, 0x1925, 0x1925, 0x1925, 0x1925, 0x1905,
0x1925, 0x1925, 0x1925, 0x1925, 0x1925, 0x1925, 0x1905, 0x1905, 0x18E4, 0x10E4, 0x18E5, 0x1905,
0x1905, 0x1905, 0x1905, 0x1905, 0x1905, 0x1905, 0x1905, 0x1925, 0x1905, 0x1905, 0x1925, 0x2125,
0x2125, 0x2125, 0x2125, 0x2125, 0x2125, 0x2125, 0x2125, 0x2145, 0x2145, 0x2145, 0x2145, 0x2145,
0x2146, 0x2166, 0x2946, 0x2966, 0x1905, 0x39E8, 0x6B8E, 0x6B8E, 0x736E, 0x73AF, 0x7BCF, 0x7BEF,
0x736E, 0x6B4D, 0x6B4D, 0x6B4D, 0x6B4D, 0x6B4D, 0x7BCF, 0x73AE, 0x31C7, 0x0883, 0x08A3, 0x08A3,
0x08A3, 0x08A3, 0x08A3, 0x08A3, 0x08A3, 0x08A3, 0x08A3, 0x08A3, 0x10C3, 0x10A4, 0x10A4, 0x10A4,
0x10C3, 0x08C3, 0x08A3, 0x10C3, 0x10C3, 0x10C3, 0x10C3, 0x10C3, 0x10C4, 0x10C4, 0x10C4, 0x10C4,
0x10C4, 0x10C4, 0x10C4, 0x10C4, 0x10C4, 0x10C4, 0x10C4, 0x10E4, 0x10E4, 0x10E4, 0x10C4, 0x10C4,
0x10C4, 0x10C4, 0x10C4, 0x10C4, 0x10C4, 0x10C3, 0x10C4, 0x10C4, 0x10C3, 0x08A3, 0x08A3, 0x08A3,
0x08A3, 0x08A3, 0x08A3, 0x08A3, 0x08A3, 0x08A3, 0x08A3, 0x08A3, 0x08A3, 0x08A3, 0x10A3, 0x08A3,
0x0883, 0x0062, 0x0082, 0x0883, 0x0063, 0x0062, 0x0863, 0x0883, 0x0883, 0x0042, 0x0042, 0x0022,
0x0042, 0x0042, 0x0042, 0x0062, 0x0062, 0x0062, 0x0042, 0x0042, 0x0062, 0x0042, 0x0042, 0x0021,
0x0021, 0x0021, 0x0001, 0x0001, 0x0021, 0x0021, 0x0021, 0x0021, 0x0021, 0x0021, 0x08A3, 0x2965,
0x3A08, 0x4229, 0x4A49, 0x4A6A, 0x4A6A, 0x4A6A, 0x4A69, 0x4A49, 0x4A6A, 0x528A, 0x4A8A, 0x4249,
0x4229, 0x4229, 0x4229, 0x4229, 0x10E4, 0x10E5, 0x1905, 0x1925, 0x2166, 0x2987, 0x3A08, 0x4A6A,
0x52CB, 0x52CB, 0x52CB, 0x52AB, 0x4A6A, 0x31E8, 0x2166, 0x10C3, 0x0041, 0x0001, 0x0001, 0x0001,
0x0001, 0x0021, 0x0021, 0x0062, 0x08C4, 0x2166, 0x3A08, 0x424A, 0x4249, 0x426A, 0x3A49, 0x31E8,
0x31C7, 0x4A6A, 0x6B4D, 0x738E, 0x83F0, 0x8410, 0x7BEF, 0x6B6E, 0x632D, 0x632D, 0x632D, 0x632C,
0x632C, 0x6B6E, 0x73AF, 0x7BF0, 0x7BF0, 0x7BD0, 0x7BAF, 0x632D, 0x4249, 0x2125, 0x1905, 0x1905,
0x1925, 0x1925, 0x1925, 0x2146, 0x2146, 0x2146, 0x2146, 0x1925, 0x1925, 0x1925, 0x1905, 0x10E4,
0x10E4, 0x10E4, 0x10E4, 0x10C4, 0x10C4, 0x10C4, 0x10C4, 0x10C3, 0x10C3, 0x10C3, 0x10C3, 0x10C3,
0x10C3, 0x10A3, 0x10C3, 0x08A3, 0x08A3, 0x08A3, 0x08A3, 0x08A3, 0x08A3, 0x0883, 0x0082, 0x0883,
0x0883, 0x0062, 0x0062, 0x08A3, 0x08A3, 0x08A3, 0x08A3, 0x0883, 0x0883, 0x0883, 0x0883, 0x08A3,
0x0883, 0x0062, 0x0062, 0x0062, 0x0062, 0x0062, 0x0062, 0x0062, 0x0882, 0x0883, 0x0883, 0x0883,
0x0883, 0x08A3, 0x08A3, 0x08A3, 0x08A3, 0x10C3, 0x10C3, 0x08A3, 0x08A3, 0x10C4, 0x10C4, 0x10C4,
0x10E4, 0x1905, 0x1905, 0x1905, 0x1905, 0x1925, 0x1905, 0x1905, 0x1905, 0x1925, 0x1905, 0x1925,
0x1925, 0x1925, 0x1904, 0x1925, 0x1925, 0x1925, 0x1905, 0x10E4, 0x1925, 0x1925, 0x1925, 0x1925,
0x1925, 0x1925, 0x1925, 0x1905, 0x1905, 0x10E4, 0x18E5, 0x1905, 0x1905, 0x1905, 0x1905, 0x1905,
0x1905, 0x1905, 0x1905, 0x1905, 0x1925, 0x1905, 0x1925, 0x2125, 0x2125, 0x2125, 0x2125, 0x2125,
0x2125, 0x2125, 0x2125, 0x2145, 0x2145, 0x2145, 0x2145, 0x2145, 0x2146, 0x2166, 0x2946, 0x2966,
0x2166, 0x18E4, 0x4A6A, 0x6B6E, 0x738E, 0x738E, 0x7BAF, 0x7BEF, 0x7BCF, 0x6B6D, 0x6B4D, 0x6B4D,
0x6B4D, 0x634D, 0x6B6D, 0x73AE, 0x6B6E, 0x31C7, 0x0883, 0x10A3, 0x08A3, 0x08A3, 0x08A3, 0x08A3,
0x08A3, 0x08A3, 0x08A3, 0x08A3, 0x10C3, 0x10A4, 0x10A4, 0x10A4, 0x10C3, 0x08C3, 0x08A3, 0x10C3,
0x10C3, 0x10C3, 0x10C3, 0x10C3, 0x10C4, 0x10C4, 0x10C4, 0x10C4, 0x10C4, 0x10C4, 0x10C4, 0x10C4,
0x10C4, 0x10C4, 0x10C4, 0x10C4, 0x10C4, 0x10C4, 0x10C4, 0x10C4, 0x10C4, 0x10C3, 0x10C3, 0x10C3,
0x10C3, 0x10C3, 0x08A3, 0x08A3, 0x08A3, 0x08A3, 0x08A3, 0x08A3, 0x08A3, 0x08A3, 0x08A3, 0x08A3,
0x08A3, 0x08A3, 0x08A3, 0x08A3, 0x08A3, 0x08A3, 0x08A3, 0x0882, 0x0062, 0x0882, 0x0882, 0x0062,
0x0062, 0x0062, 0x0863, 0x0062, 0x0042, 0x0022, 0x0022, 0x0042, 0x0042, 0x0042, 0x0062, 0x0062,
0x0062, 0x0062, 0x0042, 0x0062, 0x0042, 0x0021, 0x0021, 0x0021, 0x0021, 0x0021, 0x0001, 0x0001,
0x0021, 0x0021, 0x0021, 0x0021, 0x0882, 0x1904, 0x31C7, 0x4229, 0x4249, 0x4A69, 0x4A6A, 0x4A49,
0x4A49, 0x4A4A, 0x4A6A, 0x4249, 0x4A49, 0x528A, 0x52AA, 0x4A69, 0x4229, 0x4229, 0x4229, 0x4229,
0x10E4, 0x10E5, 0x1905, 0x1925, 0x2966, 0x2987, 0x39E8, 0x4249, 0x4A8B, 0x52AB, 0x52CB, 0x5ACC,
0x52AB, 0x4A4A, 0x3A08, 0x2966, 0x18E4, 0x0842, 0x0001, 0x0001, 0x0001, 0x0021, 0x0022, 0x0042,
0x10C5, 0x2146, 0x39E8, 0x4229, 0x4229, 0x424A, 0x3A09, 0x31C8, 0x39E8, 0x4A8A, 0x6B4D, 0x7BAF,
0x7BF0, 0x8410, 0x7BCF, 0x6B6E, 0x634D, 0x632D, 0x632D, 0x632D, 0x6B4D, 0x736E, 0x7BAF, 0x7BF0,
0x83F0, 0x7BCF, 0x738E, 0x5AEC, 0x3A08, 0x2125, 0x1905, 0x1925, 0x1925, 0x1926, 0x1925, 0x2146,
0x2145, 0x1925, 0x1925, 0x1925, 0x1905, 0x1905, 0x1905, 0x10E4, 0x10E4, 0x10E4, 0x10C4, 0x10C4,
0x10C4, 0x10C4, 0x10C4, 0x10A4, 0x10A4, 0x10A4, 0x10A3, 0x10A3, 0x08A3, 0x08A3, 0x08A3, 0x08A3,
0x08A3, 0x08A3, 0x08A3, 0x08A3, 0x08A3, 0x0883, 0x0882, 0x0883, 0x0883, 0x0062, 0x0062, 0x0883,
0x0883, 0x08A3, 0x08A3, 0x08A3, 0x08A3, 0x08A3, 0x0883, 0x08A3, 0x0883, 0x0883, 0x0882, 0x0062,
0x0062, 0x0062, 0x0062, 0x0062, 0x0062, 0x0883, 0x0883, 0x08A3, 0x08A3, 0x08A3, 0x08A3, 0x08A3,
0x08A3, 0x10C4, 0x10E4, 0x10E4, 0x10C4, 0x10C4, 0x10E4, 0x10E4, 0x10E4, 0x10E4, 0x1925, 0x1925,
0x1925, 0x1925, 0x1925, 0x1905, 0x1905, 0x1905, 0x1925, 0x1926, 0x2126, 0x2146, 0x1905, 0x1925,
0x1925, 0x1925, 0x2145, 0x1925, 0x1925, 0x1925, 0x1925, 0x2125, 0x2125, 0x1905, 0x1905, 0x1905,
0x1905, 0x18E5, 0x18E5, 0x18E5, 0x1905, 0x1905, 0x1905, 0x1905, 0x1905, 0x1905, 0x1905, 0x1905,
0x2125, 0x2125, 0x1925, 0x2125, 0x2125, 0x2125, 0x2125, 0x2125, 0x2145, 0x1925, 0x1925, 0x2145,
0x2145, 0x2146, 0x2146, 0x2145, 0x2146, 0x2946, 0x2166, 0x2166, 0x2166, 0x2146, 0x1904, 0x630D,
0x6B4E, 0x6B6E, 0x738E, 0x73AE, 0x83F0, 0x7BAF, 0x6B4D, 0x6B4D, 0x6B4D, 0x6B4D, 0x6B4D, 0x6B6E,
0x73AF, 0x634D, 0x2125, 0x0883, 0x08A3, 0x08A3, 0x08A3, 0x08A3, 0x10A3, 0x10A3, 0x10A3, 0x10C3,
0x10C3, 0x10A4, 0x10A4, 0x10A4, 0x10C3, 0x08C3, 0x08A3, 0x10C3, 0x10C3, 0x10C3, 0x10C3, 0x10C3,
0x10C3, 0x10C3, 0x10C3, 0x10C4, 0x10C4, 0x10C4, 0x10C4, 0x10C4, 0x10C4, 0x10C4, 0x10C4, 0x10C3,
0x10C3, 0x10C3, 0x10C3, 0x10C3, 0x10C3, 0x08A3, 0x08A3, 0x08A3, 0x08A3, 0x08A3, 0x08A3, 0x08A3,
0x08A3, 0x08A3, 0x08A3, 0x08A3, 0x08A3, 0x08A3, 0x08A3, 0x08A3, 0x08A3, 0x0883, 0x08A3, 0x08A3,
0x0883, 0x0882, 0x0062, 0x0883, 0x0883, 0x0062, 0x0062, 0x0062, 0x0062, 0x0062, 0x0042, 0x0042,
0x0022, 0x0042, 0x0042, 0x0042, 0x0042, 0x0062, 0x0042, 0x0042, 0x0062, 0x0042, 0x0042, 0x0041,
0x0021, 0x0001, 0x0001, 0x0021, 0x0021, 0x0021, 0x0021, 0x0021, 0x0021, 0x0042, 0x0042, 0x10C3,
0x2966, 0x4229, 0x4A4A, 0x4A49, 0x4A49, 0x4A6A, 0x4A6A, 0x4A49, 0x4249, 0x4249, 0x4A6A, 0x4249,
0x4A29, 0x4A49, 0x528A, 0x528A, 0x4A49, 0x4229, 0x4229, 0x4229, 0x10E4, 0x10E5, 0x1905, 0x1925,
0x2966, 0x2967, 0x2987, 0x39E8, 0x4229, 0x4A8B, 0x52AB, 0x5AEC, 0x5AEC, 0x52CB, 0x4A6A, 0x4A4A,
0x31C8, 0x2125, 0x10A3, 0x0042, 0x0022, 0x0021, 0x0021, 0x0042, 0x10C4, 0x2146, 0x29A7, 0x3A09,
0x3A09, 0x39E8, 0x31A7, 0x31A7, 0x3A29, 0x5B0C, 0x738E, 0x7BCF, 0x7BF0, 0x83F0, 0x7BAF, 0x6B6E,
0x634E, 0x632D, 0x632D, 0x632D, 0x6B4D, 0x736E, 0x7BAF, 0x7BCF, 0x83F0, 0x7BCF, 0x738E, 0x5ACB,
0x39E8, 0x2125, 0x1925, 0x1926, 0x1926, 0x1925, 0x1925, 0x1925, 0x1925, 0x1905, 0x1905, 0x1905,
0x1905, 0x1905, 0x1905, 0x10E4, 0x10E4, 0x10C4, 0x10C4, 0x10C4, 0x10C4, 0x10C4, 0x10C4, 0x10A3,
0x10A3, 0x10A3, 0x10A3, 0x10A3, 0x08A4, 0x08A4, 0x08A3, 0x08A3, 0x08A3, 0x08A3, 0x08A3, 0x08A3,
0x08A3, 0x0883, 0x0882, 0x0882, 0x0882, 0x0062, 0x0062, 0x0882, 0x08A3, 0x08A3, 0x08A3, 0x08A3,
0x08A3, 0x08A3, 0x08A3, 0x08A3, 0x0883, 0x0882, 0x0882, 0x0882, 0x0062, 0x0062, 0x0062, 0x0062,
0x0062, 0x0883, 0x0883, 0x0882, 0x08A3, 0x08A3, 0x08A3, 0x10C4, 0x10E4, 0x10C4, 0x10E4, 0x10E4,
0x10E4, 0x10E4, 0x10E4, 0x10C4, 0x10E4, 0x10E4, 0x1905, 0x1925, 0x1905, 0x1925, 0x2126, 0x2126,
0x1925, 0x1905, 0x1905, 0x1925, 0x1925, 0x2146, 0x1925, 0x1905, 0x2126, 0x2126, 0x1905, 0x1925,
0x1925, 0x1925, 0x1925, 0x2125, 0x2125, 0x2125, 0x1905, 0x1905, 0x1905, 0x18E5, 0x18E5, 0x18E5,
0x1905, 0x1905, 0x1905, 0x1905, 0x1905, 0x1925, 0x1905, 0x1905, 0x1925, 0x2125, 0x1925, 0x2125,
0x2125, 0x2125, 0x2125, 0x2125, 0x2145, 0x2125, 0x1925, 0x2146, 0x2146, 0x2146, 0x2166, 0x2146,
0x2946, 0x2946, 0x2966, 0x2166, 0x2166, 0x2166, 0x2146, 0x2966, 0x6B4E, 0x6B4E, 0x6B4D, 0x736E,
0x7BCF, 0x8410, 0x73AF, 0x6B4D, 0x634D, 0x6B4D, 0x6B4D, 0x6B4D, 0x73AF, 0x73AF, 0x528B, 0x10C4,
0x0882, 0x08A3, 0x08A3, 0x08A3, 0x10A3, 0x10A3, 0x10A3, 0x10C3, 0x10C3, 0x10A4, 0x10A4, 0x10A4,
0x10C3, 0x08C3, 0x08A3, 0x08A3, 0x10C3, 0x10C3, 0x10C3, 0x10C3, 0x10A3, 0x10A3, 0x10A3, 0x10C4,
0x10C4, 0x10C4, 0x10C4, 0x10C4, 0x10C3, 0x10C4, 0x10C3, 0x10C3, 0x10C3, 0x10C3, 0x10C3, 0x10C3,
0x10C3, 0x08A3, 0x08A3, 0x08A3, 0x08A3, 0x08A3, 0x08A3, 0x08A3, 0x08A3, 0x08A3, 0x08A3, 0x08A3,
0x08A3, 0x08A3, 0x08A3, 0x08A3, 0x08A3, 0x08A3, 0x08A3, 0x0883, 0x0062, 0x0062, 0x0883, 0x0883,
0x0042, 0x0042, 0x0042, 0x0042, 0x0042, 0x0042, 0x0042, 0x0022, 0x0022, 0x0042, 0x0042, 0x0042,
0x0042, 0x0042, 0x0042, 0x0042, 0x0062, 0x0041, 0x0021, 0x0021, 0x0001, 0x0001, 0x0001, 0x0021,
0x0021, 0x0021, 0x0021, 0x0021, 0x0042, 0x0883, 0x18E4, 0x39E8, 0x4229, 0x4A6A, 0x4A4A, 0x4A49,
0x4A49, 0x4A49, 0x4A49, 0x4249, 0x4249, 0x4249, 0x4A49, 0x4A49, 0x4A29, 0x4229, 0x4A6A, 0x528A,
0x4A4A, 0x4229, 0x4229, 0x4229, 0x10E4, 0x10E5, 0x1905, 0x1925, 0x2146, 0x2966, 0x2967, 0x31A7,
0x39E8, 0x424A, 0x4A8B, 0x52CB, 0x52CC, 0x5ACC, 0x5ACC, 0x4A6A, 0x4229, 0x4209, 0x31A8, 0x2125,
0x10C4, 0x0083, 0x0062, 0x0083, 0x0883, 0x10C4, 0x1905, 0x2167, 0x2966, 0x29A7, 0x31E8, 0x4229,
0x5B0C, 0x73AF, 0x83F0, 0x83F0, 0x7BF0, 0x7BCF, 0x7BAF, 0x738E, 0x6B4E, 0x634D, 0x634D, 0x6B4D,
0x6B6E, 0x738E, 0x7BCF, 0x7BCF, 0x83EF, 0x7BCF, 0x738E, 0x5ACB, 0x39E8, 0x1925, 0x1905, 0x1925,
0x1905, 0x1905, 0x1905, 0x1905, 0x1904, 0x1904, 0x1904, 0x1904, 0x10E4, 0x10E4, 0x10C4, 0x10E4,
0x10E4, 0x10C4, 0x10C4, 0x10C4, 0x10C4, 0x10C4, 0x10C4, 0x08A3, 0x08A3, 0x08A3, 0x08A3, 0x08A3,
0x08A3, 0x08A3, 0x08A3, 0x08A3, 0x08A3, 0x08A3, 0x08A3, 0x08A3, 0x08A3, 0x08A3, 0x0883, 0x0882,
0x0882, 0x0883, 0x0082, 0x0082, 0x08A3, 0x08A3, 0x08A3, 0x08A3, 0x08A3, 0x08A3, 0x08A3, 0x08A3,
0x0883, 0x0882, 0x0062, 0x0062, 0x0062, 0x0062, 0x0062, 0x0062, 0x0083, 0x0082, 0x0883, 0x0883,
0x08A3, 0x08A3, 0x08A3, 0x08A3, 0x10C4, 0x18E5, 0x10E4, 0x10E4, 0x10E4, 0x10E4, 0x10E4, 0x10C4,
0x1905, 0x1905, 0x1905, 0x1925, 0x2125, 0x1925, 0x2126, 0x2146, 0x1925, 0x1905, 0x1905, 0x2125,
0x1925, 0x2146, 0x2146, 0x1905, 0x1925, 0x1925, 0x1905, 0x1925, 0x1925, 0x1925, 0x1925, 0x1925,
0x1925, 0x1925, 0x1905, 0x1905, 0x1905, 0x18E5, 0x18E5, 0x18E5, 0x1905, 0x1905, 0x1905, 0x1905,
0x1925, 0x1905, 0x1925, 0x1905, 0x2125, 0x2145, 0x1925, 0x2125, 0x2125, 0x2125, 0x2125, 0x2125,
0x1925, 0x2145, 0x2145, 0x2146, 0x2146, 0x2146, 0x2146, 0x2146, 0x2166, 0x2166, 0x2166, 0x2146,
0x2145, 0x2146, 0x2987, 0x2146, 0x4249, 0x6B6E, 0x6B4D, 0x6B4E, 0x738E, 0x7BEF, 0x7BEF, 0x6B4D,
0x6B2D, 0x6B4D, 0x6B4D, 0x6B4D, 0x6B4D, 0x73AF, 0x738E, 0x52AB, 0x10C4, 0x10A3, 0x08A3, 0x08A3,
0x10A3, 0x10A3, 0x10A3, 0x10C3, 0x10C3, 0x10C3, 0x10A4, 0x10A4, 0x10C3, 0x10C3, 0x08A3, 0x08A3,
0x08A3, 0x08A3, 0x10C3, 0x10C3, 0x10A3, 0x10A3, 0x10A3, 0x10C3, 0x10C3, 0x10C4, 0x10C4, 0x10C4,
0x10C4, 0x10C3, 0x08A3, 0x08A3, 0x08A3, 0x08A3, 0x08A3, 0x08A3, 0x08A3, 0x08A3, 0x08A3, 0x0883,
0x0883, 0x0883, 0x0883, 0x0883, 0x0883, 0x0883, 0x0883, 0x0883, 0x08A3, 0x08A3, 0x08A3, 0x08A3,
0x08A3, 0x08A3, 0x0883, 0x0062, 0x0062, 0x0062, 0x0062, 0x0042, 0x0042, 0x0042, 0x0042, 0x0022,
0x0022, 0x0022, 0x0042, 0x0042, 0x0042, 0x0042, 0x0042, 0x0042, 0x0042, 0x0042, 0x0042, 0x0042,
0x0041, 0x0021, 0x0021, 0x0001, 0x0001, 0x0001, 0x0001, 0x0021, 0x0021, 0x0021, 0x0021, 0x0021,
0x1904, 0x3A08, 0x4229, 0x4A6A, 0x4A6A, 0x4A6A, 0x4A49, 0x4A49, 0x4249, 0x4229, 0x4249, 0x4249,
0x4249, 0x4249, 0x4249, 0x4A49, 0x4249, 0x4229, 0x4A6A, 0x528A, 0x4A6A, 0x4249, 0x4229, 0x4229,
0x18E4, 0x18E5, 0x1905, 0x1925, 0x2146, 0x2146, 0x2146, 0x2966, 0x2987, 0x39E8, 0x4249, 0x4A8B,
0x5AEC, 0x5AEC, 0x5AEC, 0x5ACC, 0x52AB, 0x52AB, 0x4A6A, 0x4269, 0x3A08, 0x3A08, 0x3A09, 0x31C8,
0x31C8, 0x31C8, 0x31C8, 0x31C8, 0x39E8, 0x4A8A, 0x630C, 0x6B6E, 0x7BCF, 0x8410, 0x8C31, 0x8C31,
0x8410, 0x7BD0, 0x73AF, 0x738E, 0x6B6E, 0x6B6D, 0x6B4D, 0x6B4D, 0x6B6E, 0x73AE, 0x7BCF, 0x7BCF,
0x7BEF, 0x7BCF, 0x6B6D, 0x528A, 0x2987, 0x1905, 0x1905, 0x1905, 0x1905, 0x1905, 0x1905, 0x1905,
0x10E4, 0x10E4, 0x10E4, 0x10E4, 0x10E4, 0x10E4, 0x10C4, 0x10C4, 0x10C4, 0x10C4, 0x10C4, 0x10C4,
0x10C4, 0x08A3, 0x08A3, 0x08A3, 0x08A3, 0x08A3, 0x08A3, 0x0883, 0x08A3, 0x08A3, 0x08A3, 0x08A3,
0x08A3, 0x08A3, 0x08A3, 0x08A3, 0x08A3, 0x0883, 0x0883, 0x0883, 0x0882, 0x0883, 0x0882, 0x0883,
0x08A3, 0x08A3, 0x08A3, 0x08A3, 0x08A3, 0x08A3, 0x08A3, 0x08A3, 0x0883, 0x0082, 0x0062, 0x0062,
0x0062, 0x0062, 0x0083, 0x0883, 0x08A3, 0x08A3, 0x08A3, 0x08A3, 0x08A3, 0x08A3, 0x10C3, 0x10A4,
0x10A4, 0x10E4, 0x10E4, 0x10E4, 0x1905, 0x1905, 0x1905, 0x1905, 0x1905, 0x1925, 0x2146, 0x2125,
0x2125, 0x2125, 0x2125, 0x2125, 0x1925, 0x1905, 0x2126, 0x2146, 0x2126, 0x1925, 0x1925, 0x1905,
0x1925, 0x1925, 0x2145, 0x1925, 0x1925, 0x2145, 0x2145, 0x2125, 0x1905, 0x1905, 0x1905, 0x1905,
0x1905, 0x18E5, 0x10E4, 0x1905, 0x1905, 0x1905, 0x1905, 0x1905, 0x1925, 0x2126, 0x1905, 0x2126,
0x1925, 0x1925, 0x1925, 0x2125, 0x2145, 0x2145, 0x2145, 0x2145, 0x2145, 0x2145, 0x2145, 0x2146,
0x2146, 0x2146, 0x2146, 0x2146, 0x2146, 0x2166, 0x2166, 0x2166, 0x2166, 0x2166, 0x2966, 0x2166,
0x1904, 0x5AEC, 0x6B4D, 0x6B4D, 0x6B4D, 0x73AF, 0x8410, 0x73AE, 0x6B4D, 0x6B4D, 0x6B4D, 0x6B4D,
0x6B4D, 0x738E, 0x7BCF, 0x630C, 0x4249, 0x10A3, 0x0883, 0x08A3, 0x08A3, 0x08A3, 0x08A3, 0x08A3,
0x08A3, 0x10C3, 0x10C3, 0x10C3, 0x10C3, 0x08A3, 0x08A3, 0x08A3, 0x08A3, 0x08A3, 0x08A3, 0x08A3,
0x10C3, 0x10C3, 0x10C3, 0x10C3, 0x10C3, 0x10C3, 0x10A3, 0x10C3, 0x10C3, 0x08A3, 0x08A3, 0x08A3,
0x08A3, 0x08A3, 0x0883, 0x0883, 0x0883, 0x0883, 0x0883, 0x0883, 0x0883, 0x0883, 0x0883, 0x0883,
0x0883, 0x0883, 0x0883, 0x0883, 0x0883, 0x0883, 0x0883, 0x08A3, 0x0883, 0x0062, 0x0062, 0x0883,
0x0062, 0x0042, 0x0042, 0x0042, 0x0042, 0x0042, 0x0042, 0x0042, 0x0022, 0x0022, 0x0022, 0x0042,
0x0042, 0x0042, 0x0041, 0x0041, 0x0021, 0x0021, 0x0021, 0x0001, 0x0001, 0x0001, 0x0021, 0x0021,
0x0021, 0x0042, 0x0021, 0x0021, 0x0021, 0x0021, 0x08A3, 0x2146, 0x4249, 0x52CB, 0x5ACB, 0x4A69,
0x4A6A, 0x4A6A, 0x4249, 0x4249, 0x4249, 0x4229, 0x4229, 0x4A49, 0x4229, 0x4A49, 0x4A49, 0x4A49,
0x4249, 0x4229, 0x4229, 0x528A, 0x528B, 0x4A4A, 0x4229, 0x4229, 0x1905, 0x10E5, 0x1905, 0x1905,
0x1926, 0x2126, 0x2126, 0x2145, 0x2146, 0x2987, 0x31C8, 0x424A, 0x4A8B, 0x52CB, 0x5AEC, 0x5AEC,
0x5AEC, 0x5AEC, 0x5AEC, 0x5AEB, 0x52CB, 0x630D, 0x6B4E, 0x6B6E, 0x6B6E, 0x6B6E, 0x632D, 0x632D,
0x6B4D, 0x8431, 0x8430, 0x8C51, 0x8C71, 0x8C71, 0x8C51, 0x8C31, 0x8430, 0x7BD0, 0x73AF, 0x738E,
0x6B6E, 0x6B6D, 0x6B6D, 0x6B6D, 0x6B6E, 0x73AE, 0x7BCF, 0x7BCF, 0x7BEF, 0x73AF, 0x6B4D, 0x528B,
0x2987, 0x18E5, 0x18E5, 0x1905, 0x1905, 0x18E5, 0x10E5, 0x18E5, 0x10E5, 0x10E5, 0x10E5, 0x10E5,
0x10E4, 0x10E4, 0x10C4, 0x10C4, 0x10C4, 0x10C4, 0x10C4, 0x10C4, 0x10C4, 0x08A3, 0x08A3, 0x08A3,
0x08A3, 0x08A3, 0x08A3, 0x08A3, 0x08A3, 0x08A3, 0x08A3, 0x08A3, 0x08A3, 0x08A3, 0x08A3, 0x08A3,
0x08A3, 0x0883, 0x0883, 0x08A3, 0x0882, 0x0883, 0x0883, 0x08A3, 0x08A3, 0x08A3, 0x08A3, 0x08A3,
0x08A3, 0x08A3, 0x08A3, 0x08A3, 0x0883, 0x0883, 0x0883, 0x0062, 0x0083, 0x0083, 0x0883, 0x08A3,
0x08A3, 0x08A3, 0x10C3, 0x08A3, 0x10C4, 0x10C4, 0x10C4, 0x10C4, 0x10C4, 0x10E4, 0x10E4, 0x10E4,
0x1905, 0x2146, 0x1925, 0x1905, 0x1905, 0x1925, 0x2146, 0x2145, 0x2125, 0x2146, 0x2146, 0x2146,
0x2146, 0x1925, 0x1905, 0x1925, 0x2146, 0x2146, 0x1946, 0x1905, 0x1925, 0x2146, 0x2145, 0x1925,
0x1925, 0x2145, 0x2145, 0x2125, 0x1905, 0x1905, 0x1905, 0x1905, 0x1905, 0x1905, 0x1905, 0x18E5,
0x1905, 0x1905, 0x1905, 0x1925, 0x1925, 0x1925, 0x1905, 0x2125, 0x2125, 0x2145, 0x2125, 0x1925,
0x2145, 0x2145, 0x2145, 0x2145, 0x2145, 0x2145, 0x2145, 0x2146, 0x2146, 0x2146, 0x2146, 0x2166,
0x2166, 0x2166, 0x2166, 0x2166, 0x2166, 0x2166, 0x2166, 0x2986, 0x2166, 0x3187, 0x6B4D, 0x6B4D,
0x6B4D, 0x6B6D, 0x7BCF, 0x7BEF, 0x738E, 0x6B4D, 0x6B4D, 0x6B4D, 0x6B4D, 0x6B4D, 0x7BCF, 0x6B6D,
0x630C, 0x4229, 0x0862, 0x0883, 0x08A3, 0x08A3, 0x08A3, 0x08A3, 0x08A3, 0x08A3, 0x08C3, 0x10C3,
0x10C3, 0x08A3, 0x08A3, 0x08A3, 0x08A3, 0x08A3, 0x08A3, 0x08A3, 0x10C3, 0x10C3, 0x10C3, 0x10C3,
0x10C3, 0x10C3, 0x10A3, 0x10A3, 0x08A3, 0x08A3, 0x0883, 0x0883, 0x0883, 0x0883, 0x0883, 0x0883,
0x0883, 0x0883, 0x0883, 0x0883, 0x0883, 0x0883, 0x0883, 0x0883, 0x0883, 0x0883, 0x0883, 0x0883,
0x0883, 0x0883, 0x0883, 0x0062, 0x0062, 0x0883, 0x0062, 0x0042, 0x0042, 0x0042, 0x0042, 0x0042,
0x0042, 0x0042, 0x0042, 0x0042, 0x0042, 0x0042, 0x0022, 0x0022, 0x0022, 0x0041, 0x0041, 0x0041,
0x0021, 0x0021, 0x0021, 0x0001, 0x0001, 0x0001, 0x0021, 0x0021, 0x0041, 0x0042, 0x0042, 0x0021,
0x0882, 0x2125, 0x4228, 0x4A6A, 0x52AA, 0x52CB, 0x5AEB, 0x528A, 0x4A6A, 0x4A6A, 0x4249, 0x4249,
0x4249, 0x4249, 0x4229, 0x4249, 0x4249, 0x4A49, 0x4A49, 0x4249, 0x4249, 0x4229, 0x4229, 0x4A6A,
0x528B, 0x4A6A, 0x4249, 0x4229, 0x1905, 0x10E5, 0x10E5, 0x1905, 0x1925, 0x1925, 0x1925, 0x1925,
0x2125, 0x2166, 0x29A7, 0x31C8, 0x4249, 0x4A6A, 0x4A8B, 0x5AEC, 0x5AEC, 0x630C, 0x630D, 0x630D,
0x6B4D, 0x738E, 0x738E, 0x7BD0, 0x7BF0, 0x7BF0, 0x8C71, 0x8C72, 0x8C72, 0x9492, 0x9492, 0x9472,
0x9492, 0x9492, 0x8C51, 0x8430, 0x8430, 0x7BCF, 0x73AF, 0x738F, 0x6B6E, 0x6B6D, 0x6B6D, 0x6B6D,
0x6B6E, 0x73AE, 0x7BCF, 0x7BCF, 0x7BCF, 0x73AF, 0x6B4D, 0x528B, 0x2987, 0x10E5, 0x10E5, 0x18E5,
0x18E5, 0x10E5, 0x10E5, 0x10E5, 0x10E5, 0x10E5, 0x10E5, 0x10E5, 0x10E4, 0x10C4, 0x10C4, 0x10C4,
0x10C4, 0x10C4, 0x10C4, 0x10C4, 0x10A4, 0x08A3, 0x08A3, 0x08A3, 0x08A3, 0x08A3, 0x08A3, 0x08A3,
0x08A3, 0x08A3, 0x08A3, 0x08A3, 0x08A3, 0x08A3, 0x08A3, 0x08A3, 0x08A3, 0x0883, 0x0883, 0x0883,
0x0883, 0x0883, 0x0883, 0x08A3, 0x08A3, 0x08A3, 0x08A3, 0x08A3, 0x08A3, 0x08A3, 0x08A3, 0x08A3,
0x0883, 0x08A3, 0x08A3, 0x08A3, 0x08A3, 0x08A3, 0x0883, 0x08A3, 0x08A3, 0x08C3, 0x10C4, 0x10C3,
0x10C4, 0x10E4, 0x10E4, 0x10E4, 0x10E4, 0x10E4, 0x18E4, 0x18E4, 0x1905, 0x1925, 0x2146, 0x1925,
0x1925, 0x1925, 0x2146, 0x2166, 0x2125, 0x2125, 0x2125, 0x2146, 0x2146, 0x1925, 0x1905, 0x1905,
0x1925, 0x2146, 0x2146, 0x1925, 0x1925, 0x2146, 0x2146, 0x1905, 0x2145, 0x2145, 0x2145, 0x2125,
0x1925, 0x1905, 0x1905, 0x1905, 0x1905, 0x1905, 0x18E5, 0x1925, 0x1905, 0x1905, 0x1905, 0x1925,
0x1925, 0x1905, 0x1905, 0x1925, 0x2125, 0x2145, 0x2125, 0x2125, 0x2145, 0x2145, 0x2145, 0x2145,
0x2145, 0x2145, 0x2145, 0x2146, 0x2146, 0x2146, 0x2145, 0x2166, 0x2166, 0x2165, 0x2166, 0x2946,
0x2166, 0x2166, 0x2966, 0x2966, 0x2966, 0x18E4, 0x4229, 0x6B6E, 0x6B4D, 0x6B4D, 0x6B6D, 0x7BCF,
0x7BEF, 0x6B4D, 0x6B4D, 0x6B4D, 0x6B4D, 0x6B4D, 0x632D, 0x7BEF, 0x6B4D, 0x5AEC, 0x39E7, 0x0883,
0x08A3, 0x08A3, 0x08A3, 0x08A3, 0x08A3, 0x08A3, 0x08A3, 0x10C3, 0x10C3, 0x10A3, 0x08A3, 0x08A3,
0x08A3, 0x08A3, 0x08A3, 0x08A3, 0x10C3, 0x10C3, 0x10C3, 0x10C3, 0x10C3, 0x10C3, 0x10A3, 0x08A3,
0x08A3, 0x08A3, 0x0883, 0x0883, 0x0883, 0x0883, 0x0883, 0x0883, 0x0883, 0x0883, 0x0883, 0x0883,
0x0883, 0x0883, 0x0883, 0x0883, 0x0883, 0x0883, 0x0883, 0x0883, 0x0883, 0x0883, 0x0062, 0x0042,
0x0883, 0x0062, 0x0042, 0x0042, 0x0042, 0x0042, 0x0042, 0x0042, 0x0042, 0x0042, 0x0042, 0x0042,
0x0042, 0x0042, 0x0022, 0x0021, 0x0021, 0x0021, 0x0021, 0x0021, 0x0001, 0x0001, 0x0001, 0x0001,
0x0001, 0x0021, 0x0021, 0x0021, 0x0021, 0x0021, 0x0042, 0x08A3, 0x2966, 0x4249, 0x528A, 0x52AA,
0x528A, 0x52AA, 0x5ACB, 0x52AB, 0x4A6A, 0x4A6A, 0x4249, 0x4249, 0x4249, 0x4249, 0x4229, 0x4249,
0x4A49, 0x4A49, 0x4249, 0x4249, 0x4249, 0x4229, 0x4229, 0x4A6A, 0x528B, 0x528B, 0x4249, 0x4229,
0x2146, 0x1925, 0x1905, 0x10E4, 0x1905, 0x1925, 0x1925, 0x1925, 0x1925, 0x2145, 0x2166, 0x2966,
0x31A7, 0x39E8, 0x4229, 0x4A6A, 0x52AB, 0x5AEC, 0x632D, 0x6B4E, 0x6B6E, 0x7BCF, 0x8410, 0x8430,
0x8C71, 0x8C71, 0x9472, 0x9472, 0x9492, 0x9CB3, 0x94B2, 0x9C92, 0x9CB3, 0x9492, 0x8C51, 0x8430,
0x7BF0, 0x7BCF, 0x7BCF, 0x73AE, 0x6B6E, 0x6B4D, 0x6B4D, 0x6B4D, 0x6B6E, 0x738E, 0x7BCF, 0x7BCF,
0x7BEF, 0x738E, 0x634D, 0x4A6A, 0x2966, 0x10E4, 0x10E4, 0x10E4, 0x10E4, 0x10C4, 0x10C4, 0x10C4,
0x10C4, 0x10C4, 0x10C4, 0x10C4, 0x10C4, 0x10C4, 0x10C4, 0x08A3, 0x08A3, 0x08A3, 0x08A3, 0x08A3,
0x08A3, 0x08A3, 0x08A3, 0x08A3, 0x08A3, 0x08A3, 0x08A3, 0x08A3, 0x08A3, 0x08A3, 0x08A3, 0x08A3,
0x08A3, 0x08A3, 0x08A3, 0x08A3, 0x08A3, 0x08A3, 0x0883, 0x0883, 0x08A3, 0x08A3, 0x08A3, 0x08A3,
0x08A3, 0x10C4, 0x08A3, 0x08A3, 0x08A3, 0x10A4, 0x10C4, 0x10C4, 0x08A3, 0x08A3, 0x08A3, 0x08A3,
0x08A3, 0x08A3, 0x08A3, 0x10A4, 0x10A4, 0x10C4, 0x10C4, 0x10C4, 0x10E4, 0x10E4, 0x10E4, 0x10E4,
0x1904, 0x1905, 0x1925, 0x1925, 0x1925, 0x2126, 0x2126, 0x2126, 0x2146, 0x2146, 0x2146, 0x2146,
0x2146, 0x2146, 0x1945, 0x2146, 0x2146, 0x2146, 0x2126, 0x1925, 0x1925, 0x2146, 0x2146, 0x2126,
0x1905, 0x2146, 0x2126, 0x2126, 0x1925, 0x2126, 0x2126, 0x1925, 0x1925, 0x1905, 0x1905, 0x1905,
0x1905, 0x1905, 0x1905, 0x1905, 0x1905, 0x1905, 0x1905, 0x1905, 0x1925, 0x2125, 0x2125, 0x2125,
0x2125, 0x2125, 0x2125, 0x2146, 0x2146, 0x2146, 0x2125, 0x2146, 0x2146, 0x2146, 0x2125, 0x2146,
0x2125, 0x2125, 0x2125, 0x2145, 0x2166, 0x2166, 0x2166, 0x2145, 0x2986, 0x2166, 0x2966, 0x2966,
0x2966, 0x2146, 0x1925, 0x5B0C, 0x634D, 0x6B6D, 0x6B4D, 0x738E, 0x7BEF, 0x738E, 0x6B4D, 0x6B4D,
0x6B4D, 0x634D, 0x634D, 0x6B6E, 0x73AF, 0x632D, 0x632D, 0x31C7, 0x0062, 0x0883, 0x0883, 0x08A3,
0x08A3, 0x08A3, 0x08A3, 0x08A3, 0x08A3, 0x08A3, 0x08A3, 0x08A3, 0x08A3, 0x08A3, 0x08A3, 0x08A3,
0x08A3, 0x08A3, 0x08A3, 0x08A3, 0x08A3, 0x08A3, 0x08A3, 0x08A3, 0x0883, 0x0883, 0x0082, 0x0883,
0x0883, 0x0883, 0x0062, 0x0062, 0x0042, 0x0062, 0x0862, 0x0862, 0x0862, 0x0862, 0x0883, 0x0883,
0x0883, 0x0082, 0x0883, 0x0883, 0x0062, 0x0042, 0x0063, 0x0063, 0x0042, 0x0042, 0x0062, 0x0042,
0x0041, 0x0041, 0x0022, 0x0022, 0x0022, 0x0042, 0x0042, 0x0042, 0x0022, 0x0022, 0x0021, 0x0021,
0x0021, 0x0021, 0x0021, 0x0021, 0x0001, 0x0001, 0x0001, 0x0021, 0x0021, 0x0021, 0x0022, 0x0021,
0x0042, 0x0862, 0x2145, 0x39E8, 0x4A8A, 0x5ACB, 0x5AAB, 0x528A, 0x4A6A, 0x4A6A, 0x52AB, 0x5AEC,
0x52AB, 0x4A6A, 0x4A49, 0x4A49, 0x4A49, 0x4249, 0x4249, 0x4249, 0x4249, 0x4249, 0x4249, 0x4249,
0x4249, 0x4229, 0x4229, 0x4249, 0x52AB, 0x52AB, 0x4A6A, 0x4229, 0x2986, 0x2166, 0x2125, 0x1905,
0x10E5, 0x1905, 0x1925, 0x2146, 0x2146, 0x2146, 0x2146, 0x2146, 0x2967, 0x2987, 0x31A7, 0x3A09,
0x424A, 0x52AB, 0x5ACC, 0x632D, 0x6B6E, 0x7BCF, 0x8410, 0x8451, 0x8C71, 0x8C71, 0x9472, 0x9492,
0x9CB3, 0x9CB3, 0x9CB3, 0x9492, 0x9472, 0x8C51, 0x8410, 0x7BEF, 0x7BEF, 0x7BEF, 0x7BCF, 0x738E,
0x6B4D, 0x634D, 0x6B4D, 0x6B4E, 0x6B6E, 0x73AF, 0x7BCF, 0x7BCF, 0x7BEF, 0x738E, 0x634D, 0x4A6A,
0x2166, 0x10E4, 0x10C4, 0x10C4, 0x10C4, 0x10C4, 0x10C4, 0x10C4, 0x08A3, 0x10A4, 0x10A4, 0x10A4,
0x10C4, 0x10A4, 0x08A3, 0x08A3, 0x08A3, 0x08A3, 0x08A3, 0x08A3, 0x08A3, 0x08A3, 0x08A3, 0x08A3,
0x08A3, 0x08A3, 0x08A3, 0x08A3, 0x08A3, 0x08A3, 0x08A3, 0x08A3, 0x08A3, 0x08A3, 0x08A3, 0x08A3,
0x08A3, 0x08A3, 0x08A3, 0x08A3, 0x08A3, 0x08A3, 0x08A3, 0x08A3, 0x08A3, 0x10C4, 0x08A3, 0x08A3,
0x08A3, 0x10A4, 0x10C4, 0x10C4, 0x08A3, 0x08A3, 0x08A3, 0x08A3, 0x08A3, 0x08A3, 0x08A3, 0x10A4,
0x10C4, 0x10E4, 0x10E4, 0x10E4, 0x1904, 0x1905, 0x1925, 0x1904, 0x1905, 0x1925, 0x2125, 0x2125,
0x2126, 0x2126, 0x2126, 0x2146, 0x2166, 0x2166, 0x2166, 0x2166, 0x2146, 0x2166, 0x2146, 0x2146,
0x2146, 0x2146, 0x2146, 0x2146, 0x2126, 0x2146, 0x2146, 0x2126, 0x1905, 0x2126, 0x2126, 0x2126,
0x1925, 0x2126, 0x2125, 0x1905, 0x1905, 0x1905, 0x1905, 0x1905, 0x1905, 0x1905, 0x1905, 0x1905,
0x1905, 0x1905, 0x1925, 0x1905, 0x1925, 0x2125, 0x2125, 0x2125, 0x2125, 0x2125, 0x2125, 0x2146,
0x2146, 0x2125, 0x2146, 0x2146, 0x2146, 0x2146, 0x2125, 0x2146, 0x2125, 0x2125, 0x2125, 0x2146,
0x2166, 0x2166, 0x2166, 0x2146, 0x2166, 0x2166, 0x2966, 0x2966, 0x2166, 0x2146, 0x2125, 0x2966,
0x634D, 0x6B6D, 0x6B6D, 0x6B6D, 0x7BCF, 0x7BCF, 0x6B4D, 0x6B4D, 0x6B4D, 0x634D, 0x634D, 0x6B4D,
0x738E, 0x738E, 0x630C, 0x634D, 0x2987, 0x0883, 0x08A3, 0x10A3, 0x08A3, 0x08A3, 0x08A3, 0x08A3,
0x08A3, 0x08A3, 0x0883, 0x0883, 0x0883, 0x0883, 0x08A3, 0x08A3, 0x08A3, 0x08A3, 0x08A3, 0x08A3,
0x08A3, 0x08A3, 0x08A3, 0x08A3, 0x0883, 0x0883, 0x0882, 0x0882, 0x0883, 0x0882, 0x0062, 0x0062,
0x0042, 0x0042, 0x0062, 0x0062, 0x0062, 0x0062, 0x0062, 0x0062, 0x0062, 0x0082, 0x0062, 0x0042,
0x0062, 0x0063, 0x0042, 0x0042, 0x0022, 0x0042, 0x0042, 0x0042, 0x0041, 0x0041, 0x0022, 0x0042,
0x0042, 0x0042, 0x0042, 0x0022, 0x0022, 0x0021, 0x0021, 0x0021, 0x0021, 0x0021, 0x0021, 0x0021,
0x0001, 0x0001, 0x0001, 0x0021, 0x0021, 0x0021, 0x0021, 0x0062, 0x1904, 0x31A7, 0x4249, 0x4A49,
0x52AA, 0x5ACB, 0x5AAB, 0x528A, 0x4A6A, 0x4A6A, 0x4A8A, 0x5ACB, 0x5ACB, 0x528A, 0x4A49, 0x4A49,
0x4249, 0x4249, 0x4249, 0x4249, 0x4249, 0x4249, 0x4249, 0x4249, 0x4A49, 0x4249, 0x4229, 0x4249,
0x528A, 0x52AB, 0x4A6A, 0x4A49, 0x31C7, 0x29A7, 0x2966, 0x2166, 0x1925, 0x1905, 0x1905, 0x2126,
0x2146, 0x2146, 0x2146, 0x2166, 0x2967, 0x2967, 0x2987, 0x31C8, 0x3A09, 0x4229, 0x4A8B, 0x52AB,
0x630D, 0x6B6E, 0x7BCF, 0x7C10, 0x8451, 0x8C51, 0x8C71, 0x8C72, 0x9472, 0x9492, 0x9492, 0x9472,
0x8C31, 0x83F0, 0x7BCF, 0x7BCF, 0x7BCF, 0x7BCF, 0x73AF, 0x738E, 0x6B4D, 0x634D, 0x6B4D, 0x6B4D,
0x6B6E, 0x73AE, 0x7BCF, 0x7BCF, 0x7BEF, 0x738E, 0x632D, 0x4A6A, 0x2146, 0x08A4, 0x08A3, 0x08A3,
0x08A3, 0x0883, 0x08A3, 0x08A3, 0x08A3, 0x08A3, 0x10A4, 0x10A4, 0x08A3, 0x08A3, 0x08A3, 0x08A3,
0x08A3, 0x08A3, 0x08A3, 0x08A3, 0x08A3, 0x08A3, 0x08A3, 0x08A3, 0x08A3, 0x08A3, 0x08A3, 0x08A3,
0x08A3, 0x08A3, 0x08A3, 0x08A3, 0x08A3, 0x08A3, 0x08A3, 0x08A3, 0x08A3, 0x08A3, 0x08A3, 0x08A3,
0x08A3, 0x08A3, 0x08A3, 0x08A3, 0x10A4, 0x10C4, 0x10A4, 0x08A4, 0x08A3, 0x10C4, 0x10C4, 0x10C4,
0x08A3, 0x08A3, 0x08A3, 0x08A3, 0x10C4, 0x10C4, 0x10C4, 0x10C4, 0x10E4, 0x10E4, 0x1904, 0x18E4,
0x1905, 0x1925, 0x1925, 0x2125, 0x2125, 0x2125, 0x2126, 0x2146, 0x2146, 0x2126, 0x2126, 0x2146,
0x2967, 0x2966, 0x2166, 0x2166, 0x2146, 0x2146, 0x2146, 0x2146, 0x2146, 0x2146, 0x2146, 0x2146,
0x2146, 0x2146, 0x2126, 0x2146, 0x2125, 0x1905, 0x2126, 0x2126, 0x1925, 0x2125, 0x1925, 0x1925,
0x1925, 0x1905, 0x1905, 0x1905, 0x1905, 0x1905, 0x1925, 0x1905, 0x1905, 0x1905, 0x1905, 0x1905,
0x1925, 0x2125, 0x1925, 0x2125, 0x2125, 0x2125, 0x2125, 0x2146, 0x2146, 0x2125, 0x2146, 0x2146,
0x2146, 0x2146, 0x2145, 0x2145, 0x2125, 0x2125, 0x2125, 0x2146, 0x2146, 0x2166, 0x2166, 0x2966,
0x2166, 0x2145, 0x2145, 0x2166, 0x2146, 0x2166, 0x2166, 0x1925, 0x4249, 0x6B6D, 0x6B4D, 0x6B4D,
0x738E, 0x7BEF, 0x73AE, 0x6B4D, 0x6B4D, 0x634D, 0x6B4D, 0x634D, 0x6B2D, 0x738E, 0x6B6D, 0x5ACB,
0x632D, 0x39C8, 0x0883, 0x08A3, 0x08A3, 0x08A3, 0x08A3, 0x08A3, 0x0883, 0x0883, 0x0883, 0x0883,
0x0883, 0x0883, 0x0883, 0x0883, 0x08A3, 0x08A3, 0x08A3, 0x08A3, 0x08A3, 0x08A3, 0x08A3, 0x0883,
0x0883, 0x0882, 0x0062, 0x0062, 0x0883, 0x0062, 0x0062, 0x0042, 0x0042, 0x0042, 0x0042, 0x0062,
0x0062, 0x0062, 0x0062, 0x0062, 0x0062, 0x0042, 0x0042, 0x0062, 0x0062, 0x0042, 0x0042, 0x0022,
0x0021, 0x0042, 0x0042, 0x0041, 0x0041, 0x0041, 0x0022, 0x0022, 0x0042, 0x0042, 0x0022, 0x0022,
0x0021, 0x0021, 0x0021, 0x0021, 0x0021, 0x0021, 0x0021, 0x0021, 0x0021, 0x0021, 0x0021, 0x0021,
0x0021, 0x0042, 0x0882, 0x31C7, 0x52AB, 0x4A8A, 0x4A8A, 0x4A69, 0x52AA, 0x5ACB, 0x5AAB, 0x528A,
0x4A6A, 0x4A6A, 0x4A69, 0x52AB, 0x5ACC, 0x52AB, 0x4A6A, 0x4A49, 0x4A49, 0x4249, 0x4249, 0x4249,
0x4249, 0x4249, 0x4229, 0x4249, 0x4249, 0x4249, 0x4229, 0x4249, 0x52AB, 0x52AB, 0x528A, 0x4A6A,
0x3A08, 0x31E8, 0x31A7, 0x2987, 0x2146, 0x2146, 0x1926, 0x2125, 0x2146, 0x2166, 0x2966, 0x2966,
0x2987, 0x2987, 0x31A7, 0x31C8, 0x39E8, 0x3A09, 0x4229, 0x4A6A, 0x52CB, 0x5B0C, 0x6B4D, 0x738E,
0x7BCF, 0x8410, 0x8430, 0x8430, 0x8430, 0x8431, 0x8431, 0x8410, 0x7BCF, 0x7BCF, 0x7BCF, 0x7BCF,
0x7BCF, 0x7BCF, 0x73AF, 0x738E, 0x6B4D, 0x634D, 0x6B4D, 0x6B4D, 0x6B6E, 0x73AF, 0x7BCF, 0x7BCF,
0x7BEF, 0x738E, 0x630C, 0x4249, 0x1925, 0x0883, 0x0883, 0x0883, 0x0883, 0x0062, 0x0883, 0x08A3,
0x08A3, 0x08A3, 0x08A3, 0x08A3, 0x08A3, 0x08A3, 0x08A3, 0x08A3, 0x08A3, 0x08A3, 0x08A3, 0x08A3,
0x08A3, 0x08A3, 0x08A3, 0x08A3, 0x08A3, 0x08A3, 0x08A3, 0x08A3, 0x08A3, 0x08A3, 0x08A3, 0x08A3,
0x08A3, 0x08A3, 0x08A3, 0x08A3, 0x08A3, 0x08A3, 0x08A3, 0x08A3, 0x08A3, 0x08A3, 0x08A3, 0x08A3,
0x10C4, 0x10C4, 0x10C4, 0x10C4, 0x10C4, 0x10C4, 0x10C4, 0x10C4, 0x10C4, 0x10C4, 0x10C4, 0x10C4,
0x10C4, 0x10C4, 0x10C4, 0x18E4, 0x1905, 0x1905, 0x1905, 0x1925, 0x2145, 0x2145, 0x2125, 0x2146,
0x2146, 0x2125, 0x2145, 0x2146, 0x2146, 0x2166, 0x2146, 0x2146, 0x2966, 0x2166, 0x2166, 0x2166,
0x2146, 0x2146, 0x2146, 0x2146, 0x2146, 0x2146, 0x2146, 0x2146, 0x2146, 0x2126, 0x1925, 0x2146,
0x2146, 0x2125, 0x1905, 0x1905, 0x1925, 0x2125, 0x2125, 0x1925, 0x1925, 0x1925, 0x1925, 0x1905,
0x1905, 0x1905, 0x1925, 0x1905, 0x1905, 0x1905, 0x1905, 0x1905, 0x1925, 0x1925, 0x1925, 0x1925,
0x2125, 0x2125, 0x2125, 0x2146, 0x2146, 0x2125, 0x2146, 0x2166, 0x2146, 0x2146, 0x2146, 0x2146,
0x2125, 0x2125, 0x1925, 0x2125, 0x2145, 0x2166, 0x2146, 0x2166, 0x2166, 0x2966, 0x2166, 0x2966,
0x2966, 0x2986, 0x2986, 0x2987, 0x18E4, 0x5B0C, 0x6B4D, 0x632C, 0x6B4D, 0x7BCF, 0x7BEF, 0x6B6D,
0x6B4D, 0x6B4D, 0x6B4D, 0x6B4D, 0x6B4D, 0x736E, 0x8410, 0x738E, 0x5AEC, 0x6B8E, 0x1905, 0x0883,
0x0883, 0x08A3, 0x08A3, 0x08A3, 0x0883, 0x0883, 0x0883, 0x0883, 0x0883, 0x0883, 0x0863, 0x0883,
0x0883, 0x08A3, 0x08A3, 0x08A3, 0x08A3, 0x08A3, 0x0883, 0x0883, 0x0883, 0x0062, 0x0062, 0x0062,
0x0063, 0x0062, 0x0062, 0x0042, 0x0042, 0x0042, 0x0042, 0x0042, 0x0062, 0x0062, 0x0062, 0x0882,
0x0062, 0x0062, 0x0083, 0x0062, 0x0042, 0x0042, 0x0022, 0x0021, 0x0041, 0x0041, 0x0041, 0x0042,
0x0042, 0x0042, 0x0042, 0x0022, 0x0022, 0x0022, 0x0022, 0x0022, 0x0021, 0x0021, 0x0021, 0x0001,
0x0021, 0x0021, 0x0021, 0x0021, 0x0021, 0x0021, 0x0021, 0x0041, 0x0082, 0x10A3, 0x39E7, 0x52CB,
0x5AEB, 0x52AA, 0x4A6A, 0x4A8A, 0x528A, 0x5ACB, 0x5ACB, 0x528A, 0x4A6A, 0x4A6A, 0x4A6A, 0x4A6A,
0x5AAB, 0x5ACB, 0x5ACB, 0x4A6A, 0x4A49, 0x4269, 0x4249, 0x4249, 0x4249, 0x4249, 0x4229, 0x4229,
0x4229, 0x4229, 0x4229, 0x4A49, 0x52AB, 0x5ACB, 0x52AB, 0x52AB, 0x4229, 0x3A09, 0x39E8, 0x31C8,
0x2987, 0x2987, 0x2166, 0x2146, 0x2145, 0x2166, 0x2966, 0x2987, 0x31A7, 0x31A7, 0x31C7, 0x3A08,
0x3A09, 0x3A29, 0x4249, 0x4A6A, 0x52AB, 0x52CB, 0x5B0C, 0x632D, 0x6B8E, 0x73AE, 0x73AF, 0x73AF,
0x73AF, 0x73AF, 0x73AF, 0x7BCF, 0x7BCF, 0x7BCF, 0x7BCF, 0x7BCF, 0x7BCF, 0x7BAF, 0x73AE, 0x6B6E,
0x6B4E, 0x634D, 0x6B4D, 0x6B4D, 0x6B6E, 0x73AF, 0x7BCF, 0x7BCF, 0x7BCF, 0x738E, 0x630C, 0x4229,
0x1905, 0x0883, 0x0883, 0x0883, 0x0883, 0x0883, 0x08A3, 0x08A3, 0x08A3, 0x08A3, 0x08A3, 0x08A3,
0x08A3, 0x08A3, 0x08A3, 0x08A3, 0x08A3, 0x08A3, 0x08A3, 0x08A3, 0x08A3, 0x08A3, 0x08A3, 0x08A3,
0x08A3, 0x08A3, 0x08A3, 0x08A3, 0x08A3, 0x08A3, 0x08A3, 0x08A3, 0x08A3, 0x08A3, 0x08A3, 0x08A3,
0x08A3, 0x08A3, 0x08A3, 0x08A3, 0x10A3, 0x08A3, 0x08A4, 0x10C4, 0x10C4, 0x10C4, 0x10C4, 0x10C4,
0x10C4, 0x10C4, 0x10E4, 0x10E4, 0x10E4, 0x10C4, 0x10C4, 0x10C4, 0x10E4, 0x18E4, 0x18E5, 0x1905,
0x1925, 0x1925, 0x1925, 0x2146, 0x2146, 0x2146, 0x2146, 0x2146, 0x2166, 0x2166, 0x2166, 0x2146,
0x2146, 0x2146, 0x2966, 0x2146, 0x2166, 0x2987, 0x2986, 0x2166, 0x2166, 0x2166, 0x2166, 0x2166,
0x2146, 0x2146, 0x2146, 0x2146, 0x2146, 0x2146, 0x2125, 0x2126, 0x2146, 0x2146, 0x1905, 0x1905,
0x2125, 0x2125, 0x2125, 0x1925, 0x1925, 0x1925, 0x1925, 0x1905, 0x1905, 0x1905, 0x1905, 0x1905,
0x1925, 0x1925, 0x1905, 0x1925, 0x1925, 0x1925, 0x1925, 0x1925, 0x2125, 0x2125, 0x2125, 0x2146,
0x2146, 0x2125, 0x2145, 0x2146, 0x2146, 0x2146, 0x2146, 0x2145, 0x2125, 0x2125, 0x1925, 0x1925,
0x2145, 0x2145, 0x2145, 0x2166, 0x2166, 0x2966, 0x2166, 0x2166, 0x2986, 0x2986, 0x2986, 0x2986,
0x2946, 0x31C7, 0x6B4D, 0x632C, 0x632C, 0x736E, 0x7BCF, 0x73AE, 0x6B4D, 0x6B4D, 0x634D, 0x6B4D,
0x6B4D, 0x734D, 0x738E, 0x8430, 0x6B6E, 0x5AEC, 0x632D, 0x2946, 0x0862, 0x08A3, 0x08A3, 0x08A3,
0x0883, 0x0883, 0x0883, 0x0882, 0x0082, 0x0062, 0x0062, 0x0882, 0x0883, 0x0883, 0x0883, 0x0883,
0x0883, 0x0883, 0x0883, 0x0882, 0x0882, 0x0062, 0x0042, 0x0042, 0x0062, 0x0062, 0x0042, 0x0042,
0x0042, 0x0042, 0x0042, 0x0042, 0x0062, 0x0062, 0x0041, 0x0062, 0x0883, 0x0062, 0x0042, 0x0042,
0x0042, 0x0042, 0x0041, 0x0041, 0x0041, 0x0041, 0x0041, 0x0042, 0x0042, 0x0042, 0x0021, 0x0021,
0x0021, 0x0021, 0x0021, 0x0021, 0x0021, 0x0021, 0x0021, 0x0001, 0x0001, 0x0021, 0x0021, 0x0021,
0x0021, 0x0042, 0x0062, 0x08A3, 0x10C4, 0x1905, 0x52CB, 0x5ACB, 0x5AEB, 0x52AA, 0x4A6A, 0x4A8A,
0x528A, 0x5ACB, 0x5ACB, 0x528A, 0x4A6A, 0x4A6A, 0x4A6A, 0x4A49, 0x4A6A, 0x5AAB, 0x5ACB, 0x52AB,
0x4A69, 0x4A69, 0x4269, 0x4249, 0x4249, 0x4249, 0x4229, 0x4229, 0x4229, 0x4229, 0x4229, 0x4249,
0x52AB, 0x5ACC, 0x52CB, 0x52AB, 0x4A6A, 0x4249, 0x4229, 0x3A09, 0x31C8, 0x31C8, 0x29A8, 0x29A7,
0x2966, 0x2966, 0x2987, 0x29A7, 0x31A7, 0x31C8, 0x39E8, 0x4249, 0x4229, 0x424A, 0x4A8A, 0x4A8A,
0x52AB, 0x5AEC, 0x630C, 0x6B4E, 0x738E, 0x73AE, 0x73AE, 0x73AE, 0x73AF, 0x73AF, 0x7BCF, 0x7BCF,
0x7BCF, 0x7BCF, 0x7BCF, 0x7BCF, 0x7BCF, 0x73AF, 0x738E, 0x738E, 0x6B6E, 0x634D, 0x6B4D, 0x6B4E,
0x6B6E, 0x73AF, 0x7BCF, 0x7BCF, 0x7BCF, 0x738E, 0x630C, 0x4209, 0x1905, 0x0063, 0x0883, 0x0883,
0x08A3, 0x08A4, 0x08A4, 0x08A4, 0x08A3, 0x08A3, 0x08A3, 0x10C4, 0x10C3, 0x08A3, 0x08A3, 0x08A3,
0x08A3, 0x08A3, 0x08A3, 0x08A3, 0x08A3, 0x08A3, 0x08A3, 0x08A3, 0x08A3, 0x08A3, 0x08A3, 0x0883,
0x08A3, 0x08A3, 0x08A3, 0x08A3, 0x08A3, 0x10C4, 0x08C3, 0x08A3, 0x08A3, 0x10C3, 0x10C3, 0x10C3,
0x10A4, 0x10A4, 0x10C4, 0x10C4, 0x10C4, 0x10C4, 0x10C4, 0x10C4, 0x10C4, 0x10E4, 0x10E4, 0x10E4,
0x10E4, 0x10E4, 0x10E4, 0x1904, 0x1905, 0x1925, 0x1925, 0x1905, 0x2145, 0x2146, 0x2146, 0x2146,
0x2166, 0x2166, 0x2966, 0x2166, 0x2966, 0x2966, 0x2146, 0x2966, 0x2146, 0x2166, 0x2966, 0x2966,
0x2146, 0x2967, 0x2987, 0x2987, 0x2966, 0x2146, 0x2166, 0x2986, 0x2166, 0x2146, 0x2146, 0x2145,
0x2145, 0x2146, 0x2146, 0x2146, 0x2146, 0x2126, 0x1905, 0x1925, 0x2126, 0x2125, 0x2125, 0x2125,
0x1925, 0x1905, 0x1925, 0x2125, 0x1905, 0x1905, 0x1925, 0x1905, 0x1905, 0x1925, 0x1925, 0x1925,
0x1925, 0x1925, 0x1905, 0x1925, 0x1925, 0x2125, 0x2125, 0x2146, 0x2146, 0x2125, 0x2146, 0x2146,
0x2146, 0x2146, 0x2146, 0x2125, 0x2125, 0x2125, 0x1925, 0x1925, 0x2125, 0x2146, 0x2166, 0x2146,
0x2166, 0x2166, 0x2966, 0x2166, 0x2966, 0x2966, 0x2966, 0x2986, 0x2986, 0x2146, 0x5ACB, 0x6B4D,
0x6B4D, 0x6B2D, 0x7BAF, 0x7BEF, 0x738E, 0x6B6D, 0x6B4D, 0x6B4D, 0x6B2D, 0x6B6D, 0x6B4D, 0x7BCF,
0x8410, 0x6B4D, 0x630C, 0x630C, 0x2986, 0x0862, 0x0883, 0x0083, 0x0883, 0x0883, 0x0882, 0x0062,
0x0062, 0x0062, 0x0062, 0x0862, 0x0883, 0x0883, 0x0883, 0x0883, 0x0883, 0x0883, 0x0882, 0x0862,
0x0862, 0x0042, 0x0042, 0x0042, 0x0042, 0x0042, 0x0042, 0x0042, 0x0042, 0x0042, 0x0042, 0x0042,
0x0042, 0x0042, 0x0042, 0x0062, 0x0062, 0x0042, 0x0041, 0x0022, 0x0022, 0x0022, 0x0041, 0x0041,
0x0041, 0x0042, 0x0042, 0x0042, 0x0022, 0x0022, 0x0021, 0x0021, 0x0021, 0x0021, 0x0021, 0x0021,
0x0021, 0x0021, 0x0021, 0x0021, 0x0021, 0x0022, 0x0021, 0x0021, 0x0042, 0x08A3, 0x10C3, 0x10C4,
0x10C3, 0x2966, 0x52AB, 0x630C, 0x5AEC, 0x52AB, 0x4A8A, 0x4A8A, 0x528A, 0x5ACB, 0x5ACB, 0x52AA,
0x4A8A, 0x4A6A, 0x4A69, 0x4A6A, 0x4A69, 0x4A6A, 0x52AB, 0x5ACB, 0x52AB, 0x4A6A, 0x4A49, 0x4A69,
0x4A69, 0x4A69, 0x4249, 0x4249, 0x4249, 0x4249, 0x4249, 0x4A69, 0x52AB, 0x5ACB, 0x5AEB, 0x5ACB,
0x4A6A, 0x4A6A, 0x424A, 0x4249, 0x4229, 0x3A09, 0x31E8, 0x31C8, 0x31C7, 0x31A7, 0x31A7, 0x31A7,
0x31C7, 0x31E8, 0x3A08, 0x4229, 0x4249, 0x4A8A, 0x4A8A, 0x52AB, 0x5AEC, 0x630D, 0x634D, 0x6B6E,
0x738E, 0x73AE, 0x73AF, 0x7BCF, 0x7BCF, 0x7BCF, 0x7BCF, 0x7BCF, 0x7BCF, 0x7BCF, 0x7BCF, 0x7BCF,
0x73AF, 0x738F, 0x6B8E, 0x6B8E, 0x6B6D, 0x636D, 0x634D, 0x6B4E, 0x6B6E, 0x73AF, 0x7BCF, 0x7BCF,
0x7BD0, 0x738E, 0x630C, 0x3A09, 0x1904, 0x0063, 0x0883, 0x08A3, 0x08A4, 0x08A4, 0x08A4, 0x08A4,
0x08A3, 0x08A3, 0x08A3, 0x08A3, 0x10C3, 0x10C3, 0x08A3, 0x08A3, 0x08A3, 0x08A3, 0x10A3, 0x08A3,
0x08A3, 0x08A3, 0x08A3, 0x08A3, 0x08A3, 0x08A3, 0x08A3, 0x08A3, 0x08A3, 0x08A3, 0x08A3, 0x10A3,
0x10C4, 0x10C4, 0x10C4, 0x10C3, 0x10C3, 0x10C3, 0x10C3, 0x10C4, 0x10C4, 0x10A4, 0x10C4, 0x10C4,
0x10C4, 0x10C4, 0x10E4, 0x10E4, 0x10E4, 0x10E4, 0x1905, 0x1905, 0x1904, 0x10E4, 0x1905, 0x1925,
0x1925, 0x2145, 0x2145, 0x2146, 0x2166, 0x2966, 0x2966, 0x2966, 0x2966, 0x2966, 0x2966, 0x2967,
0x2967, 0x2967, 0x2166, 0x2967, 0x2146, 0x2166, 0x2166, 0x2967, 0x2146, 0x2166, 0x2967, 0x2987,
0x2967, 0x2966, 0x2166, 0x1925, 0x2146, 0x2166, 0x2146, 0x1925, 0x2146, 0x2146, 0x2146, 0x2146,
0x2146, 0x2146, 0x1905, 0x1925, 0x2146, 0x2125, 0x2125, 0x2125, 0x1925, 0x1905, 0x1925, 0x1905,
0x1925, 0x1905, 0x1925, 0x1925, 0x1905, 0x1925, 0x1925, 0x1926, 0x1925, 0x1925, 0x1925, 0x1905,
0x1925, 0x2125, 0x2125, 0x2125, 0x2146, 0x2146, 0x2146, 0x2146, 0x2146, 0x2146, 0x2146, 0x2145,
0x2125, 0x2125, 0x2125, 0x2145, 0x2145, 0x2145, 0x2146, 0x2146, 0x2146, 0x2146, 0x2166, 0x2166,
0x2966, 0x2966, 0x2966, 0x2966, 0x2166, 0x2966, 0x3187, 0x634D, 0x6B4D, 0x632C, 0x6B6D, 0x7BCF,
0x7BCF, 0x6B6D, 0x6B6D, 0x6B4D, 0x632D, 0x6B6D, 0x6B6D, 0x6B8E, 0x7BEF, 0x8410, 0x6B6E, 0x6B6D,
0x632D, 0x2986, 0x0042, 0x0083, 0x0883, 0x0883, 0x0882, 0x0062, 0x0062, 0x0062, 0x0042, 0x0862,
0x0883, 0x0883, 0x0883, 0x0883, 0x0883, 0x0883, 0x0862, 0x0062, 0x0062, 0x0042, 0x0042, 0x0042,
0x0042, 0x0042, 0x0042, 0x0042, 0x0042, 0x0042, 0x0042, 0x0042, 0x0062, 0x0083, 0x0083, 0x0042,
0x0042, 0x0041, 0x0021, 0x0021, 0x0022, 0x0022, 0x0041, 0x0041, 0x0041, 0x0042, 0x0042, 0x0042,
0x0022, 0x0022, 0x0021, 0x0021, 0x0021, 0x0021, 0x0021, 0x0021, 0x0021, 0x0021, 0x0021, 0x0021,
0x0021, 0x0042, 0x0042, 0x0882, 0x08A3, 0x10C3, 0x10C4, 0x0883, 0x0883, 0x2987, 0x52AB, 0x630C,
0x5B0C, 0x52AB, 0x528A, 0x4A8A, 0x528A, 0x5ACB, 0x5ACB, 0x52AA, 0x4A8A, 0x4A8A, 0x4A6A, 0x4A6A,
0x4A6A, 0x4A6A, 0x4A8A, 0x52CB, 0x5ACB, 0x52AB, 0x4A6A, 0x4A6A, 0x4A6A, 0x4A6A, 0x4249, 0x4249,
0x4249, 0x4A69, 0x4A69, 0x4A6A, 0x52AB, 0x5ACB, 0x5ACB, 0x52AB, 0x4A6A, 0x4A6A, 0x4A8A, 0x4A8A,
0x4249, 0x4249, 0x4249, 0x3A29, 0x3A08, 0x3A08, 0x3A08, 0x3A08, 0x39E8, 0x3A08, 0x3A08, 0x4249,
0x4A6A, 0x4A8A, 0x52AB, 0x5ACB, 0x5B0C, 0x634D, 0x6B6E, 0x6B8E, 0x738E, 0x73AE, 0x7BCF, 0x7BCF,
0x7BCF, 0x7BCF, 0x7BCF, 0x7BCF, 0x7BCF, 0x7BCF, 0x7BAF, 0x73AF, 0x73AF, 0x738E, 0x6B6E, 0x6B8E,
0x6B6D, 0x6B4D, 0x6B4D, 0x6B4E, 0x6B6E, 0x73AF, 0x7BCF, 0x7BCF, 0x7BD0, 0x736E, 0x630C, 0x3A09,
0x1904, 0x0883, 0x08A4, 0x08A4, 0x08A4, 0x08A4, 0x08A4, 0x08A4, 0x08A3, 0x08A3, 0x08A3, 0x0883,
0x10C3, 0x10C3, 0x08A3, 0x08A3, 0x08A3, 0x08A3, 0x10A3, 0x08A3, 0x08A3, 0x08A3, 0x08A3, 0x08A3,
0x08A3, 0x08A3, 0x10C3, 0x08A3, 0x08A3, 0x08A3, 0x08A3, 0x10C3, 0x10C3, 0x10C4, 0x10C4, 0x10C4,
0x10C4, 0x10C3, 0x10C3, 0x10C4, 0x10C4, 0x10C4, 0x10C4, 0x10E4, 0x10E4, 0x10E4, 0x1905, 0x1905,
0x10E4, 0x1905, 0x1905, 0x1905, 0x1905, 0x1925, 0x1946, 0x2146, 0x2166, 0x2966, 0x2966, 0x2987,
0x31A7, 0x2987, 0x2966, 0x2966, 0x2987, 0x2987, 0x2987, 0x2987, 0x2987, 0x2987, 0x2967, 0x2967,
0x2987, 0x2987, 0x2166, 0x2166, 0x2166, 0x2146, 0x2146, 0x2967, 0x2967, 0x2966, 0x2966, 0x2125,
0x1925, 0x2166, 0x2145, 0x2146, 0x2146, 0x2146, 0x2146, 0x2146, 0x2146, 0x2146, 0x1905, 0x1925,
0x2146, 0x2125, 0x2125, 0x2125, 0x1925, 0x1905, 0x1925, 0x1925, 0x1905, 0x1905, 0x1925, 0x1925,
0x1925, 0x1925, 0x1925, 0x1925, 0x1925, 0x1925, 0x1925, 0x2125, 0x2125, 0x2125, 0x2125, 0x2125,
0x1925, 0x2145, 0x2146, 0x2146, 0x2146, 0x2146, 0x2146, 0x2145, 0x2125, 0x2125, 0x1925, 0x2125,
0x2146, 0x2145, 0x2145, 0x2146, 0x2146, 0x2146, 0x2166, 0x2166, 0x2966, 0x2966, 0x2966, 0x2966,
0x2166, 0x2986, 0x1905, 0x4A49, 0x6B4D, 0x632C, 0x632C, 0x73AE, 0x7BEF, 0x738E, 0x736E, 0x6B4D,
0x6B4D, 0x6B4D, 0x6B6D, 0x6B6D, 0x738E, 0x8431, 0x7BCF, 0x6B4D, 0x6B6D, 0x632D, 0x2987, 0x0062,
0x08A3, 0x0883, 0x0862, 0x0042, 0x0042, 0x0042, 0x0042, 0x0862, 0x0883, 0x0883, 0x0883, 0x0883,
0x0883, 0x0883, 0x0062, 0x0062, 0x0062, 0x0042, 0x0042, 0x0042, 0x0042, 0x0042, 0x0042, 0x0042,
0x0042, 0x0042, 0x0042, 0x0083, 0x0083, 0x0062, 0x0042, 0x0062, 0x0042, 0x0041, 0x0021, 0x0021,
0x0022, 0x0022, 0x0041, 0x0041, 0x0041, 0x0022, 0x0022, 0x0022, 0x0021, 0x0021, 0x0021, 0x0021,
0x0021, 0x0021, 0x0021, 0x0021, 0x0021, 0x0021, 0x0021, 0x0021, 0x0042, 0x0062, 0x10A3, 0x10C4,
0x08A3, 0x08A3, 0x0883, 0x0883, 0x08A3, 0x2986, 0x52AB, 0x630C, 0x5B0C, 0x52AB, 0x528A, 0x4A8A,
0x528A, 0x5ACB, 0x5ACB, 0x52AA, 0x528A, 0x528A, 0x4A8A, 0x4A6A, 0x4A6A, 0x4A6A, 0x4A6A, 0x4A8A,
0x52AB, 0x5ACB, 0x52AB, 0x528A, 0x4A6A, 0x4A6A, 0x4A69, 0x4A69, 0x4A69, 0x4A49, 0x4A49, 0x4A6A,
0x52AB, 0x5ACB, 0x5ACB, 0x52AB, 0x4A6A, 0x4A8A, 0x4A8A, 0x4A8A, 0x4A8A, 0x4A8A, 0x4A8A, 0x4A6A,
0x426A, 0x4249, 0x4249, 0x4249, 0x4249, 0x4249, 0x4249, 0x426A, 0x4A8A, 0x52AB, 0x52CB, 0x630C,
0x632D, 0x6B6E, 0x6B8E, 0x738E, 0x73AF, 0x7BCF, 0x7BEF, 0x7BCF, 0x7BCF, 0x7BCF, 0x7BCF, 0x7BCF,
0x7BCF, 0x73AF, 0x73AF, 0x73AF, 0x738E, 0x6B6E, 0x634D, 0x634D, 0x634D, 0x634D, 0x6B2D, 0x6B4D,
0x6B6E, 0x73AE, 0x7BCF, 0x7BEF, 0x7BCF, 0x738E, 0x630C, 0x4249, 0x2146, 0x08A4, 0x08A3, 0x08A3,
0x08A3, 0x08A3, 0x08A3, 0x08A3, 0x08A3, 0x08A3, 0x08A3, 0x08A3, 0x08A3, 0x08A3, 0x08A3, 0x08A3,
0x08A3, 0x08A3, 0x10A3, 0x08A3, 0x08A3, 0x08A3, 0x08A3, 0x08A3, 0x08A3, 0x08A3, 0x08A3, 0x08A3,
0x10C3, 0x10C3, 0x10C3, 0x10C4, 0x10C4, 0x10C4, 0x10C4, 0x10C4, 0x10C4, 0x10C4, 0x10C4, 0x10C4,
0x10C4, 0x10C4, 0x10C4, 0x10E4, 0x10E4, 0x1905, 0x1905, 0x1905, 0x1905, 0x1905, 0x1905, 0x1925,
0x2146, 0x2125, 0x2146, 0x2966, 0x2987, 0x31A7, 0x31C8, 0x31C8, 0x31C7, 0x31A7, 0x31A7, 0x2987,
0x31A7, 0x29A7, 0x2987, 0x31A7, 0x2987, 0x2987, 0x2987, 0x2987, 0x2987, 0x2987, 0x2987, 0x2987,
0x2966, 0x2166, 0x2146, 0x2166, 0x2966, 0x2146, 0x2146, 0x2166, 0x2146, 0x2166, 0x2146, 0x2145,
0x2146, 0x2146, 0x2146, 0x2146, 0x2146, 0x2146, 0x1905, 0x2146, 0x2146, 0x2146, 0x2146, 0x2145,
0x1925, 0x1925, 0x1925, 0x1925, 0x1925, 0x1905, 0x1905, 0x1905, 0x1925, 0x1925, 0x1925, 0x1905,
0x1925, 0x1925, 0x1925, 0x2125, 0x2125, 0x2125, 0x2125, 0x1905, 0x1925, 0x2146, 0x2146, 0x2146,
0x2146, 0x2146, 0x2146, 0x2125, 0x2125, 0x2125, 0x2125, 0x2125, 0x2125, 0x2145, 0x2145, 0x2145,
0x2145, 0x2145, 0x2146, 0x2146, 0x2166, 0x2166, 0x2166, 0x2966, 0x2986, 0x2986, 0x2966, 0x2125,
0x5B0C, 0x632C, 0x5AEB, 0x6B6D, 0x7BEF, 0x7BCF, 0x6B6E, 0x736E, 0x6B6E, 0x6B6D, 0x6B4D, 0x6B4D,
0x6B6E, 0x738E, 0x8410, 0x8410, 0x738E, 0x5AEC, 0x6B6E, 0x31C7, 0x0062, 0x0862, 0x0862, 0x0042,
0x0042, 0x0042, 0x0042, 0x0062, 0x0062, 0x0062, 0x0062, 0x0062, 0x0062, 0x0062, 0x0062, 0x0062,
0x0042, 0x0042, 0x0041, 0x0042, 0x0042, 0x0042, 0x0042, 0x0042, 0x0042, 0x0062, 0x0083, 0x0063,
0x0042, 0x0042, 0x0062, 0x0042, 0x0022, 0x0021, 0x0021, 0x0042, 0x0022, 0x0022, 0x0021, 0x0021,
0x0021, 0x0021, 0x0021, 0x0021, 0x0021, 0x0021, 0x0021, 0x0021, 0x0021, 0x0021, 0x0021, 0x0021,
0x0021, 0x0021, 0x0021, 0x0862, 0x0883, 0x10E4, 0x10E4, 0x0883, 0x0883, 0x0883, 0x08A3, 0x0883,
0x08A3, 0x39E8, 0x5ACB, 0x5AEC, 0x5AEB, 0x52AA, 0x4A8A, 0x528A, 0x52AA, 0x5AEB, 0x5AEB, 0x52AA,
0x528A, 0x528A, 0x4A8A, 0x4A6A, 0x4A6A, 0x4A6A, 0x4A6A, 0x4A6A, 0x528A, 0x5AAB, 0x5ACB, 0x52AB,
0x52AA, 0x4A8A, 0x4A69, 0x4A49, 0x4A6A, 0x4A6A, 0x4A6A, 0x528A, 0x5ACB, 0x5ACB, 0x52AB, 0x528A,
0x528B, 0x4A8A, 0x4A8A, 0x4A8A, 0x4A8A, 0x4AAB, 0x52AB, 0x52AB, 0x4AAB, 0x4A8A, 0x4A8A, 0x4A8A,
0x528B, 0x528B, 0x528B, 0x52CB, 0x5AEC, 0x632D, 0x632D, 0x634D, 0x6B6E, 0x6B8E, 0x738E, 0x73AF,
0x73CF, 0x7BCF, 0x7BCF, 0x7BCF, 0x7BCF, 0x7BCF, 0x7BCF, 0x7BCF, 0x73AE, 0x738E, 0x738F, 0x738F,
0x6B6E, 0x6B4D, 0x634D, 0x634D, 0x632D, 0x634D, 0x632D, 0x6B4D, 0x6B6E, 0x73AE, 0x7BCF, 0x7BEF,
0x7BEF, 0x738E, 0x630C, 0x4249, 0x2146, 0x10C4, 0x10C4, 0x10C4, 0x10A4, 0x10A4, 0x10A4, 0x10A4,
0x10A4, 0x08A3, 0x08A3, 0x08A3, 0x08A3, 0x08A3, 0x10A3, 0x08A3, 0x08A3, 0x08A3, 0x10A3, 0x08A3,
0x08A3, 0x08A3, 0x08A3, 0x08A3, 0x08A3, 0x08A3, 0x10C3, 0x10C3, 0x10C3, 0x10C3, 0x10C4, 0x10C4,
0x10C4, 0x10C4, 0x10C4, 0x10C4, 0x10C4, 0x10C4, 0x10C4, 0x10C4, 0x10C4, 0x10C4, 0x10E4, 0x10E4,
0x1905, 0x1905, 0x1905, 0x1905, 0x1925, 0x1925, 0x2146, 0x2146, 0x2166, 0x2146, 0x2986, 0x29A7,
0x2987, 0x31C8, 0x31E8, 0x31E8, 0x31C8, 0x31E8, 0x31C8, 0x31A7, 0x31A7, 0x29A7, 0x2987, 0x29A7,
0x2987, 0x2987, 0x2987, 0x29A7, 0x2987, 0x2987, 0x2987, 0x2987, 0x2966, 0x2166, 0x2146, 0x2146,
0x2166, 0x2166, 0x2966, 0x2146, 0x2166, 0x2166, 0x2146, 0x2145, 0x2166, 0x2146, 0x2146, 0x2146,
0x2146, 0x2146, 0x2125, 0x2966, 0x2146, 0x2146, 0x2145, 0x2145, 0x2145, 0x1925, 0x1925, 0x1925,
0x1925, 0x1905, 0x1905, 0x1905, 0x1925, 0x1925, 0x1925, 0x1925, 0x1925, 0x1925, 0x1925, 0x1925,
0x1925, 0x2125, 0x2125, 0x1925, 0x1905, 0x2125, 0x2146, 0x2146, 0x2146, 0x2146, 0x2146, 0x2125,
0x2125, 0x2125, 0x2125, 0x2125, 0x2125, 0x2145, 0x2145, 0x2145, 0x2145, 0x2145, 0x2146, 0x2146,
0x2166, 0x2166, 0x2166, 0x2966, 0x2966, 0x2986, 0x3187, 0x2105, 0x4209, 0x6B4D, 0x630C, 0x6B2C,
0x73AE, 0x7BCF, 0x736E, 0x736E, 0x6B6E, 0x738E, 0x6B6D, 0x6B4D, 0x73AE, 0x738E, 0x7BCF, 0x8410,
0x8410, 0x738E, 0x5AEB, 0x6B6E, 0x4229, 0x0021, 0x0062, 0x0042, 0x0042, 0x0042, 0x0042, 0x0062,
0x0042, 0x0042, 0x0042, 0x0062, 0x0062, 0x0062, 0x0062, 0x0062, 0x0062, 0x0042, 0x0041, 0x0042,
0x0042, 0x0042, 0x0042, 0x0062, 0x0883, 0x0083, 0x0062, 0x0042, 0x0042, 0x0063, 0x0062, 0x0042,
0x0021, 0x0021, 0x0041, 0x0042, 0x0022, 0x0022, 0x0021, 0x0021, 0x0021, 0x0021, 0x0021, 0x0021,
0x0021, 0x0021, 0x0021, 0x0021, 0x0021, 0x0021, 0x0021, 0x0041, 0x0042, 0x0062, 0x0883, 0x10E4,
0x10E4, 0x10C4, 0x08A3, 0x0042, 0x0882, 0x0883, 0x0883, 0x08A3, 0x10A3, 0x3A08, 0x5ACB, 0x5AEC,
0x5AEB, 0x52AA, 0x4A8A, 0x528A, 0x52AA, 0x5AEB, 0x5AEB, 0x52AA, 0x528A, 0x528A, 0x4A8A, 0x4A6A,
0x4A6A, 0x4A6A, 0x4A6A, 0x4A6A, 0x4A6A, 0x528A, 0x52AB, 0x5ACB, 0x5ACB, 0x52CB, 0x52AB, 0x528A,
0x52AB, 0x528A, 0x52AA, 0x5ACB, 0x5ACB, 0x5ACB, 0x528B, 0x4A6A, 0x4A6A, 0x4A6A, 0x4A8A, 0x4A8A,
0x4A8B, 0x52AB, 0x52CB, 0x52CC, 0x52CC, 0x5ACC, 0x5AEC, 0x5AEC, 0x5AEC, 0x5ACC, 0x5AEC, 0x634D,
0x634E, 0x634E, 0x6B8E, 0x738E, 0x73AF, 0x73CF, 0x73AF, 0x73CF, 0x7BCF, 0x7BAF, 0x7BCF, 0x7BEF,
0x7BCF, 0x7BCF, 0x7BCF, 0x73AF, 0x73AE, 0x738E, 0x738E, 0x738E, 0x6B6E, 0x634D, 0x634D, 0x634D,
0x634D, 0x634D, 0x632D, 0x632D, 0x6B4D, 0x73AE, 0x7BCF, 0x7BCF, 0x7BEF, 0x738E, 0x630C, 0x4A49,
0x2146, 0x10C4, 0x10C4, 0x10C4, 0x10C4, 0x10C4, 0x10C4, 0x10C4, 0x10C4, 0x10A4, 0x08A3, 0x08A3,
0x08A3, 0x10A3, 0x10A3, 0x10A3, 0x08A3, 0x10A3, 0x10A4, 0x10A4, 0x08A3, 0x08A3, 0x08A3, 0x08A3,
0x08A3, 0x08A3, 0x10C4, 0x10C4, 0x10C4, 0x10C4, 0x10C4, 0x10C4, 0x10C4, 0x10C4, 0x10C4, 0x10C4,
0x10C4, 0x10C4, 0x10C4, 0x10C4, 0x10C4, 0x10C4, 0x10E4, 0x1905, 0x1905, 0x1905, 0x1905, 0x1925,
0x2146, 0x2146, 0x2166, 0x2987, 0x2987, 0x29A7, 0x31C7, 0x31C8, 0x31E8, 0x31E8, 0x31E8, 0x31E8,
0x31E8, 0x31E8, 0x31E8, 0x31C8, 0x31A7, 0x29A7, 0x2987, 0x2987, 0x29A7, 0x2987, 0x2987, 0x2987,
0x2987, 0x2987, 0x2987, 0x2987, 0x2987, 0x2987, 0x2146, 0x2146, 0x2146, 0x2966, 0x2966, 0x2146,
0x2166, 0x2146, 0x2166, 0x2166, 0x2146, 0x2146, 0x2146, 0x2146, 0x2146, 0x1926, 0x2146, 0x2166,
0x2146, 0x2146, 0x2146, 0x2146, 0x2146, 0x2146, 0x1925, 0x1925, 0x1925, 0x1905, 0x1905, 0x1905,
0x1905, 0x1925, 0x1925, 0x2125, 0x1925, 0x1925, 0x1925, 0x1925, 0x1925, 0x1925, 0x2125, 0x2125,
0x2125, 0x2125, 0x2145, 0x2146, 0x2146, 0x2146, 0x2146, 0x2125, 0x2125, 0x2125, 0x2125, 0x2125,
0x2125, 0x2145, 0x2145, 0x2145, 0x2145, 0x2145, 0x2146, 0x2146, 0x2146, 0x2166, 0x2166, 0x2966,
0x2966, 0x2986, 0x2987, 0x2987, 0x2125, 0x5AEC, 0x634D, 0x630C, 0x6B4D, 0x7BF0, 0x738E, 0x736E,
0x6B6E, 0x6B6D, 0x6B6D, 0x6B6E, 0x738E, 0x6B6D, 0x6B4D, 0x83F0, 0x7BF0, 0x7BEF, 0x73AE, 0x5ACB,
0x632D, 0x4229, 0x08A3, 0x0042, 0x0042, 0x0042, 0x0042, 0x0062, 0x0042, 0x0042, 0x0042, 0x0062,
0x0062, 0x0062, 0x0042, 0x0062, 0x0062, 0x0062, 0x0042, 0x0042, 0x0042, 0x0042, 0x0062, 0x0883,
0x0062, 0x0042, 0x0042, 0x0042, 0x0063, 0x0042, 0x0042, 0x0042, 0x0042, 0x0021, 0x0041, 0x0041,
0x0021, 0x0021, 0x0021, 0x0021, 0x0021, 0x0021, 0x0021, 0x0021, 0x0021, 0x0021, 0x0021, 0x0021,
0x0021, 0x0021, 0x0041, 0x0042, 0x0883, 0x10C4, 0x10E4, 0x18E4, 0x0883, 0x0041, 0x0062, 0x0882,
0x0882, 0x0883, 0x0883, 0x0883, 0x10C3, 0x4249, 0x5ACB, 0x5AEC, 0x5AEB, 0x52AA, 0x4A8A, 0x528A,
0x52AA, 0x5AEB, 0x5AEB, 0x52AA, 0x528A, 0x528A, 0x4A8A, 0x4A6A, 0x4A6A, 0x4A6A, 0x4A6A, 0x4A6A,
0x4A69, 0x4A49, 0x528A, 0x52AA, 0x52CB, 0x5ACB, 0x5ACB, 0x5AAB, 0x5ACB, 0x5ACB, 0x5ACB, 0x5ACB,
0x5ACB, 0x52AB, 0x528A, 0x4A6A, 0x4A6A, 0x4A6A, 0x4A8A, 0x4A8A, 0x528B, 0x52AB, 0x52CB, 0x5AEC,
0x5AEC, 0x5AEC, 0x630C, 0x632D, 0x6B2D, 0x6B2D, 0x6B2D, 0x6B6E, 0x73AF, 0x7BCF, 0x73CF, 0x73CF,
0x7BEF, 0x7BCF, 0x7BCF, 0x7BCF, 0x7BCF, 0x7BCF, 0x7BF0, 0x7BCF, 0x7BCF, 0x7BCF, 0x7BAE, 0x73AE,
0x73AF, 0x738E, 0x738E, 0x6B8E, 0x6B6E, 0x634D, 0x632D, 0x634D, 0x632D, 0x632D, 0x632D, 0x632D,
0x6B4E, 0x738E, 0x7BCF, 0x7BCF, 0x7BEF, 0x738E, 0x632D, 0x4A6A, 0x2987, 0x10C4, 0x08A3, 0x08A3,
0x10C3, 0x10C4, 0x10C4, 0x10A4, 0x10C4, 0x10A4, 0x08A3, 0x08A3, 0x10A3, 0x10A3, 0x10A3, 0x10A3,
0x10A3, 0x10A4, 0x10C4, 0x10C4, 0x10A4, 0x10A3, 0x10A3, 0x08A3, 0x10A4, 0x10C4, 0x10C4, 0x10C4,
0x10C4, 0x10C4, 0x10C4, 0x10C4, 0x10C4, 0x10C4, 0x10C4, 0x10C4, 0x10C4, 0x10E4, 0x10E4, 0x10E4,
0x10E4, 0x10C4, 0x1904, 0x1905, 0x1905, 0x1905, 0x1925, 0x1946, 0x2166, 0x2187, 0x2987, 0x2987,
0x31C8, 0x31C8, 0x39E8, 0x3A08, 0x3A08, 0x3A08, 0x39E8, 0x39E8, 0x39E8, 0x31E8, 0x31E8, 0x31E7,
0x31C7, 0x31A7, 0x31A7, 0x31A7, 0x2987, 0x2966, 0x2987, 0x2966, 0x2967, 0x2987, 0x2987, 0x2987,
0x2987, 0x2987, 0x2966, 0x2166, 0x2146, 0x2966, 0x2166, 0x2166, 0x2146, 0x2167, 0x2166, 0x2966,
0x2166, 0x2146, 0x2146, 0x2166, 0x2146, 0x2146, 0x2146, 0x2166, 0x2987, 0x2146, 0x2146, 0x2146,
0x2146, 0x2126, 0x2125, 0x1905, 0x1905, 0x1905, 0x1905, 0x1905, 0x1905, 0x2125, 0x1925, 0x1925,
0x1925, 0x1905, 0x1925, 0x1925, 0x1925, 0x1905, 0x1905, 0x1925, 0x2125, 0x2125, 0x2125, 0x2125,
0x2146, 0x2146, 0x2146, 0x2145, 0x2145, 0x2145, 0x2145, 0x2145, 0x2125, 0x2125, 0x2146, 0x2146,
0x2146, 0x2146, 0x2146, 0x2146, 0x2146, 0x2146, 0x2166, 0x2966, 0x2966, 0x2966, 0x2986, 0x2986,
0x2966, 0x39E8, 0x5B0C, 0x5AEB, 0x632D, 0x7BCF, 0x7BEF, 0x736E, 0x6B6E, 0x6B6D, 0x736E, 0x6B4D,
0x632D, 0x6B6D, 0x6B4D, 0x6B6D, 0x840F, 0x8410, 0x8410, 0x7BAF, 0x5AEC, 0x6B4D, 0x4A6A, 0x0041,
0x0021, 0x0041, 0x0042, 0x0062, 0x0062, 0x0042, 0x0042, 0x0042, 0x0042, 0x0042, 0x0042, 0x0042,
0x0042, 0x0042, 0x0042, 0x0042, 0x0042, 0x0882, 0x0062, 0x0042, 0x0041, 0x0021, 0x0042, 0x0862,
0x0042, 0x0021, 0x0041, 0x0041, 0x0041, 0x0041, 0x0041, 0x0021, 0x0021, 0x0021, 0x0001, 0x0001,
0x0001, 0x0001, 0x0021, 0x0001, 0x0021, 0x0021, 0x0021, 0x0022, 0x0022, 0x0042, 0x0083, 0x08A3,
0x18E5, 0x18E4, 0x10A3, 0x0062, 0x0041, 0x0021, 0x0041, 0x0062, 0x0862, 0x0862, 0x0862, 0x0883,
0x10C3, 0x4A8A, 0x5AEB, 0x5ACB, 0x5ACB, 0x528A, 0x528A, 0x528A, 0x528A, 0x5AEC, 0x5AEC, 0x52AA,
0x528A, 0x528A, 0x528A, 0x4A6A, 0x4A6A, 0x4A6A, 0x4A6A, 0x4A6A, 0x4A6A, 0x4A6A, 0x4A6A, 0x4A6A,
0x528A, 0x52AB, 0x5ACB, 0x5ACB, 0x5ACB, 0x5ACB, 0x5ACB, 0x5ACB, 0x5AAB, 0x528A, 0x4A6A, 0x4A6A,
0x4A4A, 0x4A6A, 0x4A6A, 0x4A8A, 0x528B, 0x52AB, 0x52CB, 0x5AEC, 0x5AEC, 0x630D, 0x632D, 0x6B4D,
0x6B4E, 0x738E, 0x738E, 0x7BAF, 0x7BF0, 0x7BF0, 0x7BF0, 0x7BF0, 0x83F0, 0x7BF0, 0x7BCF, 0x7BCF,
0x7BCF, 0x7BCF, 0x7BCF, 0x7BCF, 0x7BCF, 0x7BCF, 0x7BAF, 0x73AF, 0x73AF, 0x738E, 0x738E, 0x6B8E,
0x6B6E, 0x634D, 0x632D, 0x632D, 0x632D, 0x632D, 0x632D, 0x632D, 0x6B4E, 0x738E, 0x7BCF, 0x7BCF,
0x7BCF, 0x73AE, 0x632D, 0x4A6A, 0x2967, 0x10C4, 0x10C3, 0x10C3, 0x10C3, 0x10C4, 0x10C4, 0x10C4,
0x08A3, 0x08A3, 0x08A3, 0x08A3, 0x10C3, 0x10C3, 0x10C3, 0x10C3, 0x10C3, 0x10A4, 0x10C4, 0x10C4,
0x10C4, 0x10C4, 0x10C3, 0x10A4, 0x10C4, 0x10C4, 0x10C4, 0x10C4, 0x10C4, 0x10C4, 0x10C4, 0x10C4,
0x10C4, 0x10C4, 0x10E4, 0x10C4, 0x10E4, 0x1905, 0x1905, 0x18E5, 0x18E5, 0x1905, 0x1905, 0x1905,
0x1925, 0x2125, 0x2146, 0x2166, 0x2987, 0x29A7, 0x31C8, 0x39E8, 0x3A09, 0x3A09, 0x3A08, 0x3A08,
0x3A09, 0x3A09, 0x3A29, 0x3A08, 0x3A08, 0x31E8, 0x31E8, 0x31C7, 0x31C7, 0x31A7, 0x31A7, 0x31A7,
0x2987, 0x2966, 0x2987, 0x2966, 0x2966, 0x2966, 0x2966, 0x2987, 0x2987, 0x2987, 0x2967, 0x2967,
0x2146, 0x2146, 0x2967, 0x2966, 0x2146, 0x2166, 0x2166, 0x2966, 0x2146, 0x2146, 0x2166, 0x2166,
0x2166, 0x2146, 0x1925, 0x2166, 0x2166, 0x2146, 0x2146, 0x2146, 0x2146, 0x2126, 0x2126, 0x2126,
0x1905, 0x1905, 0x1905, 0x1905, 0x2125, 0x1905, 0x1925, 0x1925, 0x1925, 0x1926, 0x1925, 0x1925,
0x1925, 0x1905, 0x1905, 0x2126, 0x2146, 0x2125, 0x2125, 0x2125, 0x2146, 0x2146, 0x2146, 0x2145,
0x2145, 0x2145, 0x2145, 0x2145, 0x2125, 0x2146, 0x2146, 0x2146, 0x2146, 0x2146, 0x2146, 0x2146,
0x2146, 0x2146, 0x2166, 0x2166, 0x2966, 0x2986, 0x2166, 0x2966, 0x2986, 0x10C4, 0x52AB, 0x5AEB,
0x5ACC, 0x6B6E, 0x7BF0, 0x738E, 0x6B6D, 0x6B4D, 0x6B6D, 0x6B4D, 0x634D, 0x6B6D, 0x6B8E, 0x6B4D,
0x6B8E, 0x8410, 0x8410, 0x8410, 0x7BEF, 0x5ACB, 0x6B4D, 0x5AEC, 0x10C3, 0x0021, 0x0042, 0x0042,
0x0062, 0x0062, 0x0042, 0x0042, 0x0042, 0x0042, 0x0042, 0x0042, 0x0042, 0x0042, 0x0042, 0x0062,
0x0883, 0x0062, 0x0042, 0x0041, 0x0021, 0x0041, 0x0042, 0x0042, 0x0021, 0x0021, 0x0041, 0x0041,
0x0041, 0x0021, 0x0021, 0x0021, 0x0021, 0x0021, 0x0001, 0x0001, 0x0001, 0x0001, 0x0021, 0x0021,
0x0021, 0x0021, 0x0021, 0x0042, 0x0062, 0x0883, 0x10E4, 0x1905, 0x10C4, 0x0882, 0x0041, 0x0041,
0x0041, 0x0021, 0x0041, 0x0062, 0x0862, 0x0862, 0x0862, 0x0862, 0x2966, 0x5ACB, 0x5AEB, 0x5AEB,
0x5AAB, 0x528A, 0x528A, 0x528A, 0x528A, 0x5ACB, 0x5AEB, 0x52AA, 0x528A, 0x528A, 0x528A, 0x4A8A,
0x4A8A, 0x4A8A, 0x4A69, 0x4A69, 0x4A6A, 0x4A6A, 0x4A6A, 0x4A6A, 0x4A6A, 0x4A6A, 0x52AB, 0x5AAB,
0x5ACB, 0x5ACB, 0x5ACB, 0x5ACB, 0x52AA, 0x528A, 0x4A6A, 0x4229, 0x4249, 0x426A, 0x4A6A, 0x4A8A,
0x528B, 0x52AB, 0x52CB, 0x5AEC, 0x5B0C, 0x630D, 0x632D, 0x6B4D, 0x6B6E, 0x738F, 0x73AF, 0x7BF0,
0x7BF0, 0x8410, 0x8410, 0x8410, 0x83F0, 0x83F0, 0x7BF0, 0x7BCF, 0x7BCF, 0x7BCF, 0x7BCF, 0x7BCF,
0x7BCF, 0x7BAF, 0x73AF, 0x73AE, 0x738E, 0x738E, 0x738E, 0x6B6E, 0x6B6E, 0x634D, 0x634D, 0x632D,
0x634D, 0x632D, 0x632D, 0x632D, 0x6B4E, 0x738E, 0x7BCF, 0x7BCF, 0x7BEF, 0x7BCF, 0x6B6D, 0x52AA,
0x31A7, 0x18E4, 0x10C4, 0x10C4, 0x10C4, 0x10C4, 0x10C4, 0x10C4, 0x10C4, 0x08A4, 0x10A4, 0x08A4,
0x10C4, 0x10C4, 0x10C4, 0x10C4, 0x10C4, 0x10C4, 0x10C4, 0x10C4, 0x10C4, 0x10C4, 0x10C4, 0x10C4,
0x10C4, 0x10C4, 0x10C4, 0x10C4, 0x10C4, 0x10E4, 0x10E4, 0x10C4, 0x10E4, 0x10E4, 0x10E4, 0x10E4,
0x10E4, 0x10E4, 0x1905, 0x1905, 0x1905, 0x1905, 0x2125, 0x2125, 0x2146, 0x2166, 0x2986, 0x2987,
0x31C8, 0x31E8, 0x39E8, 0x4229, 0x4229, 0x4249, 0x4229, 0x4229, 0x3A09, 0x3A09, 0x3A29, 0x3A29,
0x3A08, 0x3A08, 0x31E8, 0x31C8, 0x31C7, 0x31A7, 0x29A7, 0x31A7, 0x31A7, 0x2987, 0x2987, 0x2966,
0x2966, 0x2966, 0x2146, 0x2966, 0x2966, 0x2966, 0x2966, 0x2166, 0x2166, 0x2166, 0x2987, 0x2987,
0x2166, 0x2146, 0x2146, 0x2166, 0x2166, 0x2166, 0x2166, 0x2166, 0x2166, 0x2166, 0x2146, 0x2146,
0x2166, 0x2146, 0x2146, 0x2146, 0x2146, 0x2126, 0x1925, 0x2126, 0x2125, 0x1925, 0x1925, 0x1925,
0x2125, 0x1905, 0x1905, 0x1925, 0x1925, 0x1905, 0x1905, 0x1925, 0x1905, 0x1905, 0x1925, 0x2126,
0x2125, 0x2125, 0x2125, 0x1925, 0x2125, 0x2125, 0x2125, 0x2145, 0x2145, 0x2145, 0x2125, 0x2125,
0x2145, 0x2145, 0x2146, 0x2145, 0x2125, 0x2145, 0x2146, 0x2146, 0x2146, 0x2146, 0x2146, 0x2166,
0x2166, 0x2966, 0x2986, 0x2966, 0x2986, 0x2145, 0x31C7, 0x52CB, 0x5ACC, 0x632D, 0x7BCF, 0x73AF,
0x6B4D, 0x6B4D, 0x6B6E, 0x6B4D, 0x6B4D, 0x6B6E, 0x738E, 0x6B4D, 0x632C, 0x6B6E, 0x8410, 0x8410,
0x8410, 0x7BEF, 0x632C, 0x6B4D, 0x5B0C, 0x2966, 0x0021, 0x0022, 0x0042, 0x0062, 0x0042, 0x0042,
0x0042, 0x0042, 0x0042, 0x0042, 0x0042, 0x0062, 0x0062, 0x0063, 0x0042, 0x0041, 0x0022, 0x0041,
0x0021, 0x0041, 0x0042, 0x0021, 0x0021, 0x0021, 0x0021, 0x0021, 0x0021, 0x0021, 0x0021, 0x0021,
0x0001, 0x0001, 0x0001, 0x0001, 0x0001, 0x0001, 0x0021, 0x0021, 0x0021, 0x0041, 0x0062, 0x0883,
0x10E4, 0x1905, 0x10E4, 0x0883, 0x0042, 0x0021, 0x0021, 0x0041, 0x0041, 0x0041, 0x0042, 0x0062,
0x0862, 0x0862, 0x0882, 0x0062, 0x4209, 0x5AEC, 0x630C, 0x5AEB, 0x5AAB, 0x528A, 0x528A, 0x528A,
0x528A, 0x52AB, 0x5AEB, 0x52CB, 0x528A, 0x528A, 0x4A8A, 0x4A8A, 0x4A8A, 0x4A8A, 0x4A6A, 0x4A6A,
0x4A6A, 0x4A6A, 0x4A6A, 0x4A6A, 0x4A6A, 0x4A6A, 0x4A6A, 0x528A, 0x5AAB, 0x5ACB, 0x5ACB, 0x5AAB,
0x528A, 0x528B, 0x4A4A, 0x2986, 0x4229, 0x424A, 0x426A, 0x4A8A, 0x528B, 0x52AB, 0x52CB, 0x5AEC,
0x630D, 0x630D, 0x6B4D, 0x6B4D, 0x6B6E, 0x738E, 0x73AF, 0x73CF, 0x7BF0, 0x7BF0, 0x7C10, 0x8410,
0x83F0, 0x7BF0, 0x7BCF, 0x7BCF, 0x7BCF, 0x7BCF, 0x7BCF, 0x7BCF, 0x7BAF, 0x73AF, 0x73AF, 0x738E,
0x6B8E, 0x738E, 0x736E, 0x6B6E, 0x6B6E, 0x6B4E, 0x634D, 0x632D, 0x634D, 0x632D, 0x632D, 0x632D,
0x634D, 0x738E, 0x73CF, 0x7BCF, 0x7BEF, 0x7BCF, 0x6B6D, 0x5ACB, 0x39E7, 0x18E4, 0x10C4, 0x10C4,
0x10C4, 0x10C4, 0x10C4, 0x10C4, 0x10C4, 0x10C4, 0x10A4, 0x10A4, 0x10C4, 0x10C4, 0x10C4, 0x10C4,
0x10C4, 0x10C4, 0x10C4, 0x10C4, 0x10C4, 0x10C4, 0x10C4, 0x10C4, 0x10C4, 0x10C4, 0x10C4, 0x10C4,
0x10C4, 0x10E4, 0x10E4, 0x10C4, 0x10E4, 0x10E4, 0x10E4, 0x10E4, 0x10E4, 0x18E5, 0x1905, 0x1925,
0x1925, 0x2125, 0x2145, 0x2966, 0x2986, 0x2987, 0x31A8, 0x31C8, 0x39E8, 0x4229, 0x4249, 0x4A6A,
0x4249, 0x424A, 0x4229, 0x4249, 0x4229, 0x3A09, 0x3A09, 0x3A29, 0x4229, 0x3A08, 0x3A08, 0x31E8,
0x31E8, 0x31C7, 0x29A7, 0x31A7, 0x2987, 0x2967, 0x2166, 0x2966, 0x2966, 0x2166, 0x2166, 0x2146,
0x2146, 0x2146, 0x2966, 0x2166, 0x2146, 0x2166, 0x2166, 0x2166, 0x2987, 0x2166, 0x2146, 0x2166,
0x2146, 0x2166, 0x2166, 0x2166, 0x2166, 0x2166, 0x2146, 0x2146, 0x2166, 0x2166, 0x2146, 0x2146,
0x2126, 0x2126, 0x1925, 0x1925, 0x1925, 0x1925, 0x1925, 0x1925, 0x1925, 0x1925, 0x1905, 0x1905,
0x1925, 0x1925, 0x1905, 0x1925, 0x1925, 0x1905, 0x1905, 0x1905, 0x1925, 0x2125, 0x1925, 0x1905,
0x2125, 0x2125, 0x2125, 0x2125, 0x2125, 0x2125, 0x2125, 0x2125, 0x2145, 0x2125, 0x2146, 0x2146,
0x2146, 0x2146, 0x2146, 0x2146, 0x2146, 0x2146, 0x2146, 0x2166, 0x2166, 0x2166, 0x2986, 0x2966,
0x2966, 0x2986, 0x1925, 0x4249, 0x5ACB, 0x5AEC, 0x738E, 0x7BCF, 0x6B4D, 0x630C, 0x6B4D, 0x6B4D,
0x6B6D, 0x6B6D, 0x6B6D, 0x6B4D, 0x6B6D, 0x6B4D, 0x73AE, 0x8430, 0x7BF0, 0x83F0, 0x8410, 0x6B6E,
0x632D, 0x6B6E, 0x3187, 0x0842, 0x0041, 0x0062, 0x0062, 0x0042, 0x0042, 0x0042, 0x0042, 0x0042,
0x0883, 0x0863, 0x0042, 0x0022, 0x0041, 0x0041, 0x0022, 0x0041, 0x0041, 0x0041, 0x0041, 0x0021,
0x0021, 0x0021, 0x0021, 0x0021, 0x0021, 0x0021, 0x0021, 0x0001, 0x0001, 0x0001, 0x0001, 0x0001,
0x0001, 0x0021, 0x0021, 0x0041, 0x0061, 0x08A2, 0x10C3, 0x10E4, 0x1925, 0x08A3, 0x0042, 0x0041,
0x0021, 0x0021, 0x0021, 0x0041, 0x0041, 0x0042, 0x0042, 0x0042, 0x0862, 0x0862, 0x0882, 0x18E4,
0x4229, 0x630C, 0x632C, 0x5AEB, 0x52AA, 0x528A, 0x528A, 0x528A, 0x528A, 0x52AA, 0x5AEB, 0x5AEB,
0x52AA, 0x528A, 0x4A8A, 0x4A8A, 0x4A8A, 0x4A8A, 0x4A6A, 0x4A6A, 0x4A6A, 0x4A6A, 0x4A6A, 0x4A6A,
0x4A6A, 0x4A6A, 0x4A6A, 0x52AB, 0x5ACB, 0x5AEC, 0x5ACB, 0x52AB, 0x528A, 0x528A, 0x31C7, 0x18E4,
0x3A29, 0x4249, 0x424A, 0x4A6A, 0x4A8A, 0x52AB, 0x52CB, 0x5AEC, 0x630D, 0x630D, 0x6B4D, 0x6B4D,
0x6B6E, 0x738E, 0x73AF, 0x73AF, 0x73CF, 0x7BCF, 0x7BF0, 0x7BF0, 0x7BEF, 0x7BCF, 0x7BCF, 0x7BCF,
0x7BCF, 0x7BCF, 0x7BCF, 0x7BAF, 0x7BAF, 0x73AF, 0x738E, 0x738E, 0x6B8E, 0x738E, 0x736E, 0x736E,
0x6B6E, 0x6B4E, 0x634D, 0x632D, 0x634D, 0x634D, 0x632D, 0x632D, 0x632D, 0x738E, 0x73CF, 0x7BCF,
0x7BF0, 0x7BCF, 0x6B6E, 0x5ACB, 0x39E8, 0x18E4, 0x10C4, 0x10C4, 0x10C4, 0x10C4, 0x10C4, 0x10C4,
0x10C4, 0x10C4, 0x10A4, 0x10A4, 0x10C4, 0x10C4, 0x10C4, 0x10C4, 0x10C4, 0x10C4, 0x10C4, 0x10C4,
0x10C4, 0x10E4, 0x10E4, 0x10C4, 0x10C4, 0x10C4, 0x10C4, 0x10C4, 0x10C4, 0x10E4, 0x10E4, 0x10C4,
0x10E4, 0x10E4, 0x1905, 0x1905, 0x1905, 0x1905, 0x1905, 0x1925, 0x1925, 0x2146, 0x2166, 0x2987,
0x31C7, 0x29A7, 0x39E8, 0x3A29, 0x4229, 0x4249, 0x4A6A, 0x426A, 0x4A6A, 0x4269, 0x4249, 0x4269,
0x4249, 0x4229, 0x3A08, 0x3A29, 0x3A29, 0x3A08, 0x3A09, 0x39E8, 0x31E8, 0x31C7, 0x29A7, 0x29A7,
0x2986, 0x2966, 0x2166, 0x2966, 0x2166, 0x2166, 0x2166, 0x2967, 0x2967, 0x2967, 0x2966, 0x2166,
0x2166, 0x2166, 0x2146, 0x2166, 0x2987, 0x2987, 0x2146, 0x2166, 0x2146, 0x2166, 0x2166, 0x2166,
0x2166, 0x2166, 0x2166, 0x2146, 0x2146, 0x2146, 0x2166, 0x2146, 0x2126, 0x2126, 0x2125, 0x1905,
0x1925, 0x1925, 0x2125, 0x1925, 0x1925, 0x1925, 0x1925, 0x1925, 0x1905, 0x1905, 0x1925, 0x1905,
0x2125, 0x2125, 0x1905, 0x1905, 0x2125, 0x1925, 0x1925, 0x1905, 0x2125, 0x2125, 0x2125, 0x2125,
0x2125, 0x2125, 0x2125, 0x2125, 0x2145, 0x2145, 0x2125, 0x2146, 0x2146, 0x2146, 0x2146, 0x2146,
0x2146, 0x2145, 0x2146, 0x2166, 0x2166, 0x2166, 0x2166, 0x2166, 0x2986, 0x2986, 0x2145, 0x2986,
0x52AB, 0x52AA, 0x6B4D, 0x7BAF, 0x6B4D, 0x5AEB, 0x632D, 0x6B6D, 0x6B6D, 0x632C, 0x632C, 0x632C,
0x632C, 0x6B4D, 0x6B4D, 0x73AE, 0x8410, 0x7BF0, 0x83F0, 0x83F0, 0x738E, 0x630C, 0x6B6E, 0x528A,
0x0882, 0x0041, 0x0062, 0x0041, 0x0062, 0x0062, 0x0862, 0x0863, 0x0862, 0x0042, 0x0022, 0x0022,
0x0041, 0x0021, 0x0022, 0x0021, 0x0041, 0x0041, 0x0041, 0x0041, 0x0021, 0x0021, 0x0021, 0x0021,
0x0021, 0x0021, 0x0021, 0x0001, 0x0001, 0x0001, 0x0001, 0x0001, 0x0001, 0x0021, 0x0041, 0x0862,
0x08A3, 0x1904, 0x1904, 0x1904, 0x0882, 0x0021, 0x0021, 0x0021, 0x0021, 0x0021, 0x0021, 0x0041,
0x0042, 0x0042, 0x0042, 0x0042, 0x0862, 0x0862, 0x0882, 0x2146, 0x5B0C, 0x630C, 0x630D, 0x5AEB,
0x528A, 0x528A, 0x528A, 0x528A, 0x528A, 0x52AA, 0x5ACB, 0x5AEB, 0x52AB, 0x4A8A, 0x4A8A, 0x4A8A,
0x4A8A, 0x4A8A, 0x4A8A, 0x4A8A, 0x4A8A, 0x4A6A, 0x4A6A, 0x4A6A, 0x4A6A, 0x4A6A, 0x528A, 0x5ACB,
0x5AEC, 0x5ACB, 0x52AB, 0x528A, 0x528A, 0x4229, 0x1904, 0x0862, 0x3A29, 0x4229, 0x424A, 0x426A,
0x4A6A, 0x4A8B, 0x52CB, 0x5ACC, 0x5B0C, 0x630D, 0x632D, 0x634D, 0x6B4E, 0x6B8E, 0x6B8E, 0x738F,
0x73AF, 0x73AF, 0x73AF, 0x73AF, 0x73AF, 0x7BAF, 0x7BAF, 0x73AF, 0x73AF, 0x73AF, 0x73AF, 0x73AF,
0x738E, 0x738E, 0x736E, 0x736E, 0x736E, 0x736E, 0x6B6E, 0x6B6E, 0x6B6E, 0x6B4E, 0x6B4E, 0x634D,
0x634D, 0x634D, 0x632D, 0x632D, 0x6B4D, 0x736E, 0x7BCF, 0x7BCF, 0x7BD0, 0x7BCF, 0x738E, 0x5AEC,
0x4208, 0x1905, 0x10C4, 0x10E4, 0x10C4, 0x10C4, 0x10C4, 0x10C4, 0x10C4, 0x10C4, 0x10C4, 0x10C4,
0x10C4, 0x10C4, 0x10C4, 0x10C4, 0x10C4, 0x10C4, 0x10C4, 0x10C4, 0x10C4, 0x10C4, 0x10C4, 0x10E4,
0x10E4, 0x10E4, 0x10E4, 0x10E4, 0x10E4, 0x10E4, 0x10E4, 0x10E4, 0x10E4, 0x18E5, 0x1905, 0x1905,
0x1905, 0x1925, 0x2125, 0x2146, 0x2166, 0x2146, 0x29A7, 0x31A7, 0x3A09, 0x39E9, 0x3A29, 0x426A,
0x4A8A, 0x4A6A, 0x4A8A, 0x4A8A, 0x4A8B, 0x4A6A, 0x426A, 0x4249, 0x4229, 0x4229, 0x4229, 0x4229,
0x3A09, 0x3A08, 0x31E8, 0x31E8, 0x31C8, 0x31C7, 0x29A7, 0x31A7, 0x2987, 0x2986, 0x2986, 0x2966,
0x2966, 0x2166, 0x2966, 0x2166, 0x2966, 0x2966, 0x2966, 0x2966, 0x2967, 0x2967, 0x2967, 0x2166,
0x2987, 0x2166, 0x2166, 0x2146, 0x2146, 0x2166, 0x2166, 0x2166, 0x2166, 0x2166, 0x2146, 0x2126,
0x2166, 0x2146, 0x2166, 0x2146, 0x2126, 0x2125, 0x1925, 0x1905, 0x1905, 0x2125, 0x2125, 0x1925,
0x2125, 0x2125, 0x2125, 0x1925, 0x2126, 0x1905, 0x1905, 0x1905, 0x2126, 0x1925, 0x1926, 0x1905,
0x1925, 0x1905, 0x1905, 0x1905, 0x2125, 0x2145, 0x2145, 0x2125, 0x2125, 0x2125, 0x2125, 0x2125,
0x2145, 0x2146, 0x2146, 0x2146, 0x2146, 0x2125, 0x2146, 0x2146, 0x2146, 0x2146, 0x2146, 0x2946,
0x2166, 0x2166, 0x2166, 0x2166, 0x2166, 0x2986, 0x2986, 0x2125, 0x4A6A, 0x528A, 0x5AEC, 0x738E,
0x6B6E, 0x630C, 0x632D, 0x634D, 0x632C, 0x632D, 0x632C, 0x632C, 0x632D, 0x632D, 0x632C, 0x632C,
0x6B6D, 0x8410, 0x7BEF, 0x83F0, 0x8410, 0x73AE, 0x5AEB, 0x6B4D, 0x632C, 0x18E4, 0x0041, 0x0042,
0x0042, 0x08A3, 0x0883, 0x0062, 0x0042, 0x0042, 0x0042, 0x0041, 0x0041, 0x0042, 0x0042, 0x0042,
0x0042, 0x0021, 0x0021, 0x0021, 0x0021, 0x0021, 0x0001, 0x0001, 0x0001, 0x0021, 0x0021, 0x0001,
0x0000, 0x0021, 0x0021, 0x0021, 0x0021, 0x0862, 0x08A3, 0x10C4, 0x2125, 0x1925, 0x0883, 0x0021,
0x0021, 0x0021, 0x0021, 0x0021, 0x0021, 0x0021, 0x0021, 0x0041, 0x0041, 0x0042, 0x0042, 0x0062,
0x0862, 0x0862, 0x0883, 0x4208, 0x632D, 0x632D, 0x632C, 0x5ACB, 0x528A, 0x528A, 0x528A, 0x528A,
0x528A, 0x528A, 0x52AB, 0x5AEC, 0x5ACB, 0x52AA, 0x528A, 0x528A, 0x528A, 0x528A, 0x4A8A, 0x4A8A,
0x4A8A, 0x4A6A, 0x4A6A, 0x528A, 0x528A, 0x528A, 0x5ACB, 0x5AEC, 0x5AEC, 0x52AB, 0x4A6A, 0x4A6A,
0x4249, 0x2145, 0x1904, 0x2125, 0x3A09, 0x3A29, 0x424A, 0x426A, 0x4A6A, 0x4A8B, 0x52CB, 0x52CC,
0x5B0C, 0x630D, 0x632D, 0x634D, 0x6B4D, 0x6B6E, 0x6B6E, 0x738E, 0x738F, 0x738F, 0x738F, 0x738F,
0x738E, 0x738E, 0x738E, 0x738E, 0x738E, 0x738E, 0x738E, 0x738E, 0x738E, 0x6B6E, 0x6B6E, 0x736E,
0x736E, 0x736E, 0x6B6E, 0x6B6E, 0x6B6E, 0x6B4E, 0x6B4E, 0x634D, 0x634D, 0x634D, 0x632D, 0x632D,
0x6B4D, 0x738E, 0x7BCF, 0x7BCF, 0x7BD0, 0x7BCF, 0x738E, 0x5AEC, 0x4209, 0x1905, 0x10C4, 0x10C4,
0x10C4, 0x10C4, 0x10C4, 0x10C4, 0x10C4, 0x10C4, 0x10C4, 0x10C4, 0x10C4, 0x10C4, 0x10C4, 0x10C4,
0x10C4, 0x10C4, 0x10C4, 0x10E4, 0x10E4, 0x10E4, 0x10E4, 0x10E4, 0x10E4, 0x10E4, 0x10E4, 0x10E4,
0x10E4, 0x10E4, 0x18E5, 0x10E5, 0x18E5, 0x1905, 0x1905, 0x1905, 0x1925, 0x1925, 0x2125, 0x2146,
0x2987, 0x2966, 0x31C8, 0x39E8, 0x4229, 0x424A, 0x4A6A, 0x4A8B, 0x4A8B, 0x528A, 0x528B, 0x4A8B,
0x4A8B, 0x4A8B, 0x4A6A, 0x424A, 0x4249, 0x4229, 0x4229, 0x4229, 0x3A29, 0x3A09, 0x39E8, 0x31C8,
0x31C8, 0x31C7, 0x29A7, 0x31C8, 0x2987, 0x2966, 0x2986, 0x2986, 0x2966, 0x2966, 0x2146, 0x2966,
0x2966, 0x2146, 0x2966, 0x2967, 0x2967, 0x2967, 0x2967, 0x2966, 0x2986, 0x2966, 0x2966, 0x2166,
0x2166, 0x2166, 0x2146, 0x2166, 0x2146, 0x2166, 0x2966, 0x2146, 0x2166, 0x2146, 0x2166, 0x2146,
0x2125, 0x2125, 0x1925, 0x1905, 0x1905, 0x2105, 0x2125, 0x2146, 0x2125, 0x2125, 0x2125, 0x1905,
0x1925, 0x1905, 0x1905, 0x1905, 0x1926, 0x1925, 0x1905, 0x1905, 0x1905, 0x1925, 0x1925, 0x1925,
0x1905, 0x1905, 0x2145, 0x2125, 0x2125, 0x2125, 0x2125, 0x2125, 0x2145, 0x2146, 0x2146, 0x1925,
0x2145, 0x2146, 0x2146, 0x2146, 0x2146, 0x2146, 0x2146, 0x2946, 0x2166, 0x2166, 0x2166, 0x2166,
0x2166, 0x2166, 0x2986, 0x2146, 0x31C7, 0x4A8A, 0x528A, 0x6B4D, 0x73AF, 0x6B4D, 0x632C, 0x52AB,
0x5ACB, 0x5AEC, 0x630C, 0x632C, 0x632D, 0x632D, 0x632D, 0x632C, 0x632C, 0x738E, 0x8410, 0x83EF,
0x83F0, 0x8410, 0x7BEF, 0x632C, 0x632C, 0x630C, 0x18C3, 0x0042, 0x0883, 0x08A3, 0x0063, 0x0062,
0x0062, 0x0062, 0x0062, 0x0041, 0x0041, 0x0042, 0x0083, 0x0062, 0x0042, 0x0021, 0x0021, 0x0021,
0x0021, 0x0021, 0x0001, 0x0001, 0x0001, 0x0021, 0x0021, 0x0021, 0x0021, 0x0021, 0x0021, 0x0062,
0x08A3, 0x10E4, 0x1925, 0x2125, 0x10C4, 0x0042, 0x0021, 0x0021, 0x0021, 0x0021, 0x0021, 0x0021,
0x0021, 0x0021, 0x0021, 0x0041, 0x0041, 0x0042, 0x0062, 0x0862, 0x0883, 0x0862, 0x18E4, 0x5ACB,
0x632D, 0x632D, 0x630C, 0x52CB, 0x528A, 0x528A, 0x528A, 0x528A, 0x528A, 0x528A, 0x528A, 0x5ACB,
0x5AEB, 0x52AB, 0x528A, 0x528A, 0x528A, 0x528A, 0x4A8A, 0x4A8A, 0x4A8A, 0x4A6A, 0x4A6A, 0x4A6A,
0x528A, 0x52AB, 0x5ACB, 0x5ACB, 0x52CB, 0x528A, 0x4A8A, 0x4249, 0x31A7, 0x2145, 0x29A7, 0x2987,
0x3A09, 0x4229, 0x424A, 0x426A, 0x4A6A, 0x4A8B, 0x52CB, 0x52CC, 0x5B0C, 0x630D, 0x632D, 0x634D,
0x6B4D, 0x6B4D, 0x6B4D, 0x6B6E, 0x6B6E, 0x6B8E, 0x6B6E, 0x6B6E, 0x6B8E, 0x6B8E, 0x6B8E, 0x6B8E,
0x6B8E, 0x6B8E, 0x6B8E, 0x6B8E, 0x6B6E, 0x6B8E, 0x6B8E, 0x6B6E, 0x736E, 0x736E, 0x6B6E, 0x6B6E,
0x6B6E, 0x6B4E, 0x6B4E, 0x634D, 0x634D, 0x634D, 0x632D, 0x632D, 0x634D, 0x6B6E, 0x73AE, 0x7BCF,
0x7BD0, 0x7BCF, 0x738E, 0x5AEC, 0x4209, 0x2125, 0x10C4, 0x10C4, 0x10C4, 0x10C4, 0x10C4, 0x10C4,
0x10C4, 0x10C4, 0x10C4, 0x10C4, 0x10C4, 0x10C4, 0x10C4, 0x10C4, 0x10C4, 0x10C4, 0x10E4, 0x10E4,
0x10E4, 0x10E4, 0x10E4, 0x10E4, 0x10E4, 0x10E4, 0x10E4, 0x10E4, 0x10E4, 0x18E5, 0x1905, 0x18E5,
0x1905, 0x1905, 0x1905, 0x1905, 0x2125, 0x2145, 0x2166, 0x2986, 0x2987, 0x31C8, 0x3A09, 0x4229,
0x4A4A, 0x4A6A, 0x4A8B, 0x4A8B, 0x528B, 0x52AB, 0x52AB, 0x52AB, 0x4A8B, 0x4A8A, 0x4A6A, 0x426A,
0x4249, 0x4249, 0x4229, 0x3A09, 0x3A09, 0x3A08, 0x3A08, 0x31E8, 0x31C7, 0x31C7, 0x29A7, 0x31A7,
0x31A7, 0x2987, 0x2986, 0x2986, 0x2966, 0x2966, 0x2166, 0x2166, 0x2166, 0x2966, 0x2967, 0x2967,
0x2967, 0x2967, 0x2967, 0x2987, 0x2986, 0x2986, 0x2986, 0x2966, 0x2166, 0x2166, 0x2166, 0x2166,
0x2146, 0x2146, 0x2166, 0x2146, 0x2146, 0x2966, 0x2166, 0x2166, 0x2126, 0x2125, 0x1925, 0x1905,
0x1905, 0x1905, 0x1905, 0x2125, 0x2125, 0x2145, 0x2146, 0x1925, 0x1905, 0x1905, 0x1905, 0x1905,
0x1905, 0x1925, 0x1925, 0x1905, 0x1905, 0x1905, 0x1925, 0x2145, 0x2125, 0x1905, 0x2125, 0x2125,
0x2125, 0x2125, 0x2125, 0x2125, 0x2145, 0x2146, 0x2146, 0x2125, 0x1925, 0x2146, 0x2146, 0x2146,
0x2146, 0x2946, 0x2946, 0x2166, 0x2166, 0x2166, 0x2166, 0x2166, 0x2166, 0x2166, 0x2966, 0x2986,
0x2125, 0x4249, 0x52AA, 0x5ACB, 0x73AE, 0x632D, 0x630C, 0x528A, 0x52AB, 0x4A8A, 0x5ACB, 0x5B0C,
0x632D, 0x632D, 0x632D, 0x632D, 0x6B4D, 0x6B4D, 0x736D, 0x8410, 0x83F0, 0x7BEF, 0x83F0, 0x7BEF,
0x4A6A, 0x2945, 0x0862, 0x0862, 0x0883, 0x0883, 0x0062, 0x0062, 0x0042, 0x0042, 0x0042, 0x0041,
0x0041, 0x0042, 0x0062, 0x0042, 0x0021, 0x0021, 0x0021, 0x0021, 0x0021, 0x0021, 0x0001, 0x0001,
0x0001, 0x0021, 0x0021, 0x0021, 0x0021, 0x0041, 0x0882, 0x10C3, 0x2145, 0x2146, 0x18E4, 0x0862,
0x0041, 0x0021, 0x0021, 0x0021, 0x0021, 0x0021, 0x0021, 0x0021, 0x0021, 0x0021, 0x0021, 0x0041,
0x0041, 0x0041, 0x0062, 0x0062, 0x0862, 0x0862, 0x39E8, 0x632D, 0x6B4D, 0x632C, 0x5AEC, 0x52AB,
0x528A, 0x528A, 0x528A, 0x528A, 0x528A, 0x528A, 0x4A8A, 0x52AA, 0x5AEB, 0x5ACB, 0x52AA, 0x528A,
0x528A, 0x528A, 0x528A, 0x528A, 0x528A, 0x4A6A, 0x4A6A, 0x528A, 0x52AA, 0x5ACB, 0x5ACB, 0x5ACB,
0x528A, 0x4A6A, 0x4249, 0x39E8, 0x31A7, 0x31C7, 0x2145, 0x1904, 0x4229, 0x4249, 0x4A4A, 0x4A6A,
0x4A8A, 0x52AB, 0x52CB, 0x5AEC, 0x5AEC, 0x632D, 0x634D, 0x634D, 0x6B4D, 0x6B4E, 0x6B4E, 0x6B6E,
0x6B6E, 0x6B6E, 0x6B6E, 0x6B6E, 0x6B6E, 0x6B6E, 0x6B6E, 0x6B6E, 0x6B6E, 0x6B6E, 0x6B6E, 0x6B6E,
0x6B6E, 0x6B6E, 0x6B6E, 0x6B6E, 0x6B6E, 0x6B6E, 0x6B4E, 0x6B4E, 0x6B4E, 0x6B4E, 0x6B4E, 0x634D,
0x632D, 0x632D, 0x632D, 0x632D, 0x632D, 0x6B6D, 0x73AE, 0x7BCF, 0x83F0, 0x7BEF, 0x73AF, 0x632C,
0x4A8A, 0x2966, 0x10C4, 0x10C4, 0x10C4, 0x10C4, 0x10C4, 0x10C4, 0x10C4, 0x10C4, 0x10C4, 0x10C4,
0x10C4, 0x10C4, 0x10C4, 0x10C4, 0x10C4, 0x10E4, 0x10E5, 0x10E4, 0x10E4, 0x10E4, 0x10E4, 0x10E4,
0x10E4, 0x10E4, 0x1905, 0x1905, 0x1905, 0x1905, 0x1905, 0x1905, 0x1925, 0x1925, 0x2125, 0x2125,
0x2145, 0x2987, 0x31A7, 0x31C7, 0x31C7, 0x3A29, 0x4A4A, 0x4A6A, 0x528A, 0x4A8B, 0x52AB, 0x52AB,
0x52AB, 0x52AB, 0x52AB, 0x52CB, 0x52AB, 0x4A8B, 0x4A6A, 0x4249, 0x4249, 0x4249, 0x4229, 0x3A09,
0x3A08, 0x39E8, 0x31E8, 0x31C8, 0x31E8, 0x31C7, 0x29A7, 0x29A7, 0x2987, 0x2987, 0x2987, 0x2986,
0x2146, 0x2146, 0x2966, 0x2146, 0x2166, 0x2146, 0x2166, 0x2967, 0x2146, 0x2967, 0x2987, 0x2987,
0x2986, 0x2986, 0x29A7, 0x2986, 0x2146, 0x2166, 0x2166, 0x2146, 0x2987, 0x2146, 0x2166, 0x2146,
0x2146, 0x2166, 0x2146, 0x2146, 0x2146, 0x2146, 0x1925, 0x1905, 0x1905, 0x1925, 0x2125, 0x2125,
0x1925, 0x2145, 0x1925, 0x2126, 0x1925, 0x1925, 0x1905, 0x1905, 0x1905, 0x1905, 0x1905, 0x1905,
0x1925, 0x1925, 0x1925, 0x1925, 0x2125, 0x2125, 0x2125, 0x2125, 0x2125, 0x2125, 0x2125, 0x2125,
0x2125, 0x2125, 0x2125, 0x2145, 0x2145, 0x2145, 0x2146, 0x2146, 0x2146, 0x2146, 0x2946, 0x2166,
0x2166, 0x2166, 0x2166, 0x2166, 0x2166, 0x2166, 0x2966, 0x2966, 0x2145, 0x31A7, 0x528A, 0x52AB,
0x6B4D, 0x6B4D, 0x5ACB, 0x52AA, 0x528A, 0x528A, 0x52AB, 0x5ACB, 0x5AEC, 0x6B2D, 0x6B2D, 0x632D,
0x6B4D, 0x6B4D, 0x6B2D, 0x73AE, 0x8430, 0x7BEF, 0x7BAF, 0x5ACB, 0x18E4, 0x0883, 0x0862, 0x0062,
0x0042, 0x0083, 0x0062, 0x0042, 0x0042, 0x0022, 0x0042, 0x0022, 0x0041, 0x0041, 0x0021, 0x0021,
0x0021, 0x0021, 0x0021, 0x0021, 0x0021, 0x0021, 0x0021, 0x0021, 0x0021, 0x0041, 0x0041, 0x0042,
0x0882, 0x10C3, 0x2145, 0x2986, 0x2166, 0x10C3, 0x0021, 0x0021, 0x0021, 0x0021, 0x0021, 0x0021,
0x0021, 0x0021, 0x0021, 0x0021, 0x0021, 0x0021, 0x0021, 0x0041, 0x0041, 0x0041, 0x0062, 0x0882,
0x0862, 0x18E4, 0x630C, 0x6B6D, 0x6B4D, 0x632C, 0x5AEC, 0x52CB, 0x52AB, 0x52AA, 0x528A, 0x52AA,
0x528A, 0x528A, 0x528A, 0x528A, 0x52CB, 0x5AEC, 0x52CB, 0x52AA, 0x528A, 0x528A, 0x528A, 0x528A,
0x528A, 0x528A, 0x528A, 0x52AB, 0x5ACB, 0x5ACB, 0x528B, 0x528B, 0x528A, 0x4229, 0x39E8, 0x2966,
0x2986, 0x10E4, 0x10C3, 0x08A3, 0x4229, 0x4A4A, 0x4A6A, 0x4A6A, 0x4A8A, 0x52AB, 0x52CB, 0x5ACC,
0x5AEC, 0x632D, 0x632D, 0x632D, 0x634D, 0x6B4E, 0x6B4E, 0x6B4E, 0x6B4E, 0x6B4E, 0x6B4E, 0x6B4E,
0x6B4E, 0x6B4E, 0x6B4E, 0x6B4E, 0x6B4D, 0x6B4E, 0x6B6E, 0x6B4E, 0x634E, 0x6B4E, 0x6B6E, 0x6B4E,
0x6B4E, 0x6B4E, 0x634D, 0x634D, 0x634D, 0x634D, 0x634D, 0x634D, 0x632D, 0x632D, 0x632D, 0x634D,
0x632D, 0x6B6E, 0x73AE, 0x7BCF, 0x7BF0, 0x7BF0, 0x73AF, 0x632C, 0x4A8A, 0x2986, 0x10C4, 0x10C4,
0x10C4, 0x10C4, 0x10C4, 0x10C4, 0x10C4, 0x10C4, 0x10C4, 0x10C4, 0x10C4, 0x10C4, 0x10C4, 0x10E4,
0x10E4, 0x10E4, 0x10E5, 0x10E4, 0x10E4, 0x10E4, 0x10E4, 0x10E4, 0x10E4, 0x10E4, 0x1905, 0x1905,
0x1905, 0x1905, 0x1905, 0x1925, 0x1925, 0x2146, 0x2146, 0x2966, 0x2966, 0x31C8, 0x31C8, 0x3A09,
0x4229, 0x424A, 0x4A6A, 0x528A, 0x528B, 0x52AB, 0x52AB, 0x5ACC, 0x5ACB, 0x52AB, 0x52AB, 0x52CB,
0x52AB, 0x4A8A, 0x4A6A, 0x4249, 0x4249, 0x4249, 0x4229, 0x3A08, 0x39E8, 0x31E8, 0x31E7, 0x31E7,
0x31C7, 0x31C7, 0x29A7, 0x29A7, 0x29A7, 0x2987, 0x2967, 0x2966, 0x2966, 0x2966, 0x2166, 0x2166,
0x2966, 0x2966, 0x2146, 0x2966, 0x2166, 0x2966, 0x2967, 0x2966, 0x2986, 0x2986, 0x2986, 0x2986,
0x2146, 0x2166, 0x2166, 0x2166, 0x2166, 0x2166, 0x2146, 0x2146, 0x2146, 0x2166, 0x2126, 0x2146,
0x2166, 0x2146, 0x2125, 0x1905, 0x1905, 0x1925, 0x2125, 0x1925, 0x1925, 0x1925, 0x1945, 0x1925,
0x1925, 0x1925, 0x1925, 0x1905, 0x1905, 0x1905, 0x1905, 0x1905, 0x1925, 0x1925, 0x1925, 0x1925,
0x2125, 0x2125, 0x2125, 0x2125, 0x2125, 0x2125, 0x2125, 0x2125, 0x2125, 0x2125, 0x2125, 0x2145,
0x2145, 0x2145, 0x2146, 0x2146, 0x2146, 0x2125, 0x2146, 0x2966, 0x2166, 0x2966, 0x2146, 0x2166,
0x2166, 0x2166, 0x2966, 0x2986, 0x2966, 0x2146, 0x4A6A, 0x528A, 0x634D, 0x73AE, 0x5AEB, 0x528A,
0x528B, 0x528B, 0x528B, 0x528B, 0x52AB, 0x5ACC, 0x630D, 0x6B4D, 0x6B4D, 0x6B4D, 0x6B4D, 0x6B4D,
0x738E, 0x632D, 0x39E8, 0x0883, 0x0862, 0x0862, 0x0842, 0x0883, 0x0883, 0x0062, 0x0062, 0x0062,
0x0062, 0x0042, 0x0042, 0x0022, 0x0021, 0x0021, 0x0021, 0x0021, 0x0021, 0x0021, 0x0021, 0x0021,
0x0021, 0x0021, 0x0021, 0x0021, 0x0021, 0x0041, 0x0883, 0x08A3, 0x2125, 0x2986, 0x2986, 0x1904,
0x0062, 0x0021, 0x0021, 0x0001, 0x0021, 0x0021, 0x0021, 0x0021, 0x0021, 0x0021, 0x0021, 0x0021,
0x0041, 0x0041, 0x0041, 0x0041, 0x0041, 0x0062, 0x0062, 0x0862, 0x10A3, 0x4A6A, 0x632C, 0x736E,
0x6B4D, 0x630C, 0x5ACB, 0x52CB, 0x52CB, 0x52AA, 0x52AA, 0x52AB, 0x52AA, 0x528A, 0x528A, 0x528A,
0x528A, 0x5ACB, 0x5AEB, 0x5ACB, 0x52AA, 0x528A, 0x528A, 0x528A, 0x528A, 0x528A, 0x528A, 0x5ACB,
0x5ACB, 0x5ACB, 0x528B, 0x52AB, 0x39E8, 0x2125, 0x2986, 0x2125, 0x10E4, 0x0883, 0x08A3, 0x0882,
0x4249, 0x4A6A, 0x4A6A, 0x4A8A, 0x4A8A, 0x52AB, 0x52CB, 0x52CC, 0x5B0C, 0x630D, 0x632C, 0x632D,
0x634D, 0x634D, 0x6B4D, 0x6B4E, 0x6B4E, 0x6B4E, 0x6B4E, 0x6B4E, 0x6B4E, 0x634D, 0x634D, 0x632D,
0x632D, 0x632D, 0x634D, 0x634D, 0x634D, 0x634E, 0x634E, 0x634D, 0x634D, 0x634D, 0x634D, 0x632D,
0x632D, 0x632D, 0x632D, 0x632D, 0x632D, 0x632D, 0x632D, 0x632D, 0x632D, 0x6B6E, 0x738E, 0x7BCF,
0x7BF0, 0x7BF0, 0x7BCF, 0x634D, 0x4A8A, 0x31C7, 0x10E4, 0x10E4, 0x10C4, 0x10C4, 0x10C4, 0x10C4,
0x10C4, 0x10C4, 0x10C4, 0x10C4, 0x10E4, 0x10E4, 0x10E4, 0x10E4, 0x10E4, 0x10E4, 0x10E4, 0x10E4,
0x10E4, 0x10E4, 0x10E4, 0x10E4, 0x10E4, 0x10E4, 0x1905, 0x1905, 0x1905, 0x1905, 0x1925, 0x1925,
0x2146, 0x2146, 0x2966, 0x2987, 0x31A7, 0x31C8, 0x3A09, 0x4229, 0x424A, 0x4A8A, 0x52AB, 0x52AB,
0x52AB, 0x52AB, 0x52AB, 0x52CB, 0x5ACC, 0x5AAC, 0x52AB, 0x52AB, 0x52AB, 0x4A8B, 0x4A8A, 0x4A6A,
0x4249, 0x4229, 0x4229, 0x3A08, 0x39E8, 0x31E8, 0x31E8, 0x31C8, 0x31C7, 0x31C7, 0x29A7, 0x31C8,
0x29A7, 0x2987, 0x2966, 0x2966, 0x2966, 0x2966, 0x2986, 0x2166, 0x2166, 0x2966, 0x2166, 0x2166,
0x2166, 0x2166, 0x2966, 0x2966, 0x2986, 0x2986, 0x2986, 0x2986, 0x2146, 0x2146, 0x2166, 0x2166,
0x2146, 0x2166, 0x2146, 0x1925, 0x2146, 0x2166, 0x2146, 0x2146, 0x2166, 0x2146, 0x2126, 0x1905,
0x1905, 0x18E4, 0x1905, 0x1925, 0x1925, 0x1905, 0x1925, 0x2145, 0x1925, 0x1925, 0x1925, 0x1905,
0x1905, 0x1905, 0x1925, 0x1905, 0x1925, 0x1925, 0x1925, 0x1925, 0x2125, 0x2125, 0x2125, 0x2125,
0x2125, 0x2125, 0x2125, 0x2125, 0x2125, 0x2125, 0x2125, 0x2145, 0x2145, 0x2145, 0x2146, 0x2146,
0x2146, 0x2146, 0x2125, 0x2166, 0x2166, 0x2966, 0x2946, 0x2166, 0x2166, 0x2166, 0x2966, 0x2966,
0x2986, 0x2966, 0x39C7, 0x528A, 0x5ACB, 0x738E, 0x630C, 0x528A, 0x528B, 0x4A8A, 0x528B, 0x528B,
0x52AB, 0x52AB, 0x5ACB, 0x5AEC, 0x6B4D, 0x6B4D, 0x6B4D, 0x5B0C, 0x3A08, 0x1904, 0x0883, 0x0883,
0x0862, 0x0883, 0x0883, 0x10C4, 0x08A3, 0x0063, 0x0042, 0x0062, 0x0062, 0x0042, 0x0022, 0x0021,
0x0021, 0x0021, 0x0021, 0x0021, 0x0021, 0x0021, 0x0021, 0x0021, 0x0021, 0x0021, 0x0021, 0x0021,
0x0021, 0x08A3, 0x1925, 0x2987, 0x2987, 0x2145, 0x0883, 0x0021, 0x0021, 0x0021, 0x0021, 0x0021,
0x0021, 0x0021, 0x0021, 0x0021, 0x0021, 0x0021, 0x0021, 0x0021, 0x0041, 0x0041, 0x0041, 0x0041,
0x0042, 0x0062, 0x0882, 0x0862, 0x31A7, 0x632D, 0x632D, 0x6B4D, 0x6B4D, 0x5AEC, 0x52AB, 0x52CB,
0x52CB, 0x52CB, 0x52CB, 0x5ACB, 0x5ACB, 0x5AAB, 0x52AA, 0x52AB, 0x528A, 0x528A, 0x5ACB, 0x5AEC,
0x5ACB, 0x52AA, 0x528A, 0x528A, 0x528A, 0x52AA, 0x52CB, 0x5ACB, 0x5ACB, 0x528B, 0x39C7, 0x3187,
0x18E4, 0x18C4, 0x10C4, 0x10C3, 0x08A3, 0x0062, 0x08A3, 0x0042, 0x4A6A, 0x4A8A, 0x4A8A, 0x4A8A,
0x52AB, 0x52AB, 0x52CB, 0x5AEC, 0x5AEC, 0x5B0C, 0x630C, 0x630C, 0x630C, 0x632D, 0x632D, 0x632D,
0x632D, 0x632D, 0x630D, 0x630D, 0x632D, 0x632D, 0x632D, 0x632D, 0x632D, 0x632D, 0x632D, 0x632D,
0x632D, 0x632D, 0x632D, 0x634D, 0x634D, 0x634D, 0x634D, 0x634D, 0x634D, 0x632D, 0x632D, 0x632D,
0x6B2D, 0x6B2D, 0x632D, 0x632D, 0x632D, 0x6B4E, 0x738E, 0x7BAF, 0x7BF0, 0x7BF0, 0x7BCF, 0x6B4D,
0x52CB, 0x39E8, 0x10E4, 0x10E4, 0x10C4, 0x10E4, 0x10E4, 0x10C4, 0x10C4, 0x10E4, 0x10E4, 0x10E4,
0x10E5, 0x10E5, 0x10E5, 0x10E5, 0x10E5, 0x10E4, 0x10E4, 0x10E4, 0x10E4, 0x10E4, 0x10E4, 0x1905,
0x1905, 0x1905, 0x1905, 0x1905, 0x1905, 0x1925, 0x2145, 0x2146, 0x2146, 0x2966, 0x2987, 0x31C8,
0x3A09, 0x4229, 0x424A, 0x4A6A, 0x4A6A, 0x52AB, 0x5ACC, 0x5ACC, 0x5AEC, 0x52AB, 0x52AB, 0x52CB,
0x52CB, 0x52AB, 0x52AB, 0x52CC, 0x52AB, 0x4A8B, 0x4A6A, 0x4249, 0x4229, 0x4229, 0x4229, 0x39E8,
0x3208, 0x31E8, 0x31C8, 0x31C8, 0x31C8, 0x31C8, 0x29A7, 0x31C7, 0x29A7, 0x29A7, 0x29A7, 0x2987,
0x2986, 0x2986, 0x2966, 0x2966, 0x2966, 0x2966, 0x2166, 0x2166, 0x2166, 0x2146, 0x2966, 0x2987,
0x29A7, 0x2987, 0x2987, 0x2987, 0x2146, 0x2146, 0x2146, 0x2167, 0x2146, 0x2967, 0x2966, 0x2146,
0x2146, 0x2146, 0x2146, 0x2146, 0x2146, 0x2146, 0x2146, 0x1925, 0x1905, 0x18E5, 0x18E5, 0x1905,
0x1925, 0x1905, 0x1905, 0x2125, 0x1925, 0x1925, 0x1925, 0x1905, 0x1925, 0x1905, 0x1905, 0x1905,
0x1905, 0x1925, 0x1925, 0x2126, 0x2125, 0x2125, 0x2125, 0x2125, 0x2125, 0x2125, 0x2125, 0x2125,
0x2125, 0x2125, 0x2125, 0x2146, 0x2146, 0x2146, 0x2125, 0x2125, 0x2146, 0x2166, 0x2145, 0x2146,
0x2146, 0x2146, 0x2966, 0x2966, 0x2166, 0x2166, 0x2166, 0x2146, 0x2166, 0x2966, 0x2986, 0x4A6A,
0x4A6A, 0x6B6D, 0x632C, 0x4A8A, 0x4A6A, 0x4249, 0x4A6A, 0x4A6A, 0x4A8A, 0x4A6A, 0x5ACB, 0x5ACB,
0x630C, 0x630C, 0x4A4A, 0x1905, 0x0862, 0x0883, 0x08A3, 0x08A3, 0x0883, 0x0863, 0x0883, 0x08A3,
0x08A3, 0x08A3, 0x0863, 0x0042, 0x0042, 0x0042, 0x0021, 0x0021, 0x0021, 0x0021, 0x0001, 0x0001,
0x0021, 0x0021, 0x0021, 0x0021, 0x0021, 0x0021, 0x0062, 0x08A3, 0x10C4, 0x2166, 0x29A7, 0x2987,
0x10A3, 0x0041, 0x0021, 0x0021, 0x0021, 0x0021, 0x0021, 0x0021, 0x0021, 0x0020, 0x0021, 0x0021,
0x0021, 0x0021, 0x0021, 0x0021, 0x0041, 0x0041, 0x0021, 0x0021, 0x0862, 0x08A3, 0x0882, 0x2145,
0x630C, 0x6B4D, 0x6B4D, 0x6B2D, 0x630C, 0x5ACB, 0x5ACB, 0x52CB, 0x52CB, 0x52CB, 0x5AEB, 0x5AEB,
0x5AEB, 0x5ACB, 0x5ACB, 0x5ACB, 0x52AA, 0x528A, 0x52AB, 0x5AEC, 0x5AEC, 0x5AEB, 0x52AB, 0x52AA,
0x5ACB, 0x5ACB, 0x52CB, 0x52CB, 0x3A08, 0x18E4, 0x0862, 0x10C4, 0x1083, 0x10A3, 0x0862, 0x0882,
0x0062, 0x0062, 0x08A3, 0x0042, 0x4A8A, 0x4A8A, 0x4A8B, 0x4A8B, 0x528B, 0x52AB, 0x52CB, 0x5ACC,
0x5AEC, 0x5AEC, 0x5AEC, 0x5AEC, 0x5B0C, 0x630C, 0x630C, 0x632D, 0x630D, 0x632D, 0x630D, 0x630D,
0x630D, 0x630D, 0x630D, 0x630C, 0x630C, 0x630C, 0x630D, 0x630D, 0x630D, 0x632D, 0x632D, 0x632D,
0x632D, 0x634D, 0x634D, 0x634D, 0x634D, 0x632D, 0x632D, 0x632D, 0x632D, 0x632D, 0x632D, 0x632D,
0x632D, 0x6B4E, 0x738E, 0x7BAF, 0x7BF0, 0x7BF0, 0x7BCF, 0x6B6E, 0x5B0C, 0x4229, 0x1925, 0x10E4,
0x10C4, 0x10E4, 0x10E4, 0x10C4, 0x10C4, 0x10E4, 0x10E4, 0x10C5, 0x10E5, 0x10E5, 0x10E5, 0x10E5,
0x10E5, 0x10E4, 0x10E4, 0x10E4, 0x1904, 0x1904, 0x1904, 0x1905, 0x1905, 0x1905, 0x1905, 0x1905,
0x1925, 0x2145, 0x2946, 0x2966, 0x2987, 0x31A7, 0x39E8, 0x3A09, 0x4249, 0x4A6A, 0x4A8B, 0x528B,
0x528B, 0x52AB, 0x5ACC, 0x5ACC, 0x5AEC, 0x52CC, 0x5AEC, 0x52CC, 0x52CC, 0x52AB, 0x52AB, 0x52AB,
0x52AB, 0x4A8A, 0x4A6A, 0x4249, 0x4229, 0x4229, 0x3A09, 0x39E8, 0x39E8, 0x31E8, 0x31C7, 0x31C8,
0x31C8, 0x31C8, 0x29A7, 0x29A7, 0x31A7, 0x29A7, 0x31A7, 0x2986, 0x2966, 0x2986, 0x2986, 0x2966,
0x2966, 0x2966, 0x2166, 0x2166, 0x2166, 0x2166, 0x2146, 0x2987, 0x2987, 0x2987, 0x2987, 0x2986,
0x2966, 0x2967, 0x2146, 0x2966, 0x2166, 0x2166, 0x2966, 0x2146, 0x2125, 0x2125, 0x2146, 0x2146,
0x2146, 0x2146, 0x2146, 0x1925, 0x1905, 0x18E5, 0x10E4, 0x1925, 0x1905, 0x1925, 0x1905, 0x1925,
0x1925, 0x1925, 0x1925, 0x1905, 0x1905, 0x1905, 0x1905, 0x1905, 0x1905, 0x1905, 0x1925, 0x2125,
0x2125, 0x2125, 0x2125, 0x2125, 0x2125, 0x2125, 0x2125, 0x2125, 0x2125, 0x2125, 0x2125, 0x2146,
0x2146, 0x2146, 0x2146, 0x2146, 0x2146, 0x2146, 0x2146, 0x2146, 0x2146, 0x2146, 0x2966, 0x2966,
0x2966, 0x2166, 0x2166, 0x2966, 0x2166, 0x2966, 0x3187, 0x4209, 0x4A6A, 0x632D, 0x6B4D, 0x528A,
0x4249, 0x4229, 0x4229, 0x4229, 0x4249, 0x4A4A, 0x4A49, 0x4A49, 0x3A08, 0x2966, 0x0862, 0x0883,
0x0883, 0x0883, 0x0883, 0x0883, 0x0863, 0x0863, 0x10A3, 0x08A3, 0x0883, 0x10A3, 0x0883, 0x0041,
0x0041, 0x0021, 0x0021, 0x0021, 0x0021, 0x0021, 0x0021, 0x0021, 0x0021, 0x0021, 0x0021, 0x0021,
0x0021, 0x0042, 0x0883, 0x2146, 0x2966, 0x29A7, 0x1905, 0x0062, 0x0021, 0x0021, 0x0021, 0x0021,
0x0021, 0x0021, 0x0021, 0x0021, 0x0021, 0x0021, 0x0021, 0x0021, 0x0021, 0x0021, 0x0021, 0x0021,
0x0041, 0x0041, 0x0041, 0x0062, 0x0883, 0x0882, 0x2945, 0x5AEC, 0x6B6E, 0x6B4D, 0x6B4D, 0x6B4D,
0x5AEB, 0x52CB, 0x5ACB, 0x52CB, 0x52CB, 0x52CB, 0x5AEB, 0x5AEB, 0x5ACB, 0x5ACB, 0x5ACB, 0x5ACB,
0x5ACB, 0x528A, 0x528A, 0x52AB, 0x5AEB, 0x5AEC, 0x5AEC, 0x5AEC, 0x5AEC, 0x52CB, 0x4A6A, 0x2104,
0x0842, 0x18E4, 0x0883, 0x0882, 0x0042, 0x0062, 0x0042, 0x0062, 0x0041, 0x0062, 0x0042, 0x0883,
0x4A8A, 0x4A8A, 0x4A8B, 0x4A8B, 0x52AB, 0x52AB, 0x52AB, 0x52CB, 0x5ACC, 0x5AEC, 0x5AEC, 0x5AEC,
0x5AEC, 0x5AEC, 0x630C, 0x630D, 0x5B0C, 0x630D, 0x630D, 0x630D, 0x630D, 0x630D, 0x630C, 0x630C,
0x630C, 0x630C, 0x630C, 0x630C, 0x630D, 0x632D, 0x632D, 0x632D, 0x632D, 0x632D, 0x634D, 0x634D,
0x632D, 0x632D, 0x632D, 0x632D, 0x632D, 0x632D, 0x632D, 0x632D, 0x632D, 0x6B4D, 0x738E, 0x7BAF,
0x7BEF, 0x83F0, 0x7BEF, 0x73AE, 0x632C, 0x4A6A, 0x2146, 0x10E4, 0x10E4, 0x10E4, 0x10E4, 0x10C4,
0x10E4, 0x10E4, 0x10E4, 0x10E4, 0x1905, 0x1905, 0x1905, 0x1905, 0x1905, 0x10E4, 0x10E4, 0x1904,
0x1905, 0x1905, 0x1905, 0x1905, 0x1925, 0x1925, 0x1925, 0x1926, 0x2146, 0x2166, 0x2987, 0x31A7,
0x31E8, 0x3A08, 0x4249, 0x4A4A, 0x4A8A, 0x4A8B, 0x52AB, 0x52AB, 0x52AB, 0x5ACC, 0x5ACC, 0x5AEC,
0x5ACC, 0x5AEC, 0x5AEC, 0x5AEC, 0x52CB, 0x52CB, 0x52AB, 0x4A8B, 0x4A8A, 0x4A8B, 0x4A6A, 0x4229,
0x4209, 0x3A09, 0x3A08, 0x39E8, 0x39E8, 0x39E8, 0x31E8, 0x31C8, 0x31C8, 0x31C7, 0x31A7, 0x31A7,
0x31A7, 0x31A7, 0x31A7, 0x3187, 0x31A7, 0x2966, 0x2986, 0x2986, 0x2966, 0x2966, 0x2146, 0x2166,
0x2146, 0x2166, 0x2166, 0x2987, 0x2967, 0x2987, 0x2987, 0x2967, 0x2987, 0x2987, 0x2166, 0x2966,
0x2966, 0x2146, 0x2966, 0x2146, 0x2125, 0x2125, 0x1925, 0x2145, 0x2146, 0x2146, 0x2146, 0x1925,
0x1905, 0x1905, 0x18E4, 0x1905, 0x1905, 0x1905, 0x1925, 0x1925, 0x1905, 0x1925, 0x1925, 0x1925,
0x1905, 0x1905, 0x1905, 0x1905, 0x1905, 0x1905, 0x1905, 0x2125, 0x2125, 0x2125, 0x2125, 0x2125,
0x2125, 0x2125, 0x1925, 0x1925, 0x2125, 0x2125, 0x2125, 0x2125, 0x2125, 0x2125, 0x2145, 0x2145,
0x2125, 0x2146, 0x2146, 0x2146, 0x2146, 0x2146, 0x2146, 0x2146, 0x2146, 0x2146, 0x2166, 0x2966,
0x2166, 0x2166, 0x31A7, 0x31A7, 0x4249, 0x5AEC, 0x6B4D, 0x52AA, 0x4249, 0x4229, 0x4229, 0x4229,
0x4229, 0x39E8, 0x3187, 0x1904, 0x10C3, 0x0062, 0x0021, 0x0042, 0x0882, 0x08A3, 0x0883, 0x08A3,
0x0883, 0x08A3, 0x10A3, 0x0883, 0x10A3, 0x0883, 0x0042, 0x0021, 0x0021, 0x0021, 0x0021, 0x0021,
0x0021, 0x0021, 0x0021, 0x0021, 0x0021, 0x0021, 0x0021, 0x0042, 0x0062, 0x10C3, 0x2987, 0x31C8,
0x2966, 0x10C4, 0x0021, 0x0021, 0x0021, 0x0021, 0x0021, 0x0021, 0x0021, 0x0021, 0x0021, 0x0021,
0x0021, 0x0021, 0x0021, 0x0021, 0x0021, 0x0021, 0x0021, 0x0021, 0x0021, 0x0041, 0x0882, 0x10A3,
0x10A3, 0x2966, 0x5ACB, 0x6B4D, 0x6B6E, 0x6B4D, 0x6B4D, 0x5AEB, 0x52AB, 0x52CB, 0x5ACB, 0x52CB,
0x52CB, 0x5ACB, 0x5AEB, 0x5ACB, 0x52CB, 0x52AB, 0x52AB, 0x5ACB, 0x5AEB, 0x5ACB, 0x52AA, 0x52AA,
0x52AB, 0x52AB, 0x5AEB, 0x5AEB, 0x52AA, 0x2966, 0x0862, 0x0021, 0x0842, 0x18E4, 0x0883, 0x0062,
0x0062, 0x0042, 0x0021, 0x0041, 0x0021, 0x0042, 0x0042, 0x0042, 0x4A8A, 0x4A8A, 0x528B, 0x52AB,
0x52AB, 0x52AB, 0x52AB, 0x52CC, 0x5ACC, 0x5AEC, 0x5AEC, 0x5AEC, 0x5AEC, 0x5AEC, 0x5B0C, 0x5B0C,
0x5B0C, 0x5B0C, 0x5B0C, 0x5B0C, 0x630D, 0x630D, 0x630C, 0x630C, 0x630C, 0x630C, 0x630C, 0x630C,
0x630C, 0x632D, 0x632D, 0x632D, 0x632D, 0x634D, 0x634D, 0x634D, 0x632D, 0x632D, 0x632D, 0x632D,
0x632D, 0x632D, 0x632D, 0x632D, 0x632D, 0x6B4D, 0x736E, 0x738F, 0x7BCF, 0x83EF, 0x7BEF, 0x73CF,
0x6B4D, 0x4A8A, 0x2166, 0x10E4, 0x10E4, 0x10E4, 0x10E4, 0x10C4, 0x10E5, 0x10E4, 0x10E4, 0x10E4,
0x1905, 0x1905, 0x1905, 0x1905, 0x1905, 0x1905, 0x1904, 0x1904, 0x1905, 0x1925, 0x1925, 0x1925,
0x1925, 0x2146, 0x2146, 0x2146, 0x2986, 0x31A7, 0x31C7, 0x31E8, 0x3A29, 0x424A, 0x4A8A, 0x4A8A,
0x52AB, 0x52AB, 0x52CB, 0x52CB, 0x52AB, 0x52CB, 0x5AEC, 0x5AEC, 0x5AEC, 0x52CB, 0x52CB, 0x5ACC,
0x52AB, 0x52CB, 0x4AAB, 0x4A8B, 0x4A8A, 0x4A6A, 0x4A4A, 0x4249, 0x3A09, 0x3A08, 0x39E8, 0x39E8,
0x39E8, 0x39E8, 0x31E8, 0x31C8, 0x31E8, 0x31A7, 0x31C7, 0x31C8, 0x29A7, 0x31C7, 0x31A7, 0x31A7,
0x31A7, 0x3187, 0x2986, 0x2986, 0x2966, 0x2966, 0x2166, 0x2166, 0x2966, 0x2166, 0x2166, 0x2967,
0x2967, 0x2967, 0x2987, 0x2987, 0x2987, 0x2987, 0x2987, 0x2967, 0x2166, 0x2146, 0x2146, 0x2166,
0x2125, 0x1925, 0x1905, 0x2146, 0x2146, 0x2146, 0x2146, 0x1925, 0x1905, 0x1905, 0x1905, 0x1905,
0x1905, 0x1905, 0x1905, 0x1925, 0x1905, 0x1905, 0x1905, 0x1905, 0x1905, 0x1905, 0x1905, 0x1905,
0x1905, 0x1925, 0x1925, 0x1925, 0x2125, 0x2125, 0x2125, 0x2125, 0x2125, 0x2125, 0x1925, 0x1925,
0x2125, 0x2125, 0x2125, 0x1925, 0x1925, 0x1925, 0x2125, 0x2125, 0x2125, 0x2146, 0x2145, 0x2146,
0x2146, 0x2146, 0x2146, 0x2146, 0x2146, 0x2146, 0x2146, 0x2166, 0x2166, 0x2166, 0x2966, 0x2165,
0x3A09, 0x52AB, 0x6B4D, 0x52AB, 0x4249, 0x4209, 0x3A09, 0x39C8, 0x31C8, 0x2987, 0x10E4, 0x0021,
0x0062, 0x0021, 0x0041, 0x0041, 0x0862, 0x10A3, 0x08A3, 0x08A3, 0x10C3, 0x08A3, 0x10A3, 0x0862,
0x0042, 0x0883, 0x0042, 0x0021, 0x0021, 0x0021, 0x0021, 0x0001, 0x0021, 0x0021, 0x0021, 0x0041,
0x0041, 0x0041, 0x0041, 0x0862, 0x1925, 0x31C8, 0x31C7, 0x18E4, 0x0042, 0x0021, 0x0021, 0x0021,
0x0021, 0x0021, 0x0021, 0x0021, 0x0021, 0x0021, 0x0021, 0x0021, 0x0021, 0x0021, 0x0021, 0x0021,
0x0021, 0x0021, 0x0021, 0x0041, 0x0062, 0x0883, 0x10C3, 0x18E3, 0x31A6, 0x5AEC, 0x6B6D, 0x6B6E,
0x6B6D, 0x6B6D, 0x630C, 0x52AB, 0x52CB, 0x52CB, 0x5ACB, 0x52CB, 0x5ACB, 0x5AEB, 0x5AEB, 0x5ACB,
0x52CB, 0x52AA, 0x528A, 0x52AB, 0x5AEB, 0x5AEB, 0x5AAB, 0x52AA, 0x52AA, 0x528A, 0x52CB, 0x3A08,
0x0862, 0x0021, 0x0021, 0x0021, 0x0042, 0x10C4, 0x0883, 0x0021, 0x0041, 0x0021, 0x0021, 0x0021,
0x0021, 0x0021, 0x0062, 0x0021, 0x4A8A, 0x4A8B, 0x52AB, 0x52AB, 0x52AB, 0x52AB, 0x52AB, 0x52CC,
0x5ACC, 0x5AEC, 0x5AEC, 0x5AEC, 0x5AEC, 0x5AEC, 0x5AEC, 0x5AEC, 0x5AEC, 0x5AEC, 0x5B0C, 0x5B0C,
0x630C, 0x632C, 0x630C, 0x630C, 0x630C, 0x630C, 0x630C, 0x630C, 0x630C, 0x632D, 0x632D, 0x632D,
0x632D, 0x634D, 0x634D, 0x634D, 0x632D, 0x632D, 0x632D, 0x632D, 0x632D, 0x632D, 0x632D, 0x632D,
0x632D, 0x6B4D, 0x6B6E, 0x738E, 0x7BCF, 0x7BEF, 0x7BEF, 0x7BCF, 0x6B4D, 0x4A8A, 0x31C8, 0x1905,
0x10E4, 0x10E4, 0x10E4, 0x10C4, 0x10E5, 0x10E4, 0x10E4, 0x10E4, 0x1905, 0x1905, 0x1905, 0x1905,
0x1905, 0x1905, 0x1905, 0x1905, 0x1905, 0x1925, 0x2145, 0x1925, 0x2146, 0x2146, 0x2166, 0x2166,
0x2987, 0x31E8, 0x3A08, 0x4229, 0x4A8A, 0x52AB, 0x52AB, 0x52AB, 0x52AB, 0x52CB, 0x52CB, 0x52CB,
0x52CB, 0x52CB, 0x5ACC, 0x5AEC, 0x5AEC, 0x5AEC, 0x52AB, 0x52AB, 0x528B, 0x4A8B, 0x4A8A, 0x4A8A,
0x4A8A, 0x4A6A, 0x4249, 0x4229, 0x39E8, 0x39E8, 0x39E8, 0x39E8, 0x39E8, 0x39E8, 0x31E8, 0x31E8,
0x31C7, 0x31C7, 0x31E8, 0x31C7, 0x31A7, 0x31C7, 0x31A7, 0x3187, 0x31A7, 0x31A7, 0x29A7, 0x2986,
0x2986, 0x2966, 0x2966, 0x2146, 0x2966, 0x2166, 0x2166, 0x2166, 0x2967, 0x2987, 0x2987, 0x2987,
0x2966, 0x2987, 0x2987, 0x2966, 0x2986, 0x2146, 0x2146, 0x2146, 0x2125, 0x1925, 0x1905, 0x2125,
0x2146, 0x2146, 0x2146, 0x1925, 0x1905, 0x18E4, 0x18E4, 0x18E4, 0x1905, 0x1905, 0x1905, 0x1905,
0x1905, 0x1905, 0x1905, 0x1905, 0x1905, 0x1905, 0x1905, 0x1905, 0x1905, 0x1905, 0x1905, 0x1925,
0x2125, 0x2125, 0x2125, 0x2125, 0x2125, 0x2125, 0x1925, 0x1925, 0x2125, 0x2125, 0x2125, 0x1925,
0x1925, 0x1925, 0x2125, 0x2125, 0x2125, 0x2146, 0x2146, 0x2146, 0x2146, 0x2146, 0x2146, 0x2146,
0x2146, 0x2145, 0x2146, 0x2166, 0x2166, 0x2166, 0x2166, 0x2145, 0x3187, 0x4A8A, 0x632C, 0x5AEB,
0x4229, 0x3A08, 0x39C8, 0x31A7, 0x2966, 0x2126, 0x0883, 0x0883, 0x0062, 0x0041, 0x0021, 0x0042,
0x0042, 0x08A3, 0x08A3, 0x08A3, 0x10E4, 0x0883, 0x0062, 0x0042, 0x0021, 0x0042, 0x08A3, 0x0042,
0x0021, 0x0021, 0x0021, 0x0021, 0x0021, 0x0021, 0x0041, 0x0041, 0x0042, 0x0883, 0x10C4, 0x2986,
0x31A7, 0x2166, 0x10A3, 0x0021, 0x0021, 0x0021, 0x0021, 0x0021, 0x0021, 0x0021, 0x0021, 0x0021,
0x0021, 0x0021, 0x0021, 0x0021, 0x0021, 0x0021, 0x0021, 0x0021, 0x0021, 0x0021, 0x0042, 0x0862,
0x10C4, 0x10A3, 0x18C4, 0x528A, 0x5B0C, 0x6B6E, 0x736E, 0x736E, 0x6B4D, 0x630C, 0x52AB, 0x52AB,
0x52CB, 0x52CB, 0x5ACB, 0x52CB, 0x5AEB, 0x5ACB, 0x5ACB, 0x5ACB, 0x52CB, 0x52AB, 0x52AB, 0x52AA,
0x52AB, 0x5AEB, 0x5AEB, 0x52AA, 0x4A8A, 0x3A08, 0x1904, 0x0021, 0x0021, 0x0021, 0x0000, 0x0021,
0x0022, 0x10C3, 0x10C3, 0x0041, 0x0021, 0x0021, 0x0021, 0x0021, 0x0041, 0x0021, 0x0021, 0x0021,
0x4A8B, 0x52AB, 0x52AC, 0x52CB, 0x52CB, 0x52AB, 0x52AB, 0x52CB, 0x5ACC, 0x5ACC, 0x5ACC, 0x5ACC,
0x5AEC, 0x5AEC, 0x5AEC, 0x5AEC, 0x5AEC, 0x5AEC, 0x5B0C, 0x5B0C, 0x5B0C, 0x5B0D, 0x5B0D, 0x5B0D,
0x5B0D, 0x630D, 0x630D, 0x630D, 0x630D, 0x632D, 0x632D, 0x632D, 0x632D, 0x632D, 0x632D, 0x632D,
0x632D, 0x632D, 0x632D, 0x634D, 0x634D, 0x634D, 0x634D, 0x632D, 0x634D, 0x634D, 0x6B6D, 0x738E,
0x7BAF, 0x7BCF, 0x7BCF, 0x7BCF, 0x738D, 0x5AEC, 0x3A08, 0x1925, 0x10E5, 0x10E4, 0x18E5, 0x18E5,
0x18E5, 0x10E5, 0x1905, 0x1905, 0x1905, 0x1905, 0x1905, 0x1905, 0x1905, 0x1925, 0x1905, 0x1905,
0x1925, 0x1925, 0x2145, 0x2146, 0x2146, 0x2166, 0x2987, 0x29A7, 0x39E8, 0x4229, 0x4A6A, 0x4A8B,
0x52AB, 0x52CB, 0x5ACC, 0x5ACC, 0x5ACC, 0x5AEC, 0x5AEC, 0x5ACC, 0x5ACC, 0x5ACC, 0x5ACC, 0x5ACC,
0x52CC, 0x52CB, 0x4A8A, 0x52AB, 0x52AB, 0x4AAA, 0x4A8A, 0x4A8A, 0x4A6A, 0x4A6A, 0x4249, 0x4229,
0x3A29, 0x3A09, 0x39E8, 0x39E8, 0x39E8, 0x39E8, 0x39E8, 0x31E8, 0x31E8, 0x31C8, 0x31E8, 0x31C8,
0x31C7, 0x31C7, 0x31A7, 0x31A7, 0x31A7, 0x29A7, 0x2986, 0x2987, 0x2987, 0x2966, 0x2987, 0x2987,
0x2166, 0x2966, 0x2166, 0x2166, 0x2166, 0x2987, 0x2166, 0x2166, 0x2146, 0x2166, 0x2987, 0x2987,
0x2966, 0x2986, 0x2125, 0x2126, 0x2126, 0x1905, 0x1925, 0x2126, 0x2146, 0x2146, 0x1925, 0x18E4,
0x18E4, 0x10E4, 0x10E4, 0x10E4, 0x1905, 0x1905, 0x1905, 0x1905, 0x1905, 0x1925, 0x1905, 0x1905,
0x1905, 0x1905, 0x1905, 0x1925, 0x1925, 0x1905, 0x1905, 0x2125, 0x2125, 0x1925, 0x1925, 0x2125,
0x2125, 0x2125, 0x2125, 0x2125, 0x2125, 0x2125, 0x2125, 0x1925, 0x1925, 0x1925, 0x2125, 0x2125,
0x2125, 0x2125, 0x2145, 0x2125, 0x2145, 0x2145, 0x2145, 0x2145, 0x2145, 0x2146, 0x2146, 0x2146,
0x2146, 0x2146, 0x2146, 0x2146, 0x2125, 0x4229, 0x5ACB, 0x52CB, 0x3A08, 0x31C7, 0x2966, 0x2146,
0x1905, 0x10C4, 0x0001, 0x0042, 0x0022, 0x0022, 0x0042, 0x0042, 0x0062, 0x0882, 0x08A3, 0x10C3,
0x10C4, 0x0883, 0x0022, 0x0021, 0x0021, 0x0021, 0x0042, 0x0883, 0x0042, 0x0021, 0x0042, 0x0021,
0x0022, 0x0041, 0x0042, 0x0062, 0x08A3, 0x1905, 0x39E8, 0x52CC, 0x630C, 0x4229, 0x1904, 0x0862,
0x0021, 0x0000, 0x0020, 0x0001, 0x0000, 0x0001, 0x0021, 0x0021, 0x0021, 0x0021, 0x0021, 0x0021,
0x0001, 0x0021, 0x0022, 0x0042, 0x0042, 0x0883, 0x0883, 0x1083, 0x18E4, 0x39C7, 0x5ACB, 0x6B6D,
0x6B6D, 0x73AE, 0x738E, 0x6B4D, 0x630C, 0x52AA, 0x528A, 0x528B, 0x52AB, 0x52AB, 0x52CB, 0x5ACB,
0x5ACB, 0x5ACB, 0x5ACB, 0x5ACB, 0x5ACB, 0x5ACC, 0x5AEC, 0x5ACB, 0x52CB, 0x52CB, 0x52CB, 0x4A6A,
0x2166, 0x18E4, 0x0042, 0x0021, 0x0021, 0x0021, 0x0021, 0x0021, 0x0021, 0x0883, 0x10C4, 0x0062,
0x0021, 0x0021, 0x0001, 0x0021, 0x0021, 0x0021, 0x0021, 0x0021, 0x4A8B, 0x52AB, 0x52AC, 0x52CB,
0x52CB, 0x52CB, 0x52CB, 0x52CB, 0x52CB, 0x52CC, 0x5ACC, 0x5ACC, 0x5AEC, 0x5AEC, 0x5AEC, 0x5AEC,
0x5AEC, 0x5AEC, 0x5AEC, 0x5B0C, 0x5B0C, 0x5AEC, 0x5AEC, 0x5B0D, 0x5B0D, 0x630D, 0x630D, 0x630D,
0x630D, 0x632D, 0x632D, 0x632D, 0x634D, 0x634D, 0x632D, 0x632D, 0x632D, 0x632D, 0x632D, 0x634D,
0x634D, 0x634D, 0x6B2D, 0x6B2D, 0x634D, 0x634D, 0x6B4D, 0x6B6E, 0x738E, 0x7BCF, 0x7BCF, 0x7BCF,
0x73AE, 0x5B0C, 0x4229, 0x2146, 0x18E5, 0x18E5, 0x10E5, 0x18E5, 0x1905, 0x1905, 0x1905, 0x1904,
0x1905, 0x1905, 0x1905, 0x1905, 0x1905, 0x1925, 0x1925, 0x1925, 0x2125, 0x2146, 0x2146, 0x2966,
0x2987, 0x2987, 0x2987, 0x31C8, 0x3A09, 0x4A6A, 0x52AB, 0x52CB, 0x5ACC, 0x5AEC, 0x5AEC, 0x5ACC,
0x5AEC, 0x5AEC, 0x5AEC, 0x5AEC, 0x5ACC, 0x5ACC, 0x5AEC, 0x5AEC, 0x5AEC, 0x52CB, 0x4A8A, 0x4A8A,
0x52AB, 0x52AB, 0x4A8A, 0x4A6A, 0x4A6A, 0x4A6A, 0x424A, 0x424A, 0x4229, 0x3A09, 0x3A09, 0x39E8,
0x39E8, 0x39E8, 0x39E8, 0x31E8, 0x31C8, 0x31C8, 0x31C8, 0x31C8, 0x31C8, 0x31C8, 0x31A7, 0x31A8,
0x31A7, 0x29A7, 0x2987, 0x2987, 0x2987, 0x2987, 0x2967, 0x2987, 0x2967, 0x2966, 0x2166, 0x2166,
0x2146, 0x2166, 0x2166, 0x2146, 0x2146, 0x2966, 0x2987, 0x2966, 0x2166, 0x2987, 0x2146, 0x2126,
0x2126, 0x1905, 0x1925, 0x2146, 0x2146, 0x2146, 0x1905, 0x18E4, 0x1905, 0x10E4, 0x10E4, 0x10E4,
0x1905, 0x1905, 0x1905, 0x1905, 0x1905, 0x1905, 0x1905, 0x1905, 0x1905, 0x1905, 0x1905, 0x1925,
0x1925, 0x1925, 0x1905, 0x1905, 0x2125, 0x1925, 0x1925, 0x2125, 0x2125, 0x2125, 0x2125, 0x2125,
0x2125, 0x2125, 0x2125, 0x1925, 0x1925, 0x1925, 0x2125, 0x2125, 0x2125, 0x2125, 0x2145, 0x2125,
0x2125, 0x2145, 0x2145, 0x2145, 0x2145, 0x2146, 0x2146, 0x2146, 0x2146, 0x2146, 0x2146, 0x2166,
0x2125, 0x39E8, 0x52AA, 0x52CB, 0x3A08, 0x2966, 0x2145, 0x1925, 0x10C4, 0x0883, 0x0022, 0x0021,
0x0042, 0x0022, 0x0042, 0x0062, 0x0042, 0x0062, 0x08A3, 0x0883, 0x0042, 0x0022, 0x0021, 0x0021,
0x0021, 0x0021, 0x0001, 0x0062, 0x0883, 0x0062, 0x0042, 0x0042, 0x0062, 0x0041, 0x08A3, 0x1925,
0x29A7, 0x5AEC, 0x5B0C, 0x5ACB, 0x6B4D, 0x7BAF, 0x6B6D, 0x52AA, 0x4A49, 0x2966, 0x10A2, 0x0000,
0x0000, 0x0000, 0x0001, 0x0001, 0x0021, 0x0001, 0x0001, 0x0021, 0x0021, 0x0021, 0x0042, 0x0022,
0x0021, 0x0883, 0x2946, 0x4229, 0x5ACB, 0x6B4D, 0x738D, 0x73AE, 0x738E, 0x738E, 0x632D, 0x630C,
0x52AA, 0x52AA, 0x52AA, 0x52AB, 0x528B, 0x52AB, 0x52CB, 0x5ACB, 0x5ACB, 0x5ACB, 0x5ACB, 0x5ACB,
0x5AAB, 0x528A, 0x52AB, 0x5ACB, 0x5ACB, 0x528A, 0x4229, 0x2987, 0x1905, 0x10E4, 0x10A3, 0x0883,
0x0042, 0x0021, 0x0021, 0x0021, 0x0021, 0x0042, 0x0882, 0x0042, 0x0022, 0x0021, 0x0021, 0x0021,
0x0041, 0x0021, 0x0021, 0x0000, 0x4A8B, 0x52AB, 0x52AC, 0x52CC, 0x52CB, 0x52CB, 0x52CB, 0x52CB,
0x52CB, 0x52CC, 0x5ACC, 0x5ACC, 0x5ACC, 0x5AEC, 0x5AEC, 0x5AEC, 0x5AEC, 0x5AEC, 0x5AEC, 0x5AEC,
0x5B0C, 0x5B0C, 0x5B0C, 0x5B0D, 0x5B0D, 0x630D, 0x630D, 0x630D, 0x630D, 0x632D, 0x632D, 0x632D,
0x632D, 0x632D, 0x632D, 0x632D, 0x632D, 0x632D, 0x632D, 0x634D, 0x634D, 0x634D, 0x634D, 0x632D,
0x634D, 0x634D, 0x6B4D, 0x6B4D, 0x738E, 0x73AF, 0x7BCF, 0x7BCF, 0x73AE, 0x5B0C, 0x4A4A, 0x2987,
0x10E4, 0x1905, 0x10E4, 0x18E5, 0x1905, 0x1905, 0x1905, 0x1905, 0x1905, 0x1905, 0x1905, 0x1905,
0x1905, 0x1925, 0x2125, 0x2125, 0x2146, 0x2146, 0x2166, 0x2987, 0x3187, 0x31A7, 0x39E8, 0x424A,
0x4A6A, 0x528B, 0x5ACC, 0x5AEC, 0x5AEC, 0x5AEC, 0x5AEC, 0x5AEC, 0x5AEC, 0x5AEC, 0x5AEC, 0x5AEC,
0x5ACC, 0x5ACC, 0x5AEC, 0x5AEC, 0x5AEC, 0x52CB, 0x52AB, 0x4AAA, 0x4A8A, 0x4AAA, 0x4A6A, 0x4A6A,
0x4A6A, 0x424A, 0x424A, 0x4249, 0x3A29, 0x3A09, 0x3A09, 0x31E8, 0x31E8, 0x39E8, 0x39E8, 0x31E8,
0x31E8, 0x31C8, 0x31E8, 0x31C7, 0x31C7, 0x31C8, 0x31A8, 0x31A7, 0x31A7, 0x29A7, 0x29A7, 0x29A7,
0x2987, 0x2987, 0x2967, 0x2166, 0x2967, 0x2967, 0x2146, 0x2166, 0x2166, 0x2166, 0x1925, 0x2146,
0x2166, 0x2966, 0x2966, 0x2986, 0x2146, 0x2966, 0x2146, 0x2146, 0x2126, 0x1905, 0x1925, 0x2146,
0x2146, 0x2146, 0x1925, 0x18E4, 0x18E4, 0x10E4, 0x10E4, 0x10E4, 0x18E4, 0x10E4, 0x18E5, 0x1905,
0x1905, 0x1905, 0x1905, 0x1905, 0x1905, 0x1905, 0x1905, 0x1925, 0x1925, 0x1925, 0x1905, 0x1905,
0x1925, 0x2125, 0x1925, 0x2125, 0x2125, 0x2125, 0x2125, 0x2125, 0x2125, 0x2125, 0x2125, 0x1925,
0x1925, 0x1925, 0x2125, 0x2125, 0x2125, 0x2125, 0x2145, 0x2125, 0x2125, 0x2145, 0x2145, 0x2145,
0x2145, 0x2146, 0x2146, 0x2146, 0x2146, 0x2146, 0x2145, 0x2146, 0x2966, 0x31A7, 0x4A49, 0x528A,
0x4208, 0x2145, 0x18E4, 0x1905, 0x08A3, 0x0062, 0x0021, 0x0021, 0x0042, 0x0022, 0x0021, 0x0042,
0x0062, 0x0041, 0x0062, 0x0041, 0x0021, 0x0021, 0x0001, 0x0021, 0x0021, 0x0021, 0x0021, 0x0022,
0x0042, 0x0042, 0x0862, 0x0062, 0x08A3, 0x10C3, 0x2145, 0x4249, 0x6B6E, 0x7BF0, 0x7BEF, 0x73AF,
0x5AEC, 0x528B, 0x6B6E, 0x6B6E, 0x6B6D, 0x632C, 0x632C, 0x52AB, 0x31A7, 0x2945, 0x18C3, 0x1083,
0x0882, 0x0862, 0x0862, 0x0862, 0x0862, 0x10A3, 0x1904, 0x31A7, 0x4229, 0x5ACC, 0x5AEC, 0x5AEC,
0x6B4D, 0x6B2C, 0x736D, 0x73AE, 0x6B8D, 0x6B4D, 0x5AEC, 0x528A, 0x528A, 0x52AA, 0x52AA, 0x528B,
0x528B, 0x52AA, 0x52AB, 0x52CB, 0x5ACB, 0x5ACB, 0x5ACB, 0x52AB, 0x528A, 0x528A, 0x4A8A, 0x4A6A,
0x4A6A, 0x39E8, 0x39C7, 0x2986, 0x2986, 0x1905, 0x18E4, 0x10A3, 0x0062, 0x0021, 0x0021, 0x0021,
0x0021, 0x0021, 0x0883, 0x0862, 0x0022, 0x0021, 0x0021, 0x0021, 0x0041, 0x0021, 0x0021, 0x0021,
0x528B, 0x52AB, 0x52AB, 0x52AB, 0x52AB, 0x52AB, 0x52CB, 0x52CB, 0x52CB, 0x52CB, 0x52CB, 0x52CB,
0x52CB, 0x52CB, 0x52CB, 0x5ACC, 0x5ACC, 0x5ACC, 0x5AEC, 0x5B0C, 0x5B0C, 0x5B0C, 0x5B0C, 0x5B0C,
0x5B0C, 0x5AEC, 0x630D, 0x630D, 0x630D, 0x632D, 0x632D, 0x632D, 0x632D, 0x630C, 0x630D, 0x630D,
0x630D, 0x632D, 0x632D, 0x634D, 0x634D, 0x634D, 0x634D, 0x634D, 0x634D, 0x634D, 0x634D, 0x6B4D,
0x738E, 0x73AE, 0x7BCF, 0x7BCF, 0x73AE, 0x632D, 0x4A6B, 0x31C8, 0x10E5, 0x1905, 0x1905, 0x1905,
0x1905, 0x1905, 0x1905, 0x1905, 0x1925, 0x1925, 0x1925, 0x1925, 0x1925, 0x2145, 0x2146, 0x2146,
0x2966, 0x2987, 0x2987, 0x39C8, 0x39E8, 0x4229, 0x4A6A, 0x52AB, 0x52AB, 0x52CC, 0x52CC, 0x5AEC,
0x5AEC, 0x5AEC, 0x5AEC, 0x5AEC, 0x5AEC, 0x5AEC, 0x5AEC, 0x5AEC, 0x5ACC, 0x5ACC, 0x5ACC, 0x5AEC,
0x5AEC, 0x52CB, 0x52AB, 0x52AB, 0x52AB, 0x4A8A, 0x4A8A, 0x4A6A, 0x4A6A, 0x4A6A, 0x4A6A, 0x424A,
0x4249, 0x3A08, 0x3A08, 0x39E8, 0x39E8, 0x39E8, 0x39E8, 0x31E8, 0x31E8, 0x31C8, 0x31E8, 0x31E8,
0x31C7, 0x31C8, 0x29A8, 0x31A8, 0x31A7, 0x31A7, 0x2987, 0x2987, 0x29A7, 0x2986, 0x2166, 0x2967,
0x2166, 0x2146, 0x2966, 0x2146, 0x2166, 0x2166, 0x2166, 0x2146, 0x2146, 0x2166, 0x2166, 0x2166,
0x2166, 0x2146, 0x2146, 0x2146, 0x1925, 0x1905, 0x1905, 0x1925, 0x1925, 0x1925, 0x1905, 0x1905,
0x18E4, 0x18E4, 0x10E4, 0x10E4, 0x18E4, 0x10E4, 0x18E4, 0x18E5, 0x18E5, 0x1905, 0x1905, 0x1905,
0x1905, 0x1905, 0x1905, 0x1905, 0x1925, 0x1905, 0x1905, 0x1905, 0x2125, 0x2125, 0x2125, 0x2125,
0x2125, 0x2125, 0x2125, 0x2125, 0x2125, 0x1925, 0x1905, 0x2125, 0x2125, 0x2145, 0x1925, 0x1925,
0x1925, 0x2145, 0x1925, 0x2105, 0x2105, 0x1925, 0x2145, 0x2145, 0x2145, 0x2125, 0x2146, 0x2146,
0x2146, 0x2146, 0x2146, 0x2146, 0x2946, 0x2986, 0x4249, 0x528A, 0x4208, 0x1904, 0x18E4, 0x10C4,
0x08A3, 0x0042, 0x0001, 0x0021, 0x0042, 0x0042, 0x0042, 0x0041, 0x0041, 0x0041, 0x0041, 0x0042,
0x0021, 0x0021, 0x0021, 0x0021, 0x0021, 0x0021, 0x0022, 0x0021, 0x0062, 0x0062, 0x10A3, 0x1905,
0x18E4, 0x31C7, 0x5B0C, 0x7BF0, 0x8410, 0x8410, 0x8410, 0x83F0, 0x7BF0, 0x73CF, 0x6B6D, 0x6B4D,
0x6B4D, 0x632C, 0x632C, 0x738E, 0x738E, 0x738E, 0x6B4D, 0x630C, 0x52CB, 0x52AA, 0x528A, 0x528A,
0x52AB, 0x52CB, 0x5ACB, 0x630C, 0x630C, 0x630C, 0x630C, 0x630C, 0x630C, 0x632C, 0x632C, 0x630C,
0x5AEB, 0x5ACB, 0x528A, 0x528A, 0x528A, 0x528A, 0x528A, 0x528A, 0x528A, 0x528A, 0x52AA, 0x52AB,
0x52AB, 0x52AA, 0x52AB, 0x5ACB, 0x52AA, 0x528A, 0x528A, 0x4A6A, 0x4249, 0x4208, 0x3A08, 0x31C8,
0x31A7, 0x2166, 0x1925, 0x10C3, 0x08A3, 0x0041, 0x0021, 0x0021, 0x0021, 0x0021, 0x0041, 0x0042,
0x0042, 0x0021, 0x0041, 0x0041, 0x0021, 0x0021, 0x0021, 0x0021, 0x528A, 0x528B, 0x528B, 0x52AB,
0x52AC, 0x52CC, 0x52CB, 0x52CB, 0x52CB, 0x52CB, 0x52CB, 0x52CB, 0x52CB, 0x52CB, 0x52CB, 0x52CC,
0x52CC, 0x52CC, 0x5AEC, 0x5B0C, 0x5B0C, 0x5B0C, 0x5B0C, 0x5B0D, 0x5B0C, 0x5AEC, 0x630D, 0x630D,
0x630D, 0x632D, 0x632D, 0x632D, 0x632D, 0x630C, 0x630D, 0x630D, 0x630D, 0x632D, 0x632D, 0x634D,
0x634D, 0x634D, 0x634D, 0x634D, 0x632D, 0x632D, 0x634D, 0x6B4D, 0x736E, 0x738E, 0x73AF, 0x7BCF,
0x73AE, 0x632D, 0x4A8B, 0x31C8, 0x1905, 0x1905, 0x1905, 0x1905, 0x1905, 0x1905, 0x1925, 0x1905,
0x1925, 0x1945, 0x1945, 0x1945, 0x1945, 0x2146, 0x2146, 0x2166, 0x2966, 0x31A7, 0x31C8, 0x3A29,
0x4249, 0x4A8A, 0x52AB, 0x5ACC, 0x52CB, 0x52CC, 0x5AEC, 0x5AEC, 0x5AEC, 0x5B0C, 0x5AEC, 0x5AEC,
0x5AEC, 0x5AEC, 0x5AEC, 0x5AEC, 0x5ACC, 0x5ACC, 0x5ACC, 0x5AEC, 0x5AEC, 0x52CB, 0x52AB, 0x52AB,
0x52AB, 0x52AB, 0x4A8A, 0x4A6A, 0x4A6A, 0x4A6A, 0x424A, 0x4229, 0x4229, 0x3A08, 0x3A08, 0x3A09,
0x39E8, 0x39E8, 0x39E8, 0x31E8, 0x31E8, 0x31C8, 0x31E8, 0x31E8, 0x31E8, 0x31C8, 0x31C8, 0x31C8,
0x29A7, 0x2987, 0x31A7, 0x29A7, 0x29A7, 0x2987, 0x2166, 0x2966, 0x2966, 0x2146, 0x2166, 0x2166,
0x2146, 0x2146, 0x2166, 0x2146, 0x2146, 0x2146, 0x2166, 0x2166, 0x2166, 0x2146, 0x2146, 0x2146,
0x1925, 0x1905, 0x18E5, 0x1905, 0x1925, 0x1925, 0x1905, 0x18E4, 0x1905, 0x10E4, 0x10E4, 0x10E4,
0x18E4, 0x10E4, 0x18E4, 0x18E5, 0x18E5, 0x1905, 0x1905, 0x1905, 0x1905, 0x1905, 0x1905, 0x1905,
0x1925, 0x1905, 0x1905, 0x1905, 0x2125, 0x2125, 0x2125, 0x2125, 0x2125, 0x2125, 0x2125, 0x2125,
0x2125, 0x1925, 0x1905, 0x1925, 0x1925, 0x1925, 0x1925, 0x2125, 0x1905, 0x1925, 0x1925, 0x1905,
0x2105, 0x1925, 0x2145, 0x2145, 0x2145, 0x2125, 0x2146, 0x2146, 0x2146, 0x2146, 0x2146, 0x2146,
0x2146, 0x2146, 0x4209, 0x5AEC, 0x52AB, 0x31A7, 0x10C4, 0x0883, 0x0883, 0x0042, 0x0021, 0x0021,
0x0022, 0x0042, 0x0042, 0x0041, 0x0041, 0x0021, 0x0041, 0x0041, 0x0021, 0x0021, 0x0021, 0x0021,
0x0021, 0x0041, 0x0021, 0x0042, 0x0883, 0x10A3, 0x18E4, 0x2986, 0x426A, 0x52AB, 0x73AE, 0x7BCF,
0x8410, 0x8430, 0x8430, 0x8410, 0x7BEF, 0x7BEF, 0x7BEF, 0x7BCF, 0x7BAF, 0x738E, 0x6B4D, 0x6B6D,
0x738E, 0x73AF, 0x738E, 0x6B8E, 0x632D, 0x630C, 0x62EB, 0x5AEB, 0x630C, 0x630C, 0x5B0C, 0x630C,
0x62EC, 0x630C, 0x630C, 0x630C, 0x630C, 0x5B0C, 0x52AB, 0x4A8A, 0x4249, 0x4A69, 0x4A6A, 0x4A6A,
0x4A6A, 0x4A6A, 0x4A6A, 0x4A6A, 0x4A6A, 0x4A8A, 0x528A, 0x528A, 0x52AB, 0x52AA, 0x52AB, 0x52AB,
0x52AB, 0x528A, 0x528A, 0x4A6A, 0x4A49, 0x4229, 0x4208, 0x39E8, 0x31C7, 0x2986, 0x2145, 0x1904,
0x10A3, 0x0882, 0x0042, 0x0021, 0x0021, 0x0021, 0x0042, 0x0062, 0x0062, 0x0021, 0x0021, 0x0021,
0x0021, 0x0021, 0x0041, 0x2125, 0x528A, 0x528B, 0x528B, 0x528B, 0x52AC, 0x52AB, 0x52CB, 0x52CB,
0x52CB, 0x52CB, 0x52CB, 0x52CB, 0x52CB, 0x52CB, 0x52CB, 0x52CB, 0x52CB, 0x52CC, 0x5AEC, 0x5B0C,
0x5B0C, 0x5B0C, 0x5B0C, 0x5B0C, 0x5AEC, 0x5AEC, 0x630D, 0x630D, 0x630D, 0x632D, 0x632D, 0x632D,
0x632D, 0x630D, 0x630D, 0x630D, 0x630D, 0x632D, 0x632D, 0x634D, 0x634D, 0x634D, 0x634D, 0x634D,
0x632D, 0x634D, 0x634D, 0x634D, 0x6B8E, 0x738E, 0x73AF, 0x7BCF, 0x73AF, 0x632D, 0x5AEC, 0x4249,
0x1925, 0x18E5, 0x1905, 0x1905, 0x1905, 0x1905, 0x1925, 0x1905, 0x1925, 0x2146, 0x2146, 0x2146,
0x2146, 0x2166, 0x2987, 0x29A7, 0x31C8, 0x3A09, 0x4229, 0x4A6A, 0x52AB, 0x52CB, 0x5AEC, 0x5ACB,
0x52CC, 0x5ACC, 0x5AEC, 0x5B0C, 0x5B0C, 0x5B0C, 0x5B0C, 0x5B0C, 0x5AEC, 0x5AEC, 0x5AEC, 0x5AEC,
0x5ACC, 0x5ACC, 0x5ACC, 0x5ACC, 0x5ACC, 0x52AB, 0x52AB, 0x4A8A, 0x52AB, 0x52AB, 0x528B, 0x4A8A,
0x4A6A, 0x4A6A, 0x424A, 0x4249, 0x4229, 0x3A29, 0x3A09, 0x3A08, 0x39E8, 0x39E8, 0x39E8, 0x39E8,
0x31E8, 0x31E8, 0x31E8, 0x31E8, 0x31C8, 0x31C8, 0x31A7, 0x29A7, 0x31C7, 0x31A7, 0x29A7, 0x29A7,
0x2987, 0x2986, 0x2967, 0x2967, 0x2166, 0x2966, 0x2146, 0x2146, 0x2146, 0x2146, 0x2166, 0x2146,
0x1925, 0x1925, 0x2146, 0x2146, 0x2146, 0x2146, 0x2146, 0x2146, 0x1905, 0x1905, 0x1905, 0x1905,
0x1925, 0x1925, 0x1905, 0x10E4, 0x1905, 0x10C4, 0x10E4, 0x10C4, 0x10E4, 0x10E4, 0x10E4, 0x18E5,
0x18E5, 0x1905, 0x1905, 0x1905, 0x1905, 0x1905, 0x1905, 0x1925, 0x1925, 0x1905, 0x1905, 0x1905,
0x1925, 0x1925, 0x1925, 0x1925, 0x2125, 0x2125, 0x2125, 0x2125, 0x1925, 0x1925, 0x1905, 0x1925,
0x1925, 0x1925, 0x1905, 0x1905, 0x1905, 0x1925, 0x1905, 0x1905, 0x1925, 0x1925, 0x2145, 0x2145,
0x2125, 0x2125, 0x2145, 0x2146, 0x2146, 0x2145, 0x2146, 0x2146, 0x2126, 0x2145, 0x2986, 0x52CB,
0x632D, 0x4A6A, 0x31A7, 0x10A3, 0x0883, 0x0042, 0x0021, 0x0001, 0x0021, 0x0022, 0x0042, 0x0041,
0x0021, 0x0021, 0x0021, 0x0041, 0x0021, 0x0021, 0x0021, 0x0041, 0x0041, 0x0042, 0x0062, 0x0882,
0x10C3, 0x1904, 0x39E8, 0x4A6A, 0x52CB, 0x52AB, 0x52AA, 0x52AA, 0x630C, 0x6B2D, 0x738E, 0x73AE,
0x73AE, 0x73CF, 0x7BCF, 0x7BCF, 0x7BCF, 0x7BCF, 0x73AE, 0x73AE, 0x73AF, 0x73AF, 0x738E, 0x6B8E,
0x6B6E, 0x6B2D, 0x632C, 0x630C, 0x630C, 0x630C, 0x630C, 0x630C, 0x5AEC, 0x5ACB, 0x5ACB, 0x5ACB,
0x528A, 0x4A6A, 0x4249, 0x4249, 0x4249, 0x4229, 0x4229, 0x4A49, 0x4A49, 0x4A49, 0x4A49, 0x4A6A,
0x4A6A, 0x4A6A, 0x528A, 0x528A, 0x528A, 0x52AA, 0x52AB, 0x52CB, 0x52CB, 0x52AA, 0x528A, 0x528A,
0x4A6A, 0x4A49, 0x4229, 0x39E8, 0x39E8, 0x31A7, 0x2166, 0x2125, 0x10E4, 0x0883, 0x0042, 0x0021,
0x0021, 0x0042, 0x0883, 0x0883, 0x0042, 0x0021, 0x0021, 0x0021, 0x0000, 0x0021, 0x39E7, 0x4229,
0x528B, 0x528B, 0x528B, 0x528B, 0x52AB, 0x52AB, 0x52AB, 0x52CB, 0x52CB, 0x52CB, 0x52CB, 0x52CB,
0x52CB, 0x52CB, 0x52CB, 0x52CB, 0x5ACC, 0x5ACC, 0x5ACC, 0x5AEC, 0x5B0C, 0x5B0C, 0x5B0C, 0x5AEC,
0x5AEC, 0x5AEC, 0x5AEC, 0x630D, 0x630D, 0x630D, 0x632D, 0x630D, 0x630D, 0x630D, 0x630D, 0x630D,
0x630D, 0x632D, 0x632D, 0x634D, 0x632D, 0x634D, 0x634D, 0x634D, 0x634D, 0x634D, 0x634D, 0x634D,
0x6B8E, 0x738E, 0x73AF, 0x7BAF, 0x73AE, 0x6B6E, 0x5ACC, 0x4249, 0x2987, 0x1905, 0x1905, 0x1905,
0x1905, 0x1925, 0x1925, 0x1925, 0x2146, 0x2146, 0x2146, 0x2966, 0x2966, 0x2987, 0x29A7, 0x31C8,
0x3A09, 0x4A4A, 0x4A6A, 0x52CB, 0x5AEC, 0x5AEC, 0x5AEC, 0x5AEC, 0x5AEC, 0x5AEC, 0x5B0C, 0x5B0C,
0x5B0C, 0x5B0C, 0x632D, 0x632C, 0x5B0C, 0x5AEC, 0x5AEC, 0x5AEC, 0x5ACC, 0x5ACC, 0x52CB, 0x52AB,
0x5ACB, 0x52CB, 0x52AB, 0x52AB, 0x52AB, 0x52AB, 0x52AB, 0x528B, 0x528B, 0x4A8A, 0x4249, 0x424A,
0x3A29, 0x3A29, 0x3A29, 0x3A09, 0x3A08, 0x31E8, 0x39E8, 0x39E8, 0x39E8, 0x31E8, 0x31E8, 0x31C8,
0x31C7, 0x31C7, 0x31C7, 0x29A7, 0x31A7, 0x31A7, 0x31C7, 0x2987, 0x2987, 0x2986, 0x2146, 0x2967,
0x2166, 0x2146, 0x2146, 0x2146, 0x2145, 0x2125, 0x2145, 0x2125, 0x2125, 0x1925, 0x2126, 0x2146,
0x2146, 0x1925, 0x2126, 0x2146, 0x1905, 0x1905, 0x1905, 0x1925, 0x1905, 0x1905, 0x1905, 0x10E4,
0x10E4, 0x10C4, 0x10E4, 0x10C4, 0x10E4, 0x10E4, 0x10E4, 0x18E4, 0x18E5, 0x18E4, 0x18E4, 0x1905,
0x1905, 0x1905, 0x1905, 0x1925, 0x1905, 0x1905, 0x1905, 0x1925, 0x1925, 0x1925, 0x1925, 0x1905,
0x1905, 0x1925, 0x1925, 0x1905, 0x1925, 0x1905, 0x1905, 0x1905, 0x1925, 0x1925, 0x1905, 0x1905,
0x1905, 0x1905, 0x1905, 0x1905, 0x1905, 0x1925, 0x2125, 0x2125, 0x2125, 0x2125, 0x2125, 0x2145,
0x2145, 0x2145, 0x2146, 0x2146, 0x2125, 0x2145, 0x2986, 0x4A6A, 0x632D, 0x5AEB, 0x424A, 0x39E8,
0x2146, 0x0042, 0x0021, 0x0021, 0x0001, 0x0021, 0x0042, 0x0022, 0x0022, 0x0022, 0x0022, 0x0062,
0x0062, 0x0041, 0x0041, 0x0041, 0x0042, 0x0082, 0x08A3, 0x1925, 0x2966, 0x3A09, 0x52AB, 0x52AB,
0x52AB, 0x52AB, 0x52AB, 0x52AB, 0x52AB, 0x528B, 0x52CB, 0x52AB, 0x52CB, 0x5ACB, 0x5ACB, 0x5AEB,
0x5AEB, 0x5AEC, 0x630C, 0x632C, 0x634D, 0x632D, 0x6B4D, 0x6B4D, 0x6B4D, 0x634D, 0x62EC, 0x5ACB,
0x5ACB, 0x5AAB, 0x528A, 0x528A, 0x4A8A, 0x4A49, 0x4A49, 0x4249, 0x4229, 0x4229, 0x4229, 0x4229,
0x4229, 0x4229, 0x4229, 0x4229, 0x4229, 0x4229, 0x4229, 0x4A49, 0x4A4A, 0x4A6A, 0x528A, 0x528A,
0x528A, 0x528A, 0x528A, 0x52AB, 0x52CB, 0x52AB, 0x52AB, 0x528A, 0x528A, 0x4A69, 0x4249, 0x4229,
0x39E8, 0x39C7, 0x3187, 0x2146, 0x1905, 0x10A4, 0x0883, 0x0042, 0x0862, 0x0883, 0x0042, 0x0021,
0x0021, 0x0021, 0x0021, 0x0021, 0x0021, 0x2966, 0x5ACB, 0x5AEC, 0x528B, 0x528B, 0x528B, 0x528B,
0x52AB, 0x52AB, 0x52AB, 0x52CB, 0x52CB, 0x52CB, 0x52CB, 0x52CB, 0x52CB, 0x52CB, 0x52CB, 0x52CB,
0x5ACC, 0x5ACC, 0x5ACC, 0x5AEC, 0x5AEC, 0x5B0C, 0x5B0C, 0x5AEC, 0x5AEC, 0x5AEC, 0x5AEC, 0x630C,
0x630D, 0x630D, 0x632D, 0x630D, 0x630D, 0x630D, 0x630D, 0x630D, 0x630D, 0x632D, 0x632D, 0x634D,
0x632D, 0x634D, 0x634D, 0x634D, 0x634D, 0x634D, 0x634D, 0x634D, 0x6B6E, 0x738E, 0x73AF, 0x7BAF,
0x73AF, 0x6B6E, 0x632D, 0x52AB, 0x31C8, 0x2105, 0x1905, 0x1905, 0x1905, 0x1905, 0x1925, 0x2146,
0x2146, 0x2146, 0x2166, 0x2987, 0x2987, 0x29A7, 0x31E8, 0x39E8, 0x4A4A, 0x52AB, 0x52AB, 0x5B0C,
0x5B0C, 0x5B0C, 0x5B0C, 0x5B0C, 0x632D, 0x630D, 0x5B0D, 0x5B0C, 0x5B0C, 0x5B0C, 0x5B0C, 0x632D,
0x5B0C, 0x5AEC, 0x5AEC, 0x5AEC, 0x5ACC, 0x5ACC, 0x52AB, 0x52AB, 0x5ACC, 0x5ACC, 0x52CB, 0x52AB,
0x52AB, 0x528B, 0x52AB, 0x52AB, 0x52AB, 0x4A8B, 0x4A6A, 0x4249, 0x3A29, 0x3A29, 0x3A29, 0x3A09,
0x3A08, 0x39E8, 0x31E8, 0x39E8, 0x39E8, 0x31E8, 0x31E8, 0x31C8, 0x31C7, 0x31C7, 0x31A7, 0x31C7,
0x31A7, 0x2987, 0x2987, 0x2987, 0x2987, 0x2987, 0x2166, 0x2146, 0x2166, 0x2146, 0x2146, 0x2145,
0x2145, 0x2145, 0x1925, 0x1925, 0x2166, 0x1905, 0x1925, 0x2126, 0x1925, 0x1925, 0x1905, 0x2126,
0x1925, 0x10E4, 0x1905, 0x1925, 0x1905, 0x18E5, 0x1905, 0x10E4, 0x1905, 0x10E4, 0x10E4, 0x10E4,
0x10E4, 0x10E4, 0x10C4, 0x10E4, 0x18E4, 0x18E4, 0x18E4, 0x1905, 0x1905, 0x1905, 0x1905, 0x1905,
0x1905, 0x1905, 0x1905, 0x1925, 0x1925, 0x1925, 0x1925, 0x1905, 0x1905, 0x1925, 0x1925, 0x1925,
0x1925, 0x1905, 0x1905, 0x1905, 0x1905, 0x1905, 0x1905, 0x1905, 0x1905, 0x1905, 0x1905, 0x1905,
0x1905, 0x2125, 0x2125, 0x2125, 0x2125, 0x2125, 0x2125, 0x2145, 0x2145, 0x2145, 0x2145, 0x2145,
0x2125, 0x2125, 0x2966, 0x3A08, 0x632C, 0x632C, 0x4A8A, 0x4229, 0x4229, 0x31A7, 0x08A3, 0x0021,
0x0001, 0x0001, 0x0021, 0x0042, 0x0022, 0x0022, 0x0042, 0x0062, 0x0062, 0x0062, 0x0062, 0x0062,
0x0882, 0x10A3, 0x1925, 0x3A08, 0x52AB, 0x52CB, 0x52CB, 0x52AB, 0x52AB, 0x52AB, 0x52AB, 0x52AB,
0x52AB, 0x52AB, 0x52AB, 0x52AB, 0x52AA, 0x52AA, 0x52AB, 0x52AB, 0x52AB, 0x5ACB, 0x5ACB, 0x5ACB,
0x5ACB, 0x5ACB, 0x52CB, 0x52CB, 0x52CB, 0x528A, 0x528B, 0x4A8A, 0x4249, 0x4249, 0x4229, 0x4229,
0x4229, 0x4229, 0x4228, 0x3A08, 0x4229, 0x3A09, 0x3A08, 0x3A08, 0x3A08, 0x3A08, 0x3A08, 0x3A08,
0x3A08, 0x3A09, 0x4229, 0x4A49, 0x4A4A, 0x4A4A, 0x4A6A, 0x528A, 0x528A, 0x528A, 0x528A, 0x52AA,
0x52CB, 0x52CB, 0x52AB, 0x52AA, 0x52AA, 0x4A6A, 0x4249, 0x4229, 0x4208, 0x39E8, 0x31A7, 0x2966,
0x2125, 0x18E4, 0x08A3, 0x0883, 0x0062, 0x0021, 0x0021, 0x0021, 0x0021, 0x0021, 0x0021, 0x10A3,
0x18E4, 0x2125, 0x31A7, 0x18C3, 0x528B, 0x528B, 0x528B, 0x528B, 0x52AB, 0x52AB, 0x52AB, 0x52CB,
0x52CB, 0x52CB, 0x52CB, 0x52CB, 0x52CB, 0x52CB, 0x52CB, 0x5ACC, 0x5ACC, 0x5ACC, 0x5ACC, 0x5AEC,
0x5AEC, 0x5AEC, 0x5AEC, 0x5AEC, 0x5AEC, 0x5AEC, 0x5AEC, 0x5AEC, 0x630D, 0x630C, 0x630C, 0x630C,
0x630D, 0x630D, 0x5B0C, 0x5B0C, 0x630C, 0x632D, 0x632D, 0x632D, 0x632D, 0x634D, 0x6B4E, 0x6B4E,
0x634D, 0x634D, 0x634D, 0x634D, 0x6B6D, 0x736E, 0x738E, 0x7BAF, 0x73AF, 0x738E, 0x634D, 0x5ACC,
0x3A09, 0x2146, 0x1925, 0x1925, 0x1926, 0x1925, 0x1925, 0x2146, 0x2146, 0x2986, 0x2987, 0x31A7,
0x31C8, 0x39E8, 0x424A, 0x4A6A, 0x52AB, 0x5AEC, 0x5B0C, 0x632D, 0x632D, 0x632D, 0x632D, 0x632D,
0x632D, 0x632D, 0x632D, 0x5B0D, 0x5B0C, 0x5B0C, 0x5B0C, 0x5B0C, 0x5B0C, 0x5B0C, 0x5B0C, 0x5AEC,
0x5AEC, 0x5AEC, 0x5ACC, 0x52CB, 0x5ACC, 0x5AEC, 0x5AEC, 0x52AB, 0x52CB, 0x52AB, 0x52AB, 0x52AB,
0x528B, 0x4A8B, 0x4A6A, 0x424A, 0x4249, 0x4229, 0x4229, 0x3A09, 0x3A08, 0x3A08, 0x39E8, 0x31E8,
0x39E8, 0x31E8, 0x31E8, 0x31C7, 0x31C7, 0x31C7, 0x31A7, 0x29A7, 0x29A7, 0x29A7, 0x2987, 0x2966,
0x2987, 0x2987, 0x2967, 0x2146, 0x2146, 0x2146, 0x2146, 0x2125, 0x2125, 0x1925, 0x1925, 0x1925,
0x2145, 0x1905, 0x1905, 0x2126, 0x2146, 0x1925, 0x1905, 0x1925, 0x1905, 0x10E4, 0x1905, 0x1905,
0x1905, 0x1905, 0x10E4, 0x10E4, 0x10E4, 0x10E4, 0x10C4, 0x10C4, 0x10E4, 0x10C4, 0x10C4, 0x10E4,
0x10E4, 0x18E4, 0x18E4, 0x1905, 0x18E4, 0x18E4, 0x18E4, 0x1905, 0x1905, 0x1925, 0x1905, 0x1905,
0x1905, 0x1905, 0x1905, 0x1925, 0x1905, 0x1905, 0x1905, 0x1905, 0x1905, 0x1905, 0x1905, 0x1905,
0x1905, 0x1905, 0x1905, 0x1905, 0x1905, 0x1905, 0x1905, 0x1905, 0x1905, 0x1905, 0x1925, 0x1925,
0x1925, 0x1925, 0x1925, 0x2125, 0x2145, 0x2145, 0x1925, 0x1925, 0x1925, 0x1905, 0x1905, 0x31A7,
0x5ACB, 0x6B4D, 0x52AB, 0x4A4A, 0x4229, 0x4229, 0x31C8, 0x2146, 0x0021, 0x0021, 0x0021, 0x0022,
0x0022, 0x0042, 0x0042, 0x0883, 0x0883, 0x08A3, 0x0883, 0x10C4, 0x2145, 0x31A7, 0x52AB, 0x5AEC,
0x5ACC, 0x5ACC, 0x5ACC, 0x5ACB, 0x5ACB, 0x5ACB, 0x5ACB, 0x52AB, 0x52AB, 0x52AB, 0x52AB, 0x52AB,
0x52AB, 0x52AB, 0x52AB, 0x52AA, 0x52AA, 0x52AB, 0x52AA, 0x52AA, 0x52AB, 0x52AA, 0x52AA, 0x52CB,
0x52AA, 0x528B, 0x528A, 0x4A8A, 0x4A6A, 0x4A49, 0x4229, 0x4208, 0x4208, 0x3A08, 0x3A08, 0x39E8,
0x39E8, 0x39E8, 0x39E8, 0x39E8, 0x39E8, 0x39E8, 0x39E8, 0x39E8, 0x39E8, 0x3A08, 0x3A09, 0x4229,
0x4249, 0x4A49, 0x4A6A, 0x4A8A, 0x528A, 0x528A, 0x528A, 0x52AA, 0x52AB, 0x52CB, 0x52AB, 0x52AB,
0x52AB, 0x4A8A, 0x4A69, 0x4A49, 0x4229, 0x3A08, 0x39E8, 0x2987, 0x2166, 0x2125, 0x10C4, 0x0883,
0x0041, 0x0021, 0x0021, 0x0021, 0x0021, 0x0021, 0x0021, 0x0862, 0x10A3, 0x0883, 0x0021, 0x0021,
0x528B, 0x528B, 0x528B, 0x528B, 0x52AB, 0x52AB, 0x52AB, 0x52CC, 0x52CC, 0x52CB, 0x52CB, 0x52CB,
0x52CB, 0x52CB, 0x52CB, 0x5ACC, 0x5ACC, 0x5AEC, 0x5AEC, 0x5AEC, 0x5AEC, 0x5AEC, 0x5AEC, 0x5AEC,
0x5AEC, 0x5AEC, 0x5AEC, 0x5AEC, 0x5B0C, 0x630C, 0x632C, 0x630C, 0x630C, 0x630C, 0x5B0C, 0x5B0C,
0x630C, 0x630D, 0x632D, 0x632D, 0x632D, 0x634D, 0x6B4E, 0x6B4E, 0x634D, 0x634D, 0x634D, 0x634D,
0x6B6D, 0x6B6E, 0x738E, 0x738E, 0x73AF, 0x73AE, 0x6B6D, 0x5AEC, 0x528B, 0x31A7, 0x1925, 0x1925,
0x2146, 0x2146, 0x2146, 0x2146, 0x2987, 0x2987, 0x31C7, 0x39E8, 0x3A09, 0x424A, 0x4A8B, 0x52AB,
0x5AEC, 0x5B0D, 0x632D, 0x632D, 0x632D, 0x632D, 0x6B4D, 0x6B4D, 0x634D, 0x632D, 0x632D, 0x632D,
0x632D, 0x632D, 0x5B0C, 0x5B0C, 0x5B0C, 0x5AEC, 0x5B0C, 0x5B0C, 0x5AEC, 0x5AEC, 0x5ACC, 0x5ACC,
0x5ACC, 0x52CC, 0x52AB, 0x528B, 0x52CB, 0x52AB, 0x52AB, 0x52AB, 0x528B, 0x4A8B, 0x4A6A, 0x424A,
0x4249, 0x4229, 0x3A29, 0x3A09, 0x39E8, 0x39E8, 0x31E8, 0x31C8, 0x31E8, 0x31E8, 0x31E8, 0x31E8,
0x31E8, 0x31C7, 0x31A7, 0x29A7, 0x29A7, 0x29A7, 0x29A7, 0x2966, 0x2966, 0x2966, 0x2966, 0x2146,
0x2166, 0x2146, 0x2146, 0x2145, 0x1925, 0x1925, 0x1905, 0x1925, 0x1925, 0x1905, 0x1905, 0x1925,
0x1925, 0x1925, 0x1925, 0x1905, 0x1905, 0x10E4, 0x10E4, 0x1905, 0x1905, 0x1905, 0x1905, 0x10E4,
0x10C4, 0x10C4, 0x10C4, 0x10C4, 0x10E4, 0x10E4, 0x10C4, 0x10E4, 0x10E4, 0x18E4, 0x18E4, 0x1904,
0x18E4, 0x18E4, 0x18E4, 0x1905, 0x1905, 0x1905, 0x1905, 0x1905, 0x1905, 0x1905, 0x1905, 0x1925,
0x1905, 0x1905, 0x1905, 0x1905, 0x1905, 0x1905, 0x1905, 0x1905, 0x1905, 0x1905, 0x1905, 0x1905,
0x1905, 0x1905, 0x1905, 0x1905, 0x1905, 0x1905, 0x1925, 0x1905, 0x1905, 0x1925, 0x1925, 0x1925,
0x2125, 0x1925, 0x1925, 0x1925, 0x1925, 0x1904, 0x2125, 0x2986, 0x52AB, 0x6B6D, 0x5ACC, 0x4A6A,
0x4A2A, 0x4A4A, 0x424A, 0x3A09, 0x2987, 0x10C4, 0x0021, 0x0021, 0x0022, 0x0021, 0x0022, 0x0062,
0x0883, 0x10E4, 0x2145, 0x3186, 0x4A49, 0x5AEC, 0x5B0C, 0x5AEC, 0x5ACC, 0x5ACC, 0x5ACC, 0x5ACC,
0x5AEC, 0x5AEB, 0x52CB, 0x52CB, 0x52AB, 0x52AB, 0x52AB, 0x52AB, 0x52AB, 0x52AB, 0x528B, 0x528A,
0x528A, 0x528A, 0x52AA, 0x52AB, 0x52AB, 0x52AA, 0x52AA, 0x52AA, 0x528A, 0x528A, 0x4A8A, 0x4A6A,
0x4A6A, 0x4A49, 0x4229, 0x4229, 0x4208, 0x3A08, 0x39E8, 0x39E7, 0x39E8, 0x39E8, 0x39C8, 0x39C8,
0x39C8, 0x39E8, 0x31C8, 0x31C7, 0x39E8, 0x39E8, 0x39E8, 0x4229, 0x4229, 0x4249, 0x4A6A, 0x4A6A,
0x528A, 0x528A, 0x528A, 0x52AA, 0x52AA, 0x52AA, 0x52AB, 0x52AB, 0x52AB, 0x528A, 0x4A8A, 0x4A6A,
0x4249, 0x4229, 0x39E8, 0x31A7, 0x2966, 0x2125, 0x10E4, 0x0883, 0x0042, 0x0021, 0x0021, 0x0021,
0x0021, 0x0021, 0x0042, 0x0062, 0x0021, 0x0021, 0x0021, 0x0021, 0x528B, 0x528B, 0x528B, 0x528B,
0x52AB, 0x52AB, 0x52AB, 0x52CC, 0x52CC, 0x52CB, 0x52CB, 0x52CB, 0x52CB, 0x52CB, 0x52CB, 0x5ACC,
0x5AEC, 0x5AEC, 0x5AEC, 0x5AEC, 0x5AEC, 0x5AEC, 0x5AEC, 0x5AEC, 0x5AEC, 0x5AEC, 0x5AEC, 0x5AEC,
0x5B0C, 0x630C, 0x632C, 0x630C, 0x630C, 0x630C, 0x5B0C, 0x5B0C, 0x630C, 0x630D, 0x630D, 0x632D,
0x632D, 0x634D, 0x6B4E, 0x6B4E, 0x634D, 0x634D, 0x634D, 0x634D, 0x6B6D, 0x6B6D, 0x738E, 0x738E,
0x73AE, 0x73AE, 0x6B8E, 0x632D, 0x4A8A, 0x31C8, 0x1905, 0x2146, 0x2146, 0x2166, 0x2987, 0x2987,
0x29A7, 0x31C7, 0x39E8, 0x3A09, 0x4249, 0x4A6A, 0x52AC, 0x5B0D, 0x630D, 0x632D, 0x632D, 0x634D,
0x6B4D, 0x6B4D, 0x6B6D, 0x6B4D, 0x634D, 0x636D, 0x634D, 0x632D, 0x632D, 0x632D, 0x5B0C, 0x5B0C,
0x5B0C, 0x5AEC, 0x5AEC, 0x5AEC, 0x5AEC, 0x5AEC, 0x5ACC, 0x5ACC, 0x5ACC, 0x5AEC, 0x52AB, 0x52AB,
0x52AB, 0x52AB, 0x52AB, 0x528B, 0x528B, 0x4A8B, 0x4A6A, 0x424A, 0x4249, 0x4229, 0x3A29, 0x3A09,
0x3A08, 0x39E8, 0x39E8, 0x39E8, 0x31E8, 0x31E8, 0x31E8, 0x31E8, 0x31E8, 0x31C7, 0x31A7, 0x29A7,
0x29A7, 0x29A7, 0x29A7, 0x2987, 0x2966, 0x2146, 0x2966, 0x2146, 0x2146, 0x2146, 0x2146, 0x2146,
0x1925, 0x1925, 0x1925, 0x1905, 0x18E4, 0x18E5, 0x1905, 0x1925, 0x1905, 0x1905, 0x1905, 0x1905,
0x18E5, 0x10C4, 0x10E4, 0x1905, 0x10E4, 0x1905, 0x18E5, 0x10E4, 0x10C4, 0x10C4, 0x10E4, 0x10E4,
0x10E4, 0x10E4, 0x10C4, 0x10C4, 0x18E4, 0x18E4, 0x18E4, 0x18E4, 0x18E4, 0x18E4, 0x18E4, 0x1905,
0x1905, 0x1905, 0x1925, 0x1925, 0x1905, 0x1905, 0x1905, 0x1925, 0x1905, 0x1905, 0x1905, 0x1905,
0x1905, 0x1905, 0x1905, 0x1905, 0x1905, 0x1905, 0x1905, 0x1905, 0x1905, 0x1905, 0x1905, 0x1905,
0x1905, 0x1905, 0x1905, 0x1905, 0x1905, 0x1905, 0x1905, 0x1925, 0x1925, 0x1904, 0x1925, 0x1925,
0x1925, 0x1904, 0x2105, 0x2966, 0x52AA, 0x6B6D, 0x6B4D, 0x5ACB, 0x4A29, 0x4A4A, 0x4249, 0x4249,
0x4229, 0x39E8, 0x2987, 0x0083, 0x0001, 0x0042, 0x0042, 0x0062, 0x08A3, 0x2145, 0x4229, 0x5ACB,
0x5AEB, 0x5AEB, 0x5AEC, 0x5AEC, 0x5ACB, 0x5ACB, 0x5ACB, 0x5AEB, 0x5AEB, 0x5AEB, 0x52CB, 0x5ACB,
0x52AB, 0x52CB, 0x52CB, 0x52AB, 0x52AB, 0x52AB, 0x52AB, 0x52AA, 0x52AA, 0x52AA, 0x52AA, 0x52AA,
0x528A, 0x528A, 0x528A, 0x52AA, 0x528A, 0x528A, 0x4A6A, 0x4A6A, 0x4A4A, 0x4A49, 0x4229, 0x4229,
0x3A08, 0x39E8, 0x31E7, 0x31E7, 0x31C8, 0x31C8, 0x39C8, 0x39C7, 0x31C7, 0x31C7, 0x31C7, 0x31A7,
0x31C7, 0x39C8, 0x39E8, 0x4229, 0x4229, 0x4249, 0x4A6A, 0x4A6A, 0x4A6A, 0x528A, 0x528A, 0x52AA,
0x52AA, 0x52AA, 0x52AB, 0x52AB, 0x52AB, 0x52AB, 0x528A, 0x4A6A, 0x4249, 0x4229, 0x39E8, 0x31C8,
0x2986, 0x2145, 0x1905, 0x10C4, 0x0062, 0x0021, 0x0021, 0x0021, 0x0062, 0x0062, 0x0041, 0x0021,
0x0021, 0x0021, 0x0021, 0x0021, 0x528B, 0x528B, 0x528B, 0x52AB, 0x52AB, 0x52AB, 0x52AB, 0x52CB,
0x52CB, 0x52CB, 0x52CB, 0x52CB, 0x52CB, 0x52CB, 0x52CB, 0x5ACC, 0x5ACC, 0x5ACC, 0x5AEC, 0x5AEC,
0x5ACC, 0x5ACC, 0x5ACC, 0x5ACC, 0x5ACC, 0x5ACC, 0x5AEC, 0x5AEC, 0x5B0C, 0x5B0D, 0x5B0D, 0x630D,
0x630D, 0x630D, 0x630C, 0x5AEC, 0x630C, 0x630C, 0x632D, 0x632D, 0x632D, 0x634D, 0x6B4D, 0x6B4D,
0x6B6D, 0x634D, 0x634D, 0x634D, 0x6B6D, 0x6B6E, 0x738E, 0x738E, 0x738E, 0x738E, 0x6B8E, 0x632C,
0x5AEC, 0x4229, 0x2987, 0x2166, 0x2166, 0x2987, 0x29A7, 0x31C8, 0x39E8, 0x4209, 0x4249, 0x4A6A,
0x52AB, 0x52CB, 0x5AEC, 0x5AEC, 0x6B4E, 0x6B4D, 0x634D, 0x634D, 0x6B6E, 0x6B4D, 0x6B6E, 0x6B6D,
0x6B4D, 0x6B4D, 0x6B4D, 0x634D, 0x634D, 0x634D, 0x632D, 0x632C, 0x5B0C, 0x5B0C, 0x5B0C, 0x5AEC,
0x5AEC, 0x5B0C, 0x5ACC, 0x5ACC, 0x5ACC, 0x5AEC, 0x5ACC, 0x52CB, 0x5ACC, 0x5ACC, 0x52AB, 0x52AB,
0x528A, 0x52AB, 0x4A8A, 0x4A69, 0x4249, 0x4249, 0x3A09, 0x3A29, 0x3A29, 0x3A08, 0x39E8, 0x39E8,
0x31C8, 0x31C8, 0x31C8, 0x31C8, 0x31C8, 0x31C7, 0x31E8, 0x31A7, 0x31A8, 0x29A7, 0x2987, 0x2967,
0x2967, 0x2166, 0x2146, 0x2146, 0x2146, 0x2146, 0x2145, 0x2126, 0x1926, 0x1926, 0x1905, 0x1905,
0x10E4, 0x18E4, 0x1905, 0x1905, 0x1905, 0x1905, 0x1905, 0x1905, 0x10E4, 0x10E4, 0x10E4, 0x1905,
0x18E4, 0x18E4, 0x10E4, 0x10E4, 0x10E4, 0x10C3, 0x10C3, 0x10C4, 0x10E4, 0x10C4, 0x10E4, 0x10C4,
0x18E4, 0x18E4, 0x18E4, 0x18E4, 0x1905, 0x1905, 0x1905, 0x18E4, 0x18E4, 0x1905, 0x1905, 0x1905,
0x1905, 0x1905, 0x1905, 0x1905, 0x1905, 0x1905, 0x1905, 0x1905, 0x1905, 0x1905, 0x1905, 0x1905,
0x1905, 0x1905, 0x1905, 0x1905, 0x1905, 0x1905, 0x1905, 0x1905, 0x1905, 0x1905, 0x1905, 0x1905,
0x1905, 0x1905, 0x1905, 0x1905, 0x1925, 0x1905, 0x1905, 0x1905, 0x1905, 0x1925, 0x1925, 0x2125,
0x4249, 0x6B6E, 0x738E, 0x632C, 0x528A, 0x528A, 0x528B, 0x4A6A, 0x4A8A, 0x4A8B, 0x4A8B, 0x424A,
0x31A7, 0x2125, 0x2125, 0x2966, 0x31C7, 0x4229, 0x52AB, 0x5B0C, 0x5AEB, 0x630C, 0x630C, 0x630C,
0x5AEC, 0x5AEB, 0x5AEC, 0x5ACC, 0x5AEC, 0x5AEC, 0x5ACC, 0x5AEC, 0x5AAB, 0x52AB, 0x52AB, 0x5AAB,
0x5AAB, 0x5ACB, 0x52AA, 0x52AA, 0x52AA, 0x52AA, 0x52AA, 0x52AA, 0x52AA, 0x52AA, 0x52AA, 0x52AA,
0x528A, 0x4A6A, 0x4A6A, 0x4A4A, 0x4229, 0x4229, 0x4229, 0x3A08, 0x39E8, 0x39E8, 0x31C7, 0x31A7,
0x31C7, 0x31A7, 0x31A7, 0x31A7, 0x31A7, 0x31A7, 0x31A7, 0x31A7, 0x31A7, 0x31C7, 0x39E8, 0x4209,
0x4229, 0x4229, 0x424A, 0x4A6A, 0x4A6A, 0x4A6A, 0x528A, 0x528A, 0x528A, 0x52AA, 0x52CB, 0x52CB,
0x52AB, 0x52AA, 0x52AA, 0x4A6A, 0x4A49, 0x4229, 0x4209, 0x39E8, 0x31A7, 0x2966, 0x1905, 0x10C4,
0x0882, 0x0042, 0x0042, 0x0862, 0x0062, 0x0021, 0x0021, 0x0021, 0x0021, 0x0021, 0x0021, 0x0021,
0x528B, 0x528B, 0x528B, 0x52AB, 0x52AB, 0x52AB, 0x52CB, 0x52CB, 0x52CB, 0x52CB, 0x52CB, 0x52CB,
0x52CB, 0x52CB, 0x52CB, 0x5ACC, 0x5ACC, 0x5ACC, 0x5AEC, 0x5AEC, 0x5ACC, 0x5ACC, 0x5ACC, 0x5ACC,
0x5ACC, 0x5ACC, 0x5AEC, 0x5AEC, 0x5B0C, 0x5B0D, 0x5B0D, 0x630D, 0x630D, 0x630D, 0x630C, 0x5AEC,
0x630C, 0x630C, 0x632D, 0x632D, 0x632D, 0x634D, 0x6B4D, 0x6B4D, 0x6B6E, 0x634D, 0x634D, 0x634D,
0x6B4D, 0x6B6E, 0x736E, 0x738E, 0x6B8E, 0x738E, 0x738E, 0x6B4D, 0x5B0C, 0x4A8B, 0x31C8, 0x2166,
0x2987, 0x29A7, 0x31C8, 0x3A09, 0x4249, 0x4A4A, 0x52AB, 0x5ACC, 0x5B0C, 0x632D, 0x632D, 0x632D,
0x6B4D, 0x6B6D, 0x6B6E, 0x6B6E, 0x6B6E, 0x6B6E, 0x6B6E, 0x6B6D, 0x6B4D, 0x6B4D, 0x6B4D, 0x634D,
0x634D, 0x634D, 0x632D, 0x632D, 0x632D, 0x5B0C, 0x5B0C, 0x5AEC, 0x5ACC, 0x5AEC, 0x5ACC, 0x5ACC,
0x5ACC, 0x5AEC, 0x5AEC, 0x5ACC, 0x5ACC, 0x5ACC, 0x52AB, 0x52AB, 0x528A, 0x4AAA, 0x4A6A, 0x4A6A,
0x4249, 0x4249, 0x4229, 0x3A29, 0x3A29, 0x3A08, 0x3A08, 0x39E8, 0x31C8, 0x31C8, 0x31C8, 0x31C8,
0x31C7, 0x31A7, 0x31A7, 0x31A7, 0x31A7, 0x31A7, 0x2987, 0x2967, 0x2166, 0x2166, 0x2146, 0x2145,
0x1925, 0x1925, 0x2145, 0x1925, 0x1905, 0x1905, 0x1905, 0x1905, 0x1905, 0x18E4, 0x1905, 0x1905,
0x1905, 0x1905, 0x18E5, 0x18E4, 0x10E4, 0x10E4, 0x10E4, 0x10E4, 0x18E4, 0x10E4, 0x10E4, 0x10E4,
0x10E4, 0x10C3, 0x10C3, 0x10C3, 0x10C4, 0x10C4, 0x10C4, 0x10E4, 0x10E4, 0x18E4, 0x18E4, 0x18E4,
0x1905, 0x1905, 0x1905, 0x18E4, 0x18E4, 0x18E5, 0x1905, 0x1905, 0x1905, 0x1905, 0x1904, 0x1905,
0x1905, 0x1905, 0x1905, 0x1905, 0x1905, 0x1905, 0x1905, 0x1905, 0x1905, 0x1905, 0x1905, 0x1905,
0x1905, 0x1905, 0x1905, 0x1905, 0x1905, 0x1905, 0x1905, 0x1905, 0x1905, 0x1905, 0x1905, 0x1905,
0x1905, 0x1905, 0x1905, 0x1905, 0x1905, 0x1905, 0x1905, 0x1905, 0x31C8, 0x4A6A, 0x6B6D, 0x634D,
0x52AA, 0x528B, 0x528B, 0x528A, 0x52AB, 0x52CB, 0x5ACC, 0x5ACC, 0x5ACC, 0x52AB, 0x52AB, 0x52AB,
0x4A8A, 0x52AB, 0x632C, 0x5AEB, 0x5AEC, 0x630C, 0x632C, 0x630C, 0x630C, 0x630C, 0x632C, 0x630C,
0x632D, 0x632D, 0x630C, 0x630C, 0x632D, 0x630C, 0x632C, 0x5AEC, 0x5ACB, 0x630C, 0x5AEB, 0x5AEB,
0x5AEB, 0x5AEB, 0x5AEB, 0x5AEC, 0x5AEB, 0x5AEB, 0x5ACB, 0x5ACB, 0x52AB, 0x528A, 0x4A6A, 0x4A4A,
0x4229, 0x4209, 0x3A08, 0x39E8, 0x31C8, 0x31C7, 0x31A7, 0x3187, 0x31A7, 0x2987, 0x2986, 0x2986,
0x2987, 0x31A7, 0x31A7, 0x31A7, 0x31A7, 0x31C7, 0x31C8, 0x39E8, 0x4209, 0x4229, 0x4249, 0x4A4A,
0x4A6A, 0x4A6A, 0x4A8A, 0x528A, 0x528A, 0x52AA, 0x52CB, 0x52CB, 0x52CB, 0x52AB, 0x52AA, 0x4A6A,
0x4A6A, 0x4249, 0x4209, 0x39E8, 0x31C7, 0x2986, 0x2145, 0x1904, 0x10C3, 0x0883, 0x0862, 0x0041,
0x0021, 0x0021, 0x0021, 0x0021, 0x0021, 0x0021, 0x0021, 0x0021, 0x528B, 0x528B, 0x528B, 0x52AB,
0x52AB, 0x52AB, 0x52CB, 0x52CB, 0x52CB, 0x52CB, 0x52CB, 0x52CB, 0x52CB, 0x52CB, 0x52CB, 0x5ACC,
0x5ACC, 0x5ACC, 0x5AEC, 0x5AEC, 0x5ACC, 0x5ACC, 0x5ACC, 0x5ACC, 0x5ACC, 0x5ACC, 0x5AEC, 0x5AEC,
0x5B0C, 0x5B0D, 0x5B0D, 0x630D, 0x630D, 0x630D, 0x630C, 0x5AEC, 0x630C, 0x630C, 0x632D, 0x632D,
0x632D, 0x634D, 0x6B4D, 0x6B4D, 0x6B6E, 0x6B4D, 0x634D, 0x634D, 0x6B4D, 0x6B6D, 0x736E, 0x736E,
0x6B6E, 0x73AE, 0x73AE, 0x6B6E, 0x5B0C, 0x52AB, 0x3A09, 0x31A7, 0x31C8, 0x31C8, 0x39E8, 0x4249,
0x4A8B, 0x5AEC, 0x5AEC, 0x630D, 0x5B0D, 0x630C, 0x6B6D, 0x6B6E, 0x6B6D, 0x6B6D, 0x6B6E, 0x6B8E,
0x6B6E, 0x6B8E, 0x6B6E, 0x6B6E, 0x6B4D, 0x6B4D, 0x6B4D, 0x634D, 0x634D, 0x634D, 0x634D, 0x632D,
0x632D, 0x632C, 0x5B0C, 0x5B0C, 0x5B0C, 0x5AEC, 0x5ACC, 0x5ACC, 0x5ACB, 0x5AEC, 0x5AEC, 0x5ACC,
0x5ACC, 0x5ACC, 0x52AB, 0x52AB, 0x52AB, 0x4A8A, 0x4A6A, 0x4A6A, 0x4249, 0x424A, 0x4229, 0x3A29,
0x3A29, 0x3A08, 0x39E8, 0x3A08, 0x31E8, 0x31C8, 0x31C8, 0x29A7, 0x2987, 0x31A7, 0x31A7, 0x31A7,
0x2987, 0x2987, 0x2987, 0x2967, 0x2166, 0x2146, 0x2146, 0x1925, 0x1925, 0x1925, 0x2145, 0x2146,
0x1925, 0x1905, 0x1905, 0x10E4, 0x10E4, 0x18E4, 0x1905, 0x1905, 0x1905, 0x1905, 0x18E5, 0x10E4,
0x10E4, 0x10C4, 0x10E4, 0x10E4, 0x10E4, 0x10E4, 0x10E4, 0x10E4, 0x10E4, 0x10C3, 0x10C3, 0x10C3,
0x10C4, 0x10C4, 0x10C4, 0x10E4, 0x18E4, 0x18E4, 0x18E4, 0x18E4, 0x1905, 0x1905, 0x1905, 0x18E4,
0x18E4, 0x18E5, 0x1905, 0x1905, 0x1905, 0x1905, 0x1904, 0x1905, 0x1905, 0x1905, 0x1905, 0x1905,
0x1905, 0x1905, 0x1905, 0x1905, 0x1905, 0x1905, 0x1905, 0x1905, 0x1905, 0x1905, 0x1905, 0x1905,
0x1905, 0x1905, 0x1905, 0x1905, 0x1905, 0x1905, 0x1905, 0x18E4, 0x18E4, 0x1905, 0x1905, 0x1905,
0x1905, 0x1905, 0x1905, 0x1905, 0x31C8, 0x5ACC, 0x738E, 0x6B8D, 0x5ACB, 0x528B, 0x52AB, 0x52AB,
0x52CB, 0x52CB, 0x5ACB, 0x5ACC, 0x5ACC, 0x5ACC, 0x5AEC, 0x5AEC, 0x630C, 0x5B0C, 0x5B0C, 0x5AEB,
0x630C, 0x632C, 0x632D, 0x630C, 0x630C, 0x6B2D, 0x6B4D, 0x6B4D, 0x6B4D, 0x6B4D, 0x6B4D, 0x6B4D,
0x6B6D, 0x6B4D, 0x6B4D, 0x6B6E, 0x6B4D, 0x6B6E, 0x6B4D, 0x6B4D, 0x6B4D, 0x6B4D, 0x6B4D, 0x632D,
0x630C, 0x5AEC, 0x5ACB, 0x52AB, 0x528A, 0x528A, 0x4A4A, 0x4249, 0x4229, 0x39E8, 0x39E8, 0x31C7,
0x31C7, 0x31A7, 0x2986, 0x2966, 0x2986, 0x2966, 0x2966, 0x2966, 0x2986, 0x2987, 0x31A7, 0x31A7,
0x31A7, 0x31C7, 0x31C8, 0x39E8, 0x4208, 0x4229, 0x4229, 0x4249, 0x4A4A, 0x4A6A, 0x4A6A, 0x528A,
0x528A, 0x52AA, 0x52CB, 0x52CB, 0x52CB, 0x52AB, 0x52AA, 0x528A, 0x4A6A, 0x4A6A, 0x4229, 0x3A08,
0x31C7, 0x3186, 0x2965, 0x1924, 0x18E4, 0x0882, 0x0021, 0x0021, 0x0021, 0x0021, 0x0021, 0x0021,
0x0021, 0x0021, 0x0021, 0x0021, 0x52AB, 0x52AB, 0x52AB, 0x52AB, 0x52AB, 0x52AB, 0x52AB, 0x52AB,
0x52AB, 0x52AB, 0x52AB, 0x52AB, 0x52CB, 0x52CB, 0x52CB, 0x52CB, 0x5ACC, 0x5ACC, 0x5AEC, 0x5AEC,
0x5ACC, 0x5ACC, 0x5ACC, 0x5ACC, 0x5ACC, 0x5ACC, 0x5AEC, 0x5AEC, 0x5B0C, 0x630D, 0x630D, 0x630D,
0x630C, 0x630C, 0x630C, 0x630C, 0x630C, 0x630C, 0x632D, 0x632D, 0x632D, 0x634D, 0x6B4D, 0x6B4D,
0x6B4D, 0x6B6E, 0x6B4D, 0x6B4D, 0x634D, 0x6B6D, 0x736E, 0x738E, 0x6B8E, 0x73AF, 0x73AF, 0x6B8E,
0x634D, 0x5ACC, 0x4A8A, 0x39E8, 0x39E8, 0x4229, 0x424A, 0x4A8A, 0x5B0C, 0x5B0C, 0x634D, 0x636D,
0x634D, 0x6B4D, 0x6B6E, 0x6B8E, 0x6B6E, 0x6B4D, 0x6B6E, 0x738E, 0x6B6E, 0x6B6E, 0x6B6E, 0x6B6E,
0x6B6E, 0x6B4D, 0x6B4D, 0x6B4D, 0x6B4D, 0x634D, 0x632D, 0x632D, 0x632D, 0x632D, 0x632C, 0x5B0C,
0x5B0C, 0x5B0C, 0x5AEC, 0x5AEC, 0x5ACB, 0x5ACC, 0x5ACC, 0x5ACC, 0x5ACC, 0x5ACC, 0x52CB, 0x52AA,
0x52AB, 0x528A, 0x4A6A, 0x4A6A, 0x4249, 0x4249, 0x4229, 0x4229, 0x3A29, 0x3A29, 0x3A08, 0x39E8,
0x39E8, 0x31E8, 0x31C8, 0x31E8, 0x31C8, 0x29A7, 0x29A7, 0x29A7, 0x2987, 0x2987, 0x2987, 0x2966,
0x2146, 0x2146, 0x2145, 0x1925, 0x1905, 0x1905, 0x1905, 0x1905, 0x1905, 0x1905, 0x1905, 0x1905,
0x10E4, 0x10E4, 0x10E4, 0x18E5, 0x1905, 0x1905, 0x1905, 0x18E4, 0x10C4, 0x10C4, 0x10C4, 0x10E4,
0x10E4, 0x10E4, 0x10C4, 0x10C4, 0x10C4, 0x10C3, 0x10C3, 0x10C3, 0x10C4, 0x10C4, 0x10C4, 0x10E4,
0x10E4, 0x10E4, 0x10E4, 0x10E4, 0x18E4, 0x10E4, 0x18E4, 0x18E4, 0x18E4, 0x18E4, 0x18E5, 0x18E4,
0x1905, 0x1905, 0x1904, 0x18E4, 0x18E4, 0x1904, 0x1905, 0x1905, 0x1905, 0x1905, 0x1905, 0x1905,
0x1905, 0x1905, 0x1905, 0x18E5, 0x10E4, 0x18E5, 0x1905, 0x1905, 0x18E5, 0x10E4, 0x10E4, 0x18E4,
0x1904, 0x18E4, 0x18E4, 0x18E4, 0x1905, 0x1905, 0x1905, 0x1904, 0x18E4, 0x1905, 0x1905, 0x1905,
0x2966, 0x5ACC, 0x73AF, 0x7BCF, 0x630C, 0x52AB, 0x52AB, 0x52CB, 0x5ACB, 0x5AEB, 0x5AEB, 0x5AEC,
0x5AEC, 0x5AEC, 0x5AEC, 0x5AEC, 0x5AEC, 0x5AEC, 0x5AEC, 0x5B0C, 0x632C, 0x6B6D, 0x632D, 0x632C,
0x6B4D, 0x6B6D, 0x6B6D, 0x6B4D, 0x6B4D, 0x6B4D, 0x738E, 0x738E, 0x738E, 0x738E, 0x6B6E, 0x6B6E,
0x6B6E, 0x634D, 0x6B4D, 0x6B4D, 0x632C, 0x632C, 0x632C, 0x630C, 0x5AEB, 0x5ACB, 0x52AB, 0x528A,
0x4A6A, 0x4A49, 0x4229, 0x3A08, 0x39E8, 0x31C8, 0x31A7, 0x2987, 0x2986, 0x2966, 0x2966, 0x2146,
0x2166, 0x2166, 0x2146, 0x2146, 0x2166, 0x2966, 0x2986, 0x2986, 0x31A7, 0x31A7, 0x31C7, 0x39C7,
0x39E8, 0x4208, 0x4229, 0x4249, 0x4A6A, 0x4A6A, 0x4A6A, 0x528A, 0x528A, 0x528A, 0x52AB, 0x52CB,
0x52CB, 0x52CB, 0x52AB, 0x528A, 0x4A6A, 0x4A69, 0x4A49, 0x4209, 0x31C7, 0x31A6, 0x4249, 0x39E8,
0x10A3, 0x0862, 0x0021, 0x0021, 0x0021, 0x0021, 0x0021, 0x0021, 0x0021, 0x0021, 0x0021, 0x0021,
0x528B, 0x52AB, 0x52AB, 0x52AB, 0x52AB, 0x52AB, 0x52AB, 0x528B, 0x528B, 0x52AB, 0x52AB, 0x52AB,
0x52CB, 0x52CB, 0x52CB, 0x52CB, 0x5ACC, 0x5ACC, 0x5AEC, 0x5AEC, 0x5ACC, 0x5ACC, 0x5ACC, 0x5ACC,
0x5ACC, 0x5ACC, 0x5AEC, 0x5AEC, 0x5B0C, 0x630D, 0x630D, 0x630D, 0x630C, 0x630C, 0x630C, 0x630C,
0x630C, 0x630C, 0x632D, 0x632D, 0x632D, 0x634D, 0x6B4D, 0x6B6D, 0x6B4D, 0x6B6E, 0x6B4D, 0x6B4D,
0x634D, 0x6B6D, 0x736E, 0x738E, 0x6B8E, 0x73AF, 0x73AF, 0x738E, 0x6B4D, 0x630C, 0x5ACC, 0x4A6A,
0x424A, 0x4A6A, 0x52CB, 0x5AEC, 0x632D, 0x634D, 0x6B6E, 0x6B6E, 0x6B6E, 0x6B6E, 0x6B8E, 0x6B8E,
0x6B8E, 0x6B6E, 0x6B6E, 0x6B8E, 0x6B8E, 0x6B6E, 0x6B6E, 0x6B8E, 0x6B6E, 0x6B6E, 0x6B6E, 0x634D,
0x632D, 0x6B4D, 0x632D, 0x632D, 0x632D, 0x632D, 0x632C, 0x5B0C, 0x5B0C, 0x5B0C, 0x5B0C, 0x5AEC,
0x5AEC, 0x5ACC, 0x5ACC, 0x5ACC, 0x5ACC, 0x5ACC, 0x52CB, 0x52AB, 0x52AB, 0x528A, 0x528A, 0x4A6A,
0x4249, 0x4249, 0x4229, 0x4229, 0x3A29, 0x3A09, 0x3A08, 0x39E8, 0x39E8, 0x39E8, 0x31C8, 0x31C7,
0x31C8, 0x31A7, 0x2987, 0x29A7, 0x2987, 0x2967, 0x2987, 0x2166, 0x2146, 0x2146, 0x1925, 0x1925,
0x1905, 0x1905, 0x1904, 0x1905, 0x1905, 0x1905, 0x10E4, 0x10E4, 0x10C4, 0x10E4, 0x10C4, 0x10C4,
0x18E4, 0x1905, 0x1905, 0x18E4, 0x10E4, 0x10C4, 0x10C4, 0x10C4, 0x10E4, 0x10E4, 0x10C4, 0x10C4,
0x10C4, 0x10C3, 0x10C3, 0x10C3, 0x10C4, 0x10C4, 0x10E4, 0x10E4, 0x10E4, 0x10E4, 0x10E4, 0x10E4,
0x18E4, 0x10E4, 0x18E4, 0x10E4, 0x18E4, 0x18E4, 0x18E5, 0x18E4, 0x1905, 0x1904, 0x1904, 0x18E4,
0x18E4, 0x18E4, 0x1905, 0x1905, 0x1905, 0x1905, 0x1905, 0x1905, 0x1905, 0x1905, 0x18E5, 0x1905,
0x18E4, 0x10E4, 0x18E5, 0x18E4, 0x18E5, 0x10E4, 0x10E4, 0x10E4, 0x10E4, 0x18E4, 0x18E4, 0x18E4,
0x1905, 0x1905, 0x1905, 0x1905, 0x18E4, 0x1905, 0x1905, 0x1905, 0x1925, 0x4229, 0x73CF, 0x7BCF,
0x6B6D, 0x52AB, 0x52AB, 0x52CB, 0x5ACB, 0x5AEB, 0x5AEB, 0x5AEB, 0x5AEC, 0x630C, 0x5B0C, 0x5AEB,
0x52CB, 0x5AEC, 0x5B0C, 0x632D, 0x6B6D, 0x738E, 0x6B6D, 0x632C, 0x6B4D, 0x6B4D, 0x632D, 0x630C,
0x630C, 0x632C, 0x6B6D, 0x6B6D, 0x6B6D, 0x738E, 0x6B6E, 0x738E, 0x6B6E, 0x632C, 0x52AB, 0x5ACB,
0x5ACB, 0x52AB, 0x52AB, 0x52AB, 0x52AB, 0x4A8A, 0x4A6A, 0x4A49, 0x4229, 0x4208, 0x3A08, 0x39E8,
0x31A7, 0x31A6, 0x2986, 0x2966, 0x2145, 0x2145, 0x2145, 0x2125, 0x2145, 0x2145, 0x2145, 0x2145,
0x2146, 0x2966, 0x2986, 0x2986, 0x2987, 0x2987, 0x31A7, 0x31C7, 0x39E8, 0x3A08, 0x4229, 0x4229,
0x4A49, 0x4A6A, 0x4A6A, 0x528A, 0x528A, 0x528A, 0x52AA, 0x52AA, 0x52AB, 0x52CB, 0x52AA, 0x52AA,
0x528A, 0x4A69, 0x4249, 0x4229, 0x3A08, 0x4A69, 0x630C, 0x4208, 0x10C4, 0x10A3, 0x0021, 0x0021,
0x0021, 0x0021, 0x0021, 0x0021, 0x0021, 0x0021, 0x0021, 0x0021, 0x528B, 0x52AB, 0x52AB, 0x52AB,
0x52AB, 0x52AB, 0x52AB, 0x52AB, 0x52AB, 0x52AB, 0x52AB, 0x52AB, 0x52CB, 0x52CB, 0x52CB, 0x52CB,
0x5ACC, 0x5ACC, 0x5AEC, 0x5AEC, 0x5ACC, 0x5ACC, 0x5ACC, 0x5ACC, 0x5ACC, 0x5ACC, 0x5AEC, 0x5AEC,
0x5B0C, 0x630D, 0x630D, 0x630D, 0x630D, 0x630D, 0x630C, 0x630C, 0x630C, 0x630D, 0x632D, 0x632D,
0x632D, 0x634D, 0x6B4D, 0x6B4D, 0x6B4D, 0x6B6E, 0x6B4E, 0x6B4D, 0x634D, 0x6B6D, 0x6B6E, 0x738E,
0x6B8E, 0x738E, 0x738E, 0x738E, 0x6B4E, 0x632D, 0x5B0C, 0x52AB, 0x528B, 0x5ACC, 0x630D, 0x632D,
0x6B4D, 0x6B6E, 0x6B6E, 0x6B8E, 0x6B6E, 0x6B6E, 0x6B8E, 0x6B8E, 0x6B8E, 0x6B6E, 0x738E, 0x6B8E,
0x738E, 0x6B8E, 0x6B8E, 0x6B6E, 0x6B6E, 0x6B6E, 0x6B6E, 0x6B4D, 0x632D, 0x634D, 0x632D, 0x632D,
0x632D, 0x632D, 0x632D, 0x630C, 0x5B0C, 0x5B0C, 0x5AEC, 0x5AEC, 0x5AEC, 0x5ACC, 0x5ACC, 0x5ACC,
0x5ACC, 0x5ACC, 0x52CB, 0x52CB, 0x52AB, 0x4A8A, 0x528A, 0x4A8A, 0x4A69, 0x4249, 0x4229, 0x4229,
0x3A29, 0x3A09, 0x3A08, 0x39E8, 0x31E8, 0x31E8, 0x31E7, 0x31C8, 0x31C7, 0x29A7, 0x2987, 0x2987,
0x2987, 0x2967, 0x2966, 0x2966, 0x2166, 0x2146, 0x1925, 0x1905, 0x1905, 0x1905, 0x18E4, 0x10E4,
0x1905, 0x1905, 0x10E4, 0x10E4, 0x10C4, 0x10E4, 0x10E4, 0x10E4, 0x10E4, 0x10E4, 0x18E5, 0x10E4,
0x10E4, 0x10C4, 0x10C4, 0x10C4, 0x10E4, 0x10E4, 0x10C4, 0x10C4, 0x10C4, 0x10C4, 0x10C4, 0x10C4,
0x10C4, 0x10C4, 0x10E4, 0x10E4, 0x10E4, 0x10E4, 0x10E4, 0x10E4, 0x18E4, 0x10E4, 0x18E4, 0x10E4,
0x18E4, 0x18E5, 0x18E5, 0x18E5, 0x18E5, 0x18E4, 0x18E5, 0x18E4, 0x18E4, 0x1905, 0x18E5, 0x1905,
0x1905, 0x1905, 0x1905, 0x1905, 0x1905, 0x1905, 0x18E4, 0x18E5, 0x18E5, 0x10E4, 0x10C4, 0x10E4,
0x18E4, 0x10E4, 0x10C4, 0x10C4, 0x10C4, 0x10C4, 0x18E4, 0x18E4, 0x18E4, 0x18E4, 0x1905, 0x1905,
0x18E5, 0x1905, 0x1905, 0x1905, 0x1905, 0x39C8, 0x738E, 0x7BEF, 0x738E, 0x5ACB, 0x52CB, 0x52CB,
0x5ACB, 0x5AEB, 0x5AEB, 0x5AEC, 0x5B0C, 0x630C, 0x630C, 0x5AEC, 0x5AEC, 0x5B0C, 0x632D, 0x6B6E,
0x738E, 0x738E, 0x738E, 0x738E, 0x632D, 0x5AEC, 0x5ACB, 0x5ACB, 0x5ACB, 0x5ACB, 0x5AEC, 0x5AEC,
0x632C, 0x634D, 0x6B4D, 0x6B4D, 0x632C, 0x632D, 0x5ACB, 0x528A, 0x4A8A, 0x4A6A, 0x4A4A, 0x4A49,
0x4249, 0x4229, 0x3A08, 0x3A08, 0x39E8, 0x31C7, 0x31C7, 0x31A7, 0x2966, 0x2166, 0x2166, 0x2145,
0x2125, 0x1905, 0x1925, 0x1925, 0x2125, 0x2125, 0x2125, 0x2145, 0x2145, 0x2966, 0x2986, 0x2966,
0x2986, 0x2986, 0x3187, 0x31A7, 0x31C7, 0x39E8, 0x3A08, 0x4229, 0x4249, 0x4A49, 0x4A6A, 0x528A,
0x528A, 0x528A, 0x52AA, 0x52AA, 0x52CB, 0x5ACB, 0x52AB, 0x52AB, 0x528A, 0x4A6A, 0x4A69, 0x4A6A,
0x528A, 0x52AA, 0x5AEC, 0x31A7, 0x10E4, 0x10A3, 0x0041, 0x0021, 0x0021, 0x0021, 0x0021, 0x0021,
0x0021, 0x0021, 0x0021, 0x0021, 0x528B, 0x52AB, 0x52AB, 0x52AB, 0x528B, 0x528B, 0x528B, 0x52AB,
0x52AB, 0x52AB, 0x52AB, 0x52CC, 0x52CB, 0x52CB, 0x52CB, 0x52CB, 0x52CC, 0x52CC, 0x5AEC, 0x5AEC,
0x5AEC, 0x5ACC, 0x5AEC, 0x5AEC, 0x5AEC, 0x5AEC, 0x5AEC, 0x5AEC, 0x5AEC, 0x630D, 0x630D, 0x630D,
0x630D, 0x630D, 0x630D, 0x630D, 0x630D, 0x630D, 0x632D, 0x632D, 0x632D, 0x632D, 0x634D, 0x6B4E,
0x6B4E, 0x6B6E, 0x6B6E, 0x634E, 0x6B4D, 0x6B4D, 0x6B6D, 0x6B6E, 0x6B6E, 0x738E, 0x736E, 0x738E,
0x736E, 0x6B4E, 0x6B4E, 0x632D, 0x630C, 0x632D, 0x6B4D, 0x6B6E, 0x6B6E, 0x6B8E, 0x738F, 0x6B6E,
0x6B6E, 0x6B6E, 0x736E, 0x736E, 0x736E, 0x736E, 0x738E, 0x738E, 0x738E, 0x736E, 0x738E, 0x6B6E,
0x6B6E, 0x6B6E, 0x6B6E, 0x6B6E, 0x6B6E, 0x6B4D, 0x632D, 0x632D, 0x632D, 0x632D, 0x632D, 0x630D,
0x5B0C, 0x5B0C, 0x5AEC, 0x5AEC, 0x5ACC, 0x5ACC, 0x5ACC, 0x5ACC, 0x5ACC, 0x5ACC, 0x52CB, 0x52CB,
0x52CB, 0x52AB, 0x4A8B, 0x4A8A, 0x4A6A, 0x4249, 0x4249, 0x4229, 0x4229, 0x3A09, 0x3A09, 0x39E8,
0x31E8, 0x31C7, 0x31C7, 0x31A8, 0x31A7, 0x2987, 0x2987, 0x2987, 0x2966, 0x2966, 0x2967, 0x2166,
0x2146, 0x2126, 0x1925, 0x1905, 0x1905, 0x1905, 0x18E5, 0x10E4, 0x10E4, 0x10E4, 0x10E4, 0x10E4,
0x10C4, 0x10C4, 0x10E4, 0x10E4, 0x10E4, 0x10E4, 0x10E4, 0x10E4, 0x10E4, 0x10A4, 0x10C4, 0x10C4,
0x10E4, 0x10E4, 0x10C4, 0x10C3, 0x10C3, 0x10C4, 0x10C4, 0x10C4, 0x10C4, 0x10C4, 0x10C4, 0x10C4,
0x10E4, 0x10E4, 0x10E4, 0x10E4, 0x10E4, 0x10E4, 0x10E4, 0x10E4, 0x10E4, 0x18E5, 0x18E5, 0x18E5,
0x18E5, 0x1905, 0x18E5, 0x1905, 0x1905, 0x1905, 0x10E4, 0x10E4, 0x18E4, 0x1905, 0x18E4, 0x1905,
0x1905, 0x1905, 0x18E4, 0x10E4, 0x10E4, 0x10C4, 0x10C4, 0x10E4, 0x10E4, 0x10C4, 0x10C4, 0x10C4,
0x10C4, 0x10E4, 0x10E4, 0x10C4, 0x10E4, 0x18E4, 0x1905, 0x1905, 0x18E4, 0x1905, 0x1905, 0x1905,
0x2105, 0x2966, 0x6B6D, 0x83EF, 0x7BCF, 0x5AEC, 0x52CB, 0x52CB, 0x5ACC, 0x5AEC, 0x5AEC, 0x630C,
0x630C, 0x630C, 0x630C, 0x630C, 0x630C, 0x632D, 0x6B2D, 0x73AF, 0x73AF, 0x738F, 0x6B6E, 0x5AEC,
0x5ACB, 0x52CB, 0x52CB, 0x52AB, 0x52AB, 0x52AB, 0x52CB, 0x52CB, 0x52CB, 0x5ACB, 0x5AEC, 0x632D,
0x630C, 0x630C, 0x5B0C, 0x52AA, 0x4A6A, 0x4A49, 0x4249, 0x4229, 0x4209, 0x3A08, 0x39E8, 0x39C8,
0x31A7, 0x3187, 0x2986, 0x2966, 0x2146, 0x2145, 0x2125, 0x2105, 0x1905, 0x18E5, 0x1905, 0x1905,
0x1905, 0x1905, 0x1925, 0x2125, 0x2125, 0x2146, 0x2966, 0x2966, 0x2966, 0x2966, 0x2986, 0x3187,
0x31A7, 0x31C7, 0x39E8, 0x3A08, 0x4229, 0x4249, 0x4A4A, 0x4A6A, 0x528A, 0x528A, 0x52AA, 0x52AB,
0x5ACB, 0x5ACB, 0x5ACB, 0x5ACB, 0x52AB, 0x528A, 0x52AB, 0x52AA, 0x528A, 0x5ACB, 0x52CB, 0x2966,
0x10E4, 0x08A3, 0x0042, 0x0021, 0x0021, 0x0021, 0x0021, 0x0021, 0x0021, 0x0021, 0x0021, 0x0021,
0x528B, 0x52AB, 0x52AB, 0x52AB, 0x528B, 0x528B, 0x528B, 0x52AB, 0x52AB, 0x52AB, 0x52AB, 0x52CB,
0x52CB, 0x52CB, 0x52CB, 0x5AEC, 0x52CB, 0x52CC, 0x5AEC, 0x5AEC, 0x5AEC, 0x5AEC, 0x5AEC, 0x5AEC,
0x5AEC, 0x5AEC, 0x5AEC, 0x5AEC, 0x5AEC, 0x630D, 0x630D, 0x630D, 0x630D, 0x630D, 0x630D, 0x630D,
0x630D, 0x630C, 0x632D, 0x632D, 0x634D, 0x634D, 0x634D, 0x6B4E, 0x6B4E, 0x6B6E, 0x6B6E, 0x634E,
0x6B4D, 0x6B4D, 0x6B6D, 0x6B6E, 0x6B6E, 0x738E, 0x738E, 0x738E, 0x738E, 0x736E, 0x736E, 0x6B6E,
0x6B4D, 0x6B6D, 0x6B6E, 0x6B8E, 0x738F, 0x738F, 0x738F, 0x6B6E, 0x6B6E, 0x6B6E, 0x6B8E, 0x6B8E,
0x6B8E, 0x6B8E, 0x6B8E, 0x73AF, 0x738E, 0x6B8E, 0x6B8E, 0x6B8E, 0x6B6E, 0x6B6E, 0x6B6E, 0x6B6E,
0x6B6E, 0x6B6E, 0x632D, 0x632D, 0x632D, 0x632D, 0x632D, 0x630D, 0x5B0C, 0x5B0C, 0x5AEC, 0x5AEC,
0x5ACC, 0x5ACC, 0x5ACC, 0x5ACC, 0x5ACC, 0x5ACC, 0x52CB, 0x52CB, 0x52CB, 0x4A8B, 0x4A8B, 0x4A8A,
0x4A4A, 0x424A, 0x4249, 0x4229, 0x4229, 0x3A09, 0x3A08, 0x39E8, 0x31C8, 0x31E7, 0x31C7, 0x31A7,
0x29A7, 0x2987, 0x2987, 0x2987, 0x2967, 0x2966, 0x2166, 0x2166, 0x2126, 0x2146, 0x1925, 0x1905,
0x1905, 0x10E4, 0x18E4, 0x10E4, 0x10C4, 0x10C4, 0x10C4, 0x10E4, 0x10E4, 0x10E4, 0x10C4, 0x10E4,
0x10E4, 0x10E4, 0x10E4, 0x10E4, 0x10E4, 0x10C4, 0x10C4, 0x10E4, 0x10E4, 0x10E4, 0x10C4, 0x10C4,
0x10C3, 0x10C4, 0x10C4, 0x10C4, 0x10C4, 0x10C4, 0x10C4, 0x10C4, 0x10C4, 0x10E4, 0x10C4, 0x10C4,
0x10E4, 0x10E4, 0x10E4, 0x10E4, 0x10E4, 0x18E4, 0x18E4, 0x18E4, 0x18E5, 0x18E5, 0x18E5, 0x10E4,
0x10E4, 0x10E4, 0x10E4, 0x10E4, 0x18E4, 0x18E4, 0x18E4, 0x18E4, 0x18E4, 0x18E4, 0x10E4, 0x10E4,
0x10C4, 0x10C4, 0x10C4, 0x10E4, 0x10E4, 0x10C4, 0x10C4, 0x10C4, 0x10C4, 0x10E4, 0x10C4, 0x10C4,
0x10C4, 0x10C4, 0x18E5, 0x1905, 0x18E4, 0x1905, 0x1905, 0x1905, 0x1905, 0x2145, 0x632C, 0x8410,
0x7BCF, 0x632D, 0x5ACB, 0x52CB, 0x5AEC, 0x5AEC, 0x5AEC, 0x630C, 0x630C, 0x630C, 0x630C, 0x630C,
0x630C, 0x632D, 0x6B4D, 0x73AF, 0x738E, 0x6B4E, 0x5AEC, 0x5ACC, 0x5ACB, 0x52CB, 0x52CB, 0x52AB,
0x52AB, 0x52AB, 0x52CB, 0x52CB, 0x52CB, 0x52AB, 0x52AB, 0x528B, 0x5ACB, 0x5AEC, 0x5AEB, 0x5AEB,
0x528A, 0x4229, 0x4229, 0x3A08, 0x39E8, 0x39E7, 0x31C7, 0x31A7, 0x3187, 0x2966, 0x2145, 0x2145,
0x2125, 0x1905, 0x1905, 0x18E5, 0x18E4, 0x18E4, 0x18E4, 0x1905, 0x1905, 0x1905, 0x1905, 0x1925,
0x1925, 0x1925, 0x2146, 0x2166, 0x2166, 0x2166, 0x2966, 0x2987, 0x3187, 0x31A7, 0x31C7, 0x39E8,
0x3A09, 0x4249, 0x424A, 0x4A6A, 0x528A, 0x528A, 0x52AA, 0x52AB, 0x5ACB, 0x5ACB, 0x5ACB, 0x5ACB,
0x5ACB, 0x5ACB, 0x5ACB, 0x52AB, 0x5ACB, 0x5B0C, 0x3A08, 0x2145, 0x1904, 0x08A3, 0x0042, 0x0021,
0x0021, 0x0021, 0x0021, 0x0021, 0x0021, 0x0021, 0x0021, 0x0021, 0x52AB, 0x52AB, 0x52AB, 0x52AB,
0x528B, 0x528B, 0x528B, 0x52AB, 0x52AB, 0x52AB, 0x52AB, 0x52CB, 0x52CB, 0x52CB, 0x52CB, 0x52CB,
0x52CB, 0x5ACC, 0x5AEC, 0x5AEC, 0x5AEC, 0x5AEC, 0x5B0C, 0x5B0C, 0x5B0C, 0x5B0C, 0x5AEC, 0x5AEC,
0x5AEC, 0x62EC, 0x630D, 0x630D, 0x630D, 0x630D, 0x630D, 0x630D, 0x630D, 0x632D, 0x632D, 0x632D,
0x634D, 0x632D, 0x634D, 0x6B4E, 0x6B4E, 0x634E, 0x634E, 0x634E, 0x6B4D, 0x6B4D, 0x6B4D, 0x6B6D,
0x6B6E, 0x6B6E, 0x6B6E, 0x736E, 0x73AF, 0x73AF, 0x738E, 0x738E, 0x738E, 0x738E, 0x738E, 0x738E,
0x73AF, 0x73AF, 0x73AF, 0x738E, 0x738E, 0x738E, 0x738E, 0x738E, 0x738E, 0x738E, 0x738E, 0x738E,
0x738E, 0x738E, 0x6B8E, 0x6B8E, 0x6B8E, 0x6B6E, 0x6B8E, 0x6B8E, 0x6B6E, 0x6B6E, 0x6B4D, 0x6B4D,
0x634D, 0x632D, 0x632D, 0x630C, 0x630C, 0x5B0C, 0x5B0C, 0x5AEC, 0x5AEC, 0x5ACC, 0x5AEC, 0x5AEC,
0x5AEC, 0x5ACC, 0x52CB, 0x52AB, 0x52AB, 0x52AB, 0x52AB, 0x4A8A, 0x4A6A, 0x424A, 0x424A, 0x4229,
0x4229, 0x3A09, 0x3A08, 0x39E8, 0x31E8, 0x31C7, 0x31A7, 0x2987, 0x2987, 0x2987, 0x2967, 0x2166,
0x2166, 0x2146, 0x2126, 0x2125, 0x2125, 0x1905, 0x1905, 0x1905, 0x10E4, 0x10E4, 0x10C4, 0x10C4,
0x10C4, 0x10C4, 0x10E4, 0x10E4, 0x10C4, 0x10E4, 0x10C4, 0x10C4, 0x10C4, 0x10C4, 0x10C4, 0x10C4,
0x10C4, 0x10C4, 0x10C4, 0x10C4, 0x10C4, 0x10C4, 0x10C4, 0x10A4, 0x10A4, 0x10C4, 0x10C3, 0x10C3,
0x10C4, 0x10C4, 0x10C4, 0x10C4, 0x10C4, 0x10E4, 0x10C4, 0x10E4, 0x10E4, 0x10E4, 0x10E4, 0x10E4,
0x10E4, 0x10E4, 0x18E4, 0x10E4, 0x18E4, 0x10E4, 0x18E5, 0x10E4, 0x10E4, 0x10E4, 0x10E4, 0x10E4,
0x18E4, 0x10E4, 0x18E4, 0x18E4, 0x10E4, 0x10E4, 0x10E4, 0x10E4, 0x10C4, 0x10C4, 0x10C4, 0x10C4,
0x10C4, 0x10C4, 0x10C4, 0x10C4, 0x10C4, 0x10C4, 0x10C4, 0x10C4, 0x10E4, 0x10E4, 0x18E5, 0x18E5,
0x10E4, 0x18E5, 0x18E5, 0x18E5, 0x18E4, 0x2125, 0x5ACB, 0x83EF, 0x7BCF, 0x6B6D, 0x5ACB, 0x5ACB,
0x5AEC, 0x5AEC, 0x5B0C, 0x630C, 0x630C, 0x630C, 0x630C, 0x630C, 0x630C, 0x632D, 0x736E, 0x7BAF,
0x73AF, 0x632D, 0x5ACC, 0x5ACC, 0x5ACB, 0x52CB, 0x52CB, 0x52CB, 0x52AB, 0x52AB, 0x52CB, 0x5ACB,
0x52AB, 0x52AB, 0x52AB, 0x528A, 0x4A6A, 0x4A6A, 0x5ACB, 0x5ACB, 0x52AB, 0x4249, 0x39E8, 0x39C8,
0x31C7, 0x31A7, 0x2986, 0x2986, 0x2966, 0x2145, 0x1925, 0x1904, 0x18E4, 0x18E4, 0x18E4, 0x18E4,
0x18E4, 0x18E4, 0x18E4, 0x18E4, 0x18E4, 0x18E4, 0x1905, 0x1905, 0x1905, 0x1925, 0x2146, 0x2146,
0x2166, 0x2166, 0x2166, 0x2966, 0x2966, 0x2987, 0x31C7, 0x31C7, 0x3A08, 0x4229, 0x4249, 0x4A6A,
0x528A, 0x52AB, 0x52CB, 0x5ACB, 0x5ACB, 0x5ACB, 0x5ACB, 0x5ACB, 0x5ACB, 0x5ACB, 0x5ACB, 0x5ACB,
0x5AEB, 0x4A8A, 0x2986, 0x2145, 0x18E4, 0x10A3, 0x0042, 0x0021, 0x0021, 0x0021, 0x0021, 0x0021,
0x0021, 0x0021, 0x0021, 0x0021, 0x5AAB, 0x52AB, 0x52AB, 0x52AB, 0x528B, 0x528B, 0x528B, 0x52AB,
0x52AB, 0x52AB, 0x52AB, 0x52CB, 0x52CB, 0x52CB, 0x52CB, 0x52CB, 0x52CB, 0x5ACC, 0x5AEC, 0x5AEC,
0x5AEC, 0x5B0C, 0x5B0C, 0x5B0C, 0x5B0C, 0x630C, 0x5B0C, 0x5AEC, 0x5AEC, 0x62EC, 0x630D, 0x630D,
0x630D, 0x630D, 0x630D, 0x630D, 0x630D, 0x632D, 0x632D, 0x632D, 0x634D, 0x634D, 0x634D, 0x6B4E,
0x6B4E, 0x634E, 0x634E, 0x634E, 0x6B4D, 0x6B4D, 0x6B4D, 0x6B6D, 0x6B6E, 0x6B8E, 0x6B6E, 0x6B6E,
0x73AF, 0x73AE, 0x73AE, 0x73CF, 0x73CF, 0x73AF, 0x738E, 0x73AF, 0x73AF, 0x73AF, 0x73AF, 0x73AF,
0x73AE, 0x73AE, 0x73AE, 0x738E, 0x738E, 0x738E, 0x738E, 0x73AE, 0x6B8E, 0x738E, 0x6B8E, 0x6B8E,
0x6B8E, 0x6B6E, 0x6B8E, 0x6B8E, 0x6B6E, 0x6B6E, 0x6B6E, 0x6B4D, 0x634D, 0x632D, 0x630C, 0x630C,
0x630C, 0x5B0C, 0x5B0C, 0x5B0C, 0x5AEC, 0x5AEC, 0x5ACC, 0x5AEC, 0x5AEC, 0x5ACC, 0x52CB, 0x52AB,
0x52AB, 0x52AB, 0x52AB, 0x4A8A, 0x4A6A, 0x426A, 0x4229, 0x4229, 0x4229, 0x3A09, 0x3A08, 0x31C8,
0x31E8, 0x29C7, 0x29A7, 0x2987, 0x2987, 0x2967, 0x2967, 0x2166, 0x2146, 0x2146, 0x2146, 0x1925,
0x1905, 0x1905, 0x1905, 0x1905, 0x10E4, 0x10E4, 0x10C4, 0x10C4, 0x10C4, 0x10C4, 0x10C4, 0x10C4,
0x10E4, 0x10C4, 0x10C4, 0x10C4, 0x10C4, 0x10C4, 0x10C4, 0x10C4, 0x10C4, 0x10C4, 0x10C4, 0x10C4,
0x10C4, 0x10C3, 0x10C4, 0x10A4, 0x10A4, 0x10C3, 0x10C3, 0x10C3, 0x10C4, 0x10C4, 0x10C4, 0x10C4,
0x10C4, 0x10C4, 0x10E4, 0x10C4, 0x10E4, 0x10E4, 0x10E4, 0x10E4, 0x10E4, 0x10E4, 0x18E4, 0x10E4,
0x18E5, 0x18E4, 0x1905, 0x10E4, 0x10E4, 0x10E4, 0x10E4, 0x10E4, 0x10E4, 0x10E4, 0x18E4, 0x18E4,
0x18E4, 0x10E4, 0x10E4, 0x10C4, 0x10C4, 0x10C4, 0x10C4, 0x10C4, 0x10C4, 0x10C4, 0x10C4, 0x10C4,
0x10C4, 0x10C4, 0x10C4, 0x10C4, 0x10E4, 0x10E4, 0x10E4, 0x10E4, 0x10E4, 0x18E5, 0x18E5, 0x18E5,
0x1904, 0x1905, 0x528A, 0x83EF, 0x83EF, 0x738E, 0x5AEC, 0x5ACB, 0x5AEC, 0x5B0C, 0x5B0C, 0x630C,
0x630C, 0x630C, 0x630C, 0x630C, 0x630C, 0x6B4E, 0x73AF, 0x73AF, 0x738E, 0x5AEC, 0x5ACC, 0x5ACB,
0x52CB, 0x52CB, 0x52CB, 0x52CB, 0x52CB, 0x52AB, 0x52CB, 0x5ACB, 0x52AB, 0x52AA, 0x528A, 0x4A6A,
0x4A6A, 0x4249, 0x4249, 0x528A, 0x4A6A, 0x4249, 0x39E8, 0x31A7, 0x2987, 0x2986, 0x2966, 0x2145,
0x2125, 0x1905, 0x1905, 0x10E4, 0x10E4, 0x10E4, 0x18E4, 0x18E4, 0x18C4, 0x10C4, 0x18C4, 0x18E4,
0x18E4, 0x18E4, 0x18E4, 0x1905, 0x1905, 0x1905, 0x1905, 0x2125, 0x2145, 0x2145, 0x2145, 0x2125,
0x2145, 0x2966, 0x31A7, 0x31C7, 0x39E8, 0x3A09, 0x4249, 0x4A6A, 0x528A, 0x52AB, 0x52CB, 0x5ACB,
0x5ACB, 0x5ACB, 0x5ACB, 0x5ACB, 0x5ACB, 0x5ACB, 0x5ACB, 0x5AEB, 0x5AEB, 0x3A08, 0x2966, 0x2145,
0x18E4, 0x10A3, 0x0042, 0x0021, 0x0021, 0x0021, 0x0021, 0x0021, 0x0021, 0x0021, 0x0021, 0x0021,
0x52CB, 0x52CB, 0x52AB, 0x52AB, 0x528B, 0x528B, 0x528B, 0x52AB, 0x52AB, 0x52AB, 0x52AB, 0x52CB,
0x52CB, 0x5AEB, 0x5ACB, 0x52CC, 0x52CB, 0x5ACC, 0x5AEC, 0x5AEC, 0x5AEC, 0x5B0C, 0x630C, 0x5B0C,
0x630C, 0x630C, 0x5B0C, 0x5B0C, 0x5AEC, 0x62EC, 0x630D, 0x630D, 0x630D, 0x630D, 0x630D, 0x630D,
0x630D, 0x632D, 0x632D, 0x632C, 0x632D, 0x634D, 0x634D, 0x6B4E, 0x6B4E, 0x634E, 0x634E, 0x634E,
0x6B4D, 0x6B4D, 0x6B4D, 0x6B6E, 0x6B6E, 0x6B8E, 0x6B8E, 0x6B8E, 0x73AF, 0x73AE, 0x73AE, 0x7BCF,
0x7BCF, 0x7BCF, 0x73AF, 0x73AF, 0x73AF, 0x73AF, 0x73AF, 0x73AF, 0x73AE, 0x73AE, 0x73AE, 0x73AE,
0x6B8E, 0x6B8E, 0x73AE, 0x73AE, 0x6B8E, 0x73AF, 0x738E, 0x6B8E, 0x6B8E, 0x6B8E, 0x6B8E, 0x6B8E,
0x6B6E, 0x6B6E, 0x6B6E, 0x6B6E, 0x634D, 0x634D, 0x632D, 0x630C, 0x630D, 0x5B0C, 0x5B0C, 0x5B0C,
0x5AEC, 0x5AEC, 0x5AEC, 0x5AEC, 0x5AEC, 0x5ACC, 0x52CB, 0x52AB, 0x52AB, 0x52AB, 0x4A8A, 0x4A8A,
0x4A6A, 0x424A, 0x4249, 0x4229, 0x4209, 0x3A08, 0x3A08, 0x31C7, 0x31C7, 0x29A7, 0x29A7, 0x2987,
0x2967, 0x2966, 0x2146, 0x2146, 0x2146, 0x2126, 0x1925, 0x1925, 0x1905, 0x1905, 0x1905, 0x10E4,
0x10E4, 0x10E4, 0x10E4, 0x10C4, 0x10C4, 0x10C4, 0x10C4, 0x08A3, 0x10C4, 0x10C4, 0x10C4, 0x10C4,
0x10C4, 0x10C4, 0x10C4, 0x10C4, 0x10C4, 0x08A3, 0x10C4, 0x10C4, 0x10C4, 0x10C3, 0x10C4, 0x10A4,
0x10A4, 0x08A3, 0x10C3, 0x10C4, 0x10C4, 0x10C4, 0x10C4, 0x10C4, 0x10C4, 0x10C4, 0x10C4, 0x10C4,
0x10C4, 0x10C4, 0x10C4, 0x10E4, 0x10E4, 0x10E4, 0x18E4, 0x10E4, 0x10E4, 0x10E4, 0x18E5, 0x10E4,
0x10E4, 0x10E4, 0x10E4, 0x10E4, 0x10E4, 0x10C4, 0x10E4, 0x18E4, 0x18E4, 0x10E4, 0x10E4, 0x10E4,
0x10C4, 0x10C4, 0x10C4, 0x10C4, 0x10C4, 0x10C4, 0x10E4, 0x10E4, 0x10C4, 0x10C4, 0x10C4, 0x10C4,
0x10E4, 0x10E4, 0x10C4, 0x10C4, 0x18E4, 0x18E5, 0x18E5, 0x18E4, 0x1904, 0x1905, 0x4A49, 0x7BAF,
0x8410, 0x73AE, 0x5AEC, 0x5ACB, 0x5AEC, 0x5AEC, 0x62EC, 0x630C, 0x630C, 0x630C, 0x630C, 0x630C,
0x630C, 0x738E, 0x7BCF, 0x73AF, 0x6B4D, 0x5ACC, 0x5AEC, 0x5ACB, 0x52CB, 0x52CB, 0x52CB, 0x52AB,
0x5ACB, 0x52AB, 0x52CB, 0x52AB, 0x528A, 0x4A8A, 0x4A6A, 0x4249, 0x4249, 0x4229, 0x3A08, 0x3A08,
0x4209, 0x39E8, 0x31A8, 0x2987, 0x2166, 0x2145, 0x2145, 0x1904, 0x1905, 0x18E4, 0x10E4, 0x10E4,
0x10C4, 0x10C4, 0x10C4, 0x10C4, 0x10C4, 0x10C4, 0x10C4, 0x18C4, 0x10E4, 0x10E4, 0x18E4, 0x1905,
0x1905, 0x1905, 0x1905, 0x1905, 0x2145, 0x2145, 0x2145, 0x2125, 0x2145, 0x2146, 0x2986, 0x31A7,
0x31C8, 0x3A08, 0x4229, 0x4A6A, 0x528A, 0x52AB, 0x52CB, 0x52CB, 0x5ACB, 0x5ACB, 0x5ACB, 0x5ACB,
0x5ACB, 0x5ACB, 0x5AEB, 0x5B0C, 0x4A49, 0x31C7, 0x2966, 0x2145, 0x18E4, 0x10A3, 0x0042, 0x0021,
0x0021, 0x0021, 0x0021, 0x0021, 0x0021, 0x0021, 0x0021, 0x0021, 0x52AB, 0x52AB, 0x52AB, 0x52AB,
0x52CB, 0x52CB, 0x52CB, 0x52AB, 0x52AB, 0x52AB, 0x52AB, 0x52CB, 0x52CB, 0x52CC, 0x5ACC, 0x5ACC,
0x5ACC, 0x5AEC, 0x5B0C, 0x5B0C, 0x5B0C, 0x5B0C, 0x630D, 0x630D, 0x630D, 0x630D, 0x630C, 0x630C,
0x5B0C, 0x5AEC, 0x5B0C, 0x630C, 0x630D, 0x632D, 0x632D, 0x632D, 0x632D, 0x632D, 0x632D, 0x632D,
0x632D, 0x632D, 0x632D, 0x634D, 0x634D, 0x6B4D, 0x6B4D, 0x6B4D, 0x6B4E, 0x6B4E, 0x6B4E, 0x6B6E,
0x6B6E, 0x6B6E, 0x738E, 0x6B8E, 0x738E, 0x73AF, 0x7BCF, 0x7BCF, 0x7BCF, 0x7BCF, 0x7BCF, 0x73CF,
0x73AF, 0x73AF, 0x73AF, 0x7BCF, 0x7BCF, 0x73AF, 0x73AE, 0x73AE, 0x73AF, 0x73AF, 0x73AE, 0x73AE,
0x73AE, 0x73AE, 0x73AE, 0x738E, 0x738E, 0x6B8E, 0x6B8E, 0x6B6E, 0x6B6E, 0x6B6E, 0x6B6E, 0x6B6E,
0x6B4D, 0x632D, 0x630C, 0x630C, 0x630D, 0x630D, 0x5AEC, 0x5AEC, 0x5AEC, 0x5AEC, 0x5B0C, 0x5AEC,
0x5ACC, 0x5ACC, 0x52CB, 0x52AB, 0x528B, 0x4A8B, 0x4A8B, 0x4A8B, 0x4A6A, 0x424A, 0x424A, 0x3A09,
0x3A09, 0x3A09, 0x3A08, 0x31C8, 0x29A7, 0x2987, 0x2987, 0x2987, 0x2146, 0x2146, 0x2145, 0x2145,
0x2146, 0x2126, 0x1925, 0x1905, 0x1905, 0x1905, 0x18E5, 0x10E4, 0x10C4, 0x10C4, 0x10C4, 0x10C4,
0x10C4, 0x10C3, 0x10C4, 0x10C3, 0x10C3, 0x10C4, 0x10C4, 0x10C4, 0x10C4, 0x10C4, 0x10C4, 0x10C4,
0x10C4, 0x10C3, 0x10A3, 0x10C4, 0x10C4, 0x10C4, 0x10C4, 0x10A4, 0x10A4, 0x10C3, 0x10C3, 0x10C3,
0x10C3, 0x10C3, 0x10C3, 0x10C3, 0x10C3, 0x10C4, 0x10C4, 0x10C4, 0x10C4, 0x10C4, 0x10C4, 0x10C4,
0x10E4, 0x10E4, 0x10E4, 0x10E4, 0x10E4, 0x10E4, 0x10E4, 0x10C4, 0x10C4, 0x10E4, 0x10E4, 0x10E4,
0x10E4, 0x10E4, 0x10E4, 0x18E4, 0x10E4, 0x10E4, 0x10E4, 0x10E4, 0x10C4, 0x10C4, 0x10C4, 0x10C4,
0x10C4, 0x10C4, 0x10C4, 0x10C4, 0x10C4, 0x10C4, 0x10C4, 0x10C4, 0x10C4, 0x10C4, 0x10C4, 0x10C4,
0x10C4, 0x18E4, 0x10E4, 0x10C4, 0x1905, 0x2125, 0x39C8, 0x7BEF, 0x83EF, 0x7BEF, 0x6B4D, 0x5AEC,
0x62EC, 0x5AEC, 0x5AEC, 0x630C, 0x630C, 0x630C, 0x630C, 0x630C, 0x632C, 0x73AE, 0x73CF, 0x73AF,
0x632D, 0x5AEC, 0x5AEC, 0x5ACB, 0x52CB, 0x52AB, 0x52AB, 0x52AB, 0x5ACB, 0x5ACB, 0x52AA, 0x52AA,
0x528A, 0x4A6A, 0x4A49, 0x4229, 0x4208, 0x39E8, 0x39E7, 0x31C7, 0x31A7, 0x2987, 0x2966, 0x2146,
0x2105, 0x2105, 0x1905, 0x18E4, 0x18E4, 0x10C4, 0x10C4, 0x10C4, 0x10C4, 0x10C4, 0x10C4, 0x10C4,
0x10C4, 0x10C4, 0x10C4, 0x10C3, 0x10C4, 0x10C4, 0x10C4, 0x10E4, 0x18E4, 0x18E4, 0x18E4, 0x10E4,
0x1925, 0x1925, 0x1905, 0x1925, 0x1925, 0x2125, 0x2145, 0x2966, 0x31C8, 0x39E8, 0x4249, 0x528A,
0x52AB, 0x5ACB, 0x5ACB, 0x5ACB, 0x5AEB, 0x5AEB, 0x5ACB, 0x5ACB, 0x5ACB, 0x5ACB, 0x630C, 0x52AB,
0x39E8, 0x31A7, 0x2966, 0x2125, 0x10C4, 0x0883, 0x0041, 0x0021, 0x0021, 0x0021, 0x0021, 0x0021,
0x0021, 0x0021, 0x0021, 0x0021, 0x52AB, 0x52AB, 0x52CB, 0x52CB, 0x52CB, 0x52CB, 0x52CB, 0x52AB,
0x52AB, 0x52AB, 0x52AB, 0x52CB, 0x52CB, 0x52CC, 0x5ACC, 0x5ACC, 0x5AEC, 0x5AEC, 0x5B0C, 0x5B0C,
0x5B0C, 0x5B0C, 0x630D, 0x630D, 0x630D, 0x630D, 0x630C, 0x630C, 0x5AEC, 0x5AEC, 0x5B0C, 0x630C,
0x630D, 0x630D, 0x634D, 0x634D, 0x634D, 0x634D, 0x634D, 0x632D, 0x632D, 0x632D, 0x632D, 0x634D,
0x634D, 0x6B4D, 0x6B4D, 0x6B4D, 0x6B4E, 0x6B4E, 0x6B4E, 0x6B6E, 0x6B6E, 0x6B6E, 0x6B6E, 0x738E,
0x738E, 0x738F, 0x7BAF, 0x7BEF, 0x7BEF, 0x7BEF, 0x7BEF, 0x7BCF, 0x73CF, 0x73AF, 0x73AF, 0x73CF,
0x73CF, 0x73CF, 0x73AE, 0x73AE, 0x73CE, 0x73AE, 0x73AE, 0x73AE, 0x73AE, 0x73AE, 0x738E, 0x738E,
0x738E, 0x6B8E, 0x6B8E, 0x6B6E, 0x6B6E, 0x6B6E, 0x6B6E, 0x6B6E, 0x6B4D, 0x632D, 0x632D, 0x630C,
0x5B0C, 0x5B0C, 0x5AEC, 0x5AEC, 0x5AEC, 0x5AEC, 0x5AEC, 0x5ACC, 0x5ACC, 0x5ACC, 0x52CB, 0x52AB,
0x528B, 0x4A8A, 0x4A8A, 0x4A8B, 0x4A6A, 0x424A, 0x422A, 0x3A29, 0x3A09, 0x39E8, 0x31E8, 0x31C8,
0x2987, 0x2987, 0x2987, 0x2166, 0x2166, 0x2146, 0x2146, 0x2145, 0x1925, 0x1925, 0x1925, 0x1905,
0x18E5, 0x10E4, 0x10E4, 0x10E4, 0x10C4, 0x10C4, 0x10C4, 0x10C4, 0x10C4, 0x10C3, 0x10C4, 0x10C4,
0x10C3, 0x10C4, 0x10C4, 0x10C4, 0x10C4, 0x10C4, 0x10C4, 0x10C4, 0x10A3, 0x10C3, 0x08A3, 0x10C4,
0x10C4, 0x10C4, 0x10C4, 0x08A3, 0x10C4, 0x10C3, 0x10C3, 0x10C3, 0x10C3, 0x10C3, 0x10C3, 0x10C3,
0x10C3, 0x10C4, 0x10C4, 0x10C4, 0x10C4, 0x10C4, 0x10C4, 0x10C4, 0x10E4, 0x10E4, 0x10C4, 0x10C4,
0x10E4, 0x10E4, 0x10E4, 0x10C4, 0x10C4, 0x10C4, 0x10E4, 0x10E4, 0x10C4, 0x10C4, 0x10C4, 0x10C4,
0x10C4, 0x10E4, 0x10E4, 0x10C4, 0x10C4, 0x10C4, 0x10C4, 0x10C4, 0x10C4, 0x10C4, 0x10C4, 0x10C4,
0x10C4, 0x10C4, 0x10C4, 0x10C4, 0x10C4, 0x10C4, 0x10C4, 0x10C4, 0x10C4, 0x10E4, 0x10E4, 0x18E4,
0x18E4, 0x1904, 0x2966, 0x6B4D, 0x83F0, 0x7BEF, 0x6B4D, 0x5AEC, 0x62EC, 0x5AEC, 0x5AEC, 0x630C,
0x630C, 0x630C, 0x630C, 0x630C, 0x632C, 0x73AE, 0x73CF, 0x73AF, 0x5B0C, 0x5AEB, 0x5AEC, 0x5ACB,
0x52AB, 0x52AB, 0x52AB, 0x52AB, 0x52CB, 0x52AB, 0x528A, 0x4A6A, 0x4A6A, 0x4A49, 0x4229, 0x3A08,
0x39E8, 0x31C7, 0x31A7, 0x2986, 0x2986, 0x2146, 0x2125, 0x2125, 0x1905, 0x1905, 0x18E4, 0x18C4,
0x10C4, 0x10C4, 0x10C4, 0x10C4, 0x10C4, 0x10C4, 0x10C4, 0x10C4, 0x10C3, 0x10C3, 0x10A3, 0x10A3,
0x10C3, 0x10C4, 0x10C4, 0x10C4, 0x10C4, 0x10E4, 0x10E4, 0x10E4, 0x1904, 0x1905, 0x1905, 0x1905,
0x1905, 0x1925, 0x2145, 0x2966, 0x39C8, 0x4209, 0x4A49, 0x528A, 0x52AB, 0x5ACB, 0x5ACB, 0x5ACB,
0x5AEB, 0x5AEB, 0x5ACB, 0x5ACC, 0x5ACB, 0x5AEC, 0x5AEB, 0x4229, 0x39E8, 0x3187, 0x2146, 0x1905,
0x10E4, 0x0883, 0x0041, 0x0021, 0x0021, 0x0021, 0x0021, 0x0021, 0x0021, 0x0021, 0x0021, 0x0021,
0x52AB, 0x52CB, 0x52CB, 0x52CB, 0x52CB, 0x52CB, 0x52CB, 0x52AB, 0x52AB, 0x52AB, 0x52AB, 0x52CB,
0x52CC, 0x52CC, 0x5ACC, 0x5AEC, 0x5AEC, 0x5AEC, 0x5B0C, 0x5B0C, 0x5B0C, 0x5B0C, 0x630C, 0x630D,
0x630D, 0x630D, 0x5B0C, 0x5B0C, 0x5AEC, 0x5AEC, 0x5B0C, 0x5B0C, 0x630D, 0x630D, 0x634D, 0x6B4D,
0x634D, 0x634D, 0x634D, 0x632D, 0x632D, 0x632D, 0x632D, 0x634D, 0x634D, 0x6B4D, 0x6B4D, 0x6B4D,
0x6B4D, 0x6B4D, 0x6B4D, 0x6B4D, 0x6B4D, 0x6B4E, 0x6B6E, 0x6B6E, 0x738E, 0x738E, 0x73AF, 0x7BEF,
0x7BF0, 0x7BF0, 0x7BEF, 0x7BEF, 0x7BCF, 0x7BCF, 0x73CF, 0x73CF, 0x73CF, 0x73CF, 0x73AF, 0x73AF,
0x73AF, 0x73AF, 0x73AE, 0x73AE, 0x73AE, 0x73AE, 0x738E, 0x738E, 0x738E, 0x738F, 0x6B8E, 0x6B6E,
0x6B6E, 0x6B6E, 0x6B6E, 0x6B6E, 0x6B6D, 0x634D, 0x632D, 0x632D, 0x5AEC, 0x5AEC, 0x5AEC, 0x5AEC,
0x5AEC, 0x5AEC, 0x5AEC, 0x5AEC, 0x5ACC, 0x5ACC, 0x52CB, 0x52AB, 0x52AB, 0x4A8A, 0x4A8A, 0x4A8A,
0x4A6A, 0x422A, 0x3A09, 0x3A09, 0x3A09, 0x31E8, 0x31E8, 0x31C8, 0x2987, 0x2987, 0x2987, 0x2146,
0x2146, 0x2146, 0x2146, 0x2145, 0x1925, 0x1925, 0x1905, 0x1905, 0x10E4, 0x10E4, 0x10C4, 0x10C4,
0x10C4, 0x10C4, 0x10C4, 0x10C4, 0x10C4, 0x10C4, 0x10C4, 0x10C4, 0x10C4, 0x10C4, 0x10C4, 0x10C4,
0x10C4, 0x10C4, 0x10C4, 0x10E4, 0x10C4, 0x10C3, 0x08A3, 0x08A3, 0x10A4, 0x10A4, 0x08A3, 0x08A3,
0x10C4, 0x10C3, 0x10C3, 0x10C3, 0x10C3, 0x10C3, 0x10C3, 0x10C3, 0x10C3, 0x10C4, 0x10C4, 0x10C4,
0x10C3, 0x10C3, 0x10C4, 0x10C4, 0x10E4, 0x10C4, 0x10C4, 0x10C4, 0x10E4, 0x10E4, 0x10E4, 0x10C4,
0x10C4, 0x10C4, 0x10C4, 0x10C4, 0x10C4, 0x10C4, 0x10C4, 0x10C4, 0x10C4, 0x10E4, 0x10C4, 0x10C4,
0x10C4, 0x10C3, 0x08C3, 0x10C4, 0x10C4, 0x10C4, 0x10C4, 0x10C4, 0x10C4, 0x10C4, 0x10C4, 0x10C4,
0x10C4, 0x10C4, 0x10C4, 0x10C4, 0x10C4, 0x10C4, 0x10E4, 0x18E4, 0x18E4, 0x18E4, 0x2125, 0x630C,
0x83F0, 0x7BEF, 0x6B4D, 0x5AEC, 0x5AEC, 0x5AEC, 0x630C, 0x630C, 0x630C, 0x630C, 0x630C, 0x630C,
0x632C, 0x73AE, 0x73CF, 0x6B8E, 0x5AEC, 0x5ACB, 0x5ACB, 0x52CB, 0x52AB, 0x52AB, 0x52AB, 0x52AB,
0x52AB, 0x4A6A, 0x4A6A, 0x4A6A, 0x4249, 0x4229, 0x3A08, 0x39C7, 0x31A7, 0x2986, 0x2966, 0x2145,
0x2145, 0x1925, 0x1905, 0x1905, 0x1905, 0x18E4, 0x10C4, 0x10C4, 0x10C4, 0x10C3, 0x10C3, 0x10C3,
0x10C3, 0x10C3, 0x10A3, 0x10A3, 0x10A3, 0x10A3, 0x10A3, 0x10A3, 0x08A3, 0x10C3, 0x10C4, 0x10C4,
0x10C4, 0x10C4, 0x10C4, 0x10C4, 0x10C4, 0x10E4, 0x18E4, 0x1905, 0x1905, 0x2125, 0x2145, 0x29A7,
0x4209, 0x4A6A, 0x528A, 0x52AB, 0x5AAB, 0x5ACB, 0x5ACB, 0x5ACB, 0x5AEB, 0x5AEB, 0x5ACB, 0x5ACB,
0x5AEC, 0x630C, 0x4A49, 0x3A08, 0x39C8, 0x2987, 0x2146, 0x18E4, 0x10C4, 0x0882, 0x0021, 0x0021,
0x0021, 0x0021, 0x0021, 0x0021, 0x0021, 0x0021, 0x0021, 0x0021, 0x52CB, 0x52CB, 0x52CB, 0x52CB,
0x52CB, 0x52CB, 0x52CB, 0x52AB, 0x52AB, 0x52AB, 0x52AB, 0x52CB, 0x5ACC, 0x5AEC, 0x5AEC, 0x5B0C,
0x5AEC, 0x5B0C, 0x630C, 0x630C, 0x5B0C, 0x5B0C, 0x630C, 0x630C, 0x630C, 0x630C, 0x630C, 0x630C,
0x5B0C, 0x5B0C, 0x5B0C, 0x630C, 0x630D, 0x632D, 0x634D, 0x634D, 0x634D, 0x634D, 0x634D, 0x632D,
0x632D, 0x632D, 0x632D, 0x632D, 0x632D, 0x634D, 0x634D, 0x634D, 0x6B4D, 0x6B4D, 0x6B4D, 0x6B4D,
0x6B4D, 0x6B4E, 0x6B6E, 0x6B6E, 0x738E, 0x738E, 0x73AF, 0x7BCF, 0x7BF0, 0x7BF0, 0x7BF0, 0x7BF0,
0x7BCF, 0x7BCF, 0x7BCF, 0x73CF, 0x73CF, 0x73CF, 0x7BAF, 0x73AF, 0x73AF, 0x73AF, 0x73AF, 0x73AE,
0x73AE, 0x73AE, 0x73AE, 0x73AE, 0x738E, 0x738F, 0x738F, 0x6B8E, 0x6B6E, 0x6B6E, 0x6B6E, 0x6B6E,
0x6B6E, 0x6B4E, 0x632D, 0x632D, 0x630D, 0x5B0C, 0x5AEC, 0x5AEC, 0x5AEC, 0x5ACC, 0x5AEC, 0x5ACC,
0x5ACC, 0x52AB, 0x52AB, 0x52AB, 0x528B, 0x4A6A, 0x4A6A, 0x4A6A, 0x424A, 0x4229, 0x3A08, 0x3A08,
0x3A08, 0x39E8, 0x31C7, 0x2987, 0x2987, 0x2967, 0x2166, 0x2146, 0x2145, 0x2145, 0x1925, 0x1925,
0x1925, 0x1905, 0x1905, 0x1905, 0x10E4, 0x10E4, 0x10C4, 0x10C4, 0x10C4, 0x10C4, 0x10C4, 0x10C4,
0x10C4, 0x10C4, 0x10C4, 0x10C4, 0x10C4, 0x10C4, 0x10C4, 0x10C4, 0x10C4, 0x10C4, 0x10C4, 0x10C4,
0x10A4, 0x10A4, 0x08C3, 0x08A3, 0x08A3, 0x10C4, 0x10A4, 0x08A3, 0x10A4, 0x10C3, 0x10C3, 0x10C3,
0x10C3, 0x10C3, 0x10C3, 0x10C3, 0x10C3, 0x10C4, 0x10C4, 0x10C4, 0x10C4, 0x10C4, 0x10C4, 0x10C4,
0x10C4, 0x10C4, 0x10C4, 0x10C4, 0x10E4, 0x10C4, 0x10C4, 0x10C4, 0x10C4, 0x10C4, 0x10C4, 0x10C4,
0x10C4, 0x10C4, 0x10C4, 0x10C4, 0x10C4, 0x10C4, 0x10C4, 0x10C4, 0x10C4, 0x10C4, 0x10C4, 0x10C4,
0x10C4, 0x10C4, 0x10C3, 0x10C3, 0x08C3, 0x10C3, 0x10C3, 0x10C4, 0x10C4, 0x10C4, 0x10C4, 0x10C4,
0x10C4, 0x10C4, 0x10E4, 0x18E4, 0x18E4, 0x18E4, 0x10C4, 0x5AEC, 0x8410, 0x8410, 0x738E, 0x630C,
0x630C, 0x5B0C, 0x630C, 0x630C, 0x630C, 0x630C, 0x630C, 0x630C, 0x6B4D, 0x738E, 0x73CF, 0x6B6E,
0x5ACB, 0x52CB, 0x52AB, 0x52AB, 0x528A, 0x52AB, 0x52AB, 0x528B, 0x4A4A, 0x4229, 0x4229, 0x4229,
0x39E8, 0x39E8, 0x31C7, 0x2986, 0x2966, 0x2166, 0x2125, 0x1905, 0x1905, 0x18E4, 0x10E4, 0x10E4,
0x10C4, 0x10C4, 0x10C4, 0x10C4, 0x10C4, 0x10C3, 0x10C3, 0x10C3, 0x10A3, 0x10A3, 0x08A3, 0x08A3,
0x08A3, 0x0883, 0x08A3, 0x08A3, 0x08A3, 0x08A3, 0x08A3, 0x10A3, 0x10A3, 0x10A3, 0x10C3, 0x10C4,
0x10C4, 0x10C4, 0x10C4, 0x18E4, 0x1905, 0x2146, 0x2987, 0x39E8, 0x4229, 0x4A6A, 0x528A, 0x5ACB,
0x5ACB, 0x5ACB, 0x5ACB, 0x5ACB, 0x5AEB, 0x5ACB, 0x5ACB, 0x5ACB, 0x630C, 0x5AAB, 0x4229, 0x39E8,
0x31A7, 0x2966, 0x1905, 0x10C4, 0x10A3, 0x0042, 0x0021, 0x0021, 0x0021, 0x0021, 0x0021, 0x0021,
0x0021, 0x0021, 0x0021, 0x0021, 0x52CB, 0x52CB, 0x52CB, 0x52CB, 0x52CB, 0x52CB, 0x52CB, 0x52AB,
0x52AB, 0x52AB, 0x52AB, 0x52CB, 0x5ACC, 0x5AEC, 0x5AEC, 0x5B0C, 0x5B0C, 0x5B0C, 0x630C, 0x630C,
0x5B0C, 0x5B0C, 0x630C, 0x630C, 0x630C, 0x630C, 0x630C, 0x630C, 0x630C, 0x630C, 0x630C, 0x630D,
0x630D, 0x632D, 0x632D, 0x632D, 0x632D, 0x634D, 0x632D, 0x632D, 0x632D, 0x632D, 0x632D, 0x632D,
0x632D, 0x634D, 0x634D, 0x634D, 0x6B4D, 0x6B4D, 0x6B4D, 0x6B4D, 0x6B4D, 0x6B4D, 0x6B6E, 0x6B6E,
0x738E, 0x738E, 0x73AF, 0x7BCF, 0x7BF0, 0x7BF0, 0x7BF0, 0x7BF0, 0x7BF0, 0x7BF0, 0x7BF0, 0x73CF,
0x73CF, 0x73CF, 0x7BAF, 0x7BAF, 0x73AF, 0x73AF, 0x73AF, 0x73AE, 0x73AE, 0x73AE, 0x73AE, 0x73AE,
0x738E, 0x738F, 0x6B8F, 0x6B8E, 0x6B8E, 0x6B6E, 0x6B6E, 0x6B6E, 0x6B6E, 0x634E, 0x632D, 0x632D,
0x630D, 0x630D, 0x5AEC, 0x5AEC, 0x5ACC, 0x5ACC, 0x5AEC, 0x5ACC, 0x5ACC, 0x52AB, 0x52AB, 0x52AB,
0x4A8B, 0x4A8A, 0x4A6A, 0x424A, 0x4249, 0x4209, 0x39E8, 0x39E8, 0x31E8, 0x31C8, 0x31A7, 0x2987,
0x2166, 0x2966, 0x2166, 0x2145, 0x1925, 0x1925, 0x1925, 0x1925, 0x1905, 0x1905, 0x1905, 0x10E4,
0x10C4, 0x10E4, 0x10C4, 0x10C4, 0x10C4, 0x10C4, 0x10C4, 0x10C4, 0x10C4, 0x10C4, 0x10C4, 0x10C4,
0x10C4, 0x10C4, 0x10C4, 0x10C4, 0x10C4, 0x10C4, 0x10C4, 0x10C4, 0x10A4, 0x08C4, 0x08C3, 0x08C3,
0x08A3, 0x08A3, 0x08A3, 0x08A3, 0x10A4, 0x08A3, 0x08A3, 0x08A3, 0x10C3, 0x10C3, 0x10C3, 0x10C3,
0x10C3, 0x10C3, 0x10C3, 0x10C3, 0x10C3, 0x10C3, 0x10C3, 0x10C3, 0x10C4, 0x10C4, 0x10C4, 0x10C4,
0x10E4, 0x10C4, 0x10C4, 0x10C4, 0x10C4, 0x10C4, 0x10C4, 0x10C4, 0x10C4, 0x10C4, 0x10C4, 0x10C4,
0x10C4, 0x10C4, 0x10C4, 0x10C4, 0x10C4, 0x10C4, 0x10C4, 0x10C4, 0x10C3, 0x10C3, 0x08C3, 0x08C3,
0x08C3, 0x10C3, 0x10C3, 0x10C4, 0x10C4, 0x10C4, 0x10C4, 0x10C4, 0x10C4, 0x10C4, 0x10C4, 0x10E4,
0x10E4, 0x18E4, 0x10C4, 0x5AEC, 0x8410, 0x8410, 0x73AE, 0x632C, 0x630C, 0x5B0C, 0x630C, 0x630C,
0x630C, 0x630C, 0x630C, 0x630C, 0x634D, 0x6B8E, 0x738E, 0x6B6E, 0x5ACC, 0x52AB, 0x52AB, 0x52AB,
0x4A8A, 0x4A8A, 0x528A, 0x4A4A, 0x4229, 0x4209, 0x3A08, 0x39E8, 0x31C7, 0x3187, 0x2986, 0x2166,
0x2145, 0x1925, 0x1905, 0x1904, 0x10E4, 0x10C4, 0x10C4, 0x10C4, 0x10C4, 0x10C4, 0x10C4, 0x10C4,
0x10C4, 0x10C3, 0x10C3, 0x10C3, 0x10C3, 0x08A3, 0x08A3, 0x08A3, 0x08A3, 0x0883, 0x0883, 0x08A3,
0x08A3, 0x08A3, 0x08A3, 0x08A3, 0x08A3, 0x08A3, 0x08A3, 0x10A3, 0x10C4, 0x10C4, 0x10C4, 0x1905,
0x2145, 0x29A7, 0x39E8, 0x4229, 0x4A49, 0x4A6A, 0x52AA, 0x5ACB, 0x5ACB, 0x5ACB, 0x5ACB, 0x5ACB,
0x5ACB, 0x5ACB, 0x5AEB, 0x630C, 0x5AEB, 0x4A29, 0x4209, 0x39E8, 0x3187, 0x2146, 0x18E4, 0x10C4,
0x0862, 0x0021, 0x0021, 0x0021, 0x0021, 0x0021, 0x0021, 0x0021, 0x0021, 0x0021, 0x0021, 0x0021,
0x52CB, 0x52CB, 0x52CB, 0x52CB, 0x52CB, 0x52CB, 0x52CB, 0x52AB, 0x52AB, 0x52AB, 0x52AB, 0x52CB,
0x5ACB, 0x5AEC, 0x630C, 0x630C, 0x630C, 0x630C, 0x630C, 0x630C, 0x630C, 0x630C, 0x630C, 0x630C,
0x630C, 0x630C, 0x630C, 0x630C, 0x630C, 0x630C, 0x630C, 0x630D, 0x630D, 0x630D, 0x632D, 0x632D,
0x632D, 0x632D, 0x632D, 0x632D, 0x632D, 0x634D, 0x634D, 0x632D, 0x632D, 0x634D, 0x634D, 0x634D,
0x6B4D, 0x6B4D, 0x6B4D, 0x6B4D, 0x6B4D, 0x6B4D, 0x6B4E, 0x6B6E, 0x738E, 0x738E, 0x73AF, 0x7BCF,
0x7BF0, 0x7BF0, 0x7BF0, 0x7BF0, 0x7BF0, 0x7BF0, 0x7BEF, 0x7BEF, 0x7BCF, 0x73CF, 0x73CF, 0x73CF,
0x7BCF, 0x73CF, 0x73AF, 0x73AF, 0x73AF, 0x73AF, 0x73AE, 0x73AE, 0x738E, 0x738F, 0x6B8E, 0x6B6E,
0x6B8E, 0x6B6E, 0x6B6E, 0x6B4E, 0x6B4D, 0x6B4D, 0x634D, 0x632D, 0x632D, 0x630D, 0x5AEC, 0x5AEC,
0x5ACC, 0x52CB, 0x5ACC, 0x5ACC, 0x5ACC, 0x5ACC, 0x52CB, 0x52AB, 0x4A8A, 0x4A6A, 0x426A, 0x424A,
0x4229, 0x3A09, 0x39E8, 0x31C8, 0x31C8, 0x29A7, 0x2987, 0x2987, 0x2166, 0x2166, 0x2166, 0x2146,
0x2145, 0x1925, 0x1925, 0x1905, 0x1905, 0x18E5, 0x1905, 0x10C4, 0x10C4, 0x10C4, 0x10C4, 0x10C4,
0x10C4, 0x10C4, 0x10C4, 0x10C4, 0x10C4, 0x10C4, 0x10C4, 0x10C4, 0x10C4, 0x10C4, 0x10C4, 0x10C4,
0x10C4, 0x10C4, 0x10C4, 0x10C4, 0x10A4, 0x08A3, 0x08A3, 0x10C4, 0x08A3, 0x08A3, 0x08A3, 0x08A3,
0x08A3, 0x08A3, 0x08A3, 0x08A3, 0x08A3, 0x08A3, 0x08A3, 0x10C3, 0x10C3, 0x08C3, 0x08A3, 0x10C3,
0x10C3, 0x10C4, 0x10C4, 0x10C4, 0x10C4, 0x10C4, 0x10C4, 0x10C4, 0x10C4, 0x10C4, 0x10C4, 0x10C4,
0x10C4, 0x10C4, 0x10C4, 0x10C4, 0x10C4, 0x10C4, 0x10C4, 0x10C4, 0x10C4, 0x10C4, 0x10C4, 0x10C4,
0x10C4, 0x10C4, 0x10C4, 0x10C4, 0x10C4, 0x10A3, 0x10C3, 0x08A3, 0x08C3, 0x10C3, 0x10C3, 0x10C4,
0x10C4, 0x10C4, 0x10C4, 0x10C4, 0x10C4, 0x10C4, 0x10C4, 0x10E4, 0x18E4, 0x18E4, 0x10C4, 0x4209,
0x83F0, 0x8410, 0x73AE, 0x632C, 0x630C, 0x5B0C, 0x5B0C, 0x5AEC, 0x5AEC, 0x5AEC, 0x5AEC, 0x5AEC,
0x634D, 0x6B6E, 0x6B6E, 0x634D, 0x52CB, 0x52AB, 0x528A, 0x528A, 0x4A6A, 0x4A6A, 0x4A6A, 0x4229,
0x4229, 0x39E8, 0x31A7, 0x31A7, 0x2986, 0x2146, 0x2145, 0x2125, 0x1905, 0x1904, 0x10E4, 0x10E4,
0x10C4, 0x10C4, 0x10C4, 0x10C4, 0x10C4, 0x10C4, 0x10C4, 0x10C4, 0x10C3, 0x10A3, 0x08A3, 0x08A3,
0x08A3, 0x08A3, 0x0883, 0x0883, 0x0883, 0x0883, 0x0882, 0x0883, 0x08A3, 0x0883, 0x0883, 0x0883,
0x08A3, 0x08A3, 0x08A3, 0x10A3, 0x10C4, 0x18E4, 0x1905, 0x2966, 0x31A7, 0x3A08, 0x4229, 0x4249,
0x4A6A, 0x528A, 0x52AB, 0x5ACB, 0x5ACB, 0x5ACB, 0x5AEB, 0x5ACB, 0x5AEC, 0x5AEC, 0x5B0C, 0x5AEB,
0x4A6A, 0x4209, 0x39E8, 0x31A7, 0x2146, 0x1905, 0x10C4, 0x0883, 0x0041, 0x0021, 0x0021, 0x0021,
0x0021, 0x0021, 0x0021, 0x0021, 0x0021, 0x0021, 0x0021, 0x0021, 0x52AB, 0x52CB, 0x52CB, 0x52CB,
0x52CB, 0x52CB, 0x52CB, 0x52AB, 0x52AB, 0x52AB, 0x52AB, 0x52AB, 0x5ACB, 0x5AEC, 0x630C, 0x630C,
0x630C, 0x630C, 0x630C, 0x630C, 0x630C, 0x630D, 0x630D, 0x630D, 0x630D, 0x630D, 0x630C, 0x630C,
0x630C, 0x630C, 0x630D, 0x630D, 0x630D, 0x630D, 0x630C, 0x632D, 0x634D, 0x6B2D, 0x6B2D, 0x6B2D,
0x6B4D, 0x6B4D, 0x6B2D, 0x6B2D, 0x6B2D, 0x634D, 0x632D, 0x632D, 0x634D, 0x634D, 0x634D, 0x634D,
0x634D, 0x634D, 0x634D, 0x6B4D, 0x6B6E, 0x738E, 0x73AE, 0x7BCF, 0x7BF0, 0x7BF0, 0x7BF0, 0x7BF0,
0x83F0, 0x7BF0, 0x7BCF, 0x7BCF, 0x7BCF, 0x7BCF, 0x73CF, 0x73CF, 0x7BCF, 0x7BCF, 0x73AF, 0x73AF,
0x73AF, 0x73AF, 0x73AE, 0x73AE, 0x73AF, 0x738F, 0x738F, 0x6B6E, 0x6B6E, 0x6B6E, 0x6B6E, 0x6B4D,
0x6B4D, 0x6B4D, 0x634D, 0x632D, 0x632D, 0x630D, 0x5AEC, 0x5AEC, 0x5ACC, 0x52AB, 0x5ACC, 0x5ACC,
0x5ACC, 0x52CB, 0x52AB, 0x528B, 0x4A6A, 0x4A6A, 0x4249, 0x4229, 0x4229, 0x3A08, 0x31C8, 0x31A7,
0x29A7, 0x2987, 0x2987, 0x2166, 0x2166, 0x2146, 0x2146, 0x2146, 0x1925, 0x1925, 0x1905, 0x1904,
0x1905, 0x18E4, 0x18E5, 0x10C4, 0x10C4, 0x10C4, 0x10C4, 0x10C4, 0x10C4, 0x10C4, 0x10C3, 0x10C4,
0x10C4, 0x10C4, 0x10C3, 0x10C3, 0x10C3, 0x10C4, 0x10C4, 0x10C4, 0x10C3, 0x10C3, 0x10C4, 0x10C4,
0x10A4, 0x08A3, 0x10C4, 0x10C4, 0x08A3, 0x08A3, 0x08A3, 0x08A3, 0x08A3, 0x08A3, 0x08A3, 0x08A3,
0x08A3, 0x08A3, 0x08A3, 0x10C3, 0x10C3, 0x08A3, 0x08A3, 0x10C3, 0x10A4, 0x10C4, 0x10C4, 0x10C4,
0x10C4, 0x10C4, 0x10C4, 0x10C4, 0x10C4, 0x10C4, 0x10C4, 0x10C4, 0x10C4, 0x10C4, 0x10C4, 0x10C4,
0x10C4, 0x10C3, 0x10C3, 0x10C3, 0x10C3, 0x10C4, 0x10C4, 0x10C3, 0x10C4, 0x10C4, 0x10C4, 0x10C4,
0x10C4, 0x10C4, 0x10C3, 0x08A3, 0x08A3, 0x10C3, 0x10C3, 0x10C4, 0x10C4, 0x10C4, 0x10C4, 0x10C4,
0x10C4, 0x10C4, 0x10C4, 0x10E4, 0x18E4, 0x18E4, 0x10C4, 0x3A08, 0x7BF0, 0x83F0, 0x7BCF, 0x6B2D,
0x5B0C, 0x5B0C, 0x5B0C, 0x5AEC, 0x5AEC, 0x5AEC, 0x5ACB, 0x5AEB, 0x630C, 0x634D, 0x6B4D, 0x632D,
0x4A8A, 0x528A, 0x4A6A, 0x4A49, 0x4A49, 0x4229, 0x4229, 0x4208, 0x4208, 0x2986, 0x2966, 0x2966,
0x2146, 0x1925, 0x1905, 0x18E4, 0x10E4, 0x10C4, 0x10C4, 0x10C4, 0x10C4, 0x10C4, 0x10C4, 0x10C4,
0x10C4, 0x10C4, 0x10C3, 0x10A3, 0x10A3, 0x10A3, 0x08A3, 0x08A3, 0x08A3, 0x08A3, 0x0883, 0x0882,
0x0882, 0x0883, 0x0882, 0x0882, 0x0883, 0x0882, 0x0883, 0x0883, 0x0883, 0x0883, 0x08A3, 0x10A3,
0x18E4, 0x2145, 0x3187, 0x31C7, 0x3A08, 0x4249, 0x4A69, 0x4A6A, 0x526A, 0x528B, 0x52AB, 0x5ACB,
0x5ACB, 0x5ACC, 0x5AEC, 0x5ACC, 0x62EC, 0x630C, 0x5B0C, 0x4A6A, 0x3A08, 0x3A08, 0x31A7, 0x2986,
0x1905, 0x10E4, 0x08A3, 0x0062, 0x0041, 0x0021, 0x0021, 0x0021, 0x0021, 0x0021, 0x0021, 0x0021,
0x0021, 0x0021, 0x0021, 0x0021, 0x52AB, 0x52CB, 0x52CB, 0x52CB, 0x52CB, 0x52CB, 0x52CB, 0x52CB,
0x52AB, 0x52AB, 0x52CB, 0x52AB, 0x5ACB, 0x5AEC, 0x630C, 0x630C, 0x630C, 0x630C, 0x630C, 0x630C,
0x630C, 0x630D, 0x630D, 0x630D, 0x630D, 0x630D, 0x630C, 0x630C, 0x630C, 0x630C, 0x630D, 0x630D,
0x630D, 0x630D, 0x630C, 0x632C, 0x632D, 0x6B2D, 0x6B2D, 0x6B2D, 0x6B4D, 0x6B4D, 0x6B2D, 0x634D,
0x634D, 0x634D, 0x632D, 0x632D, 0x634D, 0x634D, 0x634D, 0x634D, 0x634D, 0x634D, 0x634D, 0x634D,
0x6B6E, 0x6B8E, 0x738E, 0x7BCF, 0x7BCF, 0x7BF0, 0x7BF0, 0x7BF0, 0x83F0, 0x83F0, 0x7BCF, 0x7BCF,
0x7BCF, 0x7BCF, 0x7BCF, 0x73CF, 0x7BCF, 0x7BCF, 0x73CF, 0x73AF, 0x73AF, 0x73AF, 0x73AE, 0x73AE,
0x73AF, 0x738F, 0x738F, 0x6B8E, 0x6B6E, 0x6B6E, 0x6B6E, 0x6B4D, 0x6B4D, 0x6B4D, 0x634D, 0x632D,
0x632D, 0x630D, 0x5AEC, 0x5AEC, 0x5ACC, 0x52AB, 0x52AB, 0x52CB, 0x52CB, 0x52AB, 0x528B, 0x4A6A,
0x4A6A, 0x424A, 0x4229, 0x4229, 0x3A08, 0x39E8, 0x31C8, 0x31A7, 0x2987, 0x2967, 0x2166, 0x2166,
0x2146, 0x2146, 0x2145, 0x1925, 0x1925, 0x1905, 0x1904, 0x1904, 0x10E4, 0x10E4, 0x10E4, 0x10C4,
0x10C4, 0x10C4, 0x10C4, 0x10C4, 0x10C4, 0x10C3, 0x08A3, 0x10C3, 0x10C3, 0x10C3, 0x10C3, 0x10C3,
0x10C3, 0x10C4, 0x10C4, 0x10C4, 0x10C3, 0x10C3, 0x10C4, 0x10C4, 0x10C3, 0x08A3, 0x08A3, 0x08A3,
0x08A3, 0x08A3, 0x08A3, 0x08A3, 0x08A3, 0x08A3, 0x08A3, 0x08A3, 0x08A3, 0x08A3, 0x08A3, 0x10C3,
0x10C3, 0x08A3, 0x08A3, 0x10C3, 0x10A4, 0x10C4, 0x10C4, 0x10C4, 0x10C4, 0x10C4, 0x10C4, 0x10C4,
0x10C4, 0x10C4, 0x10C4, 0x10C4, 0x10C4, 0x10C4, 0x10C4, 0x10C4, 0x10C4, 0x10C3, 0x10C3, 0x10C3,
0x10C3, 0x10C3, 0x10C4, 0x10C3, 0x10C4, 0x10C4, 0x10C4, 0x10C4, 0x10C4, 0x10C4, 0x10C3, 0x08A3,
0x08A3, 0x10C3, 0x10C3, 0x10C4, 0x10C4, 0x10C4, 0x10C4, 0x10C4, 0x10C4, 0x10C4, 0x10C4, 0x10E4,
0x10C4, 0x10E4, 0x10C4, 0x3A09, 0x7BF0, 0x8410, 0x7BCF, 0x6B4D, 0x5B0C, 0x5B0C, 0x5B0C, 0x5AEC,
0x5AEC, 0x5AEC, 0x5ACB, 0x5ACB, 0x630C, 0x630C, 0x632D, 0x5AEC, 0x4249, 0x4249, 0x4A49, 0x4229,
0x4208, 0x39E8, 0x39E8, 0x31C7, 0x3187, 0x2145, 0x2125, 0x2125, 0x2125, 0x1904, 0x18E4, 0x10C4,
0x10C4, 0x10C3, 0x10C4, 0x10C4, 0x10C4, 0x10C4, 0x10C4, 0x10C4, 0x10C4, 0x10C4, 0x10C3, 0x10A3,
0x08A3, 0x10A3, 0x08A3, 0x08A3, 0x0883, 0x0883, 0x0882, 0x0882, 0x0882, 0x0882, 0x0062, 0x0062,
0x0062, 0x0882, 0x0862, 0x0862, 0x0883, 0x08A3, 0x10E4, 0x2125, 0x2966, 0x31C7, 0x39E8, 0x4229,
0x4229, 0x4A6A, 0x4A8A, 0x52AB, 0x528B, 0x52AB, 0x5ACB, 0x5ACB, 0x5ACB, 0x5ACB, 0x5AEC, 0x5AEC,
0x630C, 0x62EC, 0x528A, 0x4228, 0x3A08, 0x31C7, 0x2986, 0x2125, 0x18E4, 0x08A3, 0x0862, 0x0042,
0x0021, 0x0021, 0x0022, 0x0021, 0x0021, 0x0021, 0x0021, 0x0021, 0x0021, 0x0021, 0x0021, 0x0021,
0x52AB, 0x52CB, 0x52CC, 0x52CC, 0x52CC, 0x52CB, 0x52CB, 0x52CB, 0x52CB, 0x52CB, 0x52CC, 0x5ACB,
0x5ACB, 0x5ACC, 0x62EC, 0x630C, 0x630C, 0x630C, 0x632D, 0x632D, 0x630D, 0x630D, 0x630D, 0x630D,
0x630D, 0x630D, 0x630C, 0x630C, 0x630C, 0x630C, 0x630D, 0x5B0C, 0x5B0C, 0x5B0C, 0x630C, 0x632C,
0x632D, 0x6B2D, 0x6B2D, 0x6B4D, 0x6B4D, 0x632D, 0x632D, 0x634D, 0x634D, 0x634D, 0x632D, 0x632D,
0x634D, 0x634D, 0x634D, 0x634D, 0x634D, 0x634D, 0x632D, 0x634D, 0x6B6E, 0x6B6E, 0x6B8E, 0x73AF,
0x7BCF, 0x7BF0, 0x8410, 0x8410, 0x83F0, 0x83F0, 0x83F0, 0x7BEF, 0x7BCF, 0x7BCF, 0x7BCF, 0x7BCF,
0x73CF, 0x73CF, 0x73CF, 0x73AF, 0x73AF, 0x73AF, 0x73AF, 0x73AE, 0x73AF, 0x738F, 0x738F, 0x6B8E,
0x6B6E, 0x6B6E, 0x6B6E, 0x6B4D, 0x634D, 0x634D, 0x632D, 0x632D, 0x630D, 0x5AEC, 0x5AEC, 0x5AEC,
0x5AEC, 0x52CB, 0x52AB, 0x52AB, 0x52AB, 0x528B, 0x4A6A, 0x4A4A, 0x4A4A, 0x4A49, 0x4229, 0x3A08,
0x3A08, 0x31E8, 0x29A7, 0x31A7, 0x2987, 0x2966, 0x2166, 0x2146, 0x1925, 0x1925, 0x1925, 0x1905,
0x1905, 0x1904, 0x10E4, 0x10E4, 0x10E4, 0x10E4, 0x10E4, 0x10C4, 0x10C4, 0x10C4, 0x10C4, 0x10C3,
0x10C4, 0x10C3, 0x08A3, 0x08A3, 0x08A3, 0x08A3, 0x10C3, 0x10C3, 0x10C4, 0x10C4, 0x10C4, 0x10C4,
0x10C4, 0x10C4, 0x10A4, 0x10A4, 0x08A3, 0x0883, 0x08A3, 0x08A3, 0x0883, 0x0883, 0x0883, 0x0883,
0x08A3, 0x0883, 0x0883, 0x0883, 0x08A3, 0x08A3, 0x08A3, 0x10C3, 0x10C3, 0x10C3, 0x08A3, 0x10C3,
0x08A3, 0x10C3, 0x10C4, 0x10C4, 0x10C4, 0x10C4, 0x10C4, 0x10C4, 0x10C4, 0x10C4, 0x10C4, 0x10C4,
0x10C4, 0x10C4, 0x10C3, 0x10C4, 0x10C4, 0x10C3, 0x10C3, 0x10C3, 0x10C3, 0x10C3, 0x08A3, 0x10C4,
0x10C4, 0x10C4, 0x10C4, 0x10A4, 0x08A3, 0x08A3, 0x08A3, 0x08A3, 0x08A3, 0x10C3, 0x10C3, 0x10C4,
0x10C4, 0x10C4, 0x10C4, 0x10C4, 0x10C4, 0x10C3, 0x10C3, 0x10C4, 0x10C4, 0x10C4, 0x10C4, 0x39E8,
0x73CF, 0x83EF, 0x7BCF, 0x6B2D, 0x5AEB, 0x5AEC, 0x5ACB, 0x5ACB, 0x5ACB, 0x52CB, 0x52AB, 0x52AB,
0x5AEC, 0x5AEC, 0x5ACC, 0x52AB, 0x4229, 0x3A08, 0x39E8, 0x39E8, 0x31C7, 0x31A7, 0x31A6, 0x2946,
0x2145, 0x2125, 0x1905, 0x18E4, 0x10E4, 0x10E4, 0x10C4, 0x10C4, 0x10C4, 0x10C4, 0x10C3, 0x10C3,
0x10C3, 0x08A3, 0x10C3, 0x10C4, 0x10C4, 0x10A3, 0x08A3, 0x08A3, 0x08A3, 0x08A3, 0x08A3, 0x0883,
0x0882, 0x0883, 0x0882, 0x0062, 0x0062, 0x0062, 0x0042, 0x0042, 0x0042, 0x0063, 0x0863, 0x1083,
0x10C4, 0x2125, 0x2166, 0x31A7, 0x39E8, 0x39E8, 0x4229, 0x4269, 0x4A6A, 0x4A8A, 0x528A, 0x52AB,
0x5ACB, 0x5ACC, 0x5ACB, 0x5ACC, 0x5AEB, 0x5ACB, 0x5ACB, 0x5AEC, 0x5AEC, 0x5ACB, 0x4208, 0x31C7,
0x31A7, 0x2966, 0x18E4, 0x10C4, 0x10A3, 0x0042, 0x0042, 0x0021, 0x0021, 0x0021, 0x0021, 0x0021,
0x0021, 0x0021, 0x0021, 0x0021, 0x0021, 0x0021, 0x0021, 0x0021, 0x52AB, 0x52CB, 0x52CC, 0x52CC,
0x52CC, 0x52CB, 0x52CB, 0x52CB, 0x52CB, 0x52CB, 0x52CB, 0x5ACB, 0x5ACB, 0x5ACC, 0x62EC, 0x630C,
0x630C, 0x630D, 0x632D, 0x632D, 0x630D, 0x630D, 0x630D, 0x630D, 0x5B0D, 0x630D, 0x630C, 0x630C,
0x630D, 0x630C, 0x630D, 0x5B0C, 0x5B0C, 0x5B0C, 0x630C, 0x632C, 0x632D, 0x634D, 0x632D, 0x634D,
0x632D, 0x632C, 0x632C, 0x632D, 0x632D, 0x634D, 0x632D, 0x632D, 0x632D, 0x634D, 0x634D, 0x634D,
0x634D, 0x634D, 0x634D, 0x632D, 0x6B4D, 0x6B6D, 0x6B6E, 0x73AF, 0x7BCF, 0x7BF0, 0x7BF0, 0x8410,
0x83F0, 0x83F0, 0x83F0, 0x7BEF, 0x7BCF, 0x7BCF, 0x7BCF, 0x7BCF, 0x73CF, 0x73CF, 0x73CF, 0x73AF,
0x73AF, 0x73AF, 0x73AF, 0x73AE, 0x73AF, 0x738F, 0x738F, 0x6B8E, 0x6B6E, 0x6B6E, 0x6B6E, 0x6B4D,
0x634D, 0x634D, 0x632D, 0x632D, 0x630D, 0x5B0C, 0x5AEC, 0x5AEC, 0x5AEC, 0x5ACC, 0x52AB, 0x528B,
0x528B, 0x4A6A, 0x4A6A, 0x4A6A, 0x4229, 0x4229, 0x3A29, 0x31E8, 0x31C8, 0x31C8, 0x31A7, 0x2987,
0x2966, 0x2166, 0x2146, 0x2146, 0x1925, 0x1925, 0x1925, 0x1905, 0x1905, 0x1904, 0x10E4, 0x10E4,
0x10E4, 0x10E4, 0x10E4, 0x10C4, 0x10C4, 0x10C4, 0x08A3, 0x10C3, 0x10C3, 0x10C3, 0x08A3, 0x08A3,
0x08A3, 0x08A3, 0x10C3, 0x10C3, 0x10C3, 0x08A3, 0x08A3, 0x10C3, 0x10C4, 0x10C3, 0x10A3, 0x08A3,
0x08A3, 0x0883, 0x08A3, 0x08A3, 0x0883, 0x0883, 0x0883, 0x0883, 0x08A3, 0x0883, 0x0883, 0x0883,
0x08A3, 0x08A3, 0x08A3, 0x08A3, 0x08A3, 0x08C3, 0x08A3, 0x10C3, 0x10C3, 0x08A3, 0x10C3, 0x10C4,
0x10C4, 0x10C4, 0x10C4, 0x10C4, 0x10C4, 0x10C4, 0x10C3, 0x10A4, 0x10A4, 0x10A4, 0x10C3, 0x10C3,
0x10C3, 0x10C3, 0x10C3, 0x10C3, 0x10C3, 0x10C3, 0x08A3, 0x10C4, 0x10C4, 0x10C4, 0x10A4, 0x10A4,
0x08A3, 0x08A3, 0x08A3, 0x08A3, 0x08A3, 0x08A3, 0x10C3, 0x10C4, 0x10C4, 0x10C4, 0x10C3, 0x10C4,
0x10C3, 0x10C3, 0x10C3, 0x10C3, 0x10C4, 0x10C4, 0x10E4, 0x2125, 0x6B4D, 0x83F0, 0x7BCF, 0x632D,
0x5AEB, 0x5ACB, 0x52CB, 0x52AB, 0x52AB, 0x528A, 0x4A6A, 0x4A6A, 0x5ACB, 0x5ACB, 0x5ACB, 0x52AB,
0x3A08, 0x39E8, 0x31A7, 0x31A7, 0x31A7, 0x2966, 0x2146, 0x2125, 0x1905, 0x18E4, 0x18E4, 0x10C4,
0x10C4, 0x10C4, 0x10C4, 0x10A3, 0x10C4, 0x10C4, 0x10C3, 0x10C3, 0x10C3, 0x10C3, 0x10C3, 0x10C3,
0x10A3, 0x10A3, 0x08A3, 0x08A3, 0x08A3, 0x08A3, 0x0883, 0x0883, 0x0882, 0x0062, 0x0062, 0x0062,
0x0042, 0x0042, 0x0042, 0x0042, 0x0042, 0x0042, 0x0883, 0x10A4, 0x2146, 0x31A7, 0x31C8, 0x3A08,
0x4229, 0x4229, 0x4A49, 0x4A8A, 0x4A8A, 0x52AB, 0x52CB, 0x52CB, 0x5ACB, 0x5AEC, 0x5ACC, 0x5AEC,
0x5AEB, 0x5AEB, 0x5B0C, 0x630C, 0x52CB, 0x4208, 0x31C7, 0x2966, 0x2125, 0x1904, 0x10C3, 0x08A3,
0x0862, 0x0041, 0x0021, 0x0021, 0x0021, 0x0021, 0x0021, 0x0021, 0x0021, 0x0021, 0x0021, 0x0021,
0x0021, 0x0021, 0x0021, 0x0021, 0x52AB, 0x52CB, 0x52CC, 0x52CC, 0x5ACC, 0x52CB, 0x52CB, 0x52CB,
0x52CB, 0x52CB, 0x52CB, 0x5ACB, 0x5ACB, 0x5AEC, 0x62EC, 0x630C, 0x630C, 0x630C, 0x632D, 0x632D,
0x630D, 0x630D, 0x630D, 0x630D, 0x5B0D, 0x630D, 0x632D, 0x630D, 0x630C, 0x630C, 0x630C, 0x5B0C,
0x5B0C, 0x5B0C, 0x630C, 0x632C, 0x632D, 0x634D, 0x634D, 0x634D, 0x632D, 0x632C, 0x632C, 0x632C,
0x632D, 0x632D, 0x632D, 0x632D, 0x632D, 0x632D, 0x634D, 0x634D, 0x634D, 0x634D, 0x634D, 0x634D,
0x634D, 0x6B4D, 0x6B6E, 0x738E, 0x73AF, 0x7BCF, 0x7BF0, 0x83EF, 0x83F0, 0x83F0, 0x83F0, 0x7BF0,
0x7BCF, 0x7BCF, 0x7BCF, 0x7BCF, 0x73CF, 0x73CF, 0x73CF, 0x73AF, 0x73AF, 0x73AF, 0x73AF, 0x73AF,
0x73AF, 0x738F, 0x738F, 0x6B8E, 0x6B6E, 0x6B6E, 0x6B6E, 0x6B4D, 0x634D, 0x634D, 0x632D, 0x630D,
0x630D, 0x5B0D, 0x5AEC, 0x5AEC, 0x5AEC, 0x52CB, 0x52AB, 0x528B, 0x52AB, 0x4A6A, 0x4A6A, 0x4249,
0x4229, 0x4229, 0x3A08, 0x31E8, 0x31C8, 0x29A7, 0x2987, 0x2986, 0x2966, 0x2146, 0x1926, 0x2146,
0x1925, 0x1925, 0x1925, 0x1905, 0x1905, 0x1904, 0x10E4, 0x10E4, 0x10E4, 0x10E4, 0x10E4, 0x10E4,
0x10C4, 0x08C4, 0x08A3, 0x08A3, 0x08A3, 0x08A3, 0x08A3, 0x08A3, 0x08A3, 0x08A3, 0x08A3, 0x10C3,
0x10C3, 0x08A3, 0x10C3, 0x10C3, 0x08A3, 0x08A3, 0x08A3, 0x08A3, 0x0883, 0x0883, 0x08A3, 0x08A3,
0x0883, 0x0883, 0x0883, 0x0883, 0x08A3, 0x0883, 0x0883, 0x0883, 0x08A3, 0x08A3, 0x08A3, 0x08A3,
0x10C3, 0x10C3, 0x08A3, 0x10C3, 0x10C3, 0x08A3, 0x08A3, 0x10C4, 0x10C4, 0x10C4, 0x10C4, 0x10C4,
0x10C4, 0x10C4, 0x10C3, 0x10A4, 0x10A4, 0x10A4, 0x10A4, 0x10C3, 0x10C3, 0x10C3, 0x10C3, 0x10C3,
0x10C3, 0x10C3, 0x08A3, 0x10C4, 0x10C4, 0x10A4, 0x10A4, 0x10A4, 0x08A3, 0x08A3, 0x08A3, 0x08A3,
0x08A3, 0x08A3, 0x10C3, 0x10C4, 0x10C4, 0x10C4, 0x10A3, 0x10C4, 0x10A3, 0x10C3, 0x10C3, 0x10C3,
0x10C4, 0x10C4, 0x10E4, 0x2125, 0x6B4D, 0x83EF, 0x7BCF, 0x632D, 0x52CB, 0x52AB, 0x52AB, 0x528A,
0x4A8A, 0x4A6A, 0x4A49, 0x4249, 0x4A6A, 0x4A8A, 0x4A8A, 0x4A6A, 0x39E8, 0x31A7, 0x2986, 0x2166,
0x2146, 0x2145, 0x1905, 0x1905, 0x18E5, 0x10E4, 0x10C4, 0x10C4, 0x10C4, 0x10C3, 0x10A3, 0x10A3,
0x10A3, 0x10C3, 0x10C3, 0x10C3, 0x10C3, 0x10C4, 0x08A3, 0x08A3, 0x10A3, 0x10A3, 0x08A3, 0x08A3,
0x08A3, 0x0883, 0x0883, 0x0883, 0x0082, 0x0062, 0x0062, 0x0042, 0x0042, 0x0042, 0x0042, 0x0042,
0x0863, 0x10C4, 0x1905, 0x3187, 0x31A7, 0x31C8, 0x39E8, 0x4229, 0x4249, 0x4A6A, 0x4A8A, 0x52AA,
0x52AB, 0x52AB, 0x5ACB, 0x5ACB, 0x5AEB, 0x5AEC, 0x5AEC, 0x630C, 0x630C, 0x630C, 0x5B0C, 0x52AB,
0x4208, 0x31C7, 0x2166, 0x1925, 0x1904, 0x10C3, 0x08A3, 0x0082, 0x0042, 0x0021, 0x0021, 0x0021,
0x0021, 0x0021, 0x0021, 0x0021, 0x0021, 0x0021, 0x0021, 0x0021, 0x0021, 0x0021, 0x0021, 0x0021,
0x5AEC, 0x5ACC, 0x5ACC, 0x52CB, 0x5ACC, 0x5ACC, 0x5ACC, 0x5ACC, 0x5ACC, 0x5ACC, 0x5AEB, 0x5AEB,
0x5AEB, 0x5AEB, 0x5AEC, 0x62EC, 0x630D, 0x630D, 0x632D, 0x632D, 0x632D, 0x630D, 0x630D, 0x630D,
0x630D, 0x630D, 0x630D, 0x630C, 0x630C, 0x630C, 0x630C, 0x630C, 0x630C, 0x630C, 0x630C, 0x632C,
0x632C, 0x632D, 0x632D, 0x632D, 0x632D, 0x630D, 0x630C, 0x630C, 0x630C, 0x632D, 0x632D, 0x632D,
0x6B2D, 0x6B2D, 0x6B4D, 0x6B4D, 0x6B4D, 0x6B4D, 0x6B4D, 0x634D, 0x634D, 0x634D, 0x6B4D, 0x738E,
0x73AF, 0x7BCF, 0x7BEF, 0x7BEF, 0x8410, 0x8410, 0x8410, 0x7BEF, 0x7BCF, 0x7BCF, 0x7BCF, 0x7BCF,
0x7BCF, 0x7BAF, 0x7BAF, 0x73AF, 0x73AF, 0x73AF, 0x73AF, 0x73AF, 0x73AF, 0x73AE, 0x6B8E, 0x6B8E,
0x6B6E, 0x6B6E, 0x6B6E, 0x634E, 0x634D, 0x632D, 0x632D, 0x630C, 0x630C, 0x5B0C, 0x5AEC, 0x52CB,
0x52AB, 0x528B, 0x4A8A, 0x4A8A, 0x4A6A, 0x426A, 0x4249, 0x3A29, 0x3A09, 0x39E8, 0x31E8, 0x31C8,
0x31A8, 0x29A7, 0x2987, 0x2166, 0x2146, 0x2146, 0x2146, 0x2146, 0x1925, 0x1905, 0x1905, 0x1905,
0x18E5, 0x10E4, 0x10E4, 0x10E4, 0x10E4, 0x10E4, 0x10E4, 0x10C4, 0x10C4, 0x10C3, 0x08A3, 0x08A3,
0x08A3, 0x08A3, 0x08A3, 0x08A3, 0x08A3, 0x08A3, 0x08A3, 0x08A3, 0x10C4, 0x10C4, 0x10C4, 0x08A3,
0x08A4, 0x08A3, 0x10A3, 0x10A3, 0x08A3, 0x0883, 0x0883, 0x0883, 0x08A3, 0x0883, 0x0883, 0x0883,
0x0882, 0x0883, 0x0882, 0x0883, 0x0883, 0x08A3, 0x0883, 0x08A3, 0x10C3, 0x08A3, 0x08A3, 0x08A3,
0x08A3, 0x0883, 0x08A3, 0x10C3, 0x10C4, 0x10C4, 0x10C4, 0x10C4, 0x10C3, 0x10C3, 0x10C3, 0x10A4,
0x10A4, 0x10A4, 0x10C3, 0x08A3, 0x08A3, 0x10C4, 0x08A3, 0x08A3, 0x08A3, 0x08A3, 0x08A3, 0x10C3,
0x10C3, 0x08A3, 0x08A3, 0x08A3, 0x0883, 0x08A3, 0x10C3, 0x08A3, 0x08A3, 0x08A3, 0x10A3, 0x10A3,
0x10C3, 0x10C3, 0x10C4, 0x10C3, 0x08A3, 0x10C3, 0x10C3, 0x10C3, 0x10A3, 0x10C4, 0x10C4, 0x1904,
0x5B0C, 0x7BCF, 0x7BAE, 0x632C, 0x528A, 0x528A, 0x4A6A, 0x4A4A, 0x4A4A, 0x4209, 0x3A08, 0x3A08,
0x4229, 0x4229, 0x4229, 0x39E8, 0x2987, 0x2966, 0x2146, 0x2125, 0x2125, 0x1905, 0x18E4, 0x18E4,
0x10E4, 0x10C4, 0x10C4, 0x10C4, 0x10C3, 0x10C3, 0x10C3, 0x08C3, 0x08C3, 0x08C3, 0x08A3, 0x08A3,
0x08A3, 0x08A3, 0x08A3, 0x08A3, 0x08A3, 0x08A3, 0x08A3, 0x0883, 0x0883, 0x0883, 0x0063, 0x0062,
0x0062, 0x0062, 0x0042, 0x0042, 0x0042, 0x0062, 0x0082, 0x08A3, 0x10C4, 0x2125, 0x2987, 0x39E8,
0x39E8, 0x4229, 0x4229, 0x4A49, 0x4A6A, 0x4A6A, 0x528B, 0x52AB, 0x5ACB, 0x5AEC, 0x5AEC, 0x630C,
0x630D, 0x62EC, 0x630C, 0x5AEC, 0x5ACB, 0x52AB, 0x4A6A, 0x39E8, 0x31A6, 0x2966, 0x1925, 0x10E4,
0x10C4, 0x0862, 0x0042, 0x0022, 0x0021, 0x0021, 0x0021, 0x0021, 0x0021, 0x0021, 0x0021, 0x0021,
0x0021, 0x0021, 0x0021, 0x0021, 0x0021, 0x0021, 0x0021, 0x0021, 0x5AEC, 0x5AEC, 0x5ACC, 0x5ACC,
0x5ACC, 0x5ACC, 0x5ACC, 0x5ACC, 0x5ACC, 0x5ACC, 0x5ACC, 0x5ACC, 0x5ACC, 0x5ACC, 0x5ACC, 0x62EC,
0x630D, 0x630C, 0x630C, 0x632D, 0x632D, 0x632D, 0x630C, 0x630D, 0x5B0C, 0x5B0C, 0x630D, 0x630C,
0x630C, 0x630C, 0x630C, 0x630C, 0x62EC, 0x62EC, 0x630C, 0x632D, 0x632D, 0x632D, 0x632D, 0x632D,
0x632D, 0x630C, 0x630D, 0x630D, 0x630D, 0x632D, 0x632D, 0x632D, 0x632D, 0x632D, 0x634D, 0x6B4E,
0x6B4D, 0x6B4D, 0x6B4D, 0x634D, 0x632D, 0x632D, 0x634D, 0x6B8E, 0x738E, 0x73AF, 0x7BCF, 0x7BEF,
0x8410, 0x8410, 0x8410, 0x8410, 0x7BEF, 0x7BCF, 0x7BCF, 0x7BCF, 0x7BAF, 0x7BAF, 0x7BAF, 0x73AF,
0x73AF, 0x73AF, 0x73AF, 0x73AF, 0x73AF, 0x738E, 0x6B8E, 0x6B8E, 0x6B6E, 0x6B6E, 0x6B6E, 0x6B4E,
0x632D, 0x632D, 0x630D, 0x630D, 0x630D, 0x5B0C, 0x5ACC, 0x52AB, 0x528B, 0x4A8A, 0x4A6A, 0x4A6A,
0x426A, 0x424A, 0x4249, 0x3A09, 0x31E8, 0x31E8, 0x31C8, 0x29A7, 0x29A7, 0x2987, 0x2966, 0x2166,
0x2146, 0x2146, 0x2126, 0x2126, 0x1905, 0x1905, 0x18E4, 0x10E4, 0x10E4, 0x10E4, 0x10E4, 0x10E4,
0x10E4, 0x10E4, 0x10C4, 0x10C4, 0x10C4, 0x10C3, 0x08A3, 0x08A3, 0x08A3, 0x08A3, 0x08A3, 0x08A3,
0x08A3, 0x08A3, 0x08A3, 0x08A3, 0x08A3, 0x10C4, 0x08A3, 0x08A4, 0x08A3, 0x08A3, 0x08A3, 0x08A3,
0x0883, 0x0883, 0x0882, 0x0883, 0x08A3, 0x0883, 0x0883, 0x08A3, 0x0883, 0x08A3, 0x0062, 0x08A3,
0x08A3, 0x08A3, 0x0883, 0x08A3, 0x10C3, 0x08A3, 0x08A3, 0x08A3, 0x08C3, 0x08A3, 0x08A3, 0x08C3,
0x10C4, 0x10C4, 0x10C4, 0x10C4, 0x10C3, 0x08C3, 0x08C3, 0x08A3, 0x08A3, 0x08A3, 0x08C3, 0x08A3,
0x08A3, 0x10A4, 0x08A3, 0x08A3, 0x08A3, 0x08A3, 0x08A3, 0x08A3, 0x08A3, 0x08A3, 0x08A3, 0x08A3,
0x08A3, 0x08A3, 0x08A3, 0x08A3, 0x08A3, 0x08A3, 0x10A3, 0x10A3, 0x10A3, 0x10A3, 0x10C3, 0x08A3,
0x08A3, 0x10C3, 0x10C3, 0x10C3, 0x10A3, 0x10C4, 0x10C4, 0x18E4, 0x52AB, 0x7BAF, 0x7BAF, 0x630C,
0x4A8A, 0x4249, 0x4249, 0x4229, 0x4209, 0x39E8, 0x31C8, 0x31A7, 0x31C7, 0x31A7, 0x31C7, 0x2966,
0x2145, 0x2125, 0x2105, 0x2105, 0x1905, 0x18E4, 0x18E4, 0x10E4, 0x10C4, 0x10C3, 0x10C3, 0x10C3,
0x10C4, 0x08C4, 0x08C4, 0x08C3, 0x08A3, 0x08A3, 0x08A3, 0x08A3, 0x08A3, 0x08A3, 0x08A3, 0x08A3,
0x08A3, 0x08A3, 0x0883, 0x0883, 0x0883, 0x0883, 0x0062, 0x0062, 0x0062, 0x0062, 0x0042, 0x0042,
0x0062, 0x10A3, 0x10C3, 0x2125, 0x2966, 0x31C7, 0x39E8, 0x3A08, 0x4229, 0x4A4A, 0x4A6A, 0x4A6A,
0x4A6A, 0x528B, 0x52AB, 0x5AEB, 0x632C, 0x632C, 0x630C, 0x52AA, 0x4A6A, 0x4A4A, 0x4A49, 0x4229,
0x4229, 0x4208, 0x31C7, 0x31C7, 0x2146, 0x1925, 0x10E4, 0x08A3, 0x0863, 0x0042, 0x0042, 0x0022,
0x0021, 0x0021, 0x0021, 0x0021, 0x0021, 0x0021, 0x0021, 0x0021, 0x0021, 0x0021, 0x0021, 0x0021,
0x0021, 0x0021, 0x0021, 0x0021, 0x5AEC, 0x5AEC, 0x5AEC, 0x5AEC, 0x5ACC, 0x5ACC, 0x5ACC, 0x5ACC,
0x5ACC, 0x5ACC, 0x5ACC, 0x5ACC, 0x5ACC, 0x52CC, 0x5ACC, 0x62EC, 0x630C, 0x630C, 0x632C, 0x632D,
0x632D, 0x632D, 0x632D, 0x630C, 0x5B0C, 0x5B0C, 0x630D, 0x630C, 0x630C, 0x630C, 0x630C, 0x630C,
0x630C, 0x630C, 0x630C, 0x630D, 0x632D, 0x632D, 0x632D, 0x632D, 0x632C, 0x630C, 0x632D, 0x632D,
0x632D, 0x632D, 0x632D, 0x632D, 0x632D, 0x632D, 0x634D, 0x6B4E, 0x6B4D, 0x6B4D, 0x6B4D, 0x634D,
0x632D, 0x632D, 0x634D, 0x6B6E, 0x738E, 0x73AF, 0x7BCF, 0x7BEF, 0x8410, 0x8410, 0x8410, 0x8410,
0x8410, 0x7BCF, 0x7BCF, 0x7BCF, 0x7BCF, 0x7BAF, 0x7BAF, 0x73AF, 0x73AF, 0x73AF, 0x73AE, 0x738E,
0x738E, 0x6B6E, 0x6B8E, 0x6B8E, 0x6B6E, 0x6B6E, 0x6B6E, 0x6B4E, 0x634D, 0x630D, 0x630D, 0x5B0C,
0x5B0C, 0x5AEC, 0x5ACC, 0x52AB, 0x4A6A, 0x4A6A, 0x4A6A, 0x426A, 0x4229, 0x3A29, 0x3A29, 0x39E8,
0x31C8, 0x31A8, 0x31C8, 0x29A7, 0x2987, 0x2986, 0x2166, 0x2146, 0x2146, 0x2126, 0x2126, 0x2125,
0x1905, 0x18E5, 0x18E4, 0x10E4, 0x10E4, 0x10E4, 0x10E4, 0x10E4, 0x10C4, 0x10C4, 0x10C4, 0x10C4,
0x10C4, 0x08A3, 0x08A3, 0x08A3, 0x08A3, 0x08A3, 0x08A3, 0x08A3, 0x08A3, 0x08A3, 0x08A3, 0x08A3,
0x08A3, 0x08A3, 0x0883, 0x08A3, 0x08A3, 0x08A3, 0x08A3, 0x0883, 0x0883, 0x0883, 0x0882, 0x0882,
0x0883, 0x0082, 0x0082, 0x0883, 0x0883, 0x08A3, 0x0062, 0x08A3, 0x08A3, 0x08A3, 0x0883, 0x08A3,
0x10C3, 0x08A3, 0x10A3, 0x10A3, 0x10C3, 0x08A3, 0x08C3, 0x08C3, 0x10C4, 0x10C4, 0x10C4, 0x10C4,
0x10C3, 0x10C3, 0x10C3, 0x08A3, 0x08A3, 0x08A3, 0x08A3, 0x08A3, 0x08A3, 0x08A3, 0x08A3, 0x08A3,
0x08A3, 0x08A3, 0x08A3, 0x08A3, 0x08A3, 0x08A3, 0x08A3, 0x08A3, 0x08A3, 0x08A3, 0x08A3, 0x08A3,
0x08A3, 0x08A3, 0x10A3, 0x10A3, 0x10A3, 0x10A3, 0x08A3, 0x08A3, 0x08A3, 0x10C3, 0x10C3, 0x10A3,
0x08A3, 0x10C4, 0x10C4, 0x10E4, 0x528A, 0x73AF, 0x73AE, 0x5AEC, 0x4A49, 0x4229, 0x3A08, 0x39E8,
0x31C8, 0x31C7, 0x2987, 0x2966, 0x2986, 0x2966, 0x2146, 0x2125, 0x2125, 0x1925, 0x1905, 0x1905,
0x18E4, 0x18E4, 0x18E4, 0x10C4, 0x10C4, 0x10C3, 0x10C3, 0x10C3, 0x10C3, 0x08C4, 0x08C4, 0x08A3,
0x08A3, 0x08A3, 0x08A3, 0x08A3, 0x08A3, 0x08A3, 0x08A3, 0x0883, 0x0883, 0x0883, 0x0883, 0x0883,
0x0882, 0x0882, 0x0062, 0x0062, 0x0062, 0x0062, 0x0062, 0x0883, 0x10C4, 0x1925, 0x2146, 0x2966,
0x31C7, 0x39E8, 0x4229, 0x4A6A, 0x4A6A, 0x4A8A, 0x528A, 0x528A, 0x52AB, 0x52CB, 0x5ACB, 0x5AEB,
0x632C, 0x52CB, 0x4A69, 0x4A69, 0x4249, 0x4229, 0x4229, 0x39E8, 0x3A08, 0x39E8, 0x2966, 0x2145,
0x1925, 0x10C4, 0x08A3, 0x0062, 0x0042, 0x0042, 0x0021, 0x0021, 0x0021, 0x0021, 0x0021, 0x0021,
0x0021, 0x0021, 0x0021, 0x0021, 0x0021, 0x0021, 0x0021, 0x0021, 0x0021, 0x0021, 0x0021, 0x0021,
0x630D, 0x5AEC, 0x5AEC, 0x5AEC, 0x5AEC, 0x5AEC, 0x5AEC, 0x5AEC, 0x5AEC, 0x5AEC, 0x5AEC, 0x5AEC,
0x52CC, 0x52CC, 0x52CB, 0x5ACC, 0x5AEC, 0x630C, 0x632C, 0x6B2D, 0x632D, 0x632D, 0x632D, 0x630C,
0x630C, 0x630C, 0x5B0C, 0x5AEC, 0x5AEC, 0x5B0C, 0x5AEC, 0x630C, 0x630C, 0x630C, 0x630C, 0x630C,
0x630C, 0x632C, 0x632D, 0x632C, 0x630C, 0x632D, 0x632D, 0x632D, 0x632D, 0x632D, 0x632D, 0x634D,
0x632D, 0x632D, 0x6B4D, 0x6B6E, 0x6B6E, 0x6B4D, 0x6B4D, 0x6B4D, 0x634D, 0x634D, 0x634D, 0x6B4D,
0x6B6E, 0x738E, 0x73AF, 0x7BCF, 0x7BF0, 0x7BF0, 0x7BF0, 0x8410, 0x8410, 0x7BEF, 0x7BCF, 0x7BCF,
0x7BCF, 0x7BCF, 0x7BCF, 0x73AE, 0x738E, 0x73AE, 0x738E, 0x6B8E, 0x738E, 0x6B6E, 0x6B8E, 0x6B8E,
0x6B6E, 0x6B6E, 0x6B4D, 0x6B4D, 0x634D, 0x630C, 0x5B0C, 0x5AEC, 0x5AEC, 0x5ACC, 0x5ACC, 0x52AB,
0x4A6A, 0x4269, 0x4269, 0x4249, 0x3A29, 0x3A09, 0x39E8, 0x31E8, 0x31C8, 0x2987, 0x3187, 0x2987,
0x2966, 0x2166, 0x2146, 0x2146, 0x2125, 0x1925, 0x1905, 0x1905, 0x1905, 0x18E4, 0x18E4, 0x18E4,
0x18E4, 0x18E4, 0x18C4, 0x10E4, 0x10C4, 0x10E4, 0x10E4, 0x10C4, 0x10C4, 0x08A3, 0x08A3, 0x08A3,
0x08A3, 0x08A3, 0x08A3, 0x08A3, 0x08A3, 0x0883, 0x08A3, 0x08A3, 0x08A3, 0x08A3, 0x08A3, 0x08A3,
0x08A3, 0x08A3, 0x0882, 0x0082, 0x0882, 0x0882, 0x0862, 0x0062, 0x0862, 0x0062, 0x0882, 0x0883,
0x0882, 0x08A3, 0x0882, 0x0883, 0x08A3, 0x0883, 0x0883, 0x0883, 0x10A3, 0x08A3, 0x10A3, 0x10A3,
0x08A3, 0x08A3, 0x08A3, 0x08A3, 0x08A3, 0x10C3, 0x10C3, 0x10C3, 0x10A3, 0x10A3, 0x10A3, 0x10A3,
0x08A3, 0x0883, 0x08A3, 0x08A3, 0x0883, 0x08A3, 0x08A3, 0x08A3, 0x0883, 0x0883, 0x0883, 0x0883,
0x08A3, 0x08A3, 0x08A3, 0x08A3, 0x08A3, 0x08A3, 0x10A3, 0x08A3, 0x08A3, 0x08A3, 0x0883, 0x10A3,
0x10A3, 0x10A3, 0x10A3, 0x10A3, 0x0883, 0x10A3, 0x10A3, 0x10A3, 0x08A3, 0x10A3, 0x10A3, 0x10C4,
0x4229, 0x6B6E, 0x6B6E, 0x5AEB, 0x4229, 0x31E7, 0x31C7, 0x31A7, 0x2987, 0x2986, 0x2966, 0x2145,
0x2125, 0x2125, 0x2125, 0x1905, 0x1905, 0x1905, 0x18E4, 0x18E4, 0x10C4, 0x18E4, 0x10C4, 0x10C4,
0x10C4, 0x10C4, 0x10A3, 0x10A3, 0x10C3, 0x08C3, 0x08C3, 0x08A3, 0x08A3, 0x08A3, 0x08A3, 0x08A3,
0x08A3, 0x08A3, 0x08A3, 0x0883, 0x0883, 0x0883, 0x0883, 0x0882, 0x0862, 0x0062, 0x0062, 0x0062,
0x0062, 0x0882, 0x10A3, 0x10E4, 0x2145, 0x2987, 0x31A7, 0x39E8, 0x3A29, 0x4229, 0x4249, 0x4A6A,
0x52AB, 0x52AB, 0x52AB, 0x52AB, 0x52CB, 0x5AEC, 0x5ACB, 0x5B0C, 0x528A, 0x4249, 0x4A49, 0x4A49,
0x4249, 0x4229, 0x39E8, 0x31A7, 0x2987, 0x2145, 0x1904, 0x10C4, 0x10A3, 0x0883, 0x0042, 0x0041,
0x0021, 0x0021, 0x0021, 0x0021, 0x0021, 0x0021, 0x0021, 0x0021, 0x0021, 0x0021, 0x0021, 0x0021,
0x0021, 0x0021, 0x0021, 0x0021, 0x0021, 0x0021, 0x0021, 0x0021, 
};
