#pragma once
#include <stdint.h>

const uint16_t image_data[55040] = {
0x7BF0, 0x8431, 0x8452, 0x8C72, 0x9493, 0x94D3, 0x9CD4, 0x9CF3, 0x9CF3, 0x94B3, 0x9493, 0x94B3,
0x9CF4, 0xA514, 0x9CF4, 0x9CD3, 0x8C92, 0x8C52, 0x7C11, 0x7BF0, 0x7C10, 0x8431, 0x8431, 0x7BD0,
0x738E, 0x6B6E, 0x736E, 0x6B6E, 0x6B6D, 0x6B6E, 0x6B6D, 0x6B6E, 0x6B4D, 0x6B4D, 0x6B6E, 0x6B8E,
0x6B6E, 0x6B6E, 0x736E, 0x6B6D, 0x632D, 0x630C, 0x632D, 0x6B4E, 0x634D, 0x6B6E, 0x6B6E, 0x634D,
0x632D, 0x632C, 0x630C, 0x630C, 0x5B0C, 0x5ACB, 0x4A8A, 0x4A6A, 0x4229, 0x4A6A, 0x424A, 0x4229,
0x3A08, 0x31A7, 0x2966, 0x2146, 0x2966, 0x2125, 0x2125, 0x1905, 0x10C4, 0x10E4, 0x1905, 0x18E4,
0x10C4, 0x10A3, 0x10C4, 0x08A3, 0x08A3, 0x08A3, 0x0883, 0x0882, 0x0082, 0x0883, 0x08A3, 0x3208,
0x6BAF, 0x7C30, 0x8450, 0x94B2, 0x94B2, 0x9CD3, 0x9CD3, 0x9CD3, 0x9CF3, 0x9CF3, 0x9CF3, 0xA514,
0xA514, 0xA514, 0xA514, 0xA514, 0xA514, 0xA4F4, 0x9CD3, 0x9CD3, 0xA4F3, 0xA4F3, 0xA4F3, 0xA514,
0xA514, 0xA514, 0xA514, 0xA4F3, 0x9491, 0x7BEF, 0x6B6D, 0x736D, 0x6B6D, 0x6B4D, 0x6B6E, 0x6B4D,
0x6B2D, 0x6B4D, 0x6B6E, 0x6B6E, 0x6B6E, 0x6B6E, 0x738E, 0x73CF, 0x73AE, 0x738E, 0x738E, 0x738E,
0x736D, 0x6B4D, 0x6B4D, 0x6B4D, 0x6B4D, 0x6B4D, 0x6B4D, 0x6B4D, 0x6B4E, 0x736E, 0x736E, 0x738E,
0x738E, 0x736E, 0x73AE, 0x738E, 0x6B6D, 0x738E, 0x738E, 0x738E, 0x738E, 0x7BAF, 0x7BAF, 0x73AE,
0x7BCF, 0x8410, 0x8430, 0x8430, 0x8410, 0x83EF, 0x8410, 0x8410, 0x7BCF, 0x8410, 0x8410, 0x8410,
0x8C30, 0x8430, 0x8430, 0x8C51, 0x8430, 0x8C30, 0x8C50, 0x8C51, 0x9471, 0x9471, 0x8C31, 0x8C31,
0x8C31, 0x8C31, 0x9471, 0x9471, 0x9471, 0x9471, 0x9492, 0x9C92, 0x9C92, 0x9C92, 0x9C92, 0x9CB2,
0x9C92, 0x9492, 0x9CB2, 0x9CB2, 0x9CD3, 0x9CD2, 0x9CD2, 0x9CD2, 0x9492, 0x9492, 0x9492, 0x9491,
0x9491, 0x9491, 0x9491, 0x94B2, 0x9471, 0x8C50, 0x8C51, 0x9471, 0x8C31, 0x83F0, 0x7BCF, 0x630D,
0x528B, 0x3187, 0x10A3, 0x10C3, 0x08A3, 0x0862, 0x0042, 0x18E4, 0x39E8, 0x5AEC, 0x528A, 0x528A,
0x39E8, 0x8431, 0x528A, 0x0021, 0x0042, 0x0042, 0x0042, 0x0042, 0x0042, 0x0042, 0x0042, 0x0042,
0x0042, 0x0062, 0x0062, 0x0883, 0x0883, 0x0062, 0x0062, 0x0062, 0x0063, 0x0063, 0x0062, 0x0062,
0x0062, 0x0062, 0x0062, 0x0062, 0x0062, 0x0062, 0x0062, 0x0063, 0x0063, 0x0063, 0x0883, 0x0883,
0x0063, 0x0863, 0x0063, 0x0063, 0x0063, 0x0063, 0x0063, 0x0883, 0x0883, 0x0883, 0x0883, 0x08A3,
0x10C4, 0x10C4, 0x1905, 0x1905, 0x1905, 0x1905, 0x1905, 0x1905, 0x1905, 0x2126, 0x2146, 0x2146,
0x2166, 0x2146, 0x2966, 0x2987, 0x29A7, 0x31C8, 0x31C8, 0x39E8, 0x3A09, 0x3A29, 0x3A29, 0x3A29,
0x3A29, 0x3A08, 0x31E8, 0x31C8, 0x29A7, 0x29A7, 0x2125, 0x2126, 0x1925, 0x08C4, 0x0883, 0x0883,
0x0883, 0x0883, 0x0883, 0x0883, 0x0883, 0x0883, 0x0042, 0x0041, 0x8431, 0x8452, 0x8C72, 0x8C93,
0x94D4, 0x9CF4, 0x9CF4, 0xA514, 0x9CD3, 0x9492, 0x8C93, 0x94F4, 0x9D15, 0xA514, 0x9CF3, 0x9492,
0x9492, 0x8451, 0x7C11, 0x7C11, 0x8C72, 0x8C72, 0x8451, 0x7BEF, 0x738E, 0x6B6E, 0x6B6E, 0x6B6E,
0x6B6E, 0x6B6E, 0x6B8E, 0x6B4E, 0x6B4E, 0x6B6E, 0x738F, 0x738E, 0x6B8E, 0x738E, 0x738E, 0x6B6E,
0x6B6E, 0x632D, 0x632D, 0x634D, 0x6B6E, 0x6B6E, 0x6B6E, 0x634D, 0x5B0C, 0x5B0C, 0x632D, 0x5AEC,
0x52AB, 0x52AB, 0x4A6A, 0x4A4A, 0x4249, 0x4249, 0x31E8, 0x39E8, 0x31C8, 0x31A7, 0x2966, 0x2146,
0x2967, 0x2146, 0x2146, 0x2146, 0x1905, 0x10E4, 0x10E4, 0x10C4, 0x08A3, 0x08A3, 0x0883, 0x0883,
0x08A3, 0x0883, 0x0883, 0x0062, 0x0062, 0x10E5, 0x31C8, 0x6B8F, 0x8451, 0x8C71, 0x9492, 0x9CB2,
0x9CB3, 0x94B2, 0x94B3, 0x9CD3, 0x9CD3, 0x9CD3, 0x9CD3, 0xA4F3, 0xA513, 0xA513, 0xA514, 0xA514,
0xA4F3, 0xA4D3, 0x9CD3, 0xA4D3, 0xA4F3, 0xA4F3, 0xA4F3, 0xA4F4, 0xA4F3, 0xA4D3, 0xA4D3, 0x9471,
0x83EF, 0x738E, 0x6B6D, 0x736D, 0x6B4D, 0x6B4D, 0x6B6E, 0x6B4D, 0x6B2D, 0x6B4D, 0x6B6E, 0x738E,
0x6B8E, 0x634D, 0x6B6E, 0x738E, 0x738E, 0x738E, 0x736E, 0x6B6D, 0x6B4D, 0x6B2D, 0x6B2D, 0x6B2D,
0x6B4D, 0x6B4D, 0x6B6E, 0x738E, 0x738E, 0x736E, 0x736E, 0x736E, 0x736E, 0x736E, 0x738E, 0x738E,
0x736E, 0x738E, 0x736E, 0x738E, 0x7BAE, 0x738E, 0x738E, 0x73AE, 0x7BCF, 0x7BEF, 0x7BEF, 0x7BEF,
0x7BCF, 0x7BF0, 0x7BEF, 0x7BEF, 0x7BCF, 0x7BCF, 0x7BEF, 0x7BEF, 0x8410, 0x83F0, 0x8C30, 0x8C51,
0x8430, 0x8410, 0x8C51, 0x8C51, 0x8C51, 0x8C30, 0x8C31, 0x8C51, 0x8C51, 0x8C71, 0x9471, 0x9471,
0x9471, 0x9491, 0x9492, 0x9492, 0x9492, 0x9C92, 0x9CB2, 0x9C92, 0x9CB2, 0x9C92, 0x9CB2, 0x9471,
0x9CD3, 0x9CB2, 0x9491, 0x9471, 0x9CB2, 0x94B2, 0x9491, 0x94B2, 0x9492, 0x9492, 0x9492, 0x9491,
0x8C30, 0x8C30, 0x9471, 0x9C92, 0x7BCF, 0x6B6E, 0x5AEC, 0x4208, 0x2966, 0x18E4, 0x0883, 0x0883,
0x0883, 0x0062, 0x3A08, 0x6B6E, 0x634E, 0x5AEC, 0x52AB, 0x528A, 0x3A09, 0x528B, 0x8451, 0x10C3,
0x0042, 0x0042, 0x0062, 0x0062, 0x0062, 0x0042, 0x0042, 0x0042, 0x0042, 0x0062, 0x0062, 0x0883,
0x08A3, 0x0062, 0x0062, 0x0062, 0x0062, 0x0062, 0x0062, 0x0062, 0x0062, 0x0062, 0x0042, 0x0042,
0x0042, 0x0042, 0x0042, 0x0042, 0x0063, 0x0063, 0x0063, 0x0063, 0x0063, 0x0863, 0x0063, 0x0063,
0x0063, 0x0063, 0x0883, 0x0883, 0x0883, 0x08A3, 0x08C4, 0x08A4, 0x08A4, 0x08C4, 0x1105, 0x10E4,
0x10E5, 0x1905, 0x1105, 0x1905, 0x1926, 0x1905, 0x2146, 0x2166, 0x2166, 0x2146, 0x2166, 0x2987,
0x29A7, 0x29A8, 0x29A8, 0x31C8, 0x31C8, 0x31E8, 0x31C7, 0x2987, 0x2146, 0x2145, 0x1905, 0x10C4,
0x10C4, 0x0883, 0x0883, 0x0883, 0x0062, 0x0063, 0x0063, 0x0863, 0x0063, 0x0062, 0x0062, 0x0042,
0x08A3, 0x08A3, 0x10A3, 0x1904, 0x8C72, 0x8C93, 0x8CB3, 0x94D3, 0x9CF4, 0x9D14, 0xA514, 0xA514,
0x9CB3, 0x8C92, 0x8C93, 0x9D14, 0xA535, 0x9CF4, 0x9CD3, 0x9492, 0x8C72, 0x8431, 0x7C11, 0x8452,
0x8C93, 0x8C92, 0x8451, 0x73CF, 0x6B8E, 0x6B6E, 0x6B6E, 0x6B6E, 0x738F, 0x738F, 0x6B6E, 0x6B6E,
0x6B6E, 0x738F, 0x73AF, 0x738E, 0x73AF, 0x738F, 0x738E, 0x6B4E, 0x634D, 0x632D, 0x632D, 0x634D,
0x73AF, 0x6B6E, 0x6B4E, 0x632D, 0x5B0C, 0x5B0D, 0x632D, 0x632C, 0x5B0C, 0x52AA, 0x4A49, 0x4A6A,
0x3A08, 0x31A7, 0x31E8, 0x31C7, 0x39E8, 0x31C8, 0x2966, 0x2166, 0x2126, 0x18E5, 0x1905, 0x1925,
0x1905, 0x10E4, 0x10E4, 0x10A4, 0x08A3, 0x08A3, 0x08A3, 0x18E5, 0x10C4, 0x0883, 0x0863, 0x0062,
0x0063, 0x2167, 0x4AAC, 0x73D0, 0x8431, 0x8C92, 0x94B2, 0x9CB3, 0x9CD3, 0x94B3, 0x94B3, 0x9CD3,
0x9CD3, 0x9CD3, 0x9CD2, 0x9CD3, 0x9CF3, 0xA4F3, 0xA4F3, 0xA4F3, 0xA4D3, 0x9CD3, 0xA4F3, 0xA4F3,
0xA4F3, 0xA4F3, 0xA4F3, 0xA513, 0x9CD3, 0x9CF3, 0x94B2, 0x840F, 0x738E, 0x6B6D, 0x738D, 0x6B6D,
0x6B6D, 0x736E, 0x736E, 0x6B4D, 0x6B4D, 0x6B4D, 0x6B6E, 0x6B6E, 0x634D, 0x632D, 0x632D, 0x6B4D,
0x6B6E, 0x6B6E, 0x6B6D, 0x634D, 0x632C, 0x632D, 0x632D, 0x632D, 0x6B4D, 0x6B4D, 0x6B6E, 0x738E,
0x6B4E, 0x6B4D, 0x6B4D, 0x6B4D, 0x6B4D, 0x6B6E, 0x736E, 0x736E, 0x736E, 0x736E, 0x736D, 0x736E,
0x6B4D, 0x738E, 0x73AE, 0x7BCF, 0x73AE, 0x738E, 0x73AE, 0x7BCF, 0x73CF, 0x7BF0, 0x7BEF, 0x7BF0,
0x7BEF, 0x7BCF, 0x7BEF, 0x7BEF, 0x7BEF, 0x83F0, 0x8C10, 0x8C30, 0x8430, 0x7BEF, 0x8C51, 0x8C51,
0x8C51, 0x8C30, 0x8C71, 0x8C71, 0x8C71, 0x8C71, 0x9471, 0x9471, 0x9471, 0x9491, 0x9491, 0x9491,
0x9492, 0x9492, 0x9492, 0x9C92, 0x9CB2, 0x9C92, 0x9CB2, 0x9CB2, 0x8C71, 0x8C71, 0x94B2, 0x9CD2,
0x94B2, 0x9492, 0x9471, 0x9492, 0x9492, 0x9492, 0x9492, 0x9471, 0x94B2, 0x9471, 0x9451, 0x7BCF,
0x6B4D, 0x4A4A, 0x31C8, 0x18E4, 0x08A3, 0x0863, 0x0063, 0x10E4, 0x3A08, 0x6B6E, 0x8C72, 0x8410,
0x6B6E, 0x5B0C, 0x52CB, 0x528A, 0x4209, 0x424A, 0x8CB2, 0x10E4, 0x0062, 0x0062, 0x0062, 0x0062,
0x0062, 0x0042, 0x0042, 0x0042, 0x0042, 0x0062, 0x0062, 0x0883, 0x10C4, 0x0062, 0x0062, 0x0062,
0x0062, 0x0062, 0x0062, 0x0063, 0x0063, 0x0043, 0x0042, 0x0042, 0x0042, 0x0042, 0x0042, 0x0062,
0x0062, 0x0062, 0x0062, 0x0062, 0x0863, 0x0863, 0x0863, 0x0863, 0x0063, 0x0062, 0x0083, 0x08A3,
0x08A3, 0x08A3, 0x08C4, 0x08C4, 0x08A4, 0x08A4, 0x10E4, 0x10E4, 0x1105, 0x1905, 0x1105, 0x1905,
0x1946, 0x1946, 0x2146, 0x2166, 0x2166, 0x2146, 0x2166, 0x2187, 0x2987, 0x2987, 0x2987, 0x2146,
0x1926, 0x1925, 0x10C4, 0x10C4, 0x08A3, 0x0883, 0x0883, 0x0883, 0x0883, 0x0862, 0x0862, 0x0042,
0x0882, 0x18E4, 0x18E4, 0x2966, 0x39C8, 0x31C7, 0x4A8A, 0x4A8A, 0x5B0C, 0x5B0C, 0x5AEC, 0x5AEC,
0x8C92, 0x9493, 0x94D3, 0x9CF4, 0x9CF4, 0xA514, 0xA514, 0x9CF4, 0x9493, 0x8C72, 0x94B3, 0x9D14,
0xA534, 0x9CF4, 0x94B3, 0x8C72, 0x8431, 0x7C11, 0x7C11, 0x8473, 0x8C93, 0x8C72, 0x7C10, 0x738E,
0x6B6D, 0x6B6E, 0x6B8E, 0x6B6E, 0x6B6E, 0x6B6E, 0x634E, 0x6B6E, 0x6B6E, 0x6B8E, 0x6B6E, 0x6B4D,
0x73AE, 0x73CF, 0x6B6E, 0x632D, 0x632D, 0x634D, 0x6B4E, 0x632D, 0x634D, 0x634D, 0x6B4D, 0x632D,
0x5AEC, 0x5AEC, 0x5AEC, 0x5AEB, 0x52AA, 0x4A69, 0x3A08, 0x4229, 0x31C8, 0x31C8, 0x31C8, 0x31A7,
0x39C8, 0x31C8, 0x2987, 0x1925, 0x1925, 0x1905, 0x10E5, 0x10E5, 0x1905, 0x10E4, 0x10E4, 0x08A3,
0x08A3, 0x10C4, 0x08A3, 0x10C3, 0x08A3, 0x0883, 0x0062, 0x0063, 0x10E5, 0x4AAB, 0x6BD0, 0x73F0,
0x8C72, 0x94B2, 0x94D2, 0x9CD3, 0x9CD3, 0x9CB3, 0x94B3, 0x94B2, 0x9CD3, 0x94D2, 0x94D2, 0x9CD3,
0x9CD3, 0xA4F3, 0xA4F3, 0xA4D3, 0x9CD3, 0x9CD3, 0xA514, 0xA534, 0xA4F3, 0xA4F3, 0xA513, 0xA514,
0x9CF3, 0x94B2, 0x8410, 0x738E, 0x6B8D, 0x73AE, 0x738D, 0x738D, 0x6B6E, 0x6B4E, 0x6B4E, 0x6B4D,
0x6B4D, 0x6B4D, 0x634D, 0x6B4D, 0x6B4D, 0x632D, 0x630C, 0x634D, 0x6B6E, 0x6B4D, 0x632D, 0x632D,
0x632D, 0x632D, 0x632D, 0x632D, 0x6B4E, 0x6B4E, 0x6B6D, 0x6B4D, 0x6B4D, 0x6B4D, 0x6B4D, 0x6B4D,
0x6B4D, 0x6B4D, 0x736E, 0x6B4D, 0x6B4D, 0x6B4D, 0x6B4D, 0x736D, 0x736D, 0x736E, 0x736E, 0x6B6D,
0x6B6D, 0x738E, 0x7BCF, 0x7BCF, 0x7BCF, 0x7BCF, 0x73AE, 0x7BCF, 0x7BCF, 0x7BAE, 0x7BCF, 0x7BCF,
0x8410, 0x8410, 0x8410, 0x8430, 0x8430, 0x8430, 0x8C30, 0x8C30, 0x8C51, 0x8C51, 0x8C51, 0x8C71,
0x8C71, 0x8C71, 0x9471, 0x9491, 0x9471, 0x9491, 0x9491, 0x9491, 0x9492, 0x9471, 0x9492, 0x9CB2,
0x9CB2, 0x9491, 0x8C51, 0x8C51, 0x94B2, 0x94B2, 0x9491, 0x9471, 0x9491, 0x94B2, 0x94B2, 0x94B2,
0x9491, 0x9492, 0x9492, 0x9471, 0x8C50, 0x83EF, 0x736D, 0x5ACC, 0x39E8, 0x1905, 0x10A4, 0x0083,
0x0883, 0x0062, 0x31C7, 0x73CF, 0x8451, 0x8C91, 0x8C71, 0x8410, 0x73AF, 0x5B0C, 0x5AEB, 0x5AAB,
0x4A6A, 0x31A7, 0x632D, 0x4249, 0x0062, 0x0042, 0x0062, 0x0062, 0x0062, 0x0042, 0x0042, 0x0042,
0x0062, 0x0062, 0x0062, 0x0863, 0x0883, 0x0062, 0x0062, 0x0062, 0x0062, 0x0062, 0x0062, 0x0063,
0x0063, 0x0062, 0x0062, 0x0062, 0x0062, 0x0062, 0x0062, 0x0062, 0x0062, 0x0062, 0x0062, 0x0062,
0x0863, 0x0863, 0x0863, 0x0863, 0x0863, 0x0063, 0x0083, 0x0883, 0x08A3, 0x08A3, 0x08C4, 0x08C4,
0x10E5, 0x08C4, 0x10E4, 0x1105, 0x10E4, 0x1905, 0x1925, 0x1905, 0x1925, 0x2146, 0x2146, 0x2166,
0x2166, 0x2166, 0x2146, 0x2146, 0x1925, 0x10E4, 0x08A3, 0x08A3, 0x08A3, 0x0883, 0x0883, 0x0883,
0x0042, 0x0041, 0x0021, 0x0042, 0x08A3, 0x2966, 0x39C8, 0x4229, 0x52AB, 0x5AEB, 0x5AEC, 0x632C,
0x6B4D, 0x6B4D, 0x634D, 0x634D, 0x5B0C, 0x5B0C, 0x5AEC, 0x5AEC, 0x9CD4, 0x9CF4, 0x9CF4, 0x9CF4,
0xA514, 0xA514, 0xA514, 0x94B3, 0x9493, 0x94B3, 0x9CF4, 0x9D14, 0xA4F4, 0x9CB3, 0x9493, 0x8C72,
0x8431, 0x7C11, 0x8472, 0x8C93, 0x8C72, 0x8410, 0x73AF, 0x738E, 0x738E, 0x6B6E, 0x6B8E, 0x6B6E,
0x632D, 0x632D, 0x6B4E, 0x6B6E, 0x6B8E, 0x73AF, 0x6B8E, 0x6B4D, 0x6B6E, 0x6B4E, 0x630D, 0x634D,
0x632D, 0x6B6E, 0x6B8E, 0x632D, 0x5B0C, 0x632D, 0x634D, 0x632D, 0x5AEC, 0x52CB, 0x5AEC, 0x52AB,
0x4A6A, 0x4A49, 0x4249, 0x4228, 0x3A08, 0x4209, 0x39E8, 0x31A7, 0x2987, 0x2966, 0x2146, 0x2146,
0x1905, 0x1905, 0x18E5, 0x1905, 0x10C4, 0x10C4, 0x10C4, 0x08A3, 0x0883, 0x0883, 0x0883, 0x08A3,
0x08A3, 0x0062, 0x0062, 0x08C4, 0x3A2A, 0x636E, 0x8431, 0x8C71, 0x8C72, 0x9492, 0x9492, 0x9492,
0x9CB3, 0x9CD3, 0x94B2, 0x94B2, 0x94B2, 0x94B2, 0x9CD3, 0x9CD3, 0x9CB3, 0x9CD3, 0x9CB2, 0x9CD3,
0x9CD3, 0xA4D3, 0xA4F4, 0xA513, 0xA4F3, 0x9CF3, 0x9CF3, 0x9D13, 0x9CD2, 0x8C30, 0x7BAE, 0x736D,
0x738E, 0x738E, 0x736E, 0x736D, 0x6B6D, 0x6B4E, 0x6B4E, 0x6B4D, 0x6B4D, 0x6B4D, 0x632D, 0x6B2D,
0x632C, 0x630C, 0x632C, 0x634D, 0x634D, 0x632D, 0x634D, 0x632D, 0x632D, 0x632C, 0x632C, 0x632C,
0x632D, 0x6B6E, 0x6B6D, 0x632C, 0x632C, 0x632C, 0x630C, 0x632C, 0x6B2D, 0x6B4D, 0x6B2D, 0x632C,
0x632C, 0x6B4D, 0x6B4D, 0x6B4D, 0x6B4D, 0x6B4D, 0x6B4D, 0x734E, 0x736E, 0x736D, 0x738E, 0x738E,
0x738E, 0x738E, 0x7BCF, 0x7BCF, 0x738E, 0x7BAE, 0x7BCF, 0x7BEF, 0x7BEF, 0x8410, 0x8410, 0x8430,
0x8C30, 0x8430, 0x8C30, 0x8C30, 0x8C51, 0x8C31, 0x8C31, 0x8C31, 0x8C51, 0x9471, 0x9471, 0x9471,
0x9471, 0x9471, 0x8C71, 0x8C71, 0x9471, 0x9471, 0x9471, 0x9471, 0x8C30, 0x8C51, 0x9492, 0x9492,
0x9492, 0x8C71, 0x8C30, 0x9492, 0x9CD2, 0x9492, 0x9492, 0x94B2, 0x8C71, 0x8C71, 0x8C51, 0x83EF,
0x7BCF, 0x5AAB, 0x39E8, 0x2125, 0x1083, 0x0883, 0x0883, 0x0042, 0x1905, 0x52CB, 0x94B3, 0x94B2,
0x9491, 0x8C71, 0x8C51, 0x8431, 0x7BCF, 0x6B6E, 0x630C, 0x5ACB, 0x528B, 0x39C8, 0x632D, 0x73AF,
0x1082, 0x0042, 0x0042, 0x0062, 0x0062, 0x0042, 0x0042, 0x0042, 0x0042, 0x0042, 0x0042, 0x0862,
0x0062, 0x0062, 0x0062, 0x0062, 0x0062, 0x0062, 0x0062, 0x0042, 0x0042, 0x0062, 0x0042, 0x0062,
0x0042, 0x0042, 0x0042, 0x0062, 0x0862, 0x0062, 0x0062, 0x0062, 0x0062, 0x0062, 0x0062, 0x0883,
0x0883, 0x0883, 0x0883, 0x0883, 0x0883, 0x08A3, 0x08C3, 0x08C4, 0x08C4, 0x08C4, 0x08C4, 0x1105,
0x1105, 0x10E4, 0x10E4, 0x1905, 0x1905, 0x1905, 0x1925, 0x1905, 0x10E5, 0x10E5, 0x08C4, 0x08A3,
0x0063, 0x0063, 0x0863, 0x0063, 0x0063, 0x0062, 0x0082, 0x10C3, 0x2125, 0x31A7, 0x4208, 0x528A,
0x630C, 0x634D, 0x634D, 0x634D, 0x634D, 0x632D, 0x632D, 0x630C, 0x630C, 0x5B0C, 0x5B0C, 0x5B0C,
0x5B0C, 0x5B0C, 0x5B0C, 0x5AEC, 0xA514, 0xA515, 0xA515, 0xA515, 0xA514, 0xA514, 0x9CF4, 0x9493,
0x94B3, 0x94D4, 0x9D15, 0x9D14, 0xA514, 0x9CB3, 0x9493, 0x8C52, 0x8431, 0x8452, 0x8C72, 0x8C72,
0x8C72, 0x8410, 0x73AE, 0x738E, 0x738F, 0x738F, 0x738E, 0x6B6E, 0x6B6D, 0x634D, 0x6B6E, 0x738E,
0x738F, 0x738E, 0x6B8E, 0x6B6E, 0x632D, 0x630D, 0x632D, 0x634E, 0x6B6E, 0x6B8E, 0x73CF, 0x6B6E,
0x632D, 0x632C, 0x632D, 0x5AEC, 0x52AB, 0x52CB, 0x52CB, 0x4A6A, 0x528B, 0x4A6A, 0x4229, 0x3A08,
0x3A08, 0x4209, 0x31A7, 0x2987, 0x31A7, 0x31A7, 0x2166, 0x1925, 0x1905, 0x18E5, 0x18E5, 0x10E4,
0x10C3, 0x10C4, 0x08C4, 0x08A3, 0x08A3, 0x08A4, 0x08A3, 0x08A3, 0x0883, 0x0062, 0x0062, 0x2187,
0x5B0D, 0x7BF0, 0x8451, 0x8C71, 0x9471, 0x9492, 0x9492, 0x9492, 0x94B2, 0x94B2, 0x94B2, 0x94B2,
0x94B2, 0x94B2, 0x94B2, 0x9CD3, 0x9CD3, 0x9CB3, 0x94B2, 0x9CD3, 0x9CB2, 0x9CB3, 0x9CB3, 0x9CD2,
0x9CF3, 0x9CF3, 0x9D13, 0x9CF2, 0x8C50, 0x7BAE, 0x736D, 0x736E, 0x736E, 0x736E, 0x736E, 0x6B6E,
0x6B6D, 0x6B4D, 0x6B4D, 0x6B4D, 0x6B4D, 0x6B4D, 0x632D, 0x632C, 0x630C, 0x630C, 0x630C, 0x630C,
0x630C, 0x632D, 0x634D, 0x5B0C, 0x630C, 0x6B4D, 0x632D, 0x632C, 0x6B6D, 0x6B6D, 0x632C, 0x630C,
0x632C, 0x632D, 0x632C, 0x630C, 0x630C, 0x632D, 0x630D, 0x630D, 0x630D, 0x6B2D, 0x6B4D, 0x6B2D,
0x6B2D, 0x6B2D, 0x6B2D, 0x6B4D, 0x6B4D, 0x6B4D, 0x6B4D, 0x6B2D, 0x736E, 0x738E, 0x6B6D, 0x6B6D,
0x738E, 0x7BCF, 0x7BAF, 0x7BCF, 0x7BAF, 0x7BF0, 0x83F0, 0x8410, 0x8410, 0x8410, 0x8430, 0x8C30,
0x8C30, 0x8C31, 0x8C31, 0x8C31, 0x8C51, 0x8C71, 0x8C71, 0x8C71, 0x8C71, 0x8C71, 0x8C71, 0x8C51,
0x9471, 0x8C50, 0x9471, 0x94B2, 0x9491, 0x94B2, 0x94B2, 0x8C92, 0x8C71, 0x8C71, 0x94B2, 0x94B2,
0x9CB2, 0x9CB2, 0x94B2, 0x9492, 0x8C71, 0x8C51, 0x8410, 0x6B2D, 0x528A, 0x2946, 0x18E4, 0x10C4,
0x0883, 0x0062, 0x0022, 0x52CB, 0x8431, 0x9CF3, 0x94B2, 0x8C50, 0x9491, 0x9492, 0x8C71, 0x8410,
0x7BF0, 0x738E, 0x630C, 0x5ACC, 0x5AAB, 0x4229, 0x4A6A, 0x73AF, 0x18C3, 0x0861, 0x0042, 0x0042,
0x0062, 0x0062, 0x0062, 0x0062, 0x0062, 0x0042, 0x0042, 0x0062, 0x0062, 0x0062, 0x0062, 0x0062,
0x0062, 0x0062, 0x0062, 0x0062, 0x0062, 0x0062, 0x0062, 0x0062, 0x0042, 0x0062, 0x0042, 0x0062,
0x0062, 0x0062, 0x0062, 0x0062, 0x0062, 0x0062, 0x0062, 0x0883, 0x0883, 0x0883, 0x0883, 0x08A3,
0x08A3, 0x08A3, 0x08A3, 0x08C4, 0x08C4, 0x08C4, 0x10C4, 0x08C4, 0x10E5, 0x10E5, 0x10E4, 0x10E4,
0x10E4, 0x10E4, 0x10A4, 0x08A4, 0x0063, 0x0063, 0x0063, 0x0063, 0x0863, 0x0842, 0x0042, 0x10C3,
0x2146, 0x31A7, 0x4249, 0x4A8B, 0x5AEC, 0x630C, 0x632D, 0x6B4D, 0x630C, 0x630C, 0x632C, 0x632C,
0x632C, 0x632C, 0x5B0C, 0x632C, 0x5B0C, 0x5B0C, 0x5B0C, 0x5B0C, 0x5B0C, 0x5B0C, 0x5B0C, 0x5AEC,
0xA515, 0xA515, 0xA535, 0xAD55, 0xAD55, 0xA535, 0x9CF4, 0x94B3, 0x94B3, 0x9CF4, 0xA535, 0xA535,
0xA514, 0x9CB3, 0x9493, 0x8C72, 0x8452, 0x8452, 0x8C52, 0x8C72, 0x8C52, 0x7BCF, 0x738E, 0x6B6E,
0x738E, 0x738E, 0x6B8E, 0x738E, 0x738E, 0x6B4D, 0x6B6E, 0x73AF, 0x73AF, 0x6B6E, 0x6B4D, 0x634E,
0x632D, 0x630C, 0x634D, 0x634D, 0x6B6E, 0x738E, 0x6B8E, 0x6B4D, 0x634D, 0x632D, 0x5B0C, 0x52CB,
0x52CB, 0x4A6A, 0x4A6A, 0x528B, 0x4A6A, 0x4229, 0x3A08, 0x39E8, 0x39C8, 0x39C8, 0x31A7, 0x31A8,
0x31A7, 0x2966, 0x2145, 0x1905, 0x2146, 0x1905, 0x10E4, 0x10C4, 0x1905, 0x10C4, 0x08A3, 0x08A3,
0x08A4, 0x08A4, 0x08A3, 0x0883, 0x0063, 0x0062, 0x1946, 0x4AAB, 0x6B8F, 0x8410, 0x8C71, 0x8C71,
0x9471, 0x9491, 0x9492, 0x9492, 0x9492, 0x9492, 0x94B2, 0x9CD3, 0x9CD3, 0x9CD3, 0x94B2, 0x9CB3,
0x9CD3, 0x9CD3, 0x9CD3, 0x9CD3, 0x9CD3, 0x9CD3, 0x9CB3, 0x9CF3, 0xA4F3, 0x9CF3, 0x9CD2, 0x9471,
0x840F, 0x738D, 0x736D, 0x738E, 0x6B6E, 0x6B4D, 0x736E, 0x6B6E, 0x6B6D, 0x6B4D, 0x6B4D, 0x6B4D,
0x6B2D, 0x634D, 0x632D, 0x632C, 0x630C, 0x62EC, 0x630C, 0x630C, 0x632D, 0x632D, 0x5AEC, 0x5AEC,
0x632D, 0x632C, 0x632C, 0x632C, 0x634D, 0x630C, 0x630C, 0x5B0C, 0x5B0C, 0x5AEC, 0x5AEC, 0x5AEC,
0x5AEC, 0x630D, 0x62EC, 0x5AEC, 0x630D, 0x6B4D, 0x632D, 0x630C, 0x6B2D, 0x6B2D, 0x6B2D, 0x632D,
0x632C, 0x6B4D, 0x630C, 0x630C, 0x6B2D, 0x6B4D, 0x6B6E, 0x6B6E, 0x738E, 0x73AE, 0x738E, 0x738E,
0x73AE, 0x73AE, 0x7BCF, 0x8410, 0x8410, 0x8410, 0x8410, 0x8430, 0x8C30, 0x8C31, 0x8C31, 0x8C31,
0x8C51, 0x8C31, 0x8C51, 0x8C71, 0x8C71, 0x8C71, 0x8C71, 0x8C51, 0x8C30, 0x8410, 0x8C51, 0x9471,
0x9471, 0x9471, 0x8C51, 0x9492, 0x9492, 0x94B2, 0x94B2, 0x9492, 0x94B2, 0x9492, 0x9492, 0x8C71,
0x8410, 0x73AE, 0x5B0C, 0x31A7, 0x2125, 0x2125, 0x2126, 0x1925, 0x08A3, 0x2986, 0x6B8E, 0x94B3,
0x9CD3, 0x9CD3, 0x8C71, 0x8C71, 0x8C51, 0x94B2, 0x94B2, 0x8410, 0x7BF0, 0x73AF, 0x632D, 0x62EC,
0x5ACC, 0x4A4A, 0x4209, 0x7BF0, 0x2966, 0x0841, 0x0042, 0x0042, 0x0062, 0x0062, 0x0062, 0x0062,
0x0062, 0x0062, 0x0042, 0x0062, 0x0062, 0x0062, 0x0062, 0x0062, 0x0062, 0x0062, 0x0062, 0x0062,
0x0062, 0x0062, 0x0062, 0x0062, 0x0062, 0x0062, 0x0042, 0x0062, 0x0062, 0x0062, 0x0062, 0x0062,
0x0062, 0x0062, 0x0062, 0x0063, 0x0883, 0x0883, 0x0883, 0x0883, 0x08A3, 0x08A3, 0x08A3, 0x08C4,
0x08C4, 0x08C4, 0x08C4, 0x08C4, 0x08C4, 0x10C4, 0x10C4, 0x08A3, 0x0883, 0x0883, 0x0062, 0x0042,
0x0042, 0x0063, 0x0063, 0x0883, 0x18E4, 0x2966, 0x39E8, 0x52CB, 0x52AB, 0x52CB, 0x5AEC, 0x5AEC,
0x5B0C, 0x630C, 0x62EC, 0x62EB, 0x5AEB, 0x630C, 0x630C, 0x5B0C, 0x5B0D, 0x5B0C, 0x5B0C, 0x632C,
0x5B0C, 0x5B0C, 0x5B0C, 0x5B0C, 0x5B0C, 0x5B0C, 0x5B0C, 0x5AEC, 0xAD55, 0xAD55, 0xAD55, 0xAD75,
0xAD55, 0xA534, 0x9CF3, 0x9CD4, 0x9CF5, 0xA515, 0xAD55, 0xAD35, 0xA514, 0x9CD3, 0x94B3, 0x8C72,
0x8C52, 0x8452, 0x8C72, 0x8451, 0x83F0, 0x73AF, 0x738E, 0x738E, 0x738F, 0x73AE, 0x738E, 0x6B8E,
0x6B6E, 0x6B6D, 0x738E, 0x738E, 0x738E, 0x736E, 0x6B6E, 0x6B6E, 0x6B4E, 0x6B4D, 0x6B8E, 0x738F,
0x6B6E, 0x6B6E, 0x6B6E, 0x6B4D, 0x630C, 0x5AEC, 0x52EB, 0x52CB, 0x4A8B, 0x426A, 0x4A6A, 0x4249,
0x4229, 0x3A08, 0x31C8, 0x2986, 0x2146, 0x2966, 0x2145, 0x2105, 0x2125, 0x1905, 0x1925, 0x1925,
0x1925, 0x1905, 0x1905, 0x18E4, 0x18E4, 0x10E4, 0x08A3, 0x0883, 0x08A4, 0x0883, 0x0883, 0x0862,
0x0863, 0x10A4, 0x4A8B, 0x638F, 0x7C31, 0x8C71, 0x8C72, 0x9492, 0x9492, 0x9491, 0x94B2, 0x9CB3,
0x9CB2, 0x9CB2, 0x94B2, 0x94B2, 0x9CD3, 0x94B2, 0x94B2, 0x94B2, 0x9CD3, 0x9CD3, 0x9CD3, 0x9CD3,
0xA4F3, 0xA4F3, 0xA4F3, 0xA4D3, 0xA4D3, 0x9CD3, 0x94B2, 0x8430, 0x738D, 0x6B6D, 0x6B6D, 0x6B4D,
0x6B4D, 0x6B6E, 0x6B6D, 0x6B4D, 0x6B4D, 0x632D, 0x632D, 0x632D, 0x632D, 0x632D, 0x630C, 0x632C,
0x5AEC, 0x5AEC, 0x630C, 0x630D, 0x632D, 0x5B0C, 0x630C, 0x5B0C, 0x630C, 0x630C, 0x6B4D, 0x632D,
0x630C, 0x5B0C, 0x5B0C, 0x5AEC, 0x5B0C, 0x5B0C, 0x5AEB, 0x5AEB, 0x630C, 0x5AEC, 0x5ACC, 0x630C,
0x632D, 0x630C, 0x630C, 0x630D, 0x5AEC, 0x630C, 0x632D, 0x630C, 0x630C, 0x5AEC, 0x5AEC, 0x630C,
0x6B4D, 0x6B4E, 0x6B6E, 0x6B4D, 0x6B6E, 0x736E, 0x73AE, 0x738E, 0x73AF, 0x7BCF, 0x7BCF, 0x7BEF,
0x83EF, 0x83F0, 0x8410, 0x8410, 0x8410, 0x8410, 0x8C31, 0x8C31, 0x8C31, 0x8C31, 0x8C51, 0x8C71,
0x8C71, 0x8C71, 0x8430, 0x8C51, 0x8C31, 0x8C51, 0x9451, 0x9471, 0x9471, 0x9471, 0x9472, 0x9471,
0x9492, 0x9492, 0x9492, 0x9471, 0x9492, 0x9471, 0x8430, 0x7BCF, 0x6B4D, 0x4249, 0x31C7, 0x3A08,
0x4229, 0x39E8, 0x2986, 0x0862, 0x634D, 0x8C51, 0x9D14, 0x9492, 0x9472, 0x8C51, 0x8C71, 0x9492,
0x8C71, 0x8C51, 0x8C71, 0x8C71, 0x8410, 0x73AF, 0x738E, 0x6B4D, 0x5ACC, 0x4A6A, 0x39C8, 0x7BCF,
0x4208, 0x0021, 0x0042, 0x0042, 0x0062, 0x0062, 0x0062, 0x0062, 0x0062, 0x0062, 0x0062, 0x0062,
0x0062, 0x0062, 0x0062, 0x0062, 0x0042, 0x0042, 0x0042, 0x0042, 0x0042, 0x0042, 0x0042, 0x0042,
0x0042, 0x0042, 0x0042, 0x0042, 0x0042, 0x0042, 0x0042, 0x0042, 0x0063, 0x0063, 0x0863, 0x0063,
0x0063, 0x0883, 0x0083, 0x0083, 0x0083, 0x00A3, 0x0083, 0x08A3, 0x08A3, 0x08A3, 0x08A4, 0x08A3,
0x0883, 0x0063, 0x0083, 0x0063, 0x0063, 0x0063, 0x0063, 0x0063, 0x08A4, 0x2146, 0x2986, 0x4229,
0x4A6A, 0x528B, 0x528A, 0x52AB, 0x5ACB, 0x52AB, 0x52AB, 0x52CB, 0x5AEC, 0x5AEC, 0x630C, 0x632C,
0x632C, 0x630C, 0x630C, 0x5B0C, 0x5B0C, 0x5B0C, 0x5B0C, 0x632C, 0x5B0C, 0x5B0C, 0x5B0C, 0x5B0C,
0x5B0C, 0x5B0C, 0x5AEC, 0x5AEC, 0xAD76, 0xAD76, 0xAD75, 0xAD75, 0xAD55, 0xA514, 0x9CD3, 0xA514,
0xA535, 0xAD56, 0xAD76, 0xAD35, 0xA4F4, 0x9CD3, 0x94B3, 0x8C72, 0x8C72, 0x8C72, 0x8C72, 0x8411,
0x7BCF, 0x73AF, 0x738E, 0x7BAF, 0x73AF, 0x73AF, 0x738E, 0x6B6D, 0x6B4D, 0x6B6D, 0x6B6E, 0x6B4D,
0x6B4D, 0x6B6D, 0x6B6E, 0x6B4E, 0x634D, 0x6B6E, 0x738F, 0x6B6E, 0x6B4D, 0x632C, 0x630C, 0x630C,
0x5ACC, 0x52AB, 0x4AAA, 0x4A8B, 0x4A8A, 0x4229, 0x3A09, 0x4229, 0x3A09, 0x31A7, 0x29A7, 0x31A7,
0x2166, 0x2145, 0x2946, 0x2105, 0x2105, 0x1925, 0x2146, 0x1925, 0x18E5, 0x10E4, 0x08A4, 0x08A3,
0x10A3, 0x08A3, 0x0883, 0x08A3, 0x0883, 0x0062, 0x0883, 0x0062, 0x0863, 0x29A7, 0x636E, 0x8431,
0x8431, 0x8C71, 0x8C92, 0x94B2, 0x9492, 0x9491, 0x9492, 0x9492, 0x9CB2, 0x9CD3, 0x94B2, 0x94B2,
0x9CD3, 0x9CD3, 0x94B2, 0x9CB3, 0x9CB3, 0x9CD3, 0x9CD3, 0x9CD3, 0x9CD3, 0x9CF3, 0xA4F3, 0xA4F3,
0xA4F3, 0x9CB2, 0x8410, 0x6B8D, 0x6B6D, 0x738E, 0x6B6E, 0x634D, 0x6B4D, 0x6B4D, 0x6B4E, 0x6B4D,
0x6B4D, 0x632D, 0x632C, 0x632C, 0x6B2D, 0x6B2D, 0x632C, 0x630C, 0x5AEC, 0x5AEC, 0x630C, 0x632D,
0x5B0C, 0x632D, 0x630C, 0x5B0C, 0x5AEC, 0x634D, 0x6B6E, 0x630C, 0x630C, 0x5AEB, 0x5AEB, 0x5AEB,
0x52EB, 0x52CB, 0x5AEB, 0x5AEC, 0x5AEC, 0x52CB, 0x5AEC, 0x630C, 0x5B0C, 0x5AEB, 0x5AEC, 0x630C,
0x5ACB, 0x630C, 0x630C, 0x5AEB, 0x5AEB, 0x5ACB, 0x630C, 0x632D, 0x632D, 0x6B4E, 0x6B6E, 0x634D,
0x6B6E, 0x6B8E, 0x738E, 0x738E, 0x738E, 0x73AF, 0x7BCF, 0x7BEF, 0x7BEF, 0x7BEF, 0x7BEF, 0x83F0,
0x8410, 0x8410, 0x8431, 0x8431, 0x8C51, 0x8C51, 0x8430, 0x8C51, 0x8431, 0x8C51, 0x8C51, 0x8C51,
0x8C30, 0x9471, 0x9472, 0x9492, 0x9492, 0x9471, 0x9471, 0x9471, 0x9472, 0x9472, 0x9492, 0x8C71,
0x9472, 0x8410, 0x7BEF, 0x738E, 0x5AEB, 0x52CB, 0x3A08, 0x3187, 0x18E4, 0x10A3, 0x4228, 0x7C10,
0x9D14, 0x9CF3, 0xA513, 0x9472, 0x9492, 0x94B2, 0x8C51, 0x8C71, 0x8C51, 0x8C71, 0x8C51, 0x8C51,
0x8410, 0x7BD0, 0x7BCF, 0x6B4E, 0x5AEC, 0x528B, 0x4229, 0x52AB, 0x630C, 0x0021, 0x0042, 0x0062,
0x0062, 0x0062, 0x0062, 0x0062, 0x0062, 0x0062, 0x0062, 0x0062, 0x0062, 0x0062, 0x0062, 0x0062,
0x0042, 0x0042, 0x0042, 0x0042, 0x0042, 0x0042, 0x0042, 0x0042, 0x0042, 0x0042, 0x0042, 0x0062,
0x0062, 0x0042, 0x0042, 0x0042, 0x0062, 0x0062, 0x0062, 0x0062, 0x0062, 0x0063, 0x0883, 0x0883,
0x0883, 0x0883, 0x0883, 0x0883, 0x0863, 0x0062, 0x0062, 0x0063, 0x0062, 0x0062, 0x0042, 0x0062,
0x0063, 0x08C4, 0x1905, 0x29A7, 0x31C8, 0x39E8, 0x4A8A, 0x4A8A, 0x4A6A, 0x4A6A, 0x4A6A, 0x4A8A,
0x52CB, 0x5ACB, 0x5AEC, 0x5AEC, 0x5ACB, 0x5AEC, 0x5B0C, 0x5B0C, 0x5B0C, 0x5B0B, 0x5B0C, 0x5B0C,
0x5B0C, 0x632C, 0x632C, 0x632C, 0x5B0C, 0x5B0C, 0x5B0C, 0x5B0C, 0x5B0C, 0x5B0C, 0x5AEC, 0x5AEC,
0xB596, 0xB596, 0xAD75, 0xAD75, 0xAD55, 0x9CD3, 0x9CF4, 0xA535, 0xA555, 0xAD55, 0xAD55, 0xAD35,
0xA4F4, 0x94B3, 0x94B3, 0x8C93, 0x8C92, 0x8C93, 0x8C72, 0x8410, 0x7BAF, 0x738E, 0x738E, 0x73AE,
0x738E, 0x738E, 0x6B6E, 0x6B4D, 0x6B4D, 0x6B6E, 0x6B4E, 0x634D, 0x6B4D, 0x6B4D, 0x6B6E, 0x634D,
0x6B6E, 0x6B8F, 0x73AF, 0x6B6E, 0x6B2D, 0x6B4D, 0x6B4D, 0x630C, 0x5ACC, 0x528B, 0x4A6A, 0x426A,
0x4A8A, 0x3A09, 0x31C8, 0x31C8, 0x39E8, 0x31A7, 0x2986, 0x2146, 0x2146, 0x2146, 0x2146, 0x2125,
0x1905, 0x1925, 0x1905, 0x1905, 0x10E4, 0x10C4, 0x10C4, 0x10C4, 0x08A3, 0x0883, 0x08A3, 0x08A3,
0x08A3, 0x0063, 0x0863, 0x0883, 0x2167, 0x4AAB, 0x7BF0, 0x8451, 0x8C72, 0x9492, 0x9492, 0x9492,
0x9492, 0x9471, 0x9492, 0x9492, 0x94B2, 0x9CD3, 0x94B2, 0x94B2, 0x9CD3, 0x9CD3, 0x9CD3, 0x9CB3,
0x94B2, 0x9CB3, 0x9CD3, 0x9CD2, 0x9CB2, 0x9CB2, 0x9CD3, 0xA4D3, 0x9CB2, 0x8410, 0x738E, 0x6B4D,
0x6B6E, 0x6B6D, 0x630D, 0x630D, 0x632D, 0x634D, 0x6B4D, 0x6B4D, 0x6B4D, 0x632D, 0x630C, 0x632D,
0x630C, 0x6B2D, 0x630C, 0x5B0C, 0x5B0C, 0x5B0D, 0x630D, 0x632D, 0x6B6E, 0x632D, 0x5AEC, 0x5AEC,
0x634D, 0x6B6E, 0x630C, 0x5AEC, 0x5AEC, 0x5ACB, 0x5AEB, 0x5AEB, 0x52CB, 0x52CB, 0x5AEC, 0x52CB,
0x52AB, 0x52CB, 0x5AEC, 0x5AEC, 0x5AEC, 0x52CB, 0x5ACB, 0x5AEB, 0x5AEC, 0x5B0C, 0x5AEC, 0x52CB,
0x5AEC, 0x5B0C, 0x630C, 0x632D, 0x632D, 0x632D, 0x632D, 0x6B6E, 0x6B4D, 0x6B6E, 0x6B6E, 0x6B6E,
0x738E, 0x736E, 0x738E, 0x7BCF, 0x7BCF, 0x7BCF, 0x7BEF, 0x7BEF, 0x8410, 0x8410, 0x8430, 0x8430,
0x8410, 0x8410, 0x8C31, 0x8C31, 0x8430, 0x8C51, 0x8C71, 0x8C71, 0x9471, 0x9471, 0x9471, 0x8C71,
0x8C71, 0x8C71, 0x8C71, 0x8C71, 0x8C71, 0x9472, 0x9492, 0x8C71, 0x8C51, 0x8410, 0x738E, 0x4A6A,
0x39E8, 0x2145, 0x18E4, 0x0022, 0x1905, 0x5AEC, 0xA514, 0xA534, 0x9CF3, 0x9CD2, 0xA513, 0x9492,
0x9492, 0x9492, 0x8C71, 0x9491, 0x8C71, 0x8C51, 0x8C71, 0x8431, 0x8431, 0x8410, 0x7BCF, 0x6B6E,
0x630C, 0x5ACB, 0x4A29, 0x3186, 0x8C71, 0x2125, 0x0042, 0x0062, 0x0062, 0x0062, 0x0062, 0x0062,
0x0062, 0x0062, 0x0062, 0x0062, 0x0062, 0x0062, 0x0062, 0x0062, 0x0042, 0x0042, 0x0042, 0x0042,
0x0042, 0x0042, 0x0042, 0x0042, 0x0042, 0x0042, 0x0042, 0x0062, 0x0062, 0x0062, 0x0042, 0x0042,
0x0042, 0x0042, 0x0062, 0x0042, 0x0062, 0x0062, 0x0062, 0x0062, 0x0063, 0x0063, 0x0062, 0x0062,
0x0062, 0x0062, 0x0062, 0x0063, 0x0063, 0x0063, 0x08A3, 0x1905, 0x1926, 0x29A7, 0x31E8, 0x31E8,
0x31E8, 0x39E8, 0x3A08, 0x4249, 0x4A6A, 0x4A8A, 0x52AB, 0x52AB, 0x52CB, 0x52CB, 0x5ACB, 0x52AB,
0x5ACB, 0x5AEB, 0x5B0C, 0x5B0C, 0x5B0C, 0x5B0C, 0x5B2C, 0x5B2C, 0x5B0C, 0x5B0C, 0x632C, 0x5B0C,
0x5B0C, 0x5B0C, 0x5B0C, 0x5B0C, 0x5B0C, 0x5B0C, 0x5AEC, 0x5AEC, 0xBDB7, 0xBD96, 0xB576, 0xAD55,
0xA514, 0x9CD3, 0xA514, 0xA535, 0xAD55, 0xAD55, 0xAD35, 0xA514, 0x9CD3, 0x94B3, 0x94B3, 0x8C93,
0x8C93, 0x8C93, 0x8C72, 0x83F0, 0x736E, 0x736E, 0x6B6E, 0x6B6D, 0x6B4D, 0x6B6E, 0x6B6E, 0x6B4E,
0x634D, 0x6B6E, 0x6B6E, 0x6B6E, 0x738E, 0x6B8E, 0x6B6E, 0x6B4E, 0x6B8E, 0x738F, 0x6B6E, 0x6B6E,
0x6B4E, 0x6B4D, 0x632C, 0x5ACB, 0x52AB, 0x4A6A, 0x4249, 0x4229, 0x4249, 0x39E8, 0x39E8, 0x39C8,
0x31A7, 0x31A7, 0x2987, 0x2987, 0x2966, 0x1925, 0x1905, 0x1925, 0x1926, 0x1905, 0x2126, 0x1905,
0x10E4, 0x10E4, 0x10E4, 0x08A3, 0x10C4, 0x08A3, 0x0883, 0x0883, 0x0883, 0x0883, 0x0863, 0x2146,
0x4AAB, 0x6BAF, 0x7C10, 0x8C51, 0x94B2, 0x9492, 0x9492, 0x9472, 0x9492, 0x9472, 0x9492, 0x9492,
0x94B2, 0x9CB3, 0x94B3, 0x9492, 0x9CB3, 0x9CB3, 0x9CB3, 0x9CD3, 0x9CB2, 0x9CB2, 0x9CD3, 0x9CD3,
0x9CD3, 0x9CB3, 0x9CB3, 0x9C92, 0x8410, 0x6B6D, 0x634D, 0x634D, 0x6B6E, 0x632D, 0x630C, 0x630D,
0x630D, 0x632D, 0x6B4D, 0x6B4D, 0x634D, 0x630C, 0x630D, 0x632D, 0x6B2D, 0x6B4D, 0x630C, 0x630C,
0x630D, 0x5B0D, 0x630D, 0x630D, 0x632C, 0x5AEB, 0x5AEC, 0x632D, 0x634D, 0x5AEC, 0x5AEC, 0x5ACB,
0x52AB, 0x52CB, 0x52CB, 0x52AB, 0x52AB, 0x52CC, 0x5ACC, 0x52CB, 0x52CB, 0x5ACB, 0x52CB, 0x52CB,
0x52CB, 0x52AB, 0x52AB, 0x5AEC, 0x632D, 0x5ACB, 0x52AB, 0x5ACC, 0x5B0C, 0x5B0C, 0x630C, 0x632D,
0x6B4D, 0x630C, 0x6B6E, 0x6B4D, 0x632D, 0x632D, 0x632D, 0x632D, 0x6B4E, 0x6B6E, 0x6B4D, 0x738E,
0x738E, 0x73AF, 0x7BCF, 0x7BCF, 0x8410, 0x83F0, 0x8410, 0x7BF0, 0x7BEF, 0x83F0, 0x8C31, 0x8C51,
0x8C51, 0x8C72, 0x8C72, 0x8C71, 0x8C71, 0x8C51, 0x8C51, 0x8C71, 0x8C71, 0x8C71, 0x8C71, 0x8C71,
0x8C71, 0x8C71, 0x8C71, 0x8C71, 0x6B6D, 0x630C, 0x4A49, 0x2166, 0x10C4, 0x0083, 0x0083, 0x2125,
0x8C72, 0xA514, 0xAD55, 0xA4F3, 0x9492, 0x9471, 0x9CD2, 0x9CD3, 0x9492, 0x8430, 0x94B2, 0x8C92,
0x94B2, 0x8C31, 0x8C51, 0x8431, 0x8430, 0x8430, 0x7BEF, 0x73AF, 0x6B2D, 0x5A8B, 0x4A49, 0x39C7,
0x6B6E, 0x2145, 0x0042, 0x0042, 0x0062, 0x0042, 0x0042, 0x0042, 0x0042, 0x0042, 0x0042, 0x0042,
0x0042, 0x0042, 0x0042, 0x0042, 0x0042, 0x0042, 0x0042, 0x0042, 0x0042, 0x0062, 0x0042, 0x0062,
0x0042, 0x0042, 0x0042, 0x0062, 0x0062, 0x0062, 0x0062, 0x0062, 0x0042, 0x0042, 0x0042, 0x0042,
0x0042, 0x0042, 0x0042, 0x0042, 0x0042, 0x0042, 0x0042, 0x0042, 0x0042, 0x0042, 0x0063, 0x0083,
0x10C4, 0x1905, 0x1925, 0x2166, 0x2166, 0x29A7, 0x29A7, 0x29A7, 0x31C7, 0x3A08, 0x4228, 0x4A8A,
0x4A8A, 0x4A8A, 0x4A8A, 0x4A8A, 0x4A8A, 0x528A, 0x52AB, 0x5ACB, 0x5AEB, 0x5AEB, 0x5AEC, 0x5AEC,
0x5B0C, 0x5B0C, 0x5B0C, 0x5B0C, 0x5B0C, 0x5B0C, 0x5B0C, 0x5B0C, 0x630C, 0x5B0C, 0x5B0C, 0x5B0C,
0x5AEC, 0x5AEC, 0x5AEC, 0x5AEC, 0xC5D7, 0xBDB7, 0xB576, 0xAD55, 0xA4F3, 0x9CF3, 0xA535, 0xA555,
0xAD55, 0xAD55, 0xA514, 0x9CD3, 0x9CD3, 0x94D3, 0x94B3, 0x8C93, 0x94B3, 0x94B3, 0x8C51, 0x7BAF,
0x736E, 0x6B6E, 0x6B6E, 0x6B6E, 0x6B6E, 0x6B6E, 0x6B6E, 0x6B4E, 0x634D, 0x6B8E, 0x6B8F, 0x6B8F,
0x73AF, 0x73AF, 0x736E, 0x6B4E, 0x738F, 0x738E, 0x6B4E, 0x6B4E, 0x6B6E, 0x632D, 0x630C, 0x52AB,
0x4A8A, 0x4A4A, 0x4229, 0x4229, 0x4229, 0x39E8, 0x31C8, 0x31C8, 0x2987, 0x2987, 0x2967, 0x2126,
0x2126, 0x1926, 0x1905, 0x1905, 0x1905, 0x1905, 0x18E4, 0x10A4, 0x10C4, 0x10C4, 0x08C4, 0x08A3,
0x08A3, 0x08A3, 0x0883, 0x0863, 0x0863, 0x0883, 0x0883, 0x3A09, 0x6B8F, 0x73CF, 0x7C10, 0x8C92,
0x94B2, 0x9492, 0x9492, 0x9472, 0x9492, 0x9492, 0x9492, 0x9492, 0x94B2, 0x94B2, 0x94B3, 0x94B2,
0x9CB3, 0x9CB3, 0x9CB3, 0x9CB3, 0x94B2, 0x94B2, 0x9CB2, 0x9CD3, 0x9CD3, 0x9CD3, 0x9CB2, 0x8C30,
0x736D, 0x6B4D, 0x632D, 0x6B4D, 0x6B4D, 0x630C, 0x5B0C, 0x630D, 0x630D, 0x632D, 0x632D, 0x632D,
0x632C, 0x630C, 0x632D, 0x632D, 0x6B4D, 0x632D, 0x632D, 0x630C, 0x5AEC, 0x5AEC, 0x5AEC, 0x5AEC,
0x5ACB, 0x5B0C, 0x632D, 0x6B6E, 0x5B0C, 0x5AEC, 0x5ACB, 0x52AB, 0x5ACC, 0x5ACB, 0x52AB, 0x4A8B,
0x52AB, 0x52CB, 0x52CB, 0x52CB, 0x52AB, 0x52AA, 0x528A, 0x52AB, 0x52AB, 0x52AB, 0x52CB, 0x634E,
0x5AEC, 0x52AB, 0x52CB, 0x52CC, 0x5AEC, 0x5B0C, 0x630C, 0x5B0C, 0x630C, 0x6B4D, 0x6B2D, 0x632D,
0x630C, 0x5AEC, 0x632D, 0x5B0C, 0x632D, 0x6B6E, 0x6B6E, 0x6B8E, 0x6B8E, 0x738E, 0x738E, 0x7BAF,
0x7BEF, 0x7BEF, 0x7BCF, 0x7BF0, 0x8410, 0x8410, 0x8410, 0x8431, 0x8C51, 0x8C71, 0x8C51, 0x8C51,
0x8C51, 0x8C51, 0x8C51, 0x8C71, 0x8C71, 0x94B2, 0x9CD2, 0x9CD2, 0x9492, 0x8C50, 0x738E, 0x4A6A,
0x2966, 0x31C7, 0x2125, 0x0062, 0x0083, 0x0083, 0x52AB, 0x94B3, 0xA534, 0xA514, 0xA4F3, 0x9CD3,
0x9CD2, 0x9CD2, 0x9471, 0x94B2, 0x9CB3, 0x9492, 0x8451, 0x8C71, 0x8C51, 0x8C51, 0x8C71, 0x8430,
0x7C10, 0x7C10, 0x7BF0, 0x7BCF, 0x6B4D, 0x5ACB, 0x5AAB, 0x41E8, 0x5AEC, 0x630C, 0x0062, 0x0042,
0x0062, 0x0062, 0x0062, 0x0062, 0x0042, 0x0042, 0x0042, 0x0042, 0x0042, 0x0042, 0x0042, 0x0042,
0x0062, 0x0062, 0x0062, 0x0062, 0x0062, 0x0062, 0x0062, 0x0062, 0x0042, 0x0042, 0x0042, 0x0062,
0x0062, 0x0062, 0x0062, 0x0062, 0x0042, 0x0042, 0x0042, 0x0042, 0x0042, 0x0042, 0x0042, 0x0042,
0x0042, 0x0062, 0x0062, 0x0062, 0x0062, 0x08A3, 0x10C4, 0x1905, 0x1925, 0x1925, 0x2126, 0x2146,
0x2166, 0x2987, 0x31C7, 0x31C7, 0x3A08, 0x3A08, 0x3A08, 0x4249, 0x4249, 0x4249, 0x4A6A, 0x4AAA,
0x52CB, 0x52CB, 0x5ACB, 0x5AEB, 0x5ACB, 0x52CB, 0x5AEB, 0x5AEC, 0x5AEC, 0x5AEC, 0x5B0C, 0x5B0D,
0x5B2C, 0x5B0C, 0x5B0C, 0x5B0C, 0x630C, 0x5B0C, 0x5B0C, 0x5B0C, 0x5AEC, 0x5AEC, 0x5AEC, 0x5AEC,
0xC5F7, 0xC5D7, 0xBD96, 0xAD35, 0xA4F4, 0xA514, 0xA535, 0xAD55, 0xAD55, 0xAD55, 0xA4F4, 0x9CD3,
0x9CD3, 0x94B3, 0x8C93, 0x8C72, 0x94B3, 0x9492, 0x8430, 0x73AE, 0x736E, 0x6B6E, 0x738E, 0x738E,
0x736E, 0x6B6E, 0x6B4E, 0x6B4E, 0x6B4E, 0x6B8E, 0x6B8E, 0x738E, 0x738F, 0x738F, 0x6B6E, 0x6B6E,
0x738E, 0x738E, 0x736E, 0x6B6E, 0x6B4D, 0x630C, 0x5AEC, 0x52AB, 0x528A, 0x4249, 0x4249, 0x4229,
0x39E8, 0x31C7, 0x2987, 0x2966, 0x2987, 0x2966, 0x2967, 0x2126, 0x1925, 0x1905, 0x2126, 0x1905,
0x1925, 0x10E4, 0x10A3, 0x10E4, 0x10E4, 0x10C4, 0x08A3, 0x08A3, 0x0883, 0x0883, 0x08A3, 0x0062,
0x0063, 0x10C4, 0x2987, 0x52EC, 0x73AF, 0x7C10, 0x8C72, 0x94B3, 0x94B3, 0x9492, 0x9492, 0x9472,
0x8C71, 0x9472, 0x9472, 0x9492, 0x9492, 0x94B2, 0x94B2, 0x9492, 0x94B2, 0x94B2, 0x9492, 0x9492,
0x9492, 0x94B2, 0x9CB2, 0x9CD3, 0x94B2, 0x94B2, 0x9472, 0x7BCF, 0x6B4D, 0x632C, 0x634D, 0x6B4D,
0x634D, 0x632D, 0x632D, 0x632D, 0x632D, 0x630D, 0x5B0C, 0x630C, 0x630C, 0x634D, 0x630D, 0x6B4E,
0x630D, 0x5B0C, 0x630C, 0x5AEC, 0x630D, 0x5AEC, 0x5ACC, 0x5AEC, 0x630C, 0x630C, 0x632D, 0x5AEC,
0x5AEB, 0x5AEC, 0x52AB, 0x52AB, 0x52AB, 0x528A, 0x4A8A, 0x52AB, 0x52AB, 0x4A8A, 0x52AB, 0x4A8A,
0x4A6A, 0x528A, 0x528B, 0x528B, 0x528B, 0x4A6A, 0x52CB, 0x5ACC, 0x52CB, 0x4A8A, 0x528B, 0x52AB,
0x52AB, 0x52AB, 0x52CB, 0x5AEC, 0x630C, 0x630C, 0x52AB, 0x5AEC, 0x5AEC, 0x5AEC, 0x5B0C, 0x5AEC,
0x634D, 0x6B4D, 0x632D, 0x6B6E, 0x6B8E, 0x73AF, 0x738E, 0x7BCF, 0x7BCF, 0x73CF, 0x73AF, 0x7BCF,
0x83F0, 0x83F0, 0x8410, 0x8410, 0x8430, 0x8430, 0x8C71, 0x8C71, 0x8C30, 0x8C50, 0x9492, 0xA514,
0xA534, 0x9CF3, 0x9492, 0x840F, 0x7BCF, 0x6B4D, 0x4229, 0x2125, 0x10E4, 0x08A3, 0x0883, 0x0883,
0x2146, 0x7C31, 0xA514, 0xA534, 0xA514, 0x9CD3, 0xA4F3, 0xA4F3, 0xA4F3, 0x9CB2, 0x9492, 0x9CB3,
0x94B2, 0x94B2, 0x8C51, 0x8430, 0x8450, 0x8C71, 0x8C71, 0x8430, 0x7C10, 0x8430, 0x7BF0, 0x73AE,
0x736E, 0x6B4D, 0x5ACB, 0x4208, 0x4229, 0x6B8F, 0x18E4, 0x0042, 0x0042, 0x0062, 0x0062, 0x0062,
0x0062, 0x0062, 0x0042, 0x0042, 0x0042, 0x0042, 0x0042, 0x0042, 0x0042, 0x0042, 0x0042, 0x0042,
0x0042, 0x0042, 0x0042, 0x0042, 0x0042, 0x0042, 0x0042, 0x0042, 0x0042, 0x0022, 0x0042, 0x0042,
0x0042, 0x0022, 0x0022, 0x0042, 0x0042, 0x0041, 0x0042, 0x0042, 0x0042, 0x0042, 0x0062, 0x0883,
0x08A3, 0x10C4, 0x10E4, 0x10E4, 0x1905, 0x1905, 0x1925, 0x2146, 0x2166, 0x2987, 0x29A7, 0x29A7,
0x31A7, 0x31C8, 0x3A08, 0x4229, 0x424A, 0x4A6A, 0x4AAB, 0x4A8A, 0x4A8A, 0x528A, 0x52AA, 0x52AB,
0x5ACB, 0x5AEB, 0x5AEC, 0x5B0C, 0x5B0C, 0x5B0D, 0x5B0C, 0x5AEC, 0x5B0C, 0x5AEC, 0x5AEB, 0x5AEC,
0x630C, 0x5B0C, 0x632D, 0x632D, 0x5B0C, 0x5B0D, 0x5AEC, 0x5AEC, 0xC618, 0xC5F7, 0xBD96, 0xA514,
0x9CF4, 0xA535, 0xAD55, 0xAD75, 0xAD55, 0xAD55, 0xA4F4, 0x9CD3, 0x94D3, 0x9493, 0x8C72, 0x8C72,
0x9492, 0x8C92, 0x7BEF, 0x738E, 0x6B6D, 0x738E, 0x738E, 0x6B8E, 0x736E, 0x6B6E, 0x6B4D, 0x634E,
0x6B6E, 0x6B6E, 0x736E, 0x736E, 0x738E, 0x6B6E, 0x6B4D, 0x6B8E, 0x738E, 0x6B6E, 0x6B6E, 0x6B4E,
0x632D, 0x5AEC, 0x52AB, 0x4A6A, 0x4249, 0x4249, 0x3A08, 0x31A7, 0x2986, 0x3187, 0x31A7, 0x2987,
0x2146, 0x2966, 0x2987, 0x1905, 0x1905, 0x2986, 0x2166, 0x18E4, 0x1905, 0x10C4, 0x10C4, 0x08A3,
0x08A3, 0x10C4, 0x08C4, 0x08A3, 0x0883, 0x08A3, 0x0063, 0x0063, 0x0063, 0x1946, 0x52EC, 0x6BD0,
0x7BF0, 0x8431, 0x94D3, 0x94D3, 0x94B2, 0x9492, 0x9492, 0x9472, 0x8C51, 0x8C71, 0x8C71, 0x8C71,
0x9492, 0x9492, 0x9492, 0x9492, 0x9492, 0x9492, 0x9492, 0x9492, 0x9492, 0x94B2, 0x9CB2, 0x9CB2,
0x94D2, 0x9492, 0x7BEF, 0x736E, 0x6B2D, 0x6B4D, 0x6B4D, 0x634D, 0x632D, 0x632D, 0x632D, 0x632D,
0x632D, 0x5B0C, 0x632D, 0x5B0C, 0x5B0C, 0x5AEC, 0x632D, 0x6B4E, 0x630D, 0x5AEC, 0x5AEC, 0x630C,
0x630C, 0x5ACC, 0x5AEC, 0x5AEC, 0x630C, 0x634D, 0x632D, 0x52CB, 0x5B0C, 0x52AB, 0x52AB, 0x528A,
0x4A6A, 0x4A6A, 0x4A8A, 0x52AB, 0x52AA, 0x4A8A, 0x4A8A, 0x4A6A, 0x4A6A, 0x4A8A, 0x528B, 0x528B,
0x4A8A, 0x4A8A, 0x4A8A, 0x4A8A, 0x4A6A, 0x52AB, 0x4AAB, 0x52AB, 0x4A8A, 0x4A8A, 0x52CB, 0x5AEC,
0x5AEC, 0x52AB, 0x52AB, 0x52CB, 0x5AEC, 0x52CB, 0x5AEC, 0x632D, 0x632C, 0x634D, 0x6B6D, 0x632D,
0x6B6E, 0x6B8E, 0x738E, 0x738E, 0x738E, 0x73AE, 0x7BCF, 0x83F0, 0x83F0, 0x83F0, 0x8410, 0x8410,
0x8430, 0x8430, 0x8C50, 0x8C71, 0xA513, 0xAD34, 0xA513, 0x94B2, 0x8C51, 0x83EF, 0x83EF, 0x73AE,
0x6B4D, 0x39E8, 0x18E4, 0x10A4, 0x0063, 0x0883, 0x0062, 0x4A8B, 0x8431, 0xA535, 0xA534, 0x9CF3,
0x9CD3, 0xA4F3, 0xA4F3, 0x9CD2, 0x9CB2, 0x9CB2, 0x9492, 0x9CB3, 0x8C51, 0x8430, 0x8C51, 0x8C71,
0x8C50, 0x8410, 0x8410, 0x8430, 0x8430, 0x8410, 0x7BEF, 0x73AF, 0x738E, 0x6B2D, 0x52AB, 0x4A4A,
0x39E8, 0x5B0D, 0x1904, 0x0041, 0x0041, 0x0062, 0x0062, 0x0062, 0x0062, 0x0062, 0x0042, 0x0042,
0x0042, 0x0042, 0x0042, 0x0042, 0x0042, 0x0042, 0x0042, 0x0042, 0x0042, 0x0042, 0x0022, 0x0022,
0x0022, 0x0022, 0x0021, 0x0021, 0x0021, 0x0021, 0x0021, 0x0021, 0x0021, 0x0021, 0x0021, 0x0021,
0x0021, 0x0021, 0x0021, 0x0022, 0x0062, 0x0063, 0x0883, 0x08A3, 0x08A3, 0x08A3, 0x10C4, 0x10E4,
0x1105, 0x1925, 0x1925, 0x2146, 0x2146, 0x2166, 0x2987, 0x2987, 0x31A8, 0x39E9, 0x3A29, 0x3A29,
0x424A, 0x3A29, 0x426A, 0x4269, 0x4A8A, 0x528B, 0x52AB, 0x5ACB, 0x5AEC, 0x5B0C, 0x5AEC, 0x5AEC,
0x5AEB, 0x5AEC, 0x5AEC, 0x5AEC, 0x5B0C, 0x5B0C, 0x5B0C, 0x5B0C, 0x632D, 0x5B0C, 0x5B0C, 0x5B0D,
0x5AEC, 0x5B0C, 0x52CC, 0x5ACB, 0xCE18, 0xC5D7, 0xB596, 0xA4F4, 0xA514, 0xAD55, 0xAD76, 0xAD55,
0xAD55, 0xAD55, 0xA4F4, 0x9CD3, 0x94D3, 0x9493, 0x8C72, 0x8C72, 0x9492, 0x8C71, 0x7BCF, 0x6B8D,
0x6B8E, 0x6B8E, 0x6B6E, 0x6B6E, 0x6B6E, 0x6B4D, 0x6B4D, 0x632D, 0x6B4E, 0x6B6E, 0x6B6E, 0x736E,
0x6B6D, 0x6B4D, 0x6B6D, 0x738E, 0x6B8E, 0x634D, 0x630D, 0x630C, 0x528A, 0x4A6A, 0x4A6A, 0x4A8A,
0x4A8A, 0x4A8A, 0x3A08, 0x31A7, 0x31A7, 0x2987, 0x2966, 0x2146, 0x2146, 0x2125, 0x2125, 0x1925,
0x2146, 0x1905, 0x10E4, 0x10C3, 0x10E4, 0x10C4, 0x08A3, 0x08A3, 0x10C4, 0x10C4, 0x08C4, 0x10C4,
0x10C3, 0x0883, 0x0063, 0x0063, 0x08A4, 0x31E9, 0x638E, 0x73CF, 0x7C10, 0x8C71, 0x94D3, 0x94B2,
0x9492, 0x9492, 0x9492, 0x9472, 0x8C71, 0x8C71, 0x8C71, 0x9471, 0x9492, 0x9492, 0x9492, 0x9492,
0x9492, 0x94B2, 0x94B2, 0x9492, 0x9492, 0x94B2, 0x9CB2, 0x94B2, 0x94D2, 0x8C51, 0x73AE, 0x6B4D,
0x6B4D, 0x6B6E, 0x6B4D, 0x632D, 0x632D, 0x632D, 0x632D, 0x632D, 0x632C, 0x5B0C, 0x5B0C, 0x5B0D,
0x630D, 0x5AEC, 0x632D, 0x630D, 0x5AEC, 0x5AEC, 0x5B0C, 0x5AEC, 0x5ACB, 0x52CB, 0x5AEC, 0x5AEC,
0x6B4D, 0x5B0C, 0x5AEB, 0x630C, 0x52CB, 0x52AB, 0x528A, 0x4A6A, 0x4A6A, 0x4A6A, 0x52AA, 0x4A6A,
0x4249, 0x4249, 0x4A6A, 0x4A6A, 0x4A8A, 0x4A8A, 0x4A8A, 0x4A8A, 0x4A6A, 0x4A8A, 0x4A8A, 0x52AB,
0x52CB, 0x4A8B, 0x4AAB, 0x4A8A, 0x4A8A, 0x4A8A, 0x4A8B, 0x52AB, 0x52AB, 0x5ACB, 0x52CB, 0x4A8A,
0x52AB, 0x52CB, 0x52EC, 0x5B0C, 0x6B6E, 0x634D, 0x634D, 0x632D, 0x6B6E, 0x73CF, 0x6B4D, 0x6B4D,
0x6B6E, 0x73AE, 0x73AF, 0x7BCF, 0x7BCF, 0x7BF0, 0x8410, 0x8410, 0x8430, 0x9CD2, 0x9CD2, 0x9CD2,
0x9CB2, 0x8C51, 0x8410, 0x8410, 0x8410, 0x7BEF, 0x73AF, 0x528A, 0x2986, 0x1905, 0x18E4, 0x0062,
0x0062, 0x0042, 0x634D, 0x9CF4, 0xA535, 0xA534, 0xA534, 0x9CF3, 0x9CF3, 0xA4F3, 0x9CD3, 0x9CD2,
0x9CB2, 0x9CD3, 0xA4F3, 0x8C71, 0x8C71, 0x8C71, 0x8C71, 0x8C51, 0x8430, 0x7C0F, 0x8451, 0x8C71,
0x8430, 0x7BEF, 0x73EF, 0x73CF, 0x738E, 0x6B4D, 0x630C, 0x52AB, 0x39E8, 0x5B0D, 0x3A09, 0x0021,
0x0042, 0x0062, 0x0062, 0x0062, 0x0062, 0x0062, 0x0042, 0x0042, 0x0042, 0x0042, 0x0041, 0x0041,
0x0041, 0x0041, 0x0021, 0x0021, 0x0021, 0x0021, 0x0021, 0x0021, 0x0021, 0x0021, 0x0021, 0x0021,
0x0021, 0x0021, 0x0021, 0x0021, 0x0021, 0x0021, 0x0021, 0x0021, 0x0021, 0x0042, 0x0042, 0x0062,
0x0063, 0x0863, 0x0883, 0x08A3, 0x0883, 0x08A3, 0x10C4, 0x10C4, 0x10E4, 0x18E5, 0x1925, 0x2146,
0x2146, 0x2166, 0x2987, 0x29A7, 0x31C8, 0x31C8, 0x31C8, 0x31E8, 0x3A09, 0x426A, 0x4A6A, 0x4A8A,
0x52AB, 0x52AB, 0x52CB, 0x52AB, 0x52AB, 0x52AB, 0x52CB, 0x52EB, 0x5B0C, 0x5AEC, 0x5B0C, 0x630D,
0x5B0C, 0x5B0C, 0x5B0C, 0x5AEC, 0x5AEC, 0x5AEC, 0x5AEC, 0x5AEC, 0x52CC, 0x5B0C, 0x5AEC, 0x630C,
0xCE18, 0xC5D7, 0xB555, 0xA4F4, 0xAD55, 0xB596, 0xAD76, 0xAD55, 0xAD55, 0xAD55, 0xA4F4, 0x9CF4,
0x94D4, 0x94B3, 0x9493, 0x8C92, 0x8C51, 0x83F0, 0x738E, 0x6B6E, 0x6B6E, 0x6B8E, 0x6B6E, 0x6B6D,
0x6B2D, 0x6B2D, 0x632D, 0x6B2D, 0x6B4D, 0x6B6E, 0x6B6E, 0x6B4D, 0x6B4D, 0x634D, 0x738E, 0x6B6D,
0x632C, 0x5B0C, 0x5ACC, 0x52AB, 0x528B, 0x4A6A, 0x4249, 0x4A6A, 0x426A, 0x4229, 0x39C8, 0x31A7,
0x31A7, 0x2986, 0x2966, 0x2166, 0x2166, 0x2125, 0x1925, 0x1905, 0x1925, 0x10E4, 0x10C4, 0x10E4,
0x10C4, 0x10C4, 0x10C4, 0x10A4, 0x08A4, 0x08A4, 0x10C4, 0x0883, 0x0883, 0x0883, 0x0863, 0x0884,
0x2167, 0x5B4E, 0x73F0, 0x7C10, 0x8431, 0x8C51, 0x9472, 0x9472, 0x9492, 0x9472, 0x9472, 0x8C71,
0x8C71, 0x8C71, 0x8C71, 0x8C71, 0x9471, 0x9492, 0x94B2, 0x8C72, 0x9492, 0x9492, 0x9492, 0x9472,
0x9492, 0x94B2, 0x94B2, 0x94B2, 0x8C51, 0x7BCF, 0x6B6D, 0x6B4D, 0x736E, 0x738E, 0x6B4D, 0x632D,
0x6B2D, 0x632D, 0x630C, 0x630C, 0x630D, 0x5AEC, 0x5AEC, 0x5B0C, 0x5B0D, 0x632D, 0x5B0C, 0x632D,
0x5B0C, 0x5AEC, 0x5ACC, 0x52CC, 0x52CB, 0x5AEC, 0x5B0C, 0x6B6E, 0x632D, 0x52AA, 0x52AB, 0x52CB,
0x52AB, 0x528A, 0x4A6A, 0x4A4A, 0x4A6A, 0x528B, 0x4249, 0x4229, 0x4229, 0x4229, 0x4A6A, 0x4A8A,
0x4A6A, 0x4A6A, 0x424A, 0x4A6A, 0x426A, 0x4229, 0x4A6A, 0x528B, 0x4A6A, 0x4AAB, 0x4AAB, 0x426A,
0x4A8B, 0x4A6A, 0x4A8B, 0x4AAB, 0x52AB, 0x4A6A, 0x4A6A, 0x424A, 0x4A8B, 0x5ACC, 0x5AEC, 0x5AEC,
0x6B6E, 0x632D, 0x8410, 0x632D, 0x636D, 0x632D, 0x630D, 0x632D, 0x6B4D, 0x6B8E, 0x6B8E, 0x7BAF,
0x7BCF, 0x7BF0, 0x7BEF, 0x9CF3, 0xA534, 0x9CD3, 0x8C30, 0x8410, 0x8410, 0x8410, 0x83EF, 0x7BCF,
0x7BCF, 0x6B6D, 0x4229, 0x18E4, 0x10C4, 0x08A3, 0x0883, 0x0862, 0x3186, 0x8410, 0xA534, 0xA4F3,
0xA4F3, 0x9CD3, 0xA514, 0xA513, 0x9CD3, 0x9CB2, 0x9CD3, 0xA4F3, 0xA4F3, 0x9CB2, 0x9471, 0x9CD3,
0x94B2, 0x9492, 0x8C51, 0x8410, 0x8C31, 0x8430, 0x8410, 0x8410, 0x7BEF, 0x7BF0, 0x7BD0, 0x73AF,
0x738E, 0x738E, 0x632D, 0x52AB, 0x3A08, 0x4A4A, 0x4A6A, 0x0001, 0x0021, 0x0042, 0x0042, 0x0042,
0x0022, 0x0022, 0x0021, 0x0041, 0x0022, 0x0041, 0x0021, 0x0022, 0x0022, 0x0022, 0x0021, 0x0021,
0x0021, 0x0021, 0x0021, 0x0021, 0x0021, 0x0021, 0x0021, 0x0021, 0x0021, 0x0021, 0x0021, 0x0021,
0x0021, 0x0021, 0x0021, 0x0042, 0x0042, 0x0062, 0x0042, 0x0042, 0x0063, 0x0883, 0x0083, 0x0883,
0x0883, 0x08A3, 0x10C4, 0x10C4, 0x18E4, 0x1905, 0x1925, 0x1925, 0x2145, 0x2166, 0x2166, 0x2167,
0x2987, 0x29A8, 0x31C8, 0x3A09, 0x424A, 0x424A, 0x4A4A, 0x4229, 0x4A6A, 0x4A6A, 0x4A6A, 0x52CB,
0x5AEC, 0x5AEC, 0x5AEC, 0x5AEC, 0x5AEC, 0x5AEC, 0x5ACB, 0x5ACB, 0x5AEC, 0x5B0C, 0x5AEC, 0x5B0C,
0x630C, 0x630D, 0x630C, 0x630C, 0x630D, 0x5B0C, 0x5B0C, 0x6B4D, 0xCE18, 0xC5D7, 0xAD35, 0xAD34,
0xB596, 0xB596, 0xB576, 0xB556, 0xAD55, 0xA535, 0x9CF4, 0x9CF4, 0x9CD4, 0x9CD4, 0x9CD4, 0x9493,
0x8430, 0x738E, 0x6B6E, 0x6B6E, 0x6B6E, 0x6B6E, 0x6B6E, 0x6B4D, 0x632D, 0x632D, 0x632D, 0x634D,
0x632D, 0x6B6E, 0x738E, 0x6B8E, 0x6B4E, 0x6B6E, 0x6B8E, 0x6B4D, 0x630C, 0x630C, 0x5ACB, 0x528B,
0x4A8B, 0x4A8A, 0x4249, 0x3A28, 0x3A28, 0x31C8, 0x31A7, 0x3187, 0x2966, 0x31A7, 0x2966, 0x2166,
0x2125, 0x1925, 0x18E4, 0x10E4, 0x1905, 0x1905, 0x1905, 0x10E4, 0x10C4, 0x10C4, 0x08A4, 0x10C4,
0x10C4, 0x1905, 0x10E4, 0x0883, 0x0062, 0x0062, 0x0884, 0x2168, 0x4ACC, 0x6B8F, 0x7C10, 0x8C51,
0x8C71, 0x8C71, 0x9472, 0x9472, 0x9492, 0x9472, 0x9472, 0x8C71, 0x8C71, 0x8C71, 0x8C71, 0x9471,
0x9492, 0x9492, 0x9492, 0x8C71, 0x9472, 0x9492, 0x8C71, 0x8C71, 0x9492, 0x9492, 0x94B2, 0x9492,
0x8410, 0x738E, 0x6B4D, 0x738E, 0x73CF, 0x738E, 0x6B4D, 0x6B4D, 0x632D, 0x632C, 0x632C, 0x630D,
0x630D, 0x5AEC, 0x5B0C, 0x5AEC, 0x632D, 0x632D, 0x5B0C, 0x5AEB, 0x5ACB, 0x52CB, 0x52CB, 0x52CB,
0x52CC, 0x5AEC, 0x634D, 0x6B6D, 0x52AB, 0x52AA, 0x4A8A, 0x4A8A, 0x4AAA, 0x4A6A, 0x4A6A, 0x4A6A,
0x4A8A, 0x4A6A, 0x4229, 0x4229, 0x4229, 0x4249, 0x4A6A, 0x424A, 0x4A4A, 0x4A6A, 0x4249, 0x4229,
0x424A, 0x4A6A, 0x4A6A, 0x4229, 0x4A8A, 0x52AB, 0x4249, 0x3A29, 0x424A, 0x52CC, 0x52AB, 0x4AAB,
0x424A, 0x4229, 0x4A6A, 0x4AAB, 0x52CC, 0x5AEC, 0x5AEC, 0x632D, 0x6B6E, 0x736F, 0x8411, 0x5AEC,
0x52EB, 0x5B0C, 0x5B0C, 0x630D, 0x6B4E, 0x6B6E, 0x738E, 0x73AF, 0x7BAF, 0x83F0, 0x7BEF, 0x8430,
0x7BEF, 0x8410, 0x8410, 0x8410, 0x83F0, 0x83F0, 0x7BEF, 0x7BCF, 0x630C, 0x4209, 0x1905, 0x10C4,
0x08A3, 0x0082, 0x0042, 0x4A8A, 0x9492, 0xA534, 0xA4F3, 0x9CD3, 0x9CD3, 0xA514, 0xA514, 0xA513,
0x9CD3, 0xA4F3, 0xA514, 0xA4F3, 0x9CD2, 0x9492, 0x9491, 0x94B2, 0x94B2, 0x8431, 0x8C31, 0x8C51,
0x8C51, 0x8430, 0x7BF0, 0x7BF0, 0x7BCF, 0x73AF, 0x73AF, 0x6B8E, 0x6B8E, 0x738E, 0x630C, 0x52AB,
0x4A4A, 0x3A09, 0x5AEC, 0x10A3, 0x0022, 0x0042, 0x0042, 0x0042, 0x0042, 0x0042, 0x0022, 0x0021,
0x0022, 0x0021, 0x0022, 0x0022, 0x0022, 0x0022, 0x0022, 0x0042, 0x0042, 0x0021, 0x0021, 0x0021,
0x0021, 0x0021, 0x0021, 0x0022, 0x0022, 0x0021, 0x0021, 0x0021, 0x0021, 0x0022, 0x0022, 0x0042,
0x0042, 0x0062, 0x0062, 0x0062, 0x0063, 0x08A4, 0x0083, 0x0083, 0x0883, 0x0883, 0x10C4, 0x10E4,
0x10E4, 0x1905, 0x1925, 0x1905, 0x1925, 0x1945, 0x2166, 0x2167, 0x29A7, 0x31E8, 0x31C8, 0x31C8,
0x3A08, 0x3A08, 0x4229, 0x4249, 0x4A6A, 0x52AB, 0x52AB, 0x5ACC, 0x5AEB, 0x52EB, 0x52CB, 0x52CB,
0x5ACB, 0x5B0C, 0x630C, 0x5B0C, 0x632D, 0x5B0C, 0x5B0C, 0x5B0C, 0x5AEC, 0x5B0C, 0x630C, 0x5AEC,
0x5AEC, 0x5AEC, 0x5AEC, 0x6B6D, 0xCE18, 0xC5B7, 0xAD35, 0xB596, 0xBDB6, 0xBDB6, 0xAD76, 0xB575,
0xAD55, 0xA514, 0x9CF4, 0x9CF4, 0x9CF4, 0x9CF4, 0x9CD4, 0x9492, 0x8430, 0x738E, 0x6B8E, 0x6B6E,
0x6B6E, 0x6B6E, 0x6B6E, 0x634D, 0x632D, 0x632D, 0x6B4D, 0x632D, 0x632D, 0x6B8E, 0x73AF, 0x6B8E,
0x6B4D, 0x6B6E, 0x6B4D, 0x632D, 0x632D, 0x630C, 0x5AEC, 0x52AB, 0x4A8A, 0x4A8A, 0x4249, 0x3A29,
0x4229, 0x39E8, 0x31A7, 0x2966, 0x2987, 0x2966, 0x2966, 0x2145, 0x1905, 0x1905, 0x18E5, 0x18E5,
0x10C4, 0x10C4, 0x18E5, 0x0883, 0x08A4, 0x10E4, 0x10C4, 0x10C4, 0x08A3, 0x08A3, 0x08A3, 0x08A3,
0x0862, 0x0062, 0x10C4, 0x424A, 0x634E, 0x7C10, 0x8451, 0x8C71, 0x9492, 0x9492, 0x9492, 0x9492,
0x9492, 0x9472, 0x9472, 0x8C72, 0x8C71, 0x8C71, 0x8C71, 0x9492, 0x9492, 0x9472, 0x8C71, 0x8C72,
0x9492, 0x9492, 0x8C72, 0x8C71, 0x8C71, 0x9472, 0x9471, 0x8C30, 0x7BAF, 0x6B4D, 0x738E, 0x7BCF,
0x73AE, 0x6B4D, 0x6B4D, 0x6B4D, 0x632D, 0x630C, 0x5AEC, 0x630C, 0x630D, 0x5B0C, 0x5AEC, 0x632D,
0x632D, 0x5B0C, 0x5B0C, 0x52AB, 0x52AB, 0x52AB, 0x52AB, 0x52CB, 0x52CC, 0x5B0C, 0x6B6D, 0x52CB,
0x52AB, 0x52AB, 0x4A8A, 0x4A8A, 0x4A8A, 0x4A6A, 0x52AB, 0x4A8B, 0x4249, 0x4229, 0x4229, 0x4229,
0x4229, 0x4209, 0x4229, 0x424A, 0x4A6A, 0x4249, 0x4249, 0x424A, 0x4229, 0x424A, 0x424A, 0x4A8B,
0x4A8B, 0x4A6A, 0x4229, 0x426A, 0x52CC, 0x52EC, 0x4A8A, 0x4A8B, 0x4229, 0x4A6A, 0x4A6A, 0x4AAB,
0x4A8B, 0x52CB, 0x632D, 0x7C10, 0x738E, 0x5AAC, 0x5AAC, 0x5ACB, 0x52CB, 0x52CB, 0x5AEC, 0x632D,
0x738F, 0x7C10, 0x7BCF, 0x73AF, 0x7BAF, 0x73AE, 0x7BCF, 0x7BEF, 0x7BEF, 0x83EF, 0x7BEF, 0x83F0,
0x7BCF, 0x7BCF, 0x7BCF, 0x5AEC, 0x31C8, 0x10E4, 0x08A4, 0x08A3, 0x0042, 0x10A3, 0x5AEB, 0x94D3,
0xA514, 0xA4F3, 0x9C92, 0x9CD3, 0xA514, 0xA534, 0xA514, 0x9CD3, 0xA513, 0xA514, 0xA4F3, 0x94B2,
0x94B2, 0x9CF3, 0x94B2, 0x8C71, 0x8430, 0x8C51, 0x9492, 0x8431, 0x8410, 0x7BF0, 0x8410, 0x8410,
0x7BEF, 0x73AF, 0x738F, 0x73AF, 0x73AF, 0x6B4D, 0x6B4D, 0x632D, 0x528A, 0x39C8, 0x632D, 0x31C7,
0x0021, 0x0042, 0x0042, 0x0042, 0x0042, 0x0042, 0x0022, 0x0022, 0x0022, 0x0022, 0x0022, 0x0022,
0x0022, 0x0022, 0x0042, 0x0042, 0x0042, 0x0042, 0x0042, 0x0042, 0x0042, 0x0042, 0x0042, 0x0042,
0x0042, 0x0042, 0x0022, 0x0022, 0x0022, 0x0022, 0x0022, 0x0042, 0x0042, 0x0062, 0x0062, 0x0062,
0x0062, 0x08A3, 0x08A4, 0x08A3, 0x08A3, 0x0883, 0x10C4, 0x10C4, 0x10C4, 0x10C4, 0x1905, 0x1905,
0x1925, 0x1945, 0x2987, 0x2166, 0x2987, 0x29A7, 0x31A8, 0x31C8, 0x4229, 0x424A, 0x424A, 0x4A8A,
0x4A6A, 0x52AB, 0x4A6A, 0x4A8A, 0x52AB, 0x52EB, 0x5AEC, 0x630C, 0x630C, 0x630C, 0x632C, 0x630C,
0x5B0C, 0x5AEC, 0x5AEB, 0x5AEC, 0x5AEC, 0x5AEC, 0x632C, 0x5B0C, 0x630D, 0x632D, 0x632D, 0x738E,
0xCE18, 0xBD76, 0xAD35, 0xB5B7, 0xBDB7, 0xB596, 0xAD75, 0xAD55, 0xAD35, 0xA514, 0x9CF4, 0x9CF4,
0x9CF4, 0x9CF4, 0x9CD3, 0x8C51, 0x83EF, 0x7BAE, 0x738E, 0x6B8E, 0x6B6E, 0x6B8E, 0x6B6D, 0x6B4D,
0x6B4D, 0x6B6D, 0x6B6D, 0x6B4D, 0x6B6E, 0x7BCF, 0x73AE, 0x6B4D, 0x6B2D, 0x632D, 0x632C, 0x634D,
0x6B6E, 0x634D, 0x5B0C, 0x528B, 0x4249, 0x4249, 0x4249, 0x3A08, 0x39E8, 0x39E8, 0x31A7, 0x2966,
0x2966, 0x2146, 0x2146, 0x2125, 0x2145, 0x1905, 0x1905, 0x1905, 0x1905, 0x10A4, 0x10E5, 0x08A4,
0x08A4, 0x10E4, 0x10A4, 0x0883, 0x0883, 0x0863, 0x0883, 0x0863, 0x0863, 0x0883, 0x29A8, 0x5B2E,
0x7BF0, 0x8451, 0x8C71, 0x8C71, 0x9472, 0x9492, 0x9492, 0x9492, 0x94B2, 0x9492, 0x9492, 0x9492,
0x9471, 0x9492, 0x9492, 0x9492, 0x9492, 0x9492, 0x8C72, 0x9492, 0x94B2, 0x94B2, 0x9492, 0x8C51,
0x8C71, 0x8C71, 0x8430, 0x7BAE, 0x6B6D, 0x6B6E, 0x73AF, 0x7BCF, 0x6B6D, 0x630C, 0x630D, 0x630C,
0x630C, 0x5AEC, 0x5AEC, 0x5AEC, 0x5B0C, 0x5B0C, 0x5B0C, 0x6B6E, 0x5B0C, 0x5AEC, 0x52CB, 0x52AB,
0x52AB, 0x52AB, 0x52AB, 0x52AB, 0x52AB, 0x5B0C, 0x52EB, 0x4A8A, 0x528A, 0x4A6A, 0x4A6A, 0x4A6A,
0x4A6A, 0x4A6A, 0x4A8B, 0x424A, 0x4229, 0x4229, 0x4229, 0x422A, 0x4229, 0x422A, 0x422A, 0x4249,
0x4249, 0x3A28, 0x4229, 0x4229, 0x3A29, 0x4229, 0x424A, 0x424A, 0x424A, 0x3A09, 0x424A, 0x52AB,
0x52CB, 0x4A8B, 0x4A8B, 0x424A, 0x426A, 0x4A8B, 0x424A, 0x4A6A, 0x5B0D, 0x632D, 0x6B4D, 0x738E,
0x52AB, 0x4A6B, 0x4A8B, 0x52AB, 0x52AB, 0x632D, 0x738E, 0x8410, 0x7BEF, 0x6B8E, 0x634D, 0x6B8E,
0x73AE, 0x738E, 0x73AE, 0x7BEF, 0x7BCF, 0x7BCF, 0x7BCF, 0x7BCF, 0x73AE, 0x6B2D, 0x4A6A, 0x2146,
0x10C4, 0x0063, 0x0063, 0x0062, 0x2987, 0x73D0, 0x9CF4, 0xA514, 0x9CF3, 0x9CB2, 0x9CD3, 0xA4F3,
0xA514, 0x9CF3, 0xA513, 0xAD55, 0xA513, 0x9CF3, 0x9CB2, 0x9CD3, 0x9CD2, 0x94B2, 0x8C71, 0x8430,
0x8C71, 0x9492, 0x8C51, 0x8430, 0x8410, 0x8410, 0x8410, 0x7BF0, 0x7BCF, 0x73AF, 0x73AF, 0x73AF,
0x6B8E, 0x6B8E, 0x738E, 0x632D, 0x4A6A, 0x4209, 0x4A8A, 0x4249, 0x0042, 0x0022, 0x0042, 0x0022,
0x0042, 0x0042, 0x0042, 0x0041, 0x0042, 0x0883, 0x0883, 0x0883, 0x0883, 0x0883, 0x08A3, 0x08A4,
0x08A3, 0x0883, 0x0883, 0x0883, 0x10C4, 0x08A3, 0x08A3, 0x0883, 0x0063, 0x0042, 0x0042, 0x0022,
0x0022, 0x0022, 0x0022, 0x0042, 0x0042, 0x0042, 0x0062, 0x0062, 0x0062, 0x0063, 0x0063, 0x0063,
0x0083, 0x08A3, 0x08A3, 0x10C4, 0x08C4, 0x08C4, 0x10E5, 0x1105, 0x1905, 0x1925, 0x2146, 0x2146,
0x2987, 0x31A7, 0x31E8, 0x39E8, 0x4249, 0x4229, 0x3A08, 0x4249, 0x4249, 0x4A8A, 0x52AB, 0x5AEB,
0x5B0C, 0x5B0C, 0x5B0C, 0x5AEB, 0x5ACB, 0x5AEB, 0x5ACB, 0x5B0C, 0x5B0C, 0x630C, 0x632C, 0x632C,
0x632C, 0x632D, 0x632D, 0x630C, 0x5AEC, 0x5B0C, 0x632C, 0x83EF, 0xC5F7, 0xB555, 0xB576, 0xC5F8,
0xC5D7, 0xBD96, 0xAD75, 0xAD55, 0xAD35, 0xA514, 0x9CF4, 0x9CF4, 0x9CF4, 0x9492, 0x8C51, 0x83D0,
0x73AE, 0x73AE, 0x6B8E, 0x6B8E, 0x6B6E, 0x6B8E, 0x6B6E, 0x6B6D, 0x634D, 0x6B6D, 0x6B6D, 0x6B6E,
0x73AF, 0x7BF0, 0x73AE, 0x6B6D, 0x634D, 0x634D, 0x6B4D, 0x6B6E, 0x634D, 0x5AEC, 0x528A, 0x528A,
0x4A6A, 0x4249, 0x4229, 0x39E8, 0x39E8, 0x39E8, 0x39E8, 0x31A7, 0x31A7, 0x2946, 0x2146, 0x1905,
0x18E4, 0x1905, 0x1905, 0x1905, 0x1905, 0x1905, 0x10C4, 0x08A3, 0x08A3, 0x10C4, 0x08A3, 0x08A3,
0x08A3, 0x0062, 0x0062, 0x0062, 0x0063, 0x1905, 0x426B, 0x6B8F, 0x7BF0, 0x8451, 0x8C71, 0x9491,
0x9471, 0x9492, 0x9492, 0x94B2, 0x94B2, 0x94B2, 0x94B2, 0x9492, 0x9492, 0x9492, 0x94B2, 0x94B2,
0x9492, 0x8C72, 0x8C71, 0x8C72, 0x9492, 0x9492, 0x9492, 0x8C71, 0x8C71, 0x8430, 0x7BAF, 0x6B4D,
0x6B4D, 0x738E, 0x73AF, 0x738E, 0x632C, 0x630C, 0x630C, 0x630C, 0x5AEC, 0x5AEC, 0x5AEC, 0x5B0C,
0x632D, 0x5AEC, 0x5B0C, 0x5B0C, 0x5AEC, 0x52CB, 0x52AB, 0x52AB, 0x52AB, 0x52AB, 0x52AB, 0x52CB,
0x5AEC, 0x52AA, 0x52AA, 0x4A8A, 0x4A6A, 0x4A6A, 0x4A6A, 0x4A6A, 0x4A4A, 0x426A, 0x4A6A, 0x4229,
0x4A8A, 0x4A4A, 0x4229, 0x3A09, 0x4229, 0x4229, 0x3A29, 0x4229, 0x3A29, 0x39E8, 0x3A08, 0x31C8,
0x3A09, 0x3A29, 0x4229, 0x4229, 0x4229, 0x4229, 0x4229, 0x424A, 0x424A, 0x424A, 0x424A, 0x426A,
0x424A, 0x424A, 0x5AEC, 0x634E, 0x5AEC, 0x4A4A, 0x52AB, 0x528B, 0x39E8, 0x4A4A, 0x4A6A, 0x5AEC,
0x6B8E, 0x6B6E, 0x632C, 0x632C, 0x5AEB, 0x5AEC, 0x5AEC, 0x634D, 0x73AE, 0x73AE, 0x73AE, 0x7BCF,
0x7BCF, 0x7BCF, 0x7BAF, 0x738E, 0x632C, 0x4208, 0x1905, 0x10A4, 0x10A4, 0x0863, 0x0063, 0x39E8,
0x8411, 0x9CD4, 0xA4F3, 0xA4F3, 0x9CB3, 0x9CD3, 0xA4F3, 0x9CF3, 0x9CB2, 0x9CF3, 0xA514, 0xA514,
0x9CD3, 0x9CB2, 0xA4F3, 0x9CF3, 0x94B2, 0x8C51, 0x9491, 0x9492, 0x8C71, 0x8430, 0x7BEF, 0x8430,
0x8430, 0x7BF0, 0x73AF, 0x73AF, 0x7BCF, 0x73CF, 0x73AF, 0x6B8E, 0x6B8E, 0x738E, 0x6B6D, 0x6B2C,
0x62EC, 0x4209, 0x4229, 0x52AB, 0x1083, 0x0042, 0x0883, 0x08A3, 0x10A4, 0x10A4, 0x10C4, 0x10C4,
0x1904, 0x2125, 0x2125, 0x2125, 0x1925, 0x1905, 0x1905, 0x1905, 0x10C4, 0x08A3, 0x08A3, 0x08A3,
0x08A3, 0x0062, 0x0062, 0x0042, 0x0022, 0x0042, 0x0042, 0x0022, 0x0022, 0x0022, 0x0022, 0x0042,
0x0042, 0x0042, 0x0062, 0x0062, 0x0062, 0x0062, 0x0062, 0x0062, 0x0063, 0x0063, 0x0883, 0x10C4,
0x08C4, 0x08C4, 0x08C4, 0x10E5, 0x1905, 0x1925, 0x2166, 0x2166, 0x2987, 0x29A7, 0x31C7, 0x29A7,
0x31E7, 0x3A08, 0x4249, 0x4A8A, 0x52AB, 0x52AB, 0x5AEC, 0x52AB, 0x52AA, 0x52AB, 0x52CB, 0x5ACB,
0x5B0C, 0x630C, 0x632C, 0x632C, 0x630C, 0x632C, 0x632C, 0x5B0C, 0x5B0C, 0x5B0C, 0x5AEC, 0x5B0C,
0x630D, 0x6B4D, 0x73AF, 0x9451, 0xBDD7, 0xBD96, 0xC5F8, 0xCE38, 0xC5F7, 0xB596, 0xAD75, 0xAD55,
0xAD35, 0xA514, 0x9CF4, 0x9CF4, 0x9CD3, 0x9472, 0x7BF0, 0x7BAF, 0x736E, 0x6B6E, 0x736E, 0x738E,
0x6B6E, 0x6B6E, 0x6B6D, 0x6B4D, 0x6B4E, 0x6B6E, 0x6B6E, 0x6B6E, 0x73AF, 0x7BCF, 0x73AF, 0x6B4D,
0x632D, 0x634D, 0x6B4E, 0x6B6E, 0x632C, 0x5AEC, 0x5ACB, 0x5AAB, 0x4A49, 0x4229, 0x4229, 0x39E8,
0x39E8, 0x31C8, 0x31C7, 0x2986, 0x2966, 0x2146, 0x2146, 0x1905, 0x1925, 0x1925, 0x1905, 0x18E4,
0x10E5, 0x10C4, 0x0883, 0x0062, 0x0063, 0x0883, 0x10A3, 0x10A3, 0x08A3, 0x0062, 0x0062, 0x0883,
0x08A4, 0x29C8, 0x634E, 0x7BF0, 0x8410, 0x8451, 0x8C91, 0x94B2, 0x9CB2, 0x94B2, 0x94B2, 0x9CB3,
0x94B2, 0x9492, 0x9492, 0x9472, 0x9472, 0x9492, 0x9492, 0x8C71, 0x8C51, 0x8C72, 0x8C51, 0x8C71,
0x9472, 0x9492, 0x9492, 0x9492, 0x8C51, 0x7BCF, 0x6B4D, 0x6B4D, 0x6B6E, 0x738F, 0x6B6E, 0x6B2D,
0x630C, 0x630C, 0x5AEC, 0x5AEC, 0x5AEC, 0x5AEC, 0x5AEC, 0x5B0C, 0x5AEC, 0x630D, 0x632D, 0x5AEC,
0x5AEC, 0x52CB, 0x52AB, 0x52AB, 0x52AB, 0x52CB, 0x52CB, 0x632D, 0x5B0C, 0x4A8A, 0x4A8A, 0x4A6A,
0x4A6A, 0x4A6A, 0x4249, 0x4249, 0x4A4A, 0x424A, 0x4229, 0x5ACC, 0x52AB, 0x4209, 0x4209, 0x4209,
0x3A09, 0x3A29, 0x4229, 0x39E8, 0x3A08, 0x31E8, 0x31C8, 0x3A09, 0x3A09, 0x3A09, 0x4229, 0x4229,
0x31A8, 0x31E8, 0x3A09, 0x426A, 0x4249, 0x424A, 0x3A29, 0x4229, 0x424A, 0x52AB, 0x52CC, 0x52CB,
0x52AB, 0x4A6A, 0x4229, 0x4229, 0x52AB, 0x5B0C, 0x4A8A, 0x52CC, 0x52CB, 0x52AB, 0x52AB, 0x4A8A,
0x52CB, 0x5AEC, 0x630C, 0x6B8E, 0x8430, 0x7BEF, 0x73AE, 0x73AE, 0x73AF, 0x736E, 0x6B6E, 0x5AEC,
0x39E8, 0x1905, 0x10C4, 0x0883, 0x0883, 0x0863, 0x52AB, 0x8451, 0x9CD3, 0x9CD3, 0x9CB2, 0x9CD3,
0x9CB2, 0x9CD3, 0x9CB3, 0x9CB2, 0xA4F3, 0xA534, 0xA4F3, 0x9CB2, 0x9CD2, 0xA4F3, 0x9CD3, 0x9491,
0x8C71, 0x9492, 0x94B2, 0x8C71, 0x8410, 0x8410, 0x8430, 0x8450, 0x7C10, 0x73CF, 0x73CF, 0x7BCF,
0x73AF, 0x73AF, 0x6B8E, 0x6B6E, 0x6B6E, 0x6B6E, 0x6B6E, 0x738E, 0x6B2D, 0x4209, 0x3166, 0x52AB,
0x2966, 0x1904, 0x1905, 0x1925, 0x2125, 0x2125, 0x2145, 0x2145, 0x2125, 0x2146, 0x2146, 0x2145,
0x2145, 0x2145, 0x1925, 0x10E4, 0x08A3, 0x0883, 0x0863, 0x0062, 0x0042, 0x0022, 0x0022, 0x0022,
0x0022, 0x0021, 0x0022, 0x0022, 0x0022, 0x0022, 0x0022, 0x0042, 0x0042, 0x0042, 0x0062, 0x0062,
0x0062, 0x0062, 0x0062, 0x0063, 0x0063, 0x0063, 0x0883, 0x08A3, 0x08A3, 0x08C4, 0x10C4, 0x10E4,
0x1905, 0x1925, 0x2146, 0x2145, 0x2146, 0x2986, 0x29A7, 0x31E8, 0x3A29, 0x3A29, 0x4249, 0x4249,
0x4249, 0x4229, 0x4A6A, 0x52AB, 0x5AEC, 0x632C, 0x632C, 0x634D, 0x5B0C, 0x5AEC, 0x5AEC, 0x5AEB,
0x5AEC, 0x5AEC, 0x630C, 0x632D, 0x632D, 0x634D, 0x634D, 0x634D, 0x6B6D, 0x6B4D, 0x7BCF, 0xA4F3,
0xBDB6, 0xBDB6, 0xCE18, 0xCE38, 0xC5D7, 0xB596, 0xB575, 0xAD55, 0xA535, 0xA514, 0x9CF4, 0x9D14,
0x9CD3, 0x8C52, 0x7BCF, 0x73AF, 0x736E, 0x736E, 0x736E, 0x736E, 0x736E, 0x6B4E, 0x6B4D, 0x6B6E,
0x6B6E, 0x6B6E, 0x738F, 0x738F, 0x6B6E, 0x6B6E, 0x6B6E, 0x632D, 0x632D, 0x6B4D, 0x738E, 0x738E,
0x630C, 0x5AEC, 0x5ACB, 0x52AB, 0x4A29, 0x4208, 0x4209, 0x39C8, 0x2987, 0x31A7, 0x2966, 0x2145,
0x1925, 0x1925, 0x1905, 0x1905, 0x1905, 0x1905, 0x1905, 0x10E4, 0x08A3, 0x0883, 0x08A4, 0x0883,
0x0063, 0x08A3, 0x0883, 0x10C4, 0x08A3, 0x0062, 0x0062, 0x0083, 0x2187, 0x52ED, 0x73D0, 0x8431,
0x8C51, 0x8C71, 0x9492, 0x94B2, 0x9CD2, 0x94B2, 0x94B2, 0x9CB3, 0x9492, 0x9472, 0x9472, 0x8C71,
0x8C71, 0x9472, 0x9492, 0x8C51, 0x8C71, 0x9472, 0x9452, 0x8C72, 0x9492, 0x9492, 0x9492, 0x9471,
0x8430, 0x6B8E, 0x634D, 0x6B6D, 0x6B4D, 0x6B4E, 0x6B2D, 0x630C, 0x630C, 0x5AEC, 0x5AEC, 0x5AEC,
0x52CC, 0x5ACC, 0x5AEC, 0x5ACC, 0x5AEC, 0x632D, 0x5AEC, 0x5AEC, 0x52AB, 0x528A, 0x4AAA, 0x52AB,
0x52AB, 0x52CB, 0x5B0C, 0x5B0C, 0x4A8B, 0x4A8A, 0x4A6A, 0x4A6A, 0x4A4A, 0x4229, 0x4229, 0x4229,
0x4A49, 0x4A29, 0x5AAB, 0x52AB, 0x4229, 0x4208, 0x4208, 0x4229, 0x3A09, 0x4229, 0x4229, 0x39E8,
0x31E8, 0x31E8, 0x31E8, 0x3A08, 0x31E8, 0x4229, 0x39E8, 0x31A7, 0x29A7, 0x31E8, 0x426A, 0x3A09,
0x3A08, 0x3A08, 0x3A29, 0x4A8B, 0x52CC, 0x52CC, 0x3A09, 0x52AB, 0x4229, 0x39E8, 0x424A, 0x52CB,
0x52CB, 0x4A8A, 0x3A29, 0x424A, 0x424A, 0x4A8A, 0x4A8A, 0x528B, 0x5AEB, 0x630C, 0x6B6D, 0x6B6E,
0x6B6D, 0x6B6E, 0x738E, 0x738E, 0x736E, 0x6B4D, 0x5ACB, 0x31A7, 0x18E4, 0x0883, 0x0063, 0x0063,
0x10A3, 0x528B, 0x9492, 0x9492, 0x9CB2, 0x9471, 0x9CB2, 0x9CD2, 0x9CD3, 0x9CB2, 0x9CB2, 0x9CF3,
0xA513, 0x9CB2, 0x94B2, 0xA4D3, 0xA4F3, 0x9CD2, 0x8C71, 0x8C51, 0x94B2, 0x9491, 0x8C71, 0x8430,
0x8430, 0x8410, 0x8430, 0x7BEF, 0x7BCF, 0x7BCF, 0x7BCF, 0x73AF, 0x73AF, 0x6B6E, 0x738F, 0x738F,
0x6B8E, 0x6B6E, 0x73AF, 0x738F, 0x630C, 0x4A49, 0x39C8, 0x528B, 0x31C8, 0x2125, 0x2125, 0x2145,
0x2145, 0x2166, 0x2166, 0x2146, 0x2126, 0x2146, 0x2967, 0x2146, 0x1925, 0x1905, 0x10E4, 0x08A3,
0x0082, 0x0042, 0x0022, 0x0022, 0x0022, 0x0022, 0x0022, 0x0002, 0x0001, 0x0001, 0x0001, 0x0021,
0x0022, 0x0022, 0x0042, 0x0042, 0x0042, 0x0042, 0x0042, 0x0042, 0x0042, 0x0042, 0x0062, 0x0063,
0x0063, 0x0063, 0x0883, 0x08A3, 0x08A3, 0x10C4, 0x10C4, 0x10E4, 0x10E4, 0x1905, 0x2146, 0x2146,
0x2166, 0x2986, 0x31C7, 0x31E8, 0x31C8, 0x31C8, 0x31E8, 0x4229, 0x4A8A, 0x52CB, 0x5ACC, 0x5ACC,
0x5AEC, 0x5AEC, 0x52AB, 0x52CB, 0x52CB, 0x5AEC, 0x632C, 0x634D, 0x6B4D, 0x6B4D, 0x632D, 0x632D,
0x632D, 0x5B0C, 0x632C, 0x630C, 0x6B4C, 0x738D, 0x8C50, 0xA4F3, 0xBD96, 0xC5F7, 0xCE38, 0xCE18,
0xBDB6, 0xB575, 0xAD75, 0xA534, 0xA534, 0xA514, 0x9CF4, 0x9D14, 0x94B3, 0x8C31, 0x7BCF, 0x738F,
0x736E, 0x736E, 0x736E, 0x736E, 0x736E, 0x6B6E, 0x6B6E, 0x6B8E, 0x6B6E, 0x6B6E, 0x738E, 0x738E,
0x6B4D, 0x632D, 0x632D, 0x632D, 0x634D, 0x6B6E, 0x73AF, 0x7BCF, 0x6B6D, 0x5AEC, 0x52CB, 0x52AA,
0x4249, 0x4228, 0x3A09, 0x31A7, 0x2966, 0x2966, 0x2966, 0x2145, 0x2125, 0x10E4, 0x1905, 0x2146,
0x2126, 0x1905, 0x10C4, 0x10E4, 0x10C4, 0x10A4, 0x10A4, 0x08A3, 0x08A3, 0x10C4, 0x10C4, 0x10C4,
0x0883, 0x0883, 0x0083, 0x10E4, 0x3A29, 0x5B2E, 0x73D0, 0x8451, 0x8C71, 0x8C92, 0x8C91, 0x9CD3,
0x9CF3, 0x9471, 0x8C71, 0x9492, 0x9472, 0x9472, 0x8C71, 0x8C51, 0x8C72, 0x9472, 0x9492, 0x9492,
0x9492, 0x9492, 0x9472, 0x9472, 0x94B2, 0x94B2, 0x94B2, 0x9471, 0x7BCF, 0x632D, 0x634D, 0x6B6D,
0x6B6D, 0x6B4D, 0x632D, 0x630C, 0x5AEC, 0x5AEC, 0x5AEC, 0x5AEC, 0x52CC, 0x52CC, 0x5AEC, 0x5AEC,
0x632D, 0x632D, 0x5AEC, 0x52AB, 0x528B, 0x4A8A, 0x4A8A, 0x4A8B, 0x528B, 0x52AB, 0x52AB, 0x4A8B,
0x4A6A, 0x4A6A, 0x4A6A, 0x4A4A, 0x4229, 0x3A09, 0x3A08, 0x4249, 0x4A4A, 0x4A8A, 0x5ACB, 0x4249,
0x3A08, 0x31A7, 0x39E8, 0x39E8, 0x3A09, 0x4229, 0x4209, 0x39E8, 0x31A8, 0x31C8, 0x31E8, 0x31E8,
0x3A09, 0x31C8, 0x2987, 0x31C8, 0x31E8, 0x426A, 0x3A09, 0x31E8, 0x3A09, 0x424A, 0x52CB, 0x4AAB,
0x52CC, 0x3A29, 0x31A7, 0x4A8B, 0x4A8B, 0x4A8B, 0x424A, 0x31E8, 0x31E8, 0x3A29, 0x3A29, 0x3A29,
0x4A8A, 0x4A8A, 0x52AB, 0x5AEC, 0x5B0C, 0x5B0C, 0x5B0C, 0x5AEC, 0x5B0C, 0x6B6E, 0x6B6E, 0x632D,
0x630D, 0x5AEC, 0x31A7, 0x18E4, 0x08A3, 0x0883, 0x0863, 0x2125, 0x634D, 0x9492, 0x9492, 0x94B2,
0x8C71, 0x9492, 0x94B2, 0x9CB2, 0x94B2, 0x9CB2, 0xA4F3, 0x9CF3, 0x9492, 0x9CD2, 0xA513, 0xA4F3,
0x94B2, 0x8C51, 0x9492, 0x9CD2, 0x9492, 0x8C51, 0x8410, 0x8430, 0x8430, 0x7BF0, 0x738E, 0x7BCF,
0x7BF0, 0x7BCF, 0x73CF, 0x6B8E, 0x738E, 0x73AF, 0x738E, 0x738E, 0x6B6E, 0x6B6E, 0x6B6E, 0x736E,
0x738E, 0x62EC, 0x39C8, 0x4229, 0x52AB, 0x2125, 0x2125, 0x2145, 0x2146, 0x2125, 0x1905, 0x1905,
0x10E4, 0x10C4, 0x10C4, 0x0883, 0x0082, 0x0082, 0x0042, 0x0041, 0x0042, 0x0022, 0x0022, 0x0022,
0x0021, 0x0021, 0x0021, 0x0001, 0x0001, 0x0001, 0x0001, 0x0021, 0x0022, 0x0022, 0x0042, 0x0042,
0x0042, 0x0042, 0x0042, 0x0042, 0x0042, 0x0042, 0x0062, 0x0063, 0x0063, 0x0063, 0x0083, 0x0083,
0x08A3, 0x10C4, 0x10C4, 0x10C4, 0x10E4, 0x1925, 0x2125, 0x2125, 0x2146, 0x2146, 0x2966, 0x31A7,
0x31E8, 0x3A29, 0x424A, 0x4A8A, 0x4A6A, 0x4AAA, 0x4A8A, 0x4A6A, 0x4AAB, 0x5AEC, 0x632D, 0x6B6D,
0x634D, 0x632D, 0x634D, 0x632C, 0x5AEC, 0x5AEC, 0x5AEB, 0x630C, 0x5AEC, 0x632D, 0x6B4D, 0x6B6D,
0x73AE, 0x8C50, 0x9CD2, 0xA4F3, 0xBDB6, 0xCE38, 0xD658, 0xCE18, 0xB596, 0xB576, 0xAD75, 0xA534,
0xA534, 0xA514, 0x9CF4, 0x9CD3, 0x9492, 0x8410, 0x7BCF, 0x73AF, 0x736E, 0x6B6E, 0x6B4E, 0x6B6E,
0x738E, 0x738E, 0x6B6E, 0x6B4E, 0x634D, 0x6B6E, 0x738F, 0x738E, 0x6B8E, 0x6B6E, 0x6B4D, 0x6B4D,
0x6B6E, 0x6B8E, 0x73AE, 0x738E, 0x6B4D, 0x632C, 0x5ACB, 0x4A6A, 0x4229, 0x4209, 0x39E8, 0x3187,
0x2966, 0x2966, 0x2145, 0x2125, 0x2125, 0x1905, 0x1905, 0x1905, 0x2126, 0x18E5, 0x08A3, 0x10C4,
0x1925, 0x10C4, 0x0883, 0x0863, 0x0883, 0x0883, 0x0883, 0x0062, 0x0062, 0x0883, 0x08A3, 0x29C8,
0x4AEC, 0x6BAF, 0x7C11, 0x8C51, 0x9492, 0x9492, 0x94B2, 0x9CD2, 0x9CD3, 0x9471, 0x8C71, 0x9472,
0x9472, 0x9472, 0x9472, 0x9472, 0x9492, 0x9492, 0x9492, 0x9492, 0x9492, 0x9492, 0x9492, 0x9492,
0x94B2, 0x94B2, 0x9492, 0x8430, 0x738F, 0x632D, 0x6B4D, 0x6B6D, 0x6B6D, 0x632D, 0x632D, 0x632D,
0x630C, 0x5AEC, 0x5ACC, 0x5ACC, 0x52CC, 0x5AEC, 0x5AEC, 0x5B0C, 0x630D, 0x5ACC, 0x52AB, 0x52AB,
0x528A, 0x52AB, 0x52AB, 0x52AB, 0x52CB, 0x632D, 0x4A6A, 0x4A6A, 0x4A6A, 0x4A6A, 0x4249, 0x4249,
0x4229, 0x3A08, 0x4A6A, 0x4A6A, 0x39E8, 0x4249, 0x4228, 0x3A08, 0x31A7, 0x31A7, 0x31C8, 0x3A09,
0x3A09, 0x3A09, 0x3A09, 0x39E8, 0x31C8, 0x39E9, 0x31C8, 0x31E8, 0x31E8, 0x2987, 0x2987, 0x31E8,
0x3A29, 0x31C8, 0x31C8, 0x3A09, 0x4AAB, 0x4AAB, 0x4249, 0x4A6A, 0x426A, 0x31E8, 0x422A, 0x52CC,
0x4A8B, 0x3A09, 0x31A8, 0x31C8, 0x31E9, 0x31C8, 0x31E8, 0x3A29, 0x4249, 0x426A, 0x52CC, 0x5B2D,
0x52CC, 0x4A8A, 0x52CB, 0x52CB, 0x5B0D, 0x632D, 0x632D, 0x5AEC, 0x3A09, 0x2946, 0x10C4, 0x08A3,
0x0062, 0x0062, 0x2146, 0x7BF0, 0x8C51, 0x9471, 0x8C71, 0x8C71, 0x9492, 0x9CD2, 0x9491, 0x9471,
0x9CB2, 0x9CD3, 0x9CB3, 0x9472, 0x9CD3, 0xA4F3, 0xA4F3, 0x94B1, 0x8C71, 0x94B2, 0x94B2, 0x8C51,
0x8410, 0x8410, 0x8430, 0x8410, 0x7BF0, 0x7BCF, 0x7BCF, 0x7BCF, 0x73CF, 0x738F, 0x6B8E, 0x73AF,
0x738E, 0x738E, 0x6B6E, 0x6B6D, 0x6B6E, 0x6B4D, 0x6B8E, 0x7BD0, 0x83F0, 0x62EC, 0x4208, 0x39E8,
0x52CC, 0x10E4, 0x1904, 0x0062, 0x0883, 0x0863, 0x0062, 0x0043, 0x0043, 0x0042, 0x0042, 0x0042,
0x0042, 0x0042, 0x0041, 0x0021, 0x0021, 0x0022, 0x0022, 0x0021, 0x0021, 0x0021, 0x0021, 0x0001,
0x0021, 0x0021, 0x0021, 0x0021, 0x0021, 0x0022, 0x0042, 0x0042, 0x0042, 0x0042, 0x0042, 0x0042,
0x0042, 0x0062, 0x0062, 0x0063, 0x0063, 0x0063, 0x0883, 0x0883, 0x08A3, 0x10C4, 0x10C4, 0x10C4,
0x10E4, 0x1905, 0x1905, 0x1905, 0x2146, 0x2166, 0x31A7, 0x31C8, 0x39E9, 0x39E9, 0x3A09, 0x3A09,
0x3A09, 0x4A8A, 0x5AEC, 0x5B0C, 0x632D, 0x634D, 0x632D, 0x5B0C, 0x52CB, 0x52CB, 0x52CB, 0x5B0C,
0x632C, 0x6B4D, 0x6B6D, 0x6B6D, 0x6B6D, 0x6B6D, 0x6B4D, 0x6B4D, 0x7BAE, 0x9471, 0x9CB2, 0x9492,
0xC5F7, 0xD679, 0xD658, 0xC5F7, 0xB596, 0xAD75, 0xAD55, 0xA534, 0xA534, 0xA514, 0x9CF4, 0x94D3,
0x8C72, 0x8410, 0x7BCF, 0x73AF, 0x6B6E, 0x6B6E, 0x6B6E, 0x736E, 0x736E, 0x6B6E, 0x6B6E, 0x6B4D,
0x634D, 0x6B8E, 0x738F, 0x6B8E, 0x738F, 0x738E, 0x6B4D, 0x6B6D, 0x6B6D, 0x73AF, 0x7BEF, 0x73CE,
0x6B4D, 0x630C, 0x5ACB, 0x4A6A, 0x4229, 0x4209, 0x39E8, 0x3187, 0x2966, 0x2966, 0x2166, 0x2125,
0x1925, 0x1905, 0x18E5, 0x1905, 0x18E5, 0x1905, 0x1905, 0x1925, 0x10E4, 0x10C4, 0x10C4, 0x10C4,
0x0883, 0x0063, 0x0062, 0x0063, 0x0062, 0x0863, 0x2146, 0x4ACB, 0x636E, 0x7C10, 0x8431, 0x8C72,
0x94B2, 0x94B2, 0x94B2, 0x94B2, 0x9492, 0x9492, 0x94B2, 0x9492, 0x9492, 0x9492, 0x9492, 0x9472,
0x9492, 0x9492, 0x9492, 0x9492, 0x9492, 0x9492, 0x9492, 0x9492, 0x9492, 0x8C92, 0x8C71, 0x7BCF,
0x634D, 0x632D, 0x634D, 0x636D, 0x634D, 0x632C, 0x632D, 0x630C, 0x5AEC, 0x5AEB, 0x5AEC, 0x5ACC,
0x52CC, 0x52CC, 0x52CB, 0x5AEC, 0x5AEC, 0x5ACC, 0x52AB, 0x528B, 0x528B, 0x52AB, 0x52AB, 0x4A8A,
0x5ACB, 0x52CB, 0x4A6A, 0x4A6A, 0x4A4A, 0x4229, 0x4A6A, 0x4249, 0x4249, 0x4A6A, 0x4249, 0x39E8,
0x4A6A, 0x4249, 0x31E7, 0x39E8, 0x31E8, 0x31C7, 0x31E8, 0x3A09, 0x39E8, 0x3A09, 0x3A29, 0x31C8,
0x3A29, 0x31E8, 0x31E8, 0x31E8, 0x31C8, 0x29A7, 0x31C8, 0x31C8, 0x29A8, 0x39E9, 0x3A09, 0x3A29,
0x4249, 0x31C8, 0x3A29, 0x424A, 0x3A09, 0x39E8, 0x3A09, 0x2987, 0x2987, 0x29A7, 0x2987, 0x31C8,
0x31E8, 0x422A, 0x426A, 0x52CC, 0x634D, 0x52CC, 0x52CB, 0x426A, 0x424A, 0x428A, 0x4A8A, 0x52AB,
0x52CC, 0x5AEC, 0x52CC, 0x3A08, 0x1925, 0x08A3, 0x0883, 0x0062, 0x0022, 0x31E8, 0x73CF, 0x8C51,
0x8C50, 0x8C30, 0x8C51, 0x9492, 0x9491, 0x9491, 0x8C71, 0x9CB2, 0x9CD2, 0x94B2, 0x9472, 0x9CD3,
0xA4F3, 0x9CF3, 0x9471, 0x8C71, 0x94D2, 0x94B2, 0x8C71, 0x8410, 0x8410, 0x8C71, 0x8430, 0x7BF0,
0x7BCF, 0x7BCF, 0x7BCF, 0x73AF, 0x738F, 0x6B8E, 0x6B8E, 0x6B6E, 0x6B6E, 0x6B6E, 0x6B6D, 0x6B6D,
0x6B6E, 0x6B6E, 0x6B8E, 0x7BCF, 0x738F, 0x630C, 0x4A29, 0x31A7, 0x52AB, 0x1904, 0x0021, 0x0042,
0x0062, 0x0062, 0x0042, 0x0042, 0x0042, 0x0042, 0x0042, 0x0042, 0x0062, 0x0042, 0x0041, 0x0021,
0x0021, 0x0021, 0x0021, 0x0021, 0x0021, 0x0021, 0x0021, 0x0001, 0x0021, 0x0021, 0x0021, 0x0021,
0x0021, 0x0022, 0x0042, 0x0042, 0x0042, 0x0042, 0x0042, 0x0042, 0x0042, 0x0062, 0x0062, 0x0063,
0x0063, 0x0062, 0x0883, 0x0883, 0x0883, 0x08A3, 0x10C4, 0x10E4, 0x10E4, 0x1905, 0x1905, 0x1925,
0x1925, 0x2166, 0x2987, 0x31A8, 0x31A7, 0x39E8, 0x424A, 0x4A8B, 0x52CC, 0x52CC, 0x52CB, 0x52AB,
0x4A8A, 0x4A8B, 0x52CB, 0x5B0C, 0x632C, 0x6B6D, 0x6B8E, 0x6B6D, 0x6B6E, 0x634D, 0x632C, 0x630C,
0x630C, 0x630C, 0x6B4D, 0x6B6D, 0x8C10, 0x9CB2, 0x9CD3, 0x8410, 0xCE38, 0xD679, 0xD638, 0xC5B6,
0xBD96, 0xAD55, 0xAD55, 0xA535, 0xA534, 0xA514, 0x9CF4, 0x9CD3, 0x8451, 0x7BD0, 0x7BAF, 0x738F,
0x6B4E, 0x6B4E, 0x736E, 0x738E, 0x736E, 0x6B6E, 0x6B4D, 0x634D, 0x6B6E, 0x6B8E, 0x738E, 0x6B8E,
0x738E, 0x738E, 0x6B2D, 0x6B4D, 0x6B6E, 0x7BEF, 0x7C10, 0x7BCF, 0x6B4D, 0x632C, 0x5ACB, 0x4A69,
0x3A08, 0x31C7, 0x31C7, 0x2987, 0x2146, 0x2966, 0x2987, 0x2125, 0x2125, 0x2126, 0x18E5, 0x18E4,
0x1905, 0x10E4, 0x10C4, 0x08A3, 0x0883, 0x10C3, 0x10A3, 0x0883, 0x08A3, 0x08A3, 0x0863, 0x0042,
0x0883, 0x10E5, 0x31E8, 0x5B0D, 0x73D0, 0x7C10, 0x8451, 0x8C72, 0x94B2, 0x94D2, 0x9492, 0x9492,
0x9492, 0x9471, 0x9492, 0x9472, 0x9492, 0x9472, 0x9472, 0x9472, 0x9492, 0x9492, 0x9471, 0x9471,
0x9492, 0x9492, 0x9492, 0x9492, 0x9492, 0x8C71, 0x8431, 0x6B6E, 0x632D, 0x634D, 0x634D, 0x634D,
0x634D, 0x632C, 0x632D, 0x630C, 0x5AEB, 0x5B0C, 0x5AEC, 0x5ACC, 0x5AEC, 0x52CC, 0x52CC, 0x5ACC,
0x5AEC, 0x52AB, 0x528B, 0x52AB, 0x52AB, 0x52AA, 0x52AB, 0x5AEC, 0x52AB, 0x4A6A, 0x4A49, 0x4229,
0x4229, 0x424A, 0x426A, 0x4229, 0x4A8A, 0x4A6A, 0x31A7, 0x4A6A, 0x4249, 0x31E7, 0x31E7, 0x3A08,
0x31E8, 0x31C7, 0x39E8, 0x39E8, 0x39E8, 0x39E8, 0x31E8, 0x3A09, 0x31E8, 0x31C8, 0x31C8, 0x31E8,
0x31E8, 0x29A7, 0x2987, 0x31C8, 0x4A8B, 0x424A, 0x31C8, 0x3A09, 0x31C8, 0x31C8, 0x3A09, 0x3A09,
0x31C8, 0x29A7, 0x29A7, 0x2987, 0x31E8, 0x31E8, 0x29A7, 0x3A08, 0x3A09, 0x3A09, 0x738F, 0x8451,
0x630D, 0x426A, 0x3208, 0x3A29, 0x4249, 0x426A, 0x424A, 0x4A8A, 0x4A8A, 0x4A6A, 0x39E8, 0x1925,
0x10E4, 0x0082, 0x0062, 0x0062, 0x3A29, 0x73F0, 0x8430, 0x8C50, 0x8C50, 0x8C50, 0x9471, 0x9471,
0x8C71, 0x8C91, 0x9491, 0x9CB2, 0x9471, 0x9471, 0x9CD3, 0x9CD3, 0x9492, 0x8C51, 0x8C71, 0x94D2,
0x94B2, 0x8430, 0x8410, 0x8C71, 0x8C71, 0x8430, 0x7BCF, 0x7BCF, 0x8410, 0x7BCF, 0x73AF, 0x73AE,
0x738F, 0x738E, 0x6B6E, 0x6B4E, 0x6B6E, 0x738E, 0x6B6D, 0x6B6D, 0x738E, 0x6B4D, 0x6B4D, 0x738E,
0x83F0, 0x7BCF, 0x528B, 0x39C8, 0x4A4A, 0x39E8, 0x0021, 0x0042, 0x0042, 0x0042, 0x0042, 0x0042,
0x0042, 0x0042, 0x0042, 0x0042, 0x0042, 0x0042, 0x0041, 0x0021, 0x0021, 0x0021, 0x0021, 0x0021,
0x0021, 0x0021, 0x0021, 0x0021, 0x0021, 0x0021, 0x0021, 0x0021, 0x0021, 0x0022, 0x0042, 0x0042,
0x0042, 0x0042, 0x0042, 0x0042, 0x0042, 0x0062, 0x0062, 0x0062, 0x0062, 0x0062, 0x0083, 0x0083,
0x0883, 0x08A3, 0x10C4, 0x10C4, 0x10C4, 0x10E4, 0x1905, 0x1925, 0x1925, 0x2146, 0x2987, 0x31A8,
0x3A09, 0x424A, 0x4A6A, 0x424A, 0x3A29, 0x4A6A, 0x4A6A, 0x52CB, 0x632D, 0x6B6D, 0x6B6E, 0x6B6D,
0x5B0C, 0x5B0C, 0x5AEB, 0x5B0B, 0x5B0C, 0x632D, 0x6B6D, 0x738E, 0x738E, 0x7BCF, 0x7BEF, 0x83EF,
0x9CB2, 0xA514, 0x9CB2, 0x6B6E, 0xD659, 0xD679, 0xCE18, 0xC5D7, 0xB575, 0xB555, 0xAD55, 0xA535,
0xA515, 0xA515, 0x9CD3, 0x94B3, 0x8431, 0x7BCF, 0x73AF, 0x738F, 0x736E, 0x736E, 0x6B6E, 0x6B6E,
0x6B6D, 0x6B6D, 0x6B6E, 0x6B6E, 0x738E, 0x738E, 0x738E, 0x6B8E, 0x738F, 0x6B6E, 0x6B6E, 0x6B6E,
0x738E, 0x7BCF, 0x7BF0, 0x73AE, 0x738E, 0x6B6E, 0x62EC, 0x4A69, 0x39E8, 0x31A7, 0x31A7, 0x2966,
0x2146, 0x2146, 0x2146, 0x2125, 0x1925, 0x1925, 0x1904, 0x10C4, 0x10C4, 0x10C4, 0x0883, 0x0063,
0x0883, 0x10C4, 0x0063, 0x0883, 0x0883, 0x0062, 0x0883, 0x0883, 0x0063, 0x1947, 0x4ACC, 0x73D0,
0x83F0, 0x8C31, 0x8C72, 0x9492, 0x9492, 0x94B2, 0x9CB2, 0x94B2, 0x9472, 0x9472, 0x9472, 0x9472,
0x9472, 0x9472, 0x9472, 0x9472, 0x8C71, 0x8C71, 0x9492, 0x9492, 0x8C72, 0x9472, 0x9472, 0x9472,
0x8C71, 0x8430, 0x738E, 0x634D, 0x634D, 0x634D, 0x634D, 0x632D, 0x632D, 0x634D, 0x634D, 0x5AEC,
0x634D, 0x6B8E, 0x630C, 0x5AEC, 0x5ACB, 0x52CB, 0x52EC, 0x5AEC, 0x52CB, 0x52AB, 0x52AB, 0x5AEC,
0x52CB, 0x52AB, 0x5B0C, 0x6B6E, 0x4A8A, 0x4A6A, 0x4229, 0x4229, 0x4229, 0x424A, 0x4249, 0x4A6A,
0x4229, 0x3A09, 0x4A8A, 0x4229, 0x31A7, 0x31C7, 0x3A08, 0x39E8, 0x39E8, 0x39E8, 0x39E8, 0x39E8,
0x31E8, 0x31C7, 0x3A08, 0x31C8, 0x2987, 0x2987, 0x29A8, 0x29A8, 0x29A8, 0x31C8, 0x424A, 0x52AB,
0x424A, 0x2987, 0x31A7, 0x31C7, 0x3A29, 0x4229, 0x31A8, 0x29A8, 0x2987, 0x2987, 0x2987, 0x424A,
0x31E9, 0x29A7, 0x31E8, 0x3A29, 0x5AEC, 0x73AF, 0x634D, 0x31C8, 0x31A8, 0x31C8, 0x31E8, 0x3208,
0x3A09, 0x3A29, 0x3A09, 0x3A29, 0x3A09, 0x31C7, 0x10E4, 0x0883, 0x0062, 0x0021, 0x0082, 0x4AAB,
0x8451, 0x8430, 0x7BEF, 0x7C0F, 0x7C10, 0x8430, 0x8C51, 0x8430, 0x8C51, 0x94B2, 0x9492, 0x8C71,
0x8C71, 0x94B2, 0x9CB2, 0x9471, 0x8430, 0x8C71, 0x9492, 0x8C71, 0x8410, 0x8430, 0x8C71, 0x8451,
0x7C10, 0x7BF0, 0x7BEF, 0x7BCF, 0x73AF, 0x738E, 0x738E, 0x738E, 0x6B8E, 0x6B4E, 0x6B4E, 0x6B6E,
0x6B6E, 0x6B6D, 0x6B6E, 0x634D, 0x6B6E, 0x634D, 0x634D, 0x73AF, 0x8410, 0x7BCF, 0x5AAB, 0x39A7,
0x39E8, 0x4229, 0x0041, 0x0042, 0x0042, 0x0042, 0x0042, 0x0042, 0x0042, 0x0042, 0x0042, 0x0042,
0x0062, 0x0042, 0x0042, 0x0042, 0x0022, 0x0022, 0x0022, 0x0021, 0x0021, 0x0021, 0x0021, 0x0021,
0x0021, 0x0021, 0x0021, 0x0021, 0x0021, 0x0021, 0x0021, 0x0042, 0x0042, 0x0042, 0x0042, 0x0042,
0x0042, 0x0042, 0x0062, 0x0062, 0x0062, 0x0062, 0x0883, 0x0883, 0x08A3, 0x08A3, 0x08C4, 0x10C4,
0x10E4, 0x10E4, 0x1905, 0x1905, 0x2146, 0x2166, 0x29A8, 0x29A8, 0x3187, 0x31A7, 0x39E8, 0x4A4A,
0x528B, 0x5AEC, 0x632D, 0x630C, 0x630C, 0x5B0C, 0x52CB, 0x52CB, 0x5B0C, 0x6B4D, 0x6B6E, 0x6B8E,
0x6B8E, 0x73AE, 0x73AE, 0x738E, 0x6B6D, 0x6B4D, 0x6B4D, 0x7BEF, 0x8430, 0x9492, 0x7BEF, 0x5ACB,
0xD679, 0xD679, 0xCE38, 0xBDB6, 0xB575, 0xAD55, 0xAD35, 0xA515, 0xA514, 0x9CF4, 0x9CD4, 0x8C51,
0x7BCF, 0x73AF, 0x7BAF, 0x7BAF, 0x73AF, 0x738E, 0x736E, 0x6B8E, 0x6B6E, 0x6B6E, 0x6B6E, 0x6B6E,
0x73AF, 0x73AF, 0x738E, 0x6B8E, 0x6B8E, 0x6B6E, 0x6B8E, 0x738E, 0x73AF, 0x7BF0, 0x83F0, 0x7BAF,
0x738E, 0x6B6D, 0x5AEB, 0x4A6A, 0x39E8, 0x39E8, 0x31C7, 0x2966, 0x2986, 0x2146, 0x2146, 0x2125,
0x1925, 0x1925, 0x1905, 0x10E4, 0x1905, 0x10E4, 0x10C4, 0x10C4, 0x10E4, 0x08A3, 0x08A3, 0x08A3,
0x08A3, 0x0062, 0x0062, 0x0863, 0x08A4, 0x3A2A, 0x636E, 0x7BD0, 0x8410, 0x8C31, 0x9472, 0x9CB3,
0x9CB3, 0x9CB2, 0x9CB2, 0x94B2, 0x9492, 0x9471, 0x8C71, 0x8C71, 0x8C71, 0x8C71, 0x8C71, 0x8C71,
0x8C71, 0x8C71, 0x8C71, 0x8C71, 0x8C71, 0x8C71, 0x9472, 0x9472, 0x8C51, 0x7BCF, 0x6B2D, 0x634D,
0x634D, 0x634D, 0x632D, 0x5B0C, 0x632D, 0x632D, 0x5B0C, 0x5B0C, 0x73AF, 0x6B8E, 0x5AEC, 0x5AEC,
0x5AEC, 0x5AEC, 0x5AEC, 0x52CC, 0x52CB, 0x52CB, 0x5AEC, 0x5AEC, 0x52CB, 0x5AEC, 0x634D, 0x52AB,
0x4A6A, 0x4A6A, 0x4229, 0x4249, 0x424A, 0x4A6A, 0x4A8A, 0x4A8A, 0x39E8, 0x4A8B, 0x4A8A, 0x39E8,
0x39E8, 0x39E8, 0x39E8, 0x3A08, 0x39E8, 0x39E8, 0x31C8, 0x31C8, 0x31E8, 0x3A09, 0x2987, 0x2966,
0x2987, 0x29A7, 0x29A8, 0x31E8, 0x4249, 0x426A, 0x4229, 0x31C8, 0x31C8, 0x3A09, 0x3A09, 0x39E8,
0x31A7, 0x2966, 0x2987, 0x29A7, 0x2987, 0x29A8, 0x2987, 0x31E9, 0x31C8, 0x29A7, 0x52EC, 0x52EC,
0x4A6A, 0x3A08, 0x3186, 0x29A7, 0x29A7, 0x31C8, 0x31C8, 0x31E8, 0x31E8, 0x3A09, 0x3A08, 0x39E8,
0x2166, 0x10C4, 0x0883, 0x0062, 0x0042, 0x0862, 0x52AB, 0x6BAF, 0x8430, 0x8430, 0x8430, 0x8410,
0x7C0F, 0x8410, 0x8430, 0x8C51, 0x94B2, 0x8C71, 0x8C71, 0x8C71, 0x94B2, 0x9492, 0x8C50, 0x8C50,
0x9492, 0x94B2, 0x8C51, 0x8410, 0x8430, 0x8C71, 0x8451, 0x7BCF, 0x7BCF, 0x8410, 0x7BF0, 0x738F,
0x738E, 0x738E, 0x7BCF, 0x73AF, 0x738F, 0x738E, 0x736E, 0x738E, 0x6B6D, 0x6B8E, 0x6B6E, 0x6B6D,
0x6B4D, 0x634D, 0x6B6E, 0x738E, 0x73AF, 0x73AF, 0x6B2D, 0x4A49, 0x3187, 0x4A4A, 0x10C3, 0x0042,
0x0042, 0x0042, 0x0042, 0x0042, 0x0042, 0x0042, 0x0042, 0x0042, 0x0062, 0x0062, 0x0042, 0x0042,
0x0022, 0x0021, 0x0021, 0x0021, 0x0021, 0x0021, 0x0021, 0x0021, 0x0021, 0x0021, 0x0021, 0x0021,
0x0021, 0x0021, 0x0021, 0x0042, 0x0042, 0x0042, 0x0042, 0x0042, 0x0042, 0x0042, 0x0062, 0x0062,
0x0062, 0x0062, 0x0883, 0x0883, 0x08A3, 0x08A3, 0x08C4, 0x10C4, 0x10C4, 0x10E4, 0x1905, 0x1925,
0x2145, 0x2166, 0x2167, 0x2987, 0x39E8, 0x3A09, 0x4229, 0x4A8B, 0x4A6A, 0x4A4A, 0x4A4A, 0x4A49,
0x5ACB, 0x632C, 0x6B6E, 0x738E, 0x73AF, 0x73AE, 0x6B4D, 0x630C, 0x5B0C, 0x5B0C, 0x634D, 0x630C,
0x73AE, 0x73AE, 0x8430, 0x9491, 0xA4F3, 0x9CD3, 0x738E, 0x39E8, 0xD679, 0xD659, 0xC5D7, 0xBD96,
0xB576, 0xAD55, 0xAD35, 0xA514, 0x9CF4, 0x9CF4, 0x9CD3, 0x8C51, 0x7BCF, 0x73AF, 0x7BAF, 0x7BAF,
0x73AF, 0x736E, 0x6B8E, 0x6B8E, 0x6B6E, 0x6B8E, 0x6B8E, 0x6B8E, 0x73AF, 0x73AF, 0x738E, 0x6B8E,
0x6B6E, 0x6B6E, 0x738F, 0x73CF, 0x7BF0, 0x8410, 0x83F0, 0x7BCF, 0x7BAF, 0x736E, 0x630C, 0x5ACB,
0x3A08, 0x31A7, 0x31A7, 0x2987, 0x2966, 0x2146, 0x2166, 0x2146, 0x1905, 0x10C4, 0x10C4, 0x1905,
0x08A3, 0x10C4, 0x10C4, 0x10C4, 0x10E4, 0x08A3, 0x0883, 0x0062, 0x08A3, 0x0883, 0x08A3, 0x0063,
0x1925, 0x4A8B, 0x6B8F, 0x7BF0, 0x8430, 0x8C51, 0x9492, 0x9CB3, 0x9CB2, 0x9CB2, 0x9CB2, 0x9CB2,
0x9492, 0x9471, 0x8C71, 0x8C71, 0x8C71, 0x8C71, 0x8C71, 0x8C71, 0x8C71, 0x9492, 0x8C71, 0x8C51,
0x8C51, 0x8C71, 0x9472, 0x8C71, 0x7BCF, 0x6B4D, 0x630C, 0x634D, 0x634D, 0x634D, 0x632D, 0x5B2C,
0x634D, 0x632D, 0x5AEC, 0x634D, 0x6B6E, 0x5AEC, 0x5AEC, 0x5AEC, 0x5AEC, 0x5B0C, 0x5AEC, 0x52CC,
0x5ACC, 0x5B0C, 0x5B0C, 0x5AEC, 0x5B0C, 0x634D, 0x5AEC, 0x4A8B, 0x4A6A, 0x4A6A, 0x4A6A, 0x4A6A,
0x4A8A, 0x4A8A, 0x4A8A, 0x4A49, 0x528B, 0x4A6A, 0x39C8, 0x31E8, 0x31E8, 0x31A7, 0x39C8, 0x39E8,
0x31C7, 0x31A7, 0x31C7, 0x31C8, 0x31C8, 0x2986, 0x2166, 0x2987, 0x29A7, 0x29A8, 0x39E8, 0x4A8A,
0x424A, 0x31C8, 0x2987, 0x31E8, 0x424A, 0x3A29, 0x31C8, 0x2146, 0x2146, 0x29A7, 0x29A7, 0x2987,
0x31C8, 0x2167, 0x29A8, 0x31C8, 0x4A8A, 0x52CC, 0x52AB, 0x2166, 0x31C7, 0x2987, 0x31A7, 0x29A7,
0x29A7, 0x29A7, 0x29A7, 0x31C8, 0x31C8, 0x31C8, 0x31C7, 0x2146, 0x10C4, 0x08A3, 0x0063, 0x0042,
0x08A3, 0x4A8A, 0x6B8E, 0x6B8E, 0x6B8E, 0x7C10, 0x8410, 0x7C10, 0x7C10, 0x8410, 0x8430, 0x8C71,
0x8C51, 0x8430, 0x8C71, 0x9491, 0x8C71, 0x8430, 0x8C50, 0x9491, 0x9492, 0x8C51, 0x8410, 0x8C51,
0x8C51, 0x8410, 0x7BCF, 0x7BCF, 0x8410, 0x7BEF, 0x73AE, 0x738E, 0x73AF, 0x73AF, 0x7BAF, 0x738E,
0x736E, 0x738E, 0x6B8E, 0x738E, 0x6B8E, 0x6B4D, 0x6B6E, 0x6B6E, 0x6B6E, 0x6B4D, 0x6B4D, 0x6B4D,
0x7BEF, 0x8410, 0x6B6D, 0x526A, 0x3187, 0x4A6A, 0x2145, 0x0042, 0x0042, 0x0042, 0x0042, 0x0042,
0x0042, 0x0042, 0x0042, 0x0042, 0x0062, 0x0062, 0x0042, 0x0042, 0x0042, 0x0022, 0x0022, 0x0022,
0x0021, 0x0021, 0x0021, 0x0021, 0x0022, 0x0022, 0x0022, 0x0021, 0x0021, 0x0021, 0x0021, 0x0042,
0x0042, 0x0042, 0x0042, 0x0042, 0x0042, 0x0042, 0x0062, 0x0062, 0x0062, 0x0062, 0x0883, 0x0883,
0x08A3, 0x08A3, 0x08A4, 0x10C4, 0x10C4, 0x10C4, 0x1905, 0x2145, 0x1905, 0x2146, 0x29A7, 0x29A7,
0x31C8, 0x39E8, 0x31C8, 0x3A08, 0x4249, 0x528A, 0x5AEC, 0x6B4D, 0x6B6D, 0x6B6D, 0x6B4D, 0x5AEC,
0x5B0C, 0x5B0C, 0x632C, 0x6B6D, 0x6B6E, 0x73CF, 0x73AF, 0x73CE, 0x73AE, 0x7BEF, 0x8430, 0x8C71,
0x9CD3, 0x8430, 0x632D, 0x3A09, 0xD679, 0xCE58, 0xC5D7, 0xBDB6, 0xB596, 0xB555, 0xAD35, 0xA514,
0x9D14, 0x9CF4, 0x94B3, 0x8C51, 0x7BCF, 0x738E, 0x73AF, 0x738F, 0x738E, 0x736E, 0x6B6E, 0x6B6E,
0x6B6E, 0x6B6E, 0x6B6E, 0x738E, 0x738E, 0x6B6E, 0x738F, 0x738F, 0x738E, 0x738F, 0x7BCF, 0x8411,
0x8C51, 0x8410, 0x7BCF, 0x7BCF, 0x7BCF, 0x738E, 0x630C, 0x5AEB, 0x4228, 0x2965, 0x2966, 0x31A7,
0x2986, 0x2146, 0x2125, 0x1905, 0x10E4, 0x10C4, 0x10C4, 0x10C4, 0x10E4, 0x10C4, 0x08A3, 0x08A3,
0x0883, 0x08A3, 0x0883, 0x0883, 0x08A3, 0x0883, 0x0083, 0x1105, 0x3A2A, 0x6B4E, 0x7BF0, 0x8430,
0x8C51, 0x9492, 0x9CB2, 0x9CD3, 0x94B2, 0x9CB3, 0x9CB3, 0x9CB3, 0x9492, 0x9471, 0x9492, 0x9492,
0x9492, 0x94B2, 0x9492, 0x9492, 0x9492, 0x94B2, 0x9492, 0x8C71, 0x8C71, 0x8C71, 0x8C71, 0x7BF0,
0x6B6E, 0x632D, 0x632D, 0x632D, 0x632D, 0x634D, 0x5B0C, 0x5B0C, 0x632D, 0x632D, 0x5B0C, 0x6B6E,
0x632D, 0x5AEC, 0x5AEC, 0x5B0C, 0x5B0C, 0x5B0C, 0x5AEC, 0x52CC, 0x5AEC, 0x632D, 0x5AEC, 0x5AEC,
0x5B0C, 0x632D, 0x52AB, 0x52AB, 0x528B, 0x4A8A, 0x528B, 0x52AB, 0x4A8A, 0x4A8A, 0x4A69, 0x4A8A,
0x4A4A, 0x39E8, 0x39C8, 0x31C7, 0x31A7, 0x31A8, 0x31A8, 0x2987, 0x2987, 0x2987, 0x31A7, 0x31E8,
0x2987, 0x2166, 0x29A7, 0x29C7, 0x31E8, 0x426A, 0x3A29, 0x3A29, 0x3A09, 0x29A7, 0x3A08, 0x3A09,
0x31C7, 0x2146, 0x1945, 0x1926, 0x2146, 0x2146, 0x2167, 0x2967, 0x2146, 0x2967, 0x52AC, 0x5B0D,
0x3A29, 0x31C8, 0x52AB, 0x634D, 0x4A6A, 0x2987, 0x29A7, 0x2987, 0x2987, 0x2987, 0x2987, 0x2987,
0x2987, 0x2987, 0x2146, 0x10C4, 0x0883, 0x0062, 0x0062, 0x08A4, 0x4A8B, 0x634E, 0x634D, 0x6B6E,
0x73AF, 0x7BCF, 0x7BEF, 0x7BEF, 0x7BEF, 0x8430, 0x8430, 0x8410, 0x8410, 0x8430, 0x9491, 0x8C50,
0x840F, 0x8430, 0x8C71, 0x8C71, 0x8410, 0x8410, 0x8C51, 0x8C51, 0x8410, 0x73AE, 0x8410, 0x8410,
0x7C10, 0x73CE, 0x73AE, 0x73AF, 0x73AF, 0x738E, 0x738E, 0x738E, 0x6B6E, 0x6B6E, 0x6B6E, 0x6B6E,
0x6B6E, 0x6B4D, 0x736E, 0x736E, 0x6B6E, 0x6B4D, 0x6B4D, 0x738E, 0x7BCF, 0x7BCF, 0x6B4D, 0x4A49,
0x39E8, 0x4229, 0x2966, 0x0042, 0x0042, 0x0022, 0x0042, 0x0042, 0x0042, 0x0042, 0x0042, 0x0042,
0x0062, 0x0062, 0x0042, 0x0042, 0x0042, 0x0022, 0x0022, 0x0022, 0x0022, 0x0022, 0x0022, 0x0022,
0x0022, 0x0022, 0x0022, 0x0022, 0x0022, 0x0022, 0x0022, 0x0042, 0x0042, 0x0042, 0x0042, 0x0042,
0x0042, 0x0042, 0x0062, 0x0062, 0x0062, 0x0062, 0x0883, 0x0883, 0x0883, 0x0083, 0x08A4, 0x08C4,
0x08C4, 0x10E4, 0x1905, 0x1905, 0x1905, 0x1926, 0x2126, 0x2146, 0x29A7, 0x31C7, 0x4249, 0x52AB,
0x52CC, 0x5AEC, 0x528A, 0x528A, 0x4A6A, 0x52AB, 0x5B0C, 0x6B6E, 0x738E, 0x73CF, 0x73AE, 0x6B8D,
0x6B6D, 0x634C, 0x632C, 0x630C, 0x630C, 0x6B8D, 0x7BCE, 0x8C51, 0x8C30, 0x6B4D, 0x4229, 0x4229,
0xD679, 0xCE38, 0xBDD7, 0xBDB6, 0xBDB6, 0xB555, 0xAD35, 0xA514, 0xA534, 0x9D14, 0x94B3, 0x8C51,
0x7BCF, 0x7BAF, 0x7BAF, 0x738E, 0x738E, 0x738E, 0x738E, 0x6B8E, 0x6B8E, 0x6B6E, 0x6B6E, 0x73AF,
0x738E, 0x736E, 0x6B8E, 0x738E, 0x738E, 0x73AF, 0x83F0, 0x8411, 0x8C31, 0x8410, 0x83F0, 0x7BCF,
0x7BCF, 0x7BCF, 0x736D, 0x632C, 0x528A, 0x39C7, 0x39C7, 0x31A7, 0x2986, 0x2166, 0x1905, 0x18E4,
0x18E4, 0x10E4, 0x10C4, 0x10C4, 0x18E5, 0x10C4, 0x0883, 0x08A3, 0x10A4, 0x08A3, 0x0883, 0x0883,
0x0062, 0x0883, 0x0884, 0x29C8, 0x5B0D, 0x7BF0, 0x8410, 0x8430, 0x8C51, 0x9492, 0x94B2, 0x9CB2,
0x9492, 0x9CB3, 0x9CB2, 0x9CB2, 0x9492, 0x9491, 0x94B2, 0x94D2, 0x94B2, 0x94B2, 0x94B2, 0x94B2,
0x94B2, 0x9492, 0x8C71, 0x8C71, 0x9491, 0x8C71, 0x840F, 0x736E, 0x632D, 0x634D, 0x6B4D, 0x632D,
0x634D, 0x632D, 0x5AEC, 0x5B2D, 0x632D, 0x632D, 0x634D, 0x634D, 0x5B0C, 0x5B0C, 0x5B0C, 0x5B0C,
0x5B0C, 0x5B0C, 0x5AEC, 0x5B0C, 0x634D, 0x632D, 0x630C, 0x632D, 0x6B8E, 0x5AEC, 0x52AB, 0x52AB,
0x52AB, 0x52AB, 0x52CB, 0x4A8A, 0x4A6A, 0x4A69, 0x4A8A, 0x5AEB, 0x3A08, 0x39E8, 0x39E8, 0x31E8,
0x31C7, 0x39E8, 0x2967, 0x2166, 0x31A7, 0x2987, 0x31C7, 0x31C7, 0x2966, 0x2987, 0x29C7, 0x31E8,
0x3A29, 0x39E9, 0x29A7, 0x31C8, 0x31C8, 0x3A29, 0x3A09, 0x2987, 0x2145, 0x1945, 0x2146, 0x1926,
0x1946, 0x2146, 0x2146, 0x2126, 0x2987, 0x4A8B, 0x52CC, 0x2166, 0x39E8, 0x5AEC, 0x4A8B, 0x3A09,
0x2146, 0x2987, 0x2187, 0x2167, 0x2166, 0x2167, 0x2167, 0x2987, 0x2987, 0x2146, 0x10E4, 0x08A3,
0x0062, 0x0042, 0x10C4, 0x426B, 0x5B2D, 0x636E, 0x6B6D, 0x6B6E, 0x738E, 0x73CF, 0x7BEF, 0x8410,
0x8430, 0x8430, 0x8410, 0x8410, 0x8C71, 0x8C51, 0x8410, 0x7C0F, 0x8430, 0x8C91, 0x8C71, 0x73CE,
0x8410, 0x8C71, 0x8430, 0x7BEF, 0x73AE, 0x8410, 0x7BEF, 0x7BEF, 0x73AE, 0x73AE, 0x73CF, 0x738F,
0x6B8E, 0x6B8E, 0x6B6E, 0x6B6D, 0x6B4D, 0x6B6D, 0x6B6D, 0x6B6E, 0x6B6D, 0x738E, 0x6B6E, 0x6B4E,
0x6B4D, 0x736E, 0x738E, 0x6B6E, 0x738E, 0x7BAF, 0x7BF0, 0x632C, 0x3A08, 0x4208, 0x4229, 0x0022,
0x0022, 0x0022, 0x0042, 0x0042, 0x0042, 0x0042, 0x0042, 0x0042, 0x0062, 0x0062, 0x0042, 0x0042,
0x0042, 0x0022, 0x0022, 0x0022, 0x0022, 0x0022, 0x0022, 0x0022, 0x0021, 0x0022, 0x0022, 0x0021,
0x0022, 0x0022, 0x0022, 0x0042, 0x0042, 0x0042, 0x0042, 0x0042, 0x0042, 0x0042, 0x0062, 0x0062,
0x0062, 0x0062, 0x0883, 0x0883, 0x0883, 0x0083, 0x0883, 0x08A4, 0x08C4, 0x08C4, 0x18E5, 0x1905,
0x1905, 0x1925, 0x2146, 0x2987, 0x3A09, 0x31E8, 0x3A09, 0x3A09, 0x31E8, 0x4229, 0x4A8A, 0x5AEC,
0x6B6D, 0x6B8E, 0x6B8E, 0x6B4D, 0x632D, 0x632C, 0x5AEB, 0x630C, 0x630C, 0x634D, 0x738E, 0x73AE,
0x73CF, 0x8430, 0x9491, 0x94B2, 0x8430, 0x632C, 0x3A08, 0x39E8, 0xD679, 0xCDF7, 0xC5D7, 0xBDD7,
0xBDB6, 0xB575, 0xAD55, 0xA535, 0xA535, 0xA514, 0x94B2, 0x8C30, 0x7BCF, 0x7BAF, 0x7BAF, 0x73AF,
0x73AF, 0x73AF, 0x73AF, 0x738E, 0x738E, 0x6B6E, 0x738E, 0x73AF, 0x73AF, 0x738E, 0x738E, 0x6B4E,
0x6B6E, 0x7BF0, 0x8410, 0x8C31, 0x8C31, 0x8410, 0x8410, 0x8410, 0x83F0, 0x83F0, 0x7BCF, 0x6B4D,
0x630C, 0x4A49, 0x3186, 0x39C7, 0x2986, 0x2145, 0x1905, 0x18E4, 0x1905, 0x1905, 0x10A3, 0x18E5,
0x10C4, 0x10C4, 0x10A3, 0x0883, 0x0883, 0x0883, 0x0883, 0x0883, 0x0883, 0x0063, 0x10E5, 0x3A4A,
0x636E, 0x7C10, 0x8431, 0x8C51, 0x9472, 0x9492, 0x9492, 0x9CB2, 0x9CB3, 0x9CB3, 0x94B2, 0x94B2,
0x94B2, 0x94B2, 0x94B2, 0x9492, 0x9492, 0x9492, 0x9492, 0x9492, 0x94B2, 0x9492, 0x9471, 0x9492,
0x9492, 0x8C50, 0x7BCE, 0x6B4D, 0x632C, 0x6B2D, 0x6B4D, 0x6B4D, 0x634D, 0x632D, 0x632D, 0x634D,
0x6B4D, 0x6B4D, 0x6B6E, 0x632D, 0x5AEC, 0x632D, 0x632D, 0x632D, 0x632D, 0x632C, 0x5B0C, 0x634D,
0x632D, 0x632C, 0x630C, 0x6B6E, 0x634D, 0x5AEC, 0x5AEC, 0x5ACC, 0x5ACC, 0x5AEC, 0x52CB, 0x528A,
0x4A8A, 0x52AA, 0x5AEC, 0x4249, 0x4229, 0x4229, 0x39E8, 0x39E8, 0x31C8, 0x31A7, 0x2987, 0x31A7,
0x2987, 0x31E8, 0x31E8, 0x2967, 0x2146, 0x29A7, 0x29A8, 0x29C8, 0x29A8, 0x29A7, 0x31C8, 0x3A09,
0x3A09, 0x31C7, 0x2987, 0x2146, 0x2146, 0x2166, 0x1925, 0x1925, 0x1926, 0x1905, 0x31E8, 0x4229,
0x3A09, 0x29A7, 0x2125, 0x31C8, 0x3A09, 0x2166, 0x2126, 0x2146, 0x2967, 0x2987, 0x2146, 0x2146,
0x2146, 0x2146, 0x2146, 0x2146, 0x1905, 0x10C4, 0x08A3, 0x0083, 0x0062, 0x10E4, 0x3A29, 0x52CC,
0x52EC, 0x5B0C, 0x6B6D, 0x6B6E, 0x73AF, 0x73AE, 0x7BCF, 0x7BF0, 0x8410, 0x7BEF, 0x7BF0, 0x8C51,
0x8C51, 0x8410, 0x7BCF, 0x8410, 0x8C51, 0x8430, 0x7BCF, 0x7C0F, 0x8430, 0x8410, 0x73AE, 0x7BCF,
0x7BEF, 0x7BEF, 0x73AE, 0x73AE, 0x73AF, 0x73AF, 0x738E, 0x6B8E, 0x738E, 0x6B8E, 0x738E, 0x738E,
0x6B6E, 0x6B4D, 0x6B4D, 0x6B6E, 0x6B6E, 0x6B6D, 0x6B4D, 0x6B4E, 0x6B6E, 0x6B6E, 0x6B4D, 0x6B2D,
0x738F, 0x8410, 0x8410, 0x630C, 0x4229, 0x3186, 0x4A6A, 0x0883, 0x0022, 0x0022, 0x0042, 0x0042,
0x0042, 0x0042, 0x0042, 0x0042, 0x0062, 0x0062, 0x0042, 0x0042, 0x0042, 0x0883, 0x0062, 0x0042,
0x0022, 0x0022, 0x0022, 0x0022, 0x0021, 0x0021, 0x0021, 0x0042, 0x0021, 0x0022, 0x0021, 0x0042,
0x0042, 0x0042, 0x0042, 0x0042, 0x0042, 0x0042, 0x0042, 0x0062, 0x0062, 0x0062, 0x0063, 0x0063,
0x0883, 0x08A4, 0x10C4, 0x10C4, 0x10C4, 0x08C4, 0x10E4, 0x10E4, 0x1905, 0x2146, 0x2146, 0x2146,
0x2166, 0x2987, 0x3A08, 0x426A, 0x52CB, 0x52EC, 0x5B0D, 0x5B0C, 0x52CB, 0x52AA, 0x528A, 0x52CB,
0x630C, 0x6B6E, 0x6B6E, 0x73AF, 0x738E, 0x6B6E, 0x6B8D, 0x6B4D, 0x6B8E, 0x6B6D, 0x73AE, 0x7BCF,
0x632D, 0x5AEC, 0x4249, 0x2966, 0xD659, 0xCDF7, 0xC5F7, 0xC5D7, 0xBDB6, 0xB595, 0xAD75, 0xAD55,
0xAD55, 0xA514, 0x9492, 0x8410, 0x7BCF, 0x73AF, 0x73AF, 0x73AF, 0x7BCF, 0x73CF, 0x73AF, 0x738E,
0x738E, 0x73AF, 0x73AE, 0x73AE, 0x73AF, 0x73AE, 0x738E, 0x738F, 0x73AF, 0x8410, 0x8431, 0x8C51,
0x8C71, 0x8C51, 0x8410, 0x8410, 0x8431, 0x8410, 0x7BCF, 0x736E, 0x6B2D, 0x5AAB, 0x4A49, 0x39A7,
0x2945, 0x2946, 0x2125, 0x1905, 0x1905, 0x1905, 0x10C4, 0x10A4, 0x18E5, 0x10C4, 0x10A3, 0x0883,
0x0883, 0x0883, 0x0083, 0x0083, 0x0883, 0x10C4, 0x3A29, 0x5B4E, 0x6BAF, 0x7C10, 0x8431, 0x8C51,
0x9472, 0x9492, 0x9492, 0x9492, 0x9CB3, 0x9CB3, 0x94B2, 0x94B2, 0x94B2, 0x94B2, 0x9492, 0x9472,
0x9472, 0x9492, 0x9492, 0x9492, 0x9492, 0x9492, 0x9492, 0x9492, 0x9471, 0x8410, 0x738E, 0x6B4D,
0x6B6D, 0x6B6E, 0x6B6E, 0x6B4D, 0x6B2D, 0x632C, 0x632D, 0x6B4D, 0x632D, 0x6B4E, 0x6B4E, 0x5B0D,
0x5B0C, 0x630D, 0x630D, 0x632D, 0x632D, 0x632D, 0x634D, 0x6B4D, 0x632D, 0x632D, 0x738E, 0x6B6E,
0x630C, 0x632D, 0x6B4E, 0x6B6E, 0x632D, 0x632D, 0x5ACB, 0x52AB, 0x5ACB, 0x52AB, 0x528A, 0x4A6A,
0x4229, 0x39E8, 0x4229, 0x3A09, 0x31C7, 0x31A7, 0x2987, 0x31A7, 0x3A08, 0x3A29, 0x2987, 0x2967,
0x2987, 0x29A8, 0x29A7, 0x2987, 0x2987, 0x31A8, 0x3A29, 0x31A7, 0x31C7, 0x2966, 0x2146, 0x2146,
0x2146, 0x1905, 0x1925, 0x1925, 0x2146, 0x3A09, 0x426B, 0x29A7, 0x1925, 0x1925, 0x2125, 0x1905,
0x1905, 0x1905, 0x2126, 0x2126, 0x2126, 0x2146, 0x2146, 0x2146, 0x2146, 0x2146, 0x1925, 0x10E4,
0x08A3, 0x0883, 0x0063, 0x0062, 0x10C4, 0x31E8, 0x426A, 0x426A, 0x4A8A, 0x528B, 0x630C, 0x630C,
0x6B6E, 0x73AE, 0x73AF, 0x7BAF, 0x7BAE, 0x8410, 0x8430, 0x8430, 0x83F0, 0x7BCF, 0x8C31, 0x8431,
0x7BEF, 0x73AE, 0x8430, 0x8430, 0x7BCF, 0x738E, 0x73AF, 0x8410, 0x7BEF, 0x738E, 0x738E, 0x73CF,
0x738F, 0x6B8E, 0x73AF, 0x6B8E, 0x6B8E, 0x6B8E, 0x738E, 0x736E, 0x6B6E, 0x6B6E, 0x738E, 0x738E,
0x6B6E, 0x6B6E, 0x736E, 0x6B6E, 0x6B6E, 0x6B4D, 0x6B6D, 0x73AF, 0x7BD0, 0x7BF0, 0x8410, 0x6B6D,
0x4A69, 0x39C7, 0x4A6A, 0x2946, 0x0022, 0x0022, 0x0042, 0x0042, 0x0042, 0x0042, 0x0042, 0x0042,
0x0042, 0x0062, 0x0062, 0x0042, 0x0042, 0x08A3, 0x0062, 0x0042, 0x0022, 0x0022, 0x0021, 0x0021,
0x0021, 0x0021, 0x0021, 0x0042, 0x0022, 0x0042, 0x0022, 0x0042, 0x0042, 0x0042, 0x0042, 0x0042,
0x0042, 0x0042, 0x0042, 0x0062, 0x0062, 0x0062, 0x0063, 0x0863, 0x0883, 0x08A3, 0x10A4, 0x08C4,
0x10E4, 0x10C4, 0x10E4, 0x10E4, 0x1905, 0x1905, 0x1925, 0x2146, 0x29A7, 0x3A29, 0x3A29, 0x426A,
0x3A29, 0x3A08, 0x4229, 0x4A8A, 0x52AB, 0x632D, 0x6B6E, 0x6B8E, 0x6B6E, 0x6B4D, 0x5AEC, 0x62EC,
0x5ACB, 0x52CB, 0x5AEC, 0x632D, 0x738E, 0x8410, 0x8430, 0x73AF, 0x5AEC, 0x39E8, 0x4229, 0x0863,
0xD638, 0xCDF7, 0xC5F7, 0xC5F7, 0xC5D7, 0xB596, 0xB576, 0xAD76, 0xAD55, 0xA514, 0x8C51, 0x7BCF,
0x7BAF, 0x73AF, 0x73AF, 0x73AF, 0x73AF, 0x73AF, 0x738F, 0x738E, 0x738E, 0x7BAF, 0x73AF, 0x73AF,
0x73AF, 0x73AE, 0x738E, 0x7BCF, 0x7BF0, 0x8430, 0x8C51, 0x8C71, 0x8C71, 0x8C72, 0x8C31, 0x8C31,
0x8C31, 0x8410, 0x7BCF, 0x738E, 0x6B4D, 0x6B4D, 0x630C, 0x526A, 0x39A7, 0x2145, 0x2105, 0x10C4,
0x10C4, 0x10C4, 0x18E4, 0x10A4, 0x18C4, 0x1905, 0x10C4, 0x0883, 0x08A3, 0x08A3, 0x08A3, 0x0883,
0x08C4, 0x2987, 0x52EC, 0x638E, 0x6BAF, 0x7C10, 0x8C51, 0x8C51, 0x8C72, 0x9472, 0x9472, 0x9492,
0x9CB3, 0x9CD3, 0x9CD3, 0x9CB2, 0x94B2, 0x94B2, 0x9492, 0x9472, 0x9472, 0x9492, 0x9492, 0x9492,
0x9492, 0x9492, 0x9492, 0x9492, 0x9471, 0x8410, 0x738E, 0x738E, 0x738E, 0x6B6E, 0x6B4E, 0x632D,
0x630C, 0x630C, 0x632D, 0x6B4D, 0x6B6E, 0x738F, 0x632D, 0x5B0C, 0x630D, 0x5B0C, 0x630D, 0x632D,
0x632D, 0x632C, 0x632D, 0x630C, 0x630C, 0x630C, 0x632D, 0x630C, 0x630C, 0x630D, 0x6B4E, 0x6B4D,
0x6B6E, 0x6B6E, 0x5AEC, 0x6B6E, 0x73CF, 0x632C, 0x52CB, 0x52AB, 0x424A, 0x4249, 0x3A08, 0x31A7,
0x31C8, 0x31A7, 0x2987, 0x424A, 0x5AEC, 0x31E8, 0x2966, 0x29A7, 0x2987, 0x2167, 0x2167, 0x2987,
0x2987, 0x2166, 0x2966, 0x31A7, 0x2987, 0x2146, 0x2146, 0x2146, 0x1925, 0x1905, 0x1925, 0x29A7,
0x31C8, 0x29A7, 0x2146, 0x1946, 0x1925, 0x1925, 0x1905, 0x1905, 0x1925, 0x1925, 0x2146, 0x1925,
0x1925, 0x2146, 0x2146, 0x1925, 0x1905, 0x1905, 0x10E4, 0x10C4, 0x0883, 0x0063, 0x0042, 0x10E4,
0x29A7, 0x3A29, 0x3A49, 0x426A, 0x4AAB, 0x5AEC, 0x52CB, 0x5B0C, 0x6B6E, 0x73AE, 0x73AF, 0x738E,
0x7BCF, 0x83F0, 0x8410, 0x7BAF, 0x7BAF, 0x8C31, 0x8C31, 0x7BF0, 0x73AE, 0x8430, 0x8430, 0x7BCF,
0x6B8E, 0x7BF0, 0x7BEF, 0x73AF, 0x738E, 0x738E, 0x73CF, 0x73AE, 0x738E, 0x6B6E, 0x6B8E, 0x738E,
0x6B6E, 0x738E, 0x6B8E, 0x6B6E, 0x6B6E, 0x738E, 0x738E, 0x6B4D, 0x6B6E, 0x738E, 0x738E, 0x736E,
0x6B6E, 0x738E, 0x73AF, 0x738E, 0x6B6E, 0x73AE, 0x8410, 0x7BEF, 0x528A, 0x39C8, 0x4209, 0x3A09,
0x0021, 0x0042, 0x0042, 0x0042, 0x0042, 0x0042, 0x0042, 0x0042, 0x0042, 0x0042, 0x0062, 0x0062,
0x0062, 0x0062, 0x0042, 0x0042, 0x0022, 0x0022, 0x0021, 0x0021, 0x0021, 0x0021, 0x0021, 0x0041,
0x0021, 0x0022, 0x0021, 0x0042, 0x0042, 0x0042, 0x0042, 0x0042, 0x0042, 0x0042, 0x0042, 0x0062,
0x0062, 0x0062, 0x0863, 0x0883, 0x0883, 0x0883, 0x08A3, 0x08A3, 0x08A3, 0x08C4, 0x10C4, 0x10C4,
0x10E4, 0x1905, 0x2146, 0x2166, 0x2987, 0x2166, 0x29A7, 0x31C7, 0x4229, 0x528B, 0x632D, 0x6B4D,
0x630C, 0x5AEC, 0x5AEC, 0x52AA, 0x52AA, 0x52CB, 0x630C, 0x6B6E, 0x6B4D, 0x6B8E, 0x6B6D, 0x738E,
0x73AE, 0x7BF0, 0x7C10, 0x6B8E, 0x52CC, 0x39E8, 0x39C8, 0x0001, 0xD638, 0xC5F7, 0xC5F7, 0xC5F7,
0xC5D7, 0xBDB6, 0xB596, 0xB576, 0xAD75, 0x9CF3, 0x9471, 0x7BCF, 0x7BCF, 0x7BCF, 0x73CF, 0x73CF,
0x73AF, 0x73AE, 0x738E, 0x738E, 0x736E, 0x738E, 0x73AE, 0x73AE, 0x7BAF, 0x7BCF, 0x7BCF, 0x83F0,
0x8410, 0x8C51, 0x8C71, 0x9492, 0x9492, 0x8C71, 0x8430, 0x83F0, 0x83F0, 0x83F0, 0x7BF0, 0x7BCF,
0x73AE, 0x736E, 0x6B4D, 0x6B2C, 0x5AEB, 0x4A8A, 0x4208, 0x2946, 0x2105, 0x2105, 0x2105, 0x1904,
0x18C4, 0x10C4, 0x10A3, 0x0883, 0x0883, 0x0883, 0x08A3, 0x1905, 0x2166, 0x424A, 0x5B2D, 0x6BAF,
0x7C10, 0x8431, 0x8C71, 0x9471, 0x9472, 0x8C72, 0x8C71, 0x9472, 0x9492, 0x9CD3, 0x9CD3, 0x9CB3,
0x94B2, 0x94B2, 0x9492, 0x9492, 0x94B2, 0x94B2, 0x94B2, 0x9492, 0x9492, 0x9492, 0x9492, 0x9491,
0x8C30, 0x7BAF, 0x6B4D, 0x738E, 0x73AE, 0x6B6D, 0x6B4E, 0x632D, 0x632D, 0x632D, 0x632D, 0x6B6E,
0x6B6E, 0x6B4E, 0x630D, 0x5B0C, 0x5B0C, 0x5B0C, 0x630D, 0x632D, 0x5B0C, 0x5B0C, 0x5B0C, 0x5AEC,
0x630C, 0x73AF, 0x632D, 0x5B0C, 0x5AEC, 0x630D, 0x634E, 0x630D, 0x5AEC, 0x5AEC, 0x5B0C, 0x6B6E,
0x6B8E, 0x634D, 0x6B6E, 0x632D, 0x5AEC, 0x52CB, 0x4229, 0x3A08, 0x39E8, 0x39E8, 0x528A, 0x6B4E,
0x39E8, 0x2986, 0x31C7, 0x29A7, 0x2146, 0x2166, 0x31C8, 0x2167, 0x2146, 0x2146, 0x2987, 0x2166,
0x2166, 0x2125, 0x2125, 0x2125, 0x1926, 0x2987, 0x29A8, 0x2187, 0x1926, 0x1905, 0x1905, 0x1105,
0x1105, 0x1905, 0x1905, 0x1925, 0x1925, 0x1926, 0x1926, 0x1925, 0x1925, 0x1925, 0x2146, 0x1925,
0x1905, 0x1905, 0x10C4, 0x0883, 0x0062, 0x0042, 0x08A4, 0x2967, 0x29A7, 0x29A8, 0x3A09, 0x3A29,
0x424A, 0x4A8A, 0x5AEC, 0x5AEC, 0x634D, 0x6B6E, 0x6B8E, 0x73AE, 0x7BEF, 0x83F0, 0x73AE, 0x7BAF,
0x8410, 0x8430, 0x7BCF, 0x73AF, 0x8410, 0x8410, 0x7BCF, 0x738E, 0x7BCF, 0x7BCF, 0x738E, 0x634D,
0x738E, 0x73AF, 0x6B8E, 0x6B6E, 0x6B6E, 0x6B6E, 0x6B6E, 0x6B6E, 0x6B6E, 0x6B6E, 0x6B4E, 0x6B6E,
0x6B6E, 0x6B6D, 0x6B6E, 0x738E, 0x73AF, 0x738E, 0x6B6D, 0x6B6E, 0x738E, 0x73AF, 0x738E, 0x738E,
0x738E, 0x8410, 0x83F0, 0x7BCF, 0x5ACB, 0x39C8, 0x31A7, 0x4A6A, 0x0883, 0x0041, 0x0042, 0x0042,
0x0042, 0x0042, 0x0042, 0x0042, 0x0042, 0x0042, 0x0042, 0x0062, 0x0062, 0x0042, 0x0042, 0x0042,
0x0022, 0x0021, 0x0021, 0x0042, 0x0042, 0x0022, 0x0021, 0x0021, 0x0021, 0x0021, 0x0022, 0x0022,
0x0022, 0x0042, 0x0042, 0x0042, 0x0042, 0x0042, 0x0062, 0x0062, 0x0062, 0x0042, 0x0063, 0x0083,
0x0083, 0x0883, 0x0883, 0x0883, 0x08A3, 0x08A3, 0x10C4, 0x10E5, 0x10E5, 0x1105, 0x1905, 0x1925,
0x2146, 0x2987, 0x3A29, 0x4A8A, 0x4A8A, 0x4A8A, 0x4229, 0x4A49, 0x4A49, 0x528A, 0x5AEB, 0x630C,
0x6B6E, 0x6B4D, 0x6B4D, 0x632C, 0x5AEC, 0x52CB, 0x5ACB, 0x5AEC, 0x6B4D, 0x6B6D, 0x634D, 0x5AEC,
0x4229, 0x4229, 0x10C4, 0x0001, 0xCE18, 0xC5F7, 0xC5F8, 0xC5F7, 0xC5F7, 0xC5D7, 0xBD96, 0xB576,
0xAD75, 0xA4F3, 0x9451, 0x7BCF, 0x7BAF, 0x7BAF, 0x73AF, 0x73CF, 0x7BAF, 0x73AF, 0x738E, 0x73AF,
0x73AF, 0x73AE, 0x738E, 0x73AF, 0x7BAF, 0x7BAF, 0x83F0, 0x8410, 0x8C31, 0x8C51, 0x8C51, 0x9472,
0x9492, 0x8C71, 0x8430, 0x83F0, 0x7BCF, 0x8410, 0x8410, 0x7BCF, 0x73AE, 0x738E, 0x6B4D, 0x6B4D,
0x6B4D, 0x630C, 0x5ACB, 0x5AAB, 0x526A, 0x4A6A, 0x4A6A, 0x4A49, 0x39C7, 0x2125, 0x18C4, 0x10A4,
0x08A3, 0x08A4, 0x10C4, 0x2166, 0x3A4A, 0x52EC, 0x6B8E, 0x73AF, 0x8410, 0x8C51, 0x8C71, 0x9471,
0x8C72, 0x9472, 0x9472, 0x9472, 0x9472, 0x9492, 0x94B2, 0x94B2, 0x9492, 0x9492, 0x9492, 0x9492,
0x94B2, 0x9492, 0x9492, 0x9492, 0x9492, 0x9492, 0x9472, 0x8C71, 0x8410, 0x738E, 0x6B6E, 0x738E,
0x73AE, 0x6B6D, 0x634D, 0x632D, 0x630C, 0x632D, 0x632D, 0x632D, 0x6B4E, 0x630D, 0x5AEC, 0x5B0C,
0x5AEC, 0x5AEC, 0x632D, 0x630D, 0x5B0C, 0x632C, 0x5B0C, 0x5AEC, 0x6B6E, 0x6B6E, 0x632D, 0x5AEC,
0x5B0D, 0x634E, 0x632D, 0x5AEC, 0x5B0C, 0x5B0C, 0x5B0C, 0x5B2C, 0x634D, 0x636E, 0x6B8E, 0x73AF,
0x73CF, 0x6B6E, 0x5B0C, 0x4A8A, 0x4249, 0x4229, 0x6B6E, 0x4A6A, 0x4229, 0x4A49, 0x2986, 0x2146,
0x2987, 0x4A8B, 0x31C8, 0x2126, 0x2146, 0x2987, 0x2146, 0x1925, 0x2146, 0x2145, 0x2966, 0x31A7,
0x29A7, 0x2146, 0x2146, 0x1925, 0x1905, 0x1905, 0x2146, 0x10E5, 0x1105, 0x1905, 0x1905, 0x1905,
0x1925, 0x1925, 0x1905, 0x1925, 0x1925, 0x1925, 0x1925, 0x1905, 0x10E4, 0x08A4, 0x08A3, 0x0062,
0x0042, 0x10C4, 0x2146, 0x2166, 0x29A7, 0x2987, 0x29C7, 0x3A09, 0x3A49, 0x4229, 0x4A6A, 0x52AB,
0x5AEC, 0x632D, 0x6B6E, 0x73AE, 0x7BCF, 0x738E, 0x7BCF, 0x83F0, 0x83F0, 0x736E, 0x7BAF, 0x8410,
0x7BEF, 0x738E, 0x738E, 0x7BCF, 0x7BCF, 0x738E, 0x6B4D, 0x6BAE, 0x6B8E, 0x6B6E, 0x634D, 0x6B6E,
0x6B6E, 0x6B6D, 0x6B6E, 0x6B6E, 0x6B6E, 0x6B8E, 0x73AF, 0x738F, 0x6B6E, 0x6B6E, 0x738E, 0x73AF,
0x738E, 0x6B6E, 0x6B6E, 0x738E, 0x738E, 0x738E, 0x738E, 0x73AF, 0x7BCF, 0x7BCF, 0x83F0, 0x7BCF,
0x5AEB, 0x4249, 0x31C7, 0x4A8A, 0x2145, 0x0041, 0x0042, 0x0042, 0x0042, 0x0042, 0x0042, 0x0042,
0x0042, 0x0042, 0x0062, 0x0062, 0x0062, 0x0042, 0x0042, 0x0042, 0x0041, 0x0021, 0x0021, 0x0041,
0x0041, 0x0021, 0x0021, 0x0021, 0x0021, 0x0021, 0x0022, 0x0022, 0x0022, 0x0022, 0x0042, 0x0042,
0x0042, 0x0042, 0x0062, 0x0062, 0x0062, 0x0062, 0x0063, 0x0083, 0x0083, 0x0083, 0x0883, 0x0883,
0x08A3, 0x08A3, 0x0883, 0x08C4, 0x10C4, 0x1105, 0x1905, 0x1946, 0x2167, 0x29A7, 0x31C7, 0x29A7,
0x31E8, 0x424A, 0x528B, 0x5AEB, 0x632C, 0x632C, 0x5B0C, 0x5ACB, 0x52CB, 0x52AB, 0x4A8A, 0x5AEB,
0x632C, 0x634D, 0x6B6D, 0x738E, 0x7BF0, 0x7BF0, 0x6B4D, 0x528B, 0x31A7, 0x39E8, 0x0883, 0x0001,
0xCE17, 0xC617, 0xCE18, 0xCDF7, 0xC5F7, 0xBDD7, 0xBDB6, 0xB595, 0xAD75, 0xA4F3, 0x8C30, 0x7BAE,
0x73AF, 0x73AF, 0x73AF, 0x73AF, 0x738F, 0x738E, 0x736E, 0x738E, 0x73AF, 0x738F, 0x73AF, 0x7BCF,
0x7BCF, 0x7BCF, 0x8410, 0x8C30, 0x8C51, 0x8C31, 0x8431, 0x8C31, 0x8431, 0x8430, 0x8410, 0x7BCF,
0x7BCF, 0x83F0, 0x7BD0, 0x7BAF, 0x73AF, 0x738E, 0x6B4D, 0x6B4D, 0x632C, 0x630B, 0x630C, 0x630C,
0x5AEB, 0x5ACB, 0x5ACB, 0x528A, 0x526A, 0x4A6A, 0x39E8, 0x3187, 0x31A7, 0x29A8, 0x29A8, 0x3A2A,
0x4A8B, 0x5B0D, 0x73AF, 0x7BEF, 0x8410, 0x8C71, 0x8C71, 0x8C72, 0x9472, 0x9492, 0x9492, 0x9492,
0x8C71, 0x8C71, 0x9492, 0x9492, 0x9471, 0x9472, 0x9472, 0x9492, 0x9492, 0x9492, 0x9492, 0x9492,
0x9492, 0x9492, 0x8C71, 0x8C51, 0x83EF, 0x738E, 0x738E, 0x6B8E, 0x6B4D, 0x634D, 0x632D, 0x5AEC,
0x5AEC, 0x5B0C, 0x632D, 0x6B4E, 0x632D, 0x5B0D, 0x630D, 0x5AEC, 0x5AEC, 0x632D, 0x632D, 0x5B0C,
0x5B0C, 0x5AEC, 0x5AEC, 0x632D, 0x6B6E, 0x632D, 0x5AEC, 0x5AEC, 0x632D, 0x632D, 0x5AEC, 0x5AEC,
0x632D, 0x5B0C, 0x5B0C, 0x5B0C, 0x632C, 0x5AEC, 0x632D, 0x6B6E, 0x6B6E, 0x6B8E, 0x7BCF, 0x634D,
0x5AEB, 0x52AB, 0x4A6A, 0x4A8A, 0x4209, 0x2986, 0x2146, 0x29A7, 0x424A, 0x29A7, 0x2126, 0x2146,
0x2987, 0x2146, 0x1926, 0x1905, 0x1946, 0x29A7, 0x31C8, 0x2166, 0x1925, 0x2167, 0x1926, 0x1105,
0x10E5, 0x1905, 0x1905, 0x10E5, 0x10E5, 0x1105, 0x1105, 0x1905, 0x1905, 0x1925, 0x1925, 0x1905,
0x1905, 0x1925, 0x1905, 0x10E4, 0x08A3, 0x08A3, 0x0062, 0x0042, 0x08A3, 0x2146, 0x2146, 0x2146,
0x2166, 0x2987, 0x29A8, 0x31A7, 0x3A2A, 0x426A, 0x424A, 0x4A6A, 0x52CB, 0x5B0C, 0x6B4D, 0x6B6E,
0x6B4D, 0x738E, 0x83F0, 0x7BAF, 0x6B4D, 0x7BAF, 0x8410, 0x7BF0, 0x6B6D, 0x738E, 0x7BCF, 0x7BCF,
0x6B4D, 0x6B4D, 0x738E, 0x6B8E, 0x634D, 0x632D, 0x6B6E, 0x6B6E, 0x6B6E, 0x6B6E, 0x6B6E, 0x6B6E,
0x6B6E, 0x6B6E, 0x6B6E, 0x6B4D, 0x6B6E, 0x738E, 0x736E, 0x6B6E, 0x736E, 0x73AE, 0x738E, 0x738E,
0x738E, 0x736E, 0x73AF, 0x7BAF, 0x738E, 0x7B8E, 0x83D0, 0x83F0, 0x738E, 0x4A6A, 0x31C7, 0x3A08,
0x31A7, 0x0042, 0x0042, 0x0042, 0x0042, 0x0042, 0x0042, 0x0042, 0x0042, 0x0042, 0x0062, 0x0062,
0x0062, 0x0062, 0x0042, 0x0042, 0x0041, 0x0021, 0x0021, 0x0021, 0x0021, 0x0021, 0x0021, 0x0021,
0x0021, 0x0021, 0x0022, 0x0022, 0x0022, 0x0022, 0x0042, 0x0042, 0x0042, 0x0042, 0x0062, 0x0062,
0x0042, 0x0042, 0x0063, 0x0063, 0x0083, 0x0883, 0x0883, 0x0883, 0x0883, 0x08A3, 0x08A3, 0x10C4,
0x10E4, 0x10C4, 0x10E5, 0x1905, 0x2146, 0x2146, 0x31A7, 0x3A29, 0x4A8B, 0x4A8A, 0x52AB, 0x4249,
0x4249, 0x4A49, 0x4A69, 0x52AB, 0x5AEC, 0x634D, 0x632D, 0x634D, 0x6B4D, 0x6B6E, 0x632C, 0x6B4D,
0x6B4D, 0x6B4D, 0x5AEC, 0x528B, 0x4209, 0x3187, 0x0021, 0x0001, 0xCE18, 0xCE38, 0xCE38, 0xCE18,
0xCE17, 0xC5F7, 0xC5D6, 0xB595, 0xAD34, 0x9C92, 0x7BCF, 0x73AE, 0x738E, 0x73AF, 0x73AE, 0x73AE,
0x736E, 0x738E, 0x738E, 0x73AF, 0x73AF, 0x73AF, 0x73AF, 0x7BCF, 0x7BEF, 0x8410, 0x8C51, 0x8C71,
0x8C51, 0x8C51, 0x8C31, 0x8410, 0x8410, 0x83EF, 0x7BCF, 0x7BCF, 0x7BCF, 0x7BCF, 0x7BCF, 0x7BAF,
0x738E, 0x6B6E, 0x6B6E, 0x736E, 0x6B6E, 0x6B4D, 0x6B2C, 0x630C, 0x5B0C, 0x5B0C, 0x5AEC, 0x5ACB,
0x5ACB, 0x52CB, 0x52AA, 0x4A49, 0x4229, 0x4229, 0x4229, 0x4A6A, 0x5AEC, 0x73AF, 0x7BCF, 0x83F0,
0x8430, 0x8C71, 0x8C71, 0x8C72, 0x8C52, 0x9472, 0x9CB3, 0x9492, 0x9471, 0x9472, 0x9472, 0x8C71,
0x9472, 0x9472, 0x9472, 0x8C72, 0x9492, 0x9492, 0x8C72, 0x9492, 0x9492, 0x9492, 0x9472, 0x8410,
0x7BCF, 0x6B4E, 0x738E, 0x6B6E, 0x632D, 0x630C, 0x5AEC, 0x5ACC, 0x5B0C, 0x632D, 0x632D, 0x634E,
0x630D, 0x630D, 0x5B0C, 0x5AEC, 0x632D, 0x632D, 0x5AEC, 0x5B0C, 0x5AEC, 0x5AEC, 0x5AEC, 0x6B8E,
0x632D, 0x630D, 0x5B0D, 0x5B0D, 0x5B0D, 0x5B0C, 0x5AEC, 0x5B0C, 0x5AEC, 0x5AEB, 0x5AEC, 0x5B0C,
0x52CB, 0x5ACC, 0x632D, 0x630D, 0x6B6E, 0x6B8E, 0x738E, 0x7BCF, 0x8C71, 0x738E, 0x6B4D, 0x52AB,
0x2987, 0x2987, 0x3A08, 0x3A09, 0x29A7, 0x2166, 0x1945, 0x2166, 0x2146, 0x1925, 0x2146, 0x2166,
0x2987, 0x2166, 0x1905, 0x1905, 0x1905, 0x1105, 0x1105, 0x1105, 0x1925, 0x10E5, 0x1105, 0x1906,
0x1905, 0x1905, 0x1905, 0x1905, 0x1905, 0x1905, 0x1905, 0x10E5, 0x1905, 0x18E5, 0x10E4, 0x10A3,
0x0863, 0x0042, 0x0042, 0x0883, 0x1905, 0x1925, 0x1925, 0x1946, 0x2166, 0x2166, 0x2987, 0x2987,
0x31A8, 0x4249, 0x4229, 0x4249, 0x52CB, 0x52CB, 0x5AEB, 0x5B0C, 0x6B4D, 0x7BCF, 0x73AE, 0x632D,
0x73AE, 0x83F0, 0x738E, 0x6B6E, 0x7BCF, 0x7BF0, 0x73AE, 0x6B4D, 0x6B4D, 0x738E, 0x738E, 0x632D,
0x632D, 0x6B4D, 0x6B6E, 0x6B6E, 0x6B6E, 0x6B4D, 0x6B4D, 0x6B6E, 0x6B6E, 0x6B4D, 0x6B6E, 0x738E,
0x738E, 0x6B8E, 0x6B6E, 0x738E, 0x7BAF, 0x73AF, 0x738E, 0x738E, 0x7BAF, 0x738E, 0x738E, 0x738E,
0x7BAF, 0x83EF, 0x8410, 0x83F0, 0x83F0, 0x5ACB, 0x39C8, 0x39E8, 0x3A08, 0x0042, 0x0042, 0x0042,
0x0042, 0x0042, 0x0042, 0x0042, 0x0042, 0x0062, 0x0062, 0x0062, 0x0062, 0x0042, 0x0062, 0x0062,
0x0042, 0x0042, 0x0042, 0x0022, 0x0022, 0x0021, 0x0021, 0x0021, 0x0022, 0x0022, 0x0021, 0x0022,
0x0021, 0x0021, 0x0022, 0x0042, 0x0042, 0x0042, 0x0042, 0x0062, 0x0062, 0x0062, 0x0062, 0x0062,
0x0062, 0x0082, 0x0082, 0x0083, 0x08A3, 0x08A3, 0x08A4, 0x08C4, 0x08C4, 0x10C4, 0x10E5, 0x1905,
0x2146, 0x2166, 0x29A7, 0x29A7, 0x31C7, 0x31E8, 0x3A09, 0x4A6A, 0x5AEC, 0x630C, 0x634D, 0x5B0C,
0x5AEB, 0x52CB, 0x4A8A, 0x4A6A, 0x528A, 0x5ACB, 0x630C, 0x6B4D, 0x634D, 0x5AEC, 0x528B, 0x39C8,
0x4209, 0x10C4, 0x0001, 0x0001, 0xCE18, 0xCE38, 0xCE38, 0xCE18, 0xCE18, 0xC5F7, 0xC5D7, 0xBD96,
0xA513, 0x8C51, 0x7BAE, 0x738E, 0x738E, 0x73AF, 0x73AE, 0x738E, 0x738E, 0x73AF, 0x73AF, 0x7BAF,
0x7BAF, 0x73AF, 0x7BCF, 0x7BF0, 0x7C10, 0x8430, 0x8C92, 0x9CD3, 0x9492, 0x9472, 0x8C72, 0x8C31,
0x83F0, 0x7BCF, 0x738E, 0x73AF, 0x73CE, 0x73AF, 0x73AF, 0x73AE, 0x6B8E, 0x6B6E, 0x738E, 0x7BCF,
0x7BAF, 0x738E, 0x6B4D, 0x632D, 0x630D, 0x630C, 0x5AEC, 0x5ACC, 0x5ACC, 0x5AEC, 0x52AB, 0x4A6A,
0x4229, 0x4229, 0x4229, 0x52AB, 0x6B4E, 0x73AF, 0x7BF0, 0x8C51, 0x8C51, 0x9492, 0x8C72, 0x8C71,
0x8C51, 0x9472, 0x94B2, 0x9CB2, 0x94B2, 0x9492, 0x9472, 0x9472, 0x9472, 0x9472, 0x9472, 0x8C72,
0x8C51, 0x8C72, 0x8C72, 0x9492, 0x8C71, 0x9472, 0x9472, 0x8430, 0x738E, 0x6B4E, 0x6B6E, 0x634D,
0x632D, 0x5AEC, 0x5AEC, 0x5B0C, 0x5B2C, 0x632D, 0x6B4D, 0x5B0C, 0x5B0C, 0x5B0C, 0x5AEC, 0x632D,
0x738F, 0x5AEC, 0x5AEC, 0x5AEC, 0x5AEC, 0x5AEC, 0x73CF, 0x634D, 0x5AEC, 0x630C, 0x5B0D, 0x5B0C,
0x5B0C, 0x5B0C, 0x5B0C, 0x5AEC, 0x5AEB, 0x5AEB, 0x5ACB, 0x5AEC, 0x52AB, 0x5ACC, 0x630D, 0x632D,
0x6B6E, 0x73AF, 0x7BCF, 0x8410, 0x9CB3, 0xA4D3, 0x9471, 0x6B0C, 0x39C7, 0x4229, 0x31C7, 0x2166,
0x2987, 0x2166, 0x2166, 0x2146, 0x1905, 0x2166, 0x31A8, 0x2967, 0x1926, 0x1925, 0x1905, 0x1925,
0x1905, 0x1105, 0x1105, 0x1105, 0x10E4, 0x10E5, 0x1905, 0x1905, 0x1905, 0x1905, 0x1905, 0x1905,
0x1905, 0x1905, 0x1905, 0x1905, 0x18E5, 0x1905, 0x10A4, 0x0042, 0x0021, 0x0022, 0x0883, 0x1905,
0x1905, 0x1105, 0x1905, 0x1925, 0x2146, 0x2146, 0x2966, 0x2987, 0x2987, 0x31A7, 0x3A29, 0x3A09,
0x4AAB, 0x4A6A, 0x52AB, 0x632C, 0x634D, 0x634D, 0x5B0C, 0x73AE, 0x7BCF, 0x7BAF, 0x6B2D, 0x7BCF,
0x8410, 0x738E, 0x634D, 0x6B6E, 0x738E, 0x6B6E, 0x632D, 0x632D, 0x6B4D, 0x6B4D, 0x6B4E, 0x632D,
0x6B4E, 0x6B4D, 0x6B6D, 0x6B4E, 0x6B4D, 0x6B4D, 0x6B6D, 0x738E, 0x6B6E, 0x6B8E, 0x738E, 0x7BCF,
0x738E, 0x736E, 0x738E, 0x7BCF, 0x738E, 0x73AE, 0x7BAE, 0x7BCF, 0x83EF, 0x7BCF, 0x7BEF, 0x83F0,
0x7BCF, 0x5AEC, 0x4209, 0x31A7, 0x4A8A, 0x0082, 0x0042, 0x0042, 0x0042, 0x0042, 0x0042, 0x0042,
0x0042, 0x0062, 0x0062, 0x0062, 0x0062, 0x0062, 0x0062, 0x0062, 0x0042, 0x0042, 0x0042, 0x0021,
0x0021, 0x0021, 0x0021, 0x0021, 0x0022, 0x0022, 0x0021, 0x0022, 0x0021, 0x0021, 0x0022, 0x0042,
0x0042, 0x0042, 0x0042, 0x0062, 0x0062, 0x0062, 0x0062, 0x0062, 0x0062, 0x0082, 0x0082, 0x0083,
0x0883, 0x08A3, 0x08A3, 0x08A4, 0x08C4, 0x10C4, 0x10E4, 0x1905, 0x1905, 0x1925, 0x1925, 0x29A7,
0x3A28, 0x4A8B, 0x5AEC, 0x52AB, 0x52AB, 0x4A6A, 0x4A4A, 0x4A49, 0x4A8A, 0x52CB, 0x5B0C, 0x5B0C,
0x632D, 0x6B6E, 0x738E, 0x738E, 0x632D, 0x5AEC, 0x4A4A, 0x39C8, 0x3A09, 0x0001, 0x0001, 0x0001,
0xCE18, 0xCE38, 0xCE38, 0xCE38, 0xCE18, 0xC5F7, 0xC5D7, 0xBD96, 0xA4F3, 0x8C30, 0x7BAE, 0x73AE,
0x73AE, 0x73AF, 0x73AE, 0x73AE, 0x738E, 0x73AE, 0x7BAF, 0x7BCF, 0x7BCF, 0x7BAF, 0x7BCF, 0x7C10,
0x8410, 0x8C51, 0x94B3, 0x9CF3, 0x9CB2, 0x8C71, 0x8C71, 0x8C31, 0x83EF, 0x7BCF, 0x73AF, 0x738E,
0x738E, 0x73AE, 0x73AE, 0x738E, 0x738E, 0x6B8E, 0x73AF, 0x7BCF, 0x73AE, 0x738E, 0x6B4D, 0x6B4D,
0x632C, 0x630C, 0x630C, 0x5AEC, 0x5ACC, 0x5ACB, 0x52AB, 0x4A6A, 0x4229, 0x4A49, 0x4A6A, 0x5AEC,
0x6B8E, 0x7BCF, 0x8431, 0x8C51, 0x8C51, 0x9492, 0x8C72, 0x8C71, 0x8C71, 0x9492, 0x94B2, 0x9CB2,
0x9CB2, 0x9492, 0x9472, 0x9472, 0x9472, 0x9472, 0x9492, 0x8C72, 0x8C51, 0x8C51, 0x8C51, 0x9492,
0x8C71, 0x8C51, 0x8430, 0x7BAF, 0x6B4D, 0x6B4D, 0x6B2D, 0x630C, 0x630C, 0x5AEC, 0x5AEC, 0x5B0D,
0x632D, 0x632D, 0x632D, 0x5AEC, 0x5B0C, 0x5AEC, 0x632D, 0x73AF, 0x634D, 0x5AEC, 0x5AEC, 0x5AEC,
0x5AEC, 0x5B0D, 0x73CF, 0x632D, 0x630C, 0x5B0C, 0x52CC, 0x5ACC, 0x5AEC, 0x5B0C, 0x5AEC, 0x632D,
0x6B6E, 0x5ACB, 0x52AB, 0x52AB, 0x52AB, 0x5AEC, 0x5AEC, 0x630D, 0x6B4D, 0x630C, 0x73AF, 0x7BEF,
0x8430, 0x8C51, 0xA4D3, 0x8C30, 0x5AAB, 0x2966, 0x2145, 0x2166, 0x2186, 0x1925, 0x2145, 0x2146,
0x2167, 0x2167, 0x1926, 0x1905, 0x18E5, 0x1905, 0x1905, 0x1105, 0x1105, 0x1105, 0x1105, 0x10E5,
0x1105, 0x1905, 0x1105, 0x1105, 0x1905, 0x1905, 0x1905, 0x1905, 0x1905, 0x1905, 0x1925, 0x1925,
0x10E5, 0x08A3, 0x0042, 0x0021, 0x0042, 0x0883, 0x18E5, 0x1905, 0x1905, 0x1905, 0x1905, 0x1925,
0x1946, 0x1925, 0x2166, 0x2146, 0x2166, 0x29A7, 0x31E8, 0x3A09, 0x31E8, 0x3A29, 0x52CB, 0x632C,
0x5AEB, 0x52CB, 0x6B8E, 0x7BCF, 0x6B6D, 0x6B4D, 0x7BCF, 0x83F0, 0x738E, 0x632D, 0x73AE, 0x73CF,
0x6B4D, 0x632D, 0x634D, 0x6B4D, 0x632D, 0x630D, 0x632D, 0x6B4D, 0x632D, 0x634D, 0x634D, 0x6B4D,
0x632D, 0x6B6E, 0x6B6E, 0x6B4D, 0x6B8E, 0x73AF, 0x7BCF, 0x73AF, 0x73AF, 0x736E, 0x7BAF, 0x738F,
0x738E, 0x7BCF, 0x7BCF, 0x7BCF, 0x7BAF, 0x7BCF, 0x8410, 0x83F0, 0x7BCF, 0x630C, 0x4229, 0x39C7,
0x4A8A, 0x1904, 0x0042, 0x0042, 0x0042, 0x0042, 0x0042, 0x0042, 0x0042, 0x0042, 0x0062, 0x0062,
0x0062, 0x0062, 0x0062, 0x0062, 0x0042, 0x0042, 0x0042, 0x0022, 0x0022, 0x0021, 0x0022, 0x0022,
0x0022, 0x0022, 0x0021, 0x0022, 0x0021, 0x0021, 0x0022, 0x0042, 0x0042, 0x0042, 0x0042, 0x0042,
0x0042, 0x0042, 0x0062, 0x0062, 0x0063, 0x0082, 0x0082, 0x0083, 0x0883, 0x08A3, 0x0883, 0x08A3,
0x08A3, 0x10C4, 0x10C4, 0x10E4, 0x1905, 0x2146, 0x2986, 0x31E8, 0x31E8, 0x31E8, 0x31A7, 0x3A08,
0x4A6A, 0x52AB, 0x5AEC, 0x632D, 0x630C, 0x5ACC, 0x52CB, 0x52AB, 0x4A8A, 0x5AEB, 0x5AEC, 0x5AEC,
0x5ACC, 0x52AB, 0x424A, 0x4229, 0x18C4, 0x0001, 0x0000, 0x0001, 0xCE18, 0xCE38, 0xCE38, 0xCE38,
0xCE38, 0xC617, 0xC617, 0xBD96, 0xA4D3, 0x8C10, 0x7BAF, 0x73AF, 0x73AF, 0x73AE, 0x73AE, 0x73AE,
0x73AE, 0x73AF, 0x7BEF, 0x83F0, 0x83F0, 0x7BCF, 0x7BEF, 0x8410, 0x8431, 0x8C92, 0x9CF4, 0xA513,
0x9CD3, 0x94B2, 0x8C51, 0x8410, 0x7BEF, 0x7BAF, 0x738E, 0x738E, 0x738E, 0x738E, 0x7BCF, 0x73AE,
0x738E, 0x738E, 0x73AF, 0x73AF, 0x738E, 0x736E, 0x736E, 0x6B4D, 0x6B2D, 0x632C, 0x630C, 0x630C,
0x630C, 0x5AEC, 0x528A, 0x4A6A, 0x4A4A, 0x4A6A, 0x52CB, 0x632D, 0x73D0, 0x83F0, 0x8430, 0x8C51,
0x8C71, 0x8C72, 0x8C72, 0x9492, 0x94B2, 0x9CB2, 0x94B2, 0x94B2, 0x9472, 0x9472, 0x9472, 0x9472,
0x9472, 0x9472, 0x9492, 0x9492, 0x8C51, 0x8C31, 0x8C51, 0x8C72, 0x8C71, 0x8430, 0x7BCF, 0x6B6E,
0x632D, 0x632D, 0x632D, 0x630C, 0x5AEC, 0x5B0C, 0x632C, 0x632D, 0x632D, 0x632D, 0x630D, 0x632C,
0x5AEC, 0x5B0C, 0x73AF, 0x6B8E, 0x5AEC, 0x5AEC, 0x5B0C, 0x5AEC, 0x5AEC, 0x632D, 0x5B0D, 0x630C,
0x632D, 0x5AEC, 0x52CC, 0x5ACC, 0x5AEC, 0x5AEC, 0x52CB, 0x6B4D, 0x632C, 0x52AB, 0x528B, 0x52AB,
0x52CB, 0x5ACC, 0x5AEC, 0x5AEC, 0x5AEC, 0x7BAF, 0x7BCF, 0x6B8E, 0x738E, 0x7BAF, 0x7BAF, 0x738E,
0x39C7, 0x2145, 0x2146, 0x1946, 0x2166, 0x1925, 0x2166, 0x29A7, 0x2146, 0x1926, 0x1905, 0x10C4,
0x18E5, 0x1925, 0x1905, 0x10E5, 0x10E4, 0x10E4, 0x1905, 0x1105, 0x1105, 0x1105, 0x1905, 0x1905,
0x1905, 0x1905, 0x1905, 0x10C5, 0x18E5, 0x1905, 0x1905, 0x10C4, 0x0042, 0x0042, 0x0041, 0x0042,
0x0883, 0x10C4, 0x10E4, 0x10E4, 0x10E4, 0x1105, 0x1105, 0x1105, 0x1905, 0x1925, 0x1925, 0x1926,
0x2146, 0x2987, 0x2987, 0x29A7, 0x31A8, 0x3A29, 0x424A, 0x4A8A, 0x4A8A, 0x5B0C, 0x634D, 0x632D,
0x5B0C, 0x73AE, 0x7BCF, 0x6B4D, 0x630C, 0x738E, 0x73AE, 0x6B6E, 0x630C, 0x6B4D, 0x6B6E, 0x632D,
0x5B0C, 0x632D, 0x634E, 0x634D, 0x632D, 0x632D, 0x6B2D, 0x6B4D, 0x6B6E, 0x634D, 0x634D, 0x6B8E,
0x73AF, 0x738F, 0x738E, 0x73AE, 0x7BCF, 0x736E, 0x738E, 0x7BAF, 0x7BEF, 0x7BCF, 0x7BCF, 0x7BCF,
0x7BCF, 0x8430, 0x8410, 0x83F0, 0x83F0, 0x6B8E, 0x4A49, 0x3A08, 0x4A6A, 0x31A7, 0x0041, 0x0042,
0x0042, 0x0042, 0x0042, 0x0042, 0x0042, 0x0042, 0x0042, 0x0062, 0x0062, 0x0062, 0x0062, 0x0062,
0x0042, 0x0042, 0x0042, 0x0042, 0x0042, 0x0022, 0x0022, 0x0022, 0x0022, 0x0022, 0x0022, 0x0021,
0x0021, 0x0021, 0x0022, 0x0022, 0x0042, 0x0042, 0x0042, 0x0042, 0x0042, 0x0042, 0x0042, 0x0042,
0x0062, 0x0062, 0x0083, 0x0883, 0x0883, 0x0883, 0x0883, 0x08A3, 0x08A4, 0x08C4, 0x10E4, 0x10E4,
0x10E5, 0x1905, 0x1925, 0x2146, 0x29A7, 0x426A, 0x52AB, 0x52CB, 0x5ACB, 0x528A, 0x4A8A, 0x4A6A,
0x4229, 0x4A6A, 0x4A8A, 0x632C, 0x632D, 0x634D, 0x632D, 0x630D, 0x5ACC, 0x424A, 0x2987, 0x4229,
0x0862, 0x0001, 0x0001, 0x0001, 0xCE18, 0xCE38, 0xCE38, 0xCE38, 0xCE38, 0xCE18, 0xC5F7, 0xBD75,
0xA4B2, 0x8C10, 0x7BAF, 0x73AF, 0x73AF, 0x73AE, 0x73AE, 0x73AE, 0x73AE, 0x7BCF, 0x83EF, 0x8410,
0x7BEF, 0x7BF0, 0x7C10, 0x8431, 0x8431, 0x8C92, 0x9CF4, 0xA514, 0xA514, 0x9CD2, 0x8C51, 0x8410,
0x7BCF, 0x7BAF, 0x738E, 0x738E, 0x73AF, 0x738E, 0x7BCF, 0x73AE, 0x6B8E, 0x738E, 0x73AF, 0x73AE,
0x738E, 0x738E, 0x7BCF, 0x736E, 0x6B4D, 0x6B4D, 0x6B4D, 0x6B4D, 0x6B2D, 0x630C, 0x52AA, 0x528A,
0x526A, 0x52CB, 0x632D, 0x738E, 0x7BF0, 0x8410, 0x8431, 0x8C51, 0x8C72, 0x8C72, 0x9492, 0x9492,
0x94B2, 0x94B2, 0x94B2, 0x9491, 0x9471, 0x9472, 0x9472, 0x9472, 0x9472, 0x9472, 0x9492, 0x9492,
0x8C72, 0x8C71, 0x8C72, 0x8C72, 0x8C71, 0x8410, 0x7BCF, 0x6B4D, 0x632D, 0x632D, 0x630D, 0x630C,
0x5AEC, 0x632D, 0x632D, 0x5B0C, 0x632D, 0x632D, 0x632D, 0x632C, 0x5AEC, 0x6B4D, 0x6B8E, 0x630C,
0x5AEC, 0x632D, 0x5B0C, 0x5B0C, 0x5B0C, 0x632D, 0x5B0C, 0x632D, 0x5AEC, 0x5AEC, 0x5AEC, 0x5AEC,
0x5AEC, 0x52CB, 0x6B8E, 0x632D, 0x5ACB, 0x52AB, 0x52AB, 0x52CB, 0x52AB, 0x5AEC, 0x5ACC, 0x5ACB,
0x6B4D, 0x83F0, 0x738E, 0x5AEC, 0x630C, 0x6B6E, 0x5ACB, 0x31A7, 0x2125, 0x2126, 0x1946, 0x1945,
0x2166, 0x2987, 0x29A7, 0x1905, 0x2146, 0x18E5, 0x1905, 0x10E5, 0x1905, 0x10E5, 0x10E5, 0x1105,
0x10E4, 0x1905, 0x1905, 0x1105, 0x1105, 0x1105, 0x1925, 0x1905, 0x1905, 0x1905, 0x1905, 0x18E5,
0x1926, 0x1905, 0x08A3, 0x0042, 0x0042, 0x0042, 0x0042, 0x0883, 0x10E4, 0x10C4, 0x10C4, 0x10E4,
0x10E4, 0x1105, 0x1105, 0x1105, 0x1105, 0x1905, 0x1905, 0x1925, 0x1925, 0x2146, 0x2166, 0x2167,
0x29A8, 0x31C8, 0x29A8, 0x3A09, 0x4A8B, 0x4A8B, 0x4A6A, 0x52AB, 0x738E, 0x73CE, 0x632C, 0x630C,
0x738E, 0x6B6E, 0x632C, 0x5B0C, 0x634D, 0x6B4D, 0x632D, 0x5B0C, 0x634D, 0x632D, 0x630C, 0x630D,
0x632D, 0x6B4D, 0x6B4D, 0x634D, 0x634D, 0x6B4D, 0x6B8E, 0x6B8E, 0x6B6E, 0x738E, 0x73AF, 0x7BCF,
0x73AF, 0x73AF, 0x7BCF, 0x7BEF, 0x7BCF, 0x7BAF, 0x7BCF, 0x83EF, 0x8410, 0x8410, 0x7BCF, 0x7BF0,
0x7BEF, 0x738E, 0x5ACB, 0x4208, 0x39E8, 0x4A6A, 0x0042, 0x0042, 0x0042, 0x0042, 0x0042, 0x0042,
0x0042, 0x0042, 0x0042, 0x0062, 0x0062, 0x0062, 0x0062, 0x0062, 0x0042, 0x0042, 0x0042, 0x0042,
0x0041, 0x0022, 0x0021, 0x0022, 0x0022, 0x0022, 0x0022, 0x0021, 0x0021, 0x0021, 0x0022, 0x0022,
0x0042, 0x0042, 0x0042, 0x0042, 0x0042, 0x0042, 0x0062, 0x0062, 0x0062, 0x0062, 0x0083, 0x0083,
0x0083, 0x0883, 0x08A3, 0x08A3, 0x08A3, 0x08A4, 0x08C4, 0x10E4, 0x10E5, 0x1104, 0x2166, 0x31E8,
0x3208, 0x3A29, 0x4229, 0x31C7, 0x39E8, 0x4229, 0x4A69, 0x52CB, 0x5ACB, 0x5AEC, 0x632D, 0x5B0C,
0x5B0C, 0x5AEB, 0x5AEC, 0x5AEC, 0x528B, 0x4229, 0x29A7, 0x31A7, 0x0021, 0x0001, 0x0001, 0x0001,
0xCE38, 0xCE38, 0xCE38, 0xCE38, 0xCE38, 0xCE38, 0xC5F7, 0xBD55, 0x9C51, 0x83CF, 0x7BAF, 0x73AF,
0x73AE, 0x73AF, 0x73AF, 0x73AF, 0x73CF, 0x7BCF, 0x83F0, 0x7BCF, 0x7BCF, 0x7BCF, 0x7BF0, 0x8451,
0x8C51, 0x9492, 0x9CF3, 0xA513, 0x9CF3, 0x9492, 0x8410, 0x7BCF, 0x7BCF, 0x738E, 0x736E, 0x73AE,
0x73AF, 0x73AF, 0x7BAF, 0x73AF, 0x738E, 0x738E, 0x738E, 0x7BAF, 0x7BAE, 0x7BCF, 0x83F0, 0x7BEF,
0x7BCF, 0x7BAF, 0x736D, 0x6B2D, 0x630C, 0x5ACB, 0x5ACB, 0x5ACB, 0x5ACB, 0x630D, 0x634E, 0x7BCF,
0x8410, 0x8430, 0x8C51, 0x8C51, 0x8C72, 0x9492, 0x9492, 0x94B2, 0x9492, 0x9492, 0x94B2, 0x9492,
0x9471, 0x9472, 0x9472, 0x9472, 0x9472, 0x9472, 0x9472, 0x8C72, 0x8C51, 0x8C51, 0x8C71, 0x8C71,
0x8430, 0x83EF, 0x738E, 0x632D, 0x630D, 0x630C, 0x630D, 0x5AEC, 0x5B0C, 0x632D, 0x5B0C, 0x5AEC,
0x5B0D, 0x632D, 0x632D, 0x5B0C, 0x630D, 0x6B6E, 0x632D, 0x5AEC, 0x6B4D, 0x630C, 0x5AEC, 0x5AEC,
0x6B6E, 0x632D, 0x632D, 0x5B0C, 0x52CC, 0x5AEC, 0x5AEC, 0x5AEC, 0x5ACB, 0x632D, 0x634D, 0x52AB,
0x528B, 0x52AB, 0x52CB, 0x52AB, 0x5ACC, 0x52AB, 0x528B, 0x6B4D, 0x7BCF, 0x7B8E, 0x5ACB, 0x5AEC,
0x632D, 0x52AB, 0x31C7, 0x2125, 0x1905, 0x1925, 0x1905, 0x73D0, 0x94B3, 0x3186, 0x18C4, 0x18E4,
0x10E4, 0x1905, 0x1905, 0x1105, 0x10E5, 0x10E4, 0x10E5, 0x10C4, 0x1905, 0x1105, 0x1105, 0x10E5,
0x1105, 0x1105, 0x1905, 0x1905, 0x1905, 0x1905, 0x1925, 0x2146, 0x10E4, 0x0062, 0x0042, 0x0042,
0x0042, 0x0042, 0x0883, 0x10C4, 0x10C4, 0x10C4, 0x10C4, 0x10E4, 0x10E4, 0x10E4, 0x10E4, 0x10E4,
0x10E4, 0x10E4, 0x1905, 0x1905, 0x1905, 0x1905, 0x2126, 0x2146, 0x2967, 0x2987, 0x29A8, 0x31E8,
0x3A29, 0x3A08, 0x424A, 0x5AEC, 0x632C, 0x52CB, 0x5B0C, 0x6B6D, 0x6B6D, 0x5B0C, 0x5B0C, 0x6B6D,
0x634D, 0x630C, 0x5B0C, 0x632D, 0x632D, 0x630C, 0x630C, 0x632D, 0x634D, 0x6B4D, 0x632D, 0x6B4D,
0x6B6D, 0x736E, 0x738E, 0x6B8E, 0x738E, 0x73AF, 0x738E, 0x738E, 0x7BAF, 0x8410, 0x7BD0, 0x7BAF,
0x7BCF, 0x83F0, 0x8410, 0x83EF, 0x840F, 0x8C30, 0x8C30, 0x83EF, 0x7BCF, 0x83F0, 0x630C, 0x4229,
0x31A7, 0x4A6A, 0x10C3, 0x0042, 0x0042, 0x0042, 0x0042, 0x0042, 0x0042, 0x0042, 0x0042, 0x0042,
0x0042, 0x0042, 0x0042, 0x0042, 0x0042, 0x0042, 0x0042, 0x0042, 0x0042, 0x0022, 0x0022, 0x0022,
0x0022, 0x0022, 0x0022, 0x0022, 0x0021, 0x0021, 0x0022, 0x0022, 0x0042, 0x0042, 0x0042, 0x0042,
0x0042, 0x0042, 0x0063, 0x0063, 0x0063, 0x0082, 0x0083, 0x0083, 0x0083, 0x0083, 0x0883, 0x0883,
0x0883, 0x08A4, 0x10C4, 0x10E4, 0x1905, 0x1905, 0x1925, 0x1945, 0x2145, 0x2987, 0x424A, 0x4A6A,
0x52AB, 0x52CB, 0x52AB, 0x4A8A, 0x4249, 0x4249, 0x4A69, 0x4A69, 0x528A, 0x5ACB, 0x5AEC, 0x52AB,
0x4A6A, 0x39E8, 0x4229, 0x10C3, 0x0001, 0x0001, 0x0001, 0x0001, 0xCE38, 0xCE38, 0xCE38, 0xCE38,
0xCE38, 0xCE18, 0xCDF7, 0xBD54, 0x9C51, 0x83CF, 0x7BAF, 0x73AF, 0x73AE, 0x73AF, 0x73AF, 0x73AF,
0x7BEF, 0x7BF0, 0x8410, 0x83F0, 0x7BCF, 0x7BCF, 0x7C10, 0x8C51, 0x9492, 0x9CD3, 0xA514, 0xA513,
0xA4F3, 0x9CB2, 0x8410, 0x7BCF, 0x7BCF, 0x738E, 0x738E, 0x7BAF, 0x7BAF, 0x7BCF, 0x7BCF, 0x7BCF,
0x73AE, 0x7BCF, 0x7BCF, 0x7BCF, 0x7BEF, 0x7BEF, 0x83F0, 0x8430, 0x8C30, 0x83CF, 0x736D, 0x630C,
0x62EB, 0x5ACB, 0x5ACB, 0x5ACB, 0x5AEC, 0x632D, 0x73AF, 0x7BF0, 0x8410, 0x8430, 0x8C51, 0x8C51,
0x8C71, 0x9492, 0x94B2, 0x94B2, 0x9492, 0x9492, 0x9492, 0x9492, 0x9471, 0x9472, 0x9472, 0x9472,
0x8C72, 0x8C51, 0x8C31, 0x8430, 0x8C31, 0x8C51, 0x8C71, 0x8C51, 0x8410, 0x73AE, 0x6B2D, 0x630C,
0x630C, 0x630D, 0x5B0C, 0x5AEC, 0x630D, 0x630D, 0x5AEC, 0x5B0D, 0x632D, 0x632D, 0x5AEC, 0x5B0C,
0x6B4E, 0x6B6E, 0x630C, 0x6B4D, 0x6B2D, 0x5ACB, 0x5AEC, 0x6B8E, 0x738E, 0x630C, 0x632D, 0x5AEC,
0x52CC, 0x5ACC, 0x5AEC, 0x5AEB, 0x630C, 0x630C, 0x528A, 0x528A, 0x52AB, 0x52CB, 0x52AB, 0x52AB,
0x52AB, 0x528B, 0x5AAB, 0x8C30, 0x7BAE, 0x5269, 0x5ACB, 0x632D, 0x4A6A, 0x31C7, 0x2125, 0x1905,
0x10E5, 0x10E5, 0x3A09, 0x7BF1, 0xB5B7, 0xAD55, 0x4A28, 0x18E4, 0x1905, 0x1905, 0x10E5, 0x10E5,
0x10E4, 0x10E4, 0x10E4, 0x1105, 0x1105, 0x10E5, 0x10E5, 0x1105, 0x10E5, 0x10E4, 0x1105, 0x1905,
0x1925, 0x2166, 0x2146, 0x08C3, 0x0082, 0x0062, 0x0022, 0x0042, 0x0063, 0x0883, 0x10C4, 0x10C4,
0x10C4, 0x10C4, 0x10C4, 0x10C4, 0x10C4, 0x10C4, 0x10E4, 0x10E4, 0x10E4, 0x18E5, 0x1905, 0x1905,
0x1905, 0x1905, 0x1925, 0x2125, 0x2146, 0x2146, 0x29A7, 0x29C8, 0x2987, 0x39E8, 0x4229, 0x4A6A,
0x4249, 0x52AA, 0x634D, 0x632C, 0x52CB, 0x632C, 0x6B6D, 0x634D, 0x5B0C, 0x5B0C, 0x632D, 0x632D,
0x630C, 0x630D, 0x6B4D, 0x6B4D, 0x6B6D, 0x6B4D, 0x6B4D, 0x738E, 0x738E, 0x6B4D, 0x736E, 0x73AE,
0x7BAF, 0x6B4D, 0x738E, 0x7BCF, 0x7BEF, 0x7BCF, 0x73AF, 0x8410, 0x8431, 0x8C10, 0x840F, 0x8C10,
0x8C30, 0x9450, 0x8C30, 0x83CF, 0x83CF, 0x7BCF, 0x62EC, 0x4A29, 0x31A7, 0x4A6A, 0x2986, 0x0042,
0x0042, 0x0042, 0x0042, 0x0042, 0x0042, 0x0042, 0x0042, 0x0042, 0x0042, 0x0042, 0x0042, 0x0042,
0x0042, 0x0042, 0x0042, 0x0042, 0x0042, 0x0022, 0x0022, 0x0022, 0x0022, 0x0022, 0x0022, 0x0022,
0x0022, 0x0021, 0x0022, 0x0022, 0x0042, 0x0042, 0x0042, 0x0042, 0x0042, 0x0042, 0x0063, 0x0063,
0x0063, 0x0063, 0x0083, 0x0083, 0x0083, 0x0083, 0x0883, 0x08A4, 0x08C4, 0x08A4, 0x08A4, 0x10C4,
0x10C4, 0x10E4, 0x1925, 0x2166, 0x31E8, 0x4229, 0x4A6A, 0x3A09, 0x3A09, 0x31E8, 0x3A29, 0x424A,
0x4A8A, 0x52CB, 0x5B0C, 0x5AEC, 0x5B0C, 0x5AEC, 0x5AEC, 0x528B, 0x424A, 0x31A7, 0x3A08, 0x0000,
0x0001, 0x0001, 0x0001, 0x0001, 0xCE38, 0xCE38, 0xCE38, 0xCE38, 0xCE38, 0xCE18, 0xC5D7, 0xB534,
0x9C71, 0x83CF, 0x7BAF, 0x73AF, 0x73AE, 0x73AF, 0x73AF, 0x7BAF, 0x7BF0, 0x7BF0, 0x7BEF, 0x7BCF,
0x7BCF, 0x7BF0, 0x8430, 0x8C92, 0x9CD3, 0x9CF4, 0xA4F4, 0xA513, 0xA514, 0xA4D2, 0x8C50, 0x7BCF,
0x7BAF, 0x73AE, 0x7BAF, 0x7BAF, 0x7BCF, 0x83F0, 0x83F0, 0x83F0, 0x8410, 0x8410, 0x8410, 0x7BCF,
0x8410, 0x83F0, 0x8430, 0x8C51, 0x8C30, 0x83CF, 0x7B8E, 0x6B2D, 0x62EC, 0x5ACB, 0x5ACB, 0x5ACB,
0x5ACC, 0x632D, 0x73CF, 0x8410, 0x8430, 0x8430, 0x8C51, 0x8C51, 0x8C71, 0x94B2, 0x94B2, 0x94B2,
0x9492, 0x9492, 0x9492, 0x9472, 0x9471, 0x9472, 0x9472, 0x9472, 0x9472, 0x8C71, 0x8C51, 0x8C51,
0x8C71, 0x8C71, 0x8C71, 0x8430, 0x8430, 0x738E, 0x632D, 0x5AEC, 0x630D, 0x630D, 0x5AEC, 0x5AEC,
0x630D, 0x630D, 0x5AEC, 0x5B0D, 0x632D, 0x5B0C, 0x5B0C, 0x634E, 0x6B6E, 0x6B2D, 0x630C, 0x632D,
0x5AEC, 0x5ACB, 0x6B8E, 0x8431, 0x632D, 0x632D, 0x5B0C, 0x5AEC, 0x5AEC, 0x5AEC, 0x5AEC, 0x5ACB,
0x6B6E, 0x5AEC, 0x528A, 0x528B, 0x4A8A, 0x52AB, 0x52AB, 0x528A, 0x528B, 0x5ACC, 0x7BCF, 0x738E,
0x528A, 0x62EC, 0x5ACB, 0x4249, 0x39E8, 0x2126, 0x1905, 0x1905, 0x0883, 0x39E9, 0x4A8B, 0x52CC,
0x73AF, 0xA4F3, 0xB575, 0x5ACB, 0x18E4, 0x18E4, 0x10C4, 0x18E5, 0x10E5, 0x10E5, 0x1905, 0x10E4,
0x10E5, 0x10E5, 0x10E5, 0x10E4, 0x10E4, 0x10E4, 0x1905, 0x1925, 0x1925, 0x1905, 0x1105, 0x08A3,
0x0062, 0x0042, 0x0042, 0x08A4, 0x10A4, 0x10C4, 0x08C4, 0x10C4, 0x10C4, 0x10C4, 0x10C4, 0x10C4,
0x10C4, 0x10C4, 0x10E4, 0x10E4, 0x10E4, 0x18E5, 0x1905, 0x1905, 0x1905, 0x1905, 0x1905, 0x1905,
0x2146, 0x2146, 0x2146, 0x2987, 0x29A7, 0x31E8, 0x3A09, 0x39E8, 0x4229, 0x52AB, 0x4A8A, 0x4A8A,
0x52CB, 0x634D, 0x630C, 0x52CB, 0x5AEC, 0x632D, 0x630D, 0x5B0C, 0x5B0C, 0x632D, 0x6B4D, 0x6B2D,
0x6B2D, 0x6B4D, 0x736E, 0x6B4D, 0x6B4D, 0x736E, 0x73AE, 0x738E, 0x6B6D, 0x738E, 0x7BCF, 0x7BCF,
0x738E, 0x7BCF, 0x8410, 0x8C51, 0x8410, 0x83F0, 0x8C10, 0x8C10, 0x8C30, 0x8C0F, 0x8C10, 0x83F0,
0x7BCF, 0x738E, 0x6B4D, 0x4A8A, 0x31A7, 0x39C8, 0x39E8, 0x0042, 0x0042, 0x0042, 0x0042, 0x0042,
0x0042, 0x0042, 0x0042, 0x0042, 0x0042, 0x0042, 0x0042, 0x0042, 0x0042, 0x0042, 0x0042, 0x0042,
0x0042, 0x0022, 0x0022, 0x0022, 0x0022, 0x0022, 0x0022, 0x0022, 0x0021, 0x0021, 0x0022, 0x0022,
0x0042, 0x0042, 0x0042, 0x0042, 0x0042, 0x0042, 0x0063, 0x0063, 0x0063, 0x0062, 0x0063, 0x0083,
0x0083, 0x0083, 0x0883, 0x0883, 0x08A3, 0x08A4, 0x10C4, 0x10E5, 0x1925, 0x1905, 0x1925, 0x2145,
0x2166, 0x2967, 0x3187, 0x3A09, 0x4A6A, 0x4AAB, 0x52EC, 0x4AAB, 0x4A8A, 0x4A6A, 0x4A6A, 0x4A8A,
0x52AB, 0x52AB, 0x52CB, 0x4A6A, 0x4A4A, 0x4209, 0x18E4, 0x0021, 0x0001, 0x0001, 0x0001, 0x0001,
0xCE38, 0xCE38, 0xCE58, 0xCE58, 0xCE58, 0xCE18, 0xC5D6, 0xAD13, 0x8C0F, 0x7BAE, 0x7BAF, 0x7BAF,
0x73AE, 0x73AF, 0x73AF, 0x7BAF, 0x7BAF, 0x7BAF, 0x7BAF, 0x7BCF, 0x7BEF, 0x8431, 0x8C51, 0x94B3,
0x9CF4, 0xA4F4, 0xA514, 0xA4F3, 0xA514, 0x9CB2, 0x9451, 0x8410, 0x83EF, 0x840F, 0x83EF, 0x7BCF,
0x83F0, 0x8C31, 0x8C31, 0x8C31, 0x8C51, 0x8C51, 0x8C30, 0x8410, 0x8430, 0x8410, 0x8410, 0x8C51,
0x8C30, 0x8410, 0x738E, 0x632C, 0x632C, 0x5AEC, 0x5ACB, 0x5AEB, 0x5AEC, 0x6B6E, 0x7BD0, 0x8410,
0x8430, 0x8C31, 0x8C71, 0x9492, 0x94B2, 0x94B2, 0x9492, 0x9492, 0x94B2, 0x94B2, 0x94B2, 0x9492,
0x9492, 0x9492, 0x9492, 0x8C71, 0x9492, 0x9492, 0x9492, 0x9492, 0x9492, 0x8C71, 0x8C51, 0x8430,
0x83EF, 0x736D, 0x630C, 0x5B0C, 0x5B0C, 0x5B0C, 0x5AEC, 0x5AEC, 0x630D, 0x5B0C, 0x5AEC, 0x630D,
0x5AEC, 0x5AEC, 0x6B4E, 0x6B6E, 0x6B4D, 0x630D, 0x6B4D, 0x630C, 0x5ACB, 0x52CB, 0x73AF, 0x634D,
0x5AEC, 0x630C, 0x5B0C, 0x5AEC, 0x5AEC, 0x5AEC, 0x5ACB, 0x630C, 0x5B0C, 0x4A6A, 0x4A6A, 0x4A6A,
0x528A, 0x52AB, 0x4A6A, 0x4A4A, 0x528B, 0x8C31, 0x7BCF, 0x528A, 0x5B0C, 0x528B, 0x4249, 0x4249,
0x2987, 0x1926, 0x10E5, 0x10C4, 0x29A7, 0x4A8B, 0x424A, 0x4A6A, 0x52AC, 0x5ACC, 0x9CD4, 0xB5B7,
0x7BAE, 0x3185, 0x20E4, 0x18E5, 0x18E5, 0x18E5, 0x10E4, 0x10E4, 0x10E5, 0x10C4, 0x10E5, 0x1105,
0x1905, 0x1905, 0x2146, 0x1105, 0x1925, 0x1925, 0x08C3, 0x0062, 0x0062, 0x0062, 0x08C4, 0x08C4,
0x08C4, 0x08C4, 0x08C4, 0x10C4, 0x10C4, 0x10C4, 0x10C4, 0x10C4, 0x10C4, 0x10C4, 0x10C4, 0x10C4,
0x18E5, 0x10E4, 0x10C4, 0x1905, 0x1905, 0x1925, 0x1905, 0x1925, 0x1925, 0x1925, 0x1925, 0x2166,
0x2166, 0x29A7, 0x2987, 0x31A7, 0x3A09, 0x39C8, 0x3A08, 0x4A8A, 0x52CB, 0x52CB, 0x52AB, 0x5AEC,
0x630D, 0x630D, 0x5ACC, 0x5B0C, 0x632D, 0x632D, 0x632D, 0x6B2D, 0x6B4D, 0x6B4D, 0x6B4D, 0x6B4D,
0x738E, 0x738E, 0x6B6D, 0x6B4D, 0x7BAF, 0x7BCF, 0x7BCF, 0x73AE, 0x8410, 0x8C51, 0x8C31, 0x83CF,
0x8C30, 0x9471, 0x8C30, 0x8C10, 0x83EF, 0x9451, 0x8C30, 0x83EF, 0x738E, 0x7BF0, 0x7BF0, 0x5AEC,
0x4209, 0x31C8, 0x422A, 0x0062, 0x0042, 0x0042, 0x0042, 0x0042, 0x0042, 0x0042, 0x0042, 0x0042,
0x0042, 0x0042, 0x0042, 0x0042, 0x0042, 0x0042, 0x0042, 0x0042, 0x0042, 0x0042, 0x0042, 0x0042,
0x0022, 0x0022, 0x0021, 0x0022, 0x0022, 0x0022, 0x0022, 0x0022, 0x0042, 0x0042, 0x0042, 0x0042,
0x0062, 0x0062, 0x0042, 0x0042, 0x0063, 0x0063, 0x0062, 0x0083, 0x0883, 0x0083, 0x0883, 0x0883,
0x08A3, 0x10C4, 0x10C4, 0x10C4, 0x10E4, 0x10E4, 0x10C4, 0x1905, 0x2145, 0x4229, 0x4A6A, 0x4A6A,
0x424A, 0x3A09, 0x3A09, 0x3A09, 0x3A29, 0x4229, 0x4A8B, 0x52CC, 0x5ACC, 0x5ACC, 0x4A8A, 0x424A,
0x31A7, 0x4209, 0x0842, 0x0001, 0x0001, 0x0001, 0x0001, 0x0001, 0xCE38, 0xCE38, 0xCE58, 0xCE58,
0xCE58, 0xCE38, 0xC5D6, 0xA4D2, 0x8C0F, 0x7BAF, 0x7BCF, 0x7BAF, 0x73AE, 0x73AF, 0x7BAF, 0x7BAF,
0x7BCF, 0x7BCF, 0x7BCF, 0x7BEF, 0x8410, 0x8431, 0x8C92, 0x9CD3, 0xA4F4, 0xA514, 0xA514, 0xA514,
0xA4F3, 0x9CB2, 0x9471, 0x9471, 0x8C51, 0x8C50, 0x8410, 0x8410, 0x8C31, 0x8C51, 0x8C51, 0x8C51,
0x8C51, 0x8C30, 0x8430, 0x8C30, 0x8C51, 0x8C30, 0x7BF0, 0x83F0, 0x83F0, 0x7BCF, 0x738E, 0x630C,
0x5AEB, 0x5AEB, 0x5AEB, 0x5AEB, 0x632C, 0x73AF, 0x7C10, 0x8410, 0x8C31, 0x8C31, 0x8C71, 0x94B2,
0x94B2, 0x94B2, 0x9492, 0x94B2, 0x94B2, 0x94B2, 0x9492, 0x9492, 0x9492, 0x8C71, 0x8C71, 0x8C71,
0x9492, 0x9492, 0x9492, 0x9492, 0x9492, 0x8C72, 0x8C51, 0x8430, 0x83EF, 0x6B4D, 0x630C, 0x5B0D,
0x5B0C, 0x5AEC, 0x5AEC, 0x5B0C, 0x630D, 0x5B0C, 0x630D, 0x5B0C, 0x5AEC, 0x630D, 0x632D, 0x6B4E,
0x6B4D, 0x632D, 0x632D, 0x5ACB, 0x5ACB, 0x6B4D, 0x6B4D, 0x5AEB, 0x630C, 0x5AEC, 0x5B0C, 0x5AEB,
0x5ACB, 0x52CB, 0x5ACB, 0x630C, 0x528B, 0x4A6A, 0x4A8A, 0x52CB, 0x52AA, 0x4A8A, 0x4A6A, 0x528A,
0x8C51, 0x8430, 0x5AAB, 0x5AEC, 0x4A8B, 0x4229, 0x3A29, 0x2986, 0x29A7, 0x2146, 0x1905, 0x1926,
0x3A09, 0x3A09, 0x4229, 0x4A6A, 0x4A8B, 0x52CC, 0x52CC, 0x8451, 0xBD95, 0x9C91, 0x2904, 0x18C4,
0x18C5, 0x18E5, 0x10E4, 0x1905, 0x10E4, 0x10E4, 0x10E4, 0x1905, 0x1945, 0x2146, 0x1925, 0x2987,
0x1945, 0x08C3, 0x08A3, 0x0883, 0x08A3, 0x08A4, 0x08A4, 0x08A4, 0x08C4, 0x08C4, 0x08C4, 0x10C4,
0x10C4, 0x10C4, 0x10C4, 0x10C4, 0x10C4, 0x10C4, 0x10C4, 0x10E4, 0x10E4, 0x10C4, 0x10E4, 0x1905,
0x1905, 0x10E4, 0x1905, 0x1905, 0x1905, 0x1905, 0x2146, 0x2146, 0x2126, 0x2187, 0x29A7, 0x2987,
0x31A7, 0x31C8, 0x3A09, 0x4A8A, 0x4249, 0x4249, 0x5AEC, 0x5AEC, 0x5ACC, 0x52AB, 0x5B0C, 0x632D,
0x630D, 0x5AEC, 0x630C, 0x6B2D, 0x6B4D, 0x6B2D, 0x6B4D, 0x738E, 0x736E, 0x6B4D, 0x736E, 0x7BCF,
0x7BAF, 0x736E, 0x738E, 0x8410, 0x9471, 0x8C30, 0x83CF, 0x9451, 0x9C92, 0x8C30, 0x83EF, 0x8C31,
0x9451, 0x8C31, 0x83EF, 0x7BAE, 0x73AF, 0x7BF0, 0x6B8F, 0x5B0C, 0x4209, 0x3187, 0x4A4A, 0x10C4,
0x0042, 0x0042, 0x0042, 0x0042, 0x0042, 0x0042, 0x0042, 0x0042, 0x0042, 0x0042, 0x0042, 0x0042,
0x0042, 0x0042, 0x0042, 0x0042, 0x0042, 0x0042, 0x0042, 0x0042, 0x0021, 0x0021, 0x0021, 0x0021,
0x0021, 0x0022, 0x0022, 0x0022, 0x0042, 0x0042, 0x0042, 0x0042, 0x0042, 0x0062, 0x0042, 0x0042,
0x0043, 0x0063, 0x0063, 0x0883, 0x0083, 0x0883, 0x0883, 0x0883, 0x08A3, 0x10C4, 0x10A4, 0x08A4,
0x10E4, 0x1904, 0x1905, 0x1925, 0x1925, 0x29A7, 0x2966, 0x2966, 0x39E8, 0x424A, 0x4A8A, 0x4A8A,
0x4A8B, 0x4A8A, 0x4A8B, 0x52AB, 0x52CB, 0x52AB, 0x4A8B, 0x4229, 0x39E8, 0x39E8, 0x0001, 0x0001,
0x0000, 0x0000, 0x0001, 0x0001, 0xCE38, 0xCE38, 0xCE58, 0xCE58, 0xCE38, 0xC5F7, 0xC5B5, 0xA4B1,
0x7BAE, 0x7BAF, 0x7BCF, 0x7BAF, 0x73AF, 0x73AF, 0x73AF, 0x7BAF, 0x7BCF, 0x7BCF, 0x7BCF, 0x7BCF,
0x8410, 0x8431, 0x8C92, 0x94B3, 0xA4F4, 0xAD14, 0xAD34, 0xA514, 0x9CD3, 0x9C92, 0x9471, 0x8C51,
0x8C51, 0x8C71, 0x8C50, 0x8C31, 0x8C51, 0x8C51, 0x8C71, 0x8C51, 0x8C30, 0x8430, 0x8430, 0x8C30,
0x8C31, 0x8430, 0x83F0, 0x7BCF, 0x7BCF, 0x738E, 0x6B2D, 0x528A, 0x52AB, 0x5AEB, 0x5AEB, 0x5B0C,
0x6B6E, 0x7BF0, 0x7C10, 0x8410, 0x8C31, 0x8C51, 0x8C71, 0x9492, 0x94B2, 0x94B2, 0x9492, 0x94B2,
0x9CD3, 0x9492, 0x8C71, 0x9492, 0x9472, 0x8C71, 0x8C71, 0x8C71, 0x8C71, 0x9492, 0x9492, 0x8C71,
0x8C71, 0x8C71, 0x8C51, 0x8410, 0x738E, 0x630C, 0x630D, 0x630D, 0x5B0C, 0x5AEC, 0x5AEC, 0x5B0C,
0x630C, 0x630D, 0x632D, 0x5B0C, 0x630C, 0x632D, 0x5AEC, 0x6B6E, 0x6B4D, 0x632D, 0x5AEC, 0x5ACB,
0x5ACB, 0x630C, 0x52CB, 0x5AEB, 0x630C, 0x5AEC, 0x5AEC, 0x5ACB, 0x52CB, 0x52CB, 0x5AEC, 0x528A,
0x526A, 0x528A, 0x4A8A, 0x52AB, 0x4249, 0x528A, 0x4A6A, 0x7BCF, 0x94B3, 0x62EB, 0x62EC, 0x4A6A,
0x4249, 0x4229, 0x31C7, 0x31C7, 0x31C8, 0x2166, 0x10E4, 0x31C8, 0x4A6A, 0x4229, 0x4249, 0x424A,
0x426A, 0x52AB, 0x52AB, 0x52CB, 0x6B4D, 0xBDB6, 0x9492, 0x4A49, 0x20E4, 0x18E5, 0x10E4, 0x08C4,
0x10C4, 0x10E4, 0x10E4, 0x1925, 0x1925, 0x29C7, 0x31C8, 0x2166, 0x1104, 0x0883, 0x08C4, 0x10C4,
0x10C4, 0x10C4, 0x08A4, 0x08A4, 0x08A4, 0x08C4, 0x08C4, 0x10C4, 0x10C4, 0x10C4, 0x10C4, 0x10C4,
0x10C4, 0x10C4, 0x10C4, 0x10C4, 0x10C4, 0x10C4, 0x1905, 0x1905, 0x10E4, 0x1905, 0x1905, 0x1925,
0x1925, 0x2126, 0x2125, 0x1926, 0x1925, 0x2166, 0x2166, 0x2167, 0x2987, 0x31C8, 0x3A09, 0x39E8,
0x4249, 0x4A8A, 0x52AB, 0x4A8B, 0x4A8A, 0x5AEC, 0x630D, 0x5AEC, 0x52AB, 0x632D, 0x6B4D, 0x634D,
0x630C, 0x6B4D, 0x738E, 0x738E, 0x6B4D, 0x736E, 0x7BAF, 0x7BAF, 0x736E, 0x73AE, 0x8410, 0x8C51,
0x840F, 0x83EF, 0x9471, 0x9C92, 0x8C30, 0x7BEF, 0x9471, 0x9471, 0x8C31, 0x83EF, 0x83EF, 0x8410,
0x7BCF, 0x6B6E, 0x6B8F, 0x6B8F, 0x4A49, 0x3187, 0x424A, 0x31A7, 0x0021, 0x0042, 0x0042, 0x0042,
0x0042, 0x0042, 0x0042, 0x0042, 0x0042, 0x0042, 0x0042, 0x0042, 0x0042, 0x0042, 0x0042, 0x0042,
0x0042, 0x0042, 0x0042, 0x0042, 0x0021, 0x0021, 0x0021, 0x0021, 0x0021, 0x0022, 0x0022, 0x0022,
0x0042, 0x0042, 0x0042, 0x0042, 0x0042, 0x0042, 0x0062, 0x0042, 0x0042, 0x0043, 0x0063, 0x10C4,
0x0883, 0x0883, 0x0883, 0x0883, 0x0883, 0x08A3, 0x10C4, 0x08C4, 0x10E4, 0x10C4, 0x10C4, 0x10C4,
0x1904, 0x2166, 0x39E8, 0x3A29, 0x4A6A, 0x4A8A, 0x4249, 0x3A09, 0x3A08, 0x4229, 0x4249, 0x4A8B,
0x52AB, 0x4A8B, 0x4A8B, 0x4229, 0x422A, 0x10C4, 0x0001, 0x0001, 0x0001, 0x0001, 0x0001, 0x0001,
0xCE38, 0xCE38, 0xCE58, 0xCE38, 0xD638, 0xCE17, 0xBD54, 0x9450, 0x7BAF, 0x7BAF, 0x7BAF, 0x73AF,
0x73AF, 0x73AF, 0x73CF, 0x7BEF, 0x7BCF, 0x7BAF, 0x7BAF, 0x7BCF, 0x7C10, 0x8C51, 0x9492, 0x9CD3,
0xA4F4, 0xAD14, 0xAD34, 0xAD13, 0x9CD3, 0x9492, 0x9472, 0x8C71, 0x8C71, 0x8C71, 0x8C72, 0x8C51,
0x8C31, 0x8C51, 0x8C51, 0x8C51, 0x8430, 0x8431, 0x8430, 0x8C51, 0x8430, 0x83F0, 0x8410, 0x83EF,
0x738E, 0x6B2D, 0x52AA, 0x528A, 0x5AEC, 0x5AEC, 0x5AEC, 0x5B0C, 0x73AF, 0x7C10, 0x8410, 0x8431,
0x8C51, 0x8C71, 0x9492, 0x9493, 0x94B3, 0x9CB3, 0x9CB3, 0x9CB2, 0x9492, 0x8C71, 0x8C71, 0x9492,
0x9492, 0x8C71, 0x8C71, 0x8C51, 0x8C71, 0x8C71, 0x8C72, 0x8C71, 0x8C71, 0x8C30, 0x8C10, 0x7BCF,
0x6B4D, 0x5B0C, 0x5B0C, 0x5B0D, 0x5B0C, 0x5AEC, 0x5AEC, 0x5B0C, 0x5AEC, 0x632D, 0x5AEC, 0x5ACC,
0x6B4D, 0x5B0C, 0x5B0C, 0x634D, 0x630C, 0x5AEC, 0x5ACB, 0x5ACB, 0x52CB, 0x528A, 0x52AB, 0x5AEC,
0x52CC, 0x5ACC, 0x52CC, 0x52AB, 0x52AB, 0x6B6D, 0x630C, 0x4A6A, 0x4A6A, 0x52AB, 0x4A8A, 0x4A6A,
0x4A6A, 0x4A69, 0x5ACB, 0x8410, 0x632C, 0x52AB, 0x4A49, 0x4249, 0x422A, 0x3A08, 0x31C7, 0x3A29,
0x2966, 0x10E4, 0x29A7, 0x4A8B, 0x426A, 0x4A6A, 0x4A4A, 0x4249, 0x4249, 0x4249, 0x426A, 0x4A8A,
0x52CB, 0x6B8E, 0x9D14, 0xBDB6, 0x5269, 0x18C3, 0x10C3, 0x08C4, 0x1905, 0x1925, 0x1905, 0x29C7,
0x3208, 0x29A7, 0x1925, 0x1945, 0x1105, 0x10E5, 0x10C4, 0x10A4, 0x08A4, 0x08A4, 0x08A4, 0x0883,
0x08A3, 0x10A3, 0x08A3, 0x10C4, 0x10C4, 0x08C4, 0x08C4, 0x08C4, 0x08C4, 0x10C4, 0x10C4, 0x10C4,
0x10C4, 0x10E5, 0x10E4, 0x10E4, 0x10E5, 0x1905, 0x1905, 0x18E5, 0x1925, 0x1925, 0x1905, 0x1905,
0x1925, 0x2146, 0x2146, 0x2146, 0x2967, 0x2987, 0x2966, 0x31C8, 0x4229, 0x4A4A, 0x3A08, 0x4229,
0x52AB, 0x5B0C, 0x5AEC, 0x52AB, 0x632C, 0x632D, 0x632C, 0x630C, 0x6B4D, 0x736E, 0x736D, 0x6B4D,
0x738E, 0x7BCF, 0x738E, 0x6B4D, 0x7BCF, 0x8C31, 0x8C31, 0x7BCF, 0x8C30, 0x9CB2, 0x9491, 0x840F,
0x8410, 0x9491, 0x9491, 0x840F, 0x7BAF, 0x8C31, 0x8C30, 0x7BCF, 0x736E, 0x6B6E, 0x8411, 0x7BD0,
0x4A8A, 0x3A08, 0x4229, 0x4A6A, 0x0021, 0x0042, 0x0042, 0x0042, 0x0042, 0x0042, 0x0042, 0x0042,
0x0042, 0x0042, 0x0042, 0x0042, 0x0042, 0x0042, 0x0042, 0x0042, 0x0042, 0x0042, 0x0042, 0x0042,
0x0041, 0x0041, 0x0041, 0x0041, 0x0041, 0x0042, 0x0042, 0x0042, 0x0042, 0x0042, 0x0042, 0x0042,
0x0042, 0x0042, 0x0062, 0x0062, 0x0062, 0x0063, 0x0883, 0x08A3, 0x0063, 0x0083, 0x0883, 0x0883,
0x0883, 0x08C3, 0x08C3, 0x08C4, 0x10C4, 0x10C4, 0x10C4, 0x1905, 0x2146, 0x2166, 0x31C8, 0x2987,
0x29A7, 0x31C8, 0x3A08, 0x424A, 0x4A6A, 0x4A8B, 0x52CC, 0x52CB, 0x52AB, 0x4A6B, 0x422A, 0x31E8,
0x424A, 0x0000, 0x0001, 0x0001, 0x0001, 0x0001, 0x0001, 0x0001, 0xCE38, 0xCE38, 0xCE58, 0xCE38,
0xD638, 0xCDF7, 0xBD34, 0x8C10, 0x7BAF, 0x7BCF, 0x7BAF, 0x73AF, 0x73AF, 0x73AF, 0x7BF0, 0x8410,
0x7BCF, 0x7BAF, 0x7BAF, 0x7BCF, 0x7C10, 0x8C51, 0x9492, 0x9CD3, 0xA4F4, 0xA514, 0xA4F3, 0xA4F3,
0x9CB3, 0x9471, 0x8C51, 0x8C71, 0x8C71, 0x8C72, 0x8C72, 0x8C71, 0x8C51, 0x8C71, 0x9471, 0x9471,
0x8C51, 0x8C51, 0x8430, 0x8410, 0x8410, 0x83F0, 0x8410, 0x83CF, 0x738E, 0x632C, 0x52AA, 0x52AB,
0x5B0C, 0x5AEC, 0x5AEC, 0x6B6E, 0x73CF, 0x8410, 0x8410, 0x8430, 0x8C51, 0x8C71, 0x94B2, 0x94B3,
0x9492, 0x9CB3, 0x9CB2, 0x9CB2, 0x94B2, 0x8C71, 0x9471, 0x9492, 0x9492, 0x8C72, 0x8C72, 0x8C72,
0x8C71, 0x8C71, 0x8C72, 0x9472, 0x8C71, 0x8C30, 0x8C30, 0x7BAE, 0x632D, 0x5B0C, 0x5B0C, 0x5AEC,
0x5B0C, 0x5AEC, 0x5AEC, 0x5B0C, 0x630D, 0x634D, 0x5AEC, 0x634D, 0x634D, 0x5AEC, 0x634D, 0x632D,
0x5B0C, 0x62EC, 0x5AEC, 0x5AEC, 0x52CB, 0x52AB, 0x52CB, 0x52AB, 0x52CC, 0x52CC, 0x52CB, 0x52AB,
0x630C, 0x6B6D, 0x4A6A, 0x4A6A, 0x528A, 0x528B, 0x4A6A, 0x4A6A, 0x4A6A, 0x52AA, 0x7BCF, 0x738E,
0x5AEC, 0x4A49, 0x4229, 0x4229, 0x39E8, 0x31A7, 0x39E8, 0x2987, 0x0883, 0x18E4, 0x424A, 0x4A8B,
0x4A8A, 0x4A6A, 0x4A49, 0x4A49, 0x4249, 0x4249, 0x4249, 0x4249, 0x4AAB, 0x4A8B, 0x5B0C, 0xB575,
0xBDB6, 0x7BAE, 0x2945, 0x10C4, 0x1925, 0x2145, 0x31C7, 0x29C7, 0x3208, 0x29A7, 0x2186, 0x2186,
0x10E4, 0x10C4, 0x10C4, 0x10C4, 0x08A3, 0x0883, 0x0883, 0x08A3, 0x08A3, 0x08A3, 0x08A3, 0x08C4,
0x08C4, 0x08C4, 0x08C4, 0x08C4, 0x08C4, 0x10C4, 0x10C4, 0x10C4, 0x10C4, 0x10C4, 0x10A4, 0x10E4,
0x1905, 0x10E4, 0x10E4, 0x1905, 0x1905, 0x1905, 0x1905, 0x1925, 0x1905, 0x1925, 0x2146, 0x2146,
0x2166, 0x2146, 0x2166, 0x31C8, 0x29A7, 0x39E8, 0x3A09, 0x426A, 0x4A8A, 0x4A8A, 0x52AB, 0x632D,
0x632D, 0x5AEC, 0x630C, 0x6B6D, 0x738E, 0x6B6D, 0x630C, 0x73AF, 0x7BCF, 0x738E, 0x6B4D, 0x8410,
0x8C51, 0x83F0, 0x7B8E, 0x8C50, 0x9C92, 0x8C51, 0x7BEF, 0x8C50, 0x94B2, 0x9471, 0x7BEF, 0x83EF,
0x8C51, 0x8C51, 0x83CF, 0x738E, 0x738E, 0x6B6E, 0x73AF, 0x6B6E, 0x5AEC, 0x4209, 0x39C8, 0x52AB,
0x10A3, 0x0042, 0x0042, 0x0042, 0x0042, 0x0042, 0x0042, 0x0042, 0x0042, 0x0042, 0x0041, 0x0041,
0x0042, 0x0042, 0x0042, 0x0042, 0x0042, 0x0042, 0x0042, 0x0042, 0x0041, 0x0041, 0x0041, 0x0041,
0x0041, 0x0042, 0x0042, 0x0042, 0x0042, 0x0042, 0x0042, 0x0042, 0x0042, 0x0042, 0x0062, 0x0062,
0x0062, 0x0042, 0x0062, 0x0083, 0x0083, 0x0883, 0x0883, 0x0883, 0x08C4, 0x08C4, 0x08C3, 0x08C4,
0x10C4, 0x10C4, 0x10C4, 0x10E4, 0x1905, 0x2146, 0x2986, 0x31E8, 0x4229, 0x424A, 0x4249, 0x424A,
0x4249, 0x4A6A, 0x4A8A, 0x52AB, 0x52CC, 0x52CC, 0x424A, 0x422A, 0x1905, 0x0001, 0x0001, 0x0001,
0x0001, 0x0001, 0x0001, 0x0001, 0xCE38, 0xCE39, 0xCE58, 0xD659, 0xCE38, 0xC5B6, 0xACD2, 0x8BEF,
0x7BAF, 0x7BAF, 0x73AF, 0x73AF, 0x73AF, 0x73CF, 0x8430, 0x8C51, 0x8410, 0x738E, 0x73AF, 0x7BEF,
0x8430, 0x8C72, 0x9492, 0x9CF3, 0xA514, 0xA514, 0xA4F3, 0x9CD2, 0x9492, 0x8C51, 0x8C51, 0x8C51,
0x8C51, 0x8C51, 0x8C51, 0x8C51, 0x9492, 0x9492, 0x9471, 0x8C71, 0x8C51, 0x8C51, 0x8410, 0x8410,
0x7BF0, 0x7BCF, 0x83EF, 0x7BCF, 0x736E, 0x6B2D, 0x52AA, 0x4A6A, 0x52CB, 0x5AEC, 0x630D, 0x738E,
0x7BEF, 0x8410, 0x8430, 0x8410, 0x8C51, 0x9492, 0x94B2, 0x94B2, 0x9492, 0x9492, 0x9492, 0x94B2,
0x9492, 0x9472, 0x9471, 0x9492, 0x9492, 0x8C72, 0x8C72, 0x9492, 0x8C71, 0x8C72, 0x9472, 0x9471,
0x8C51, 0x8C30, 0x7BCF, 0x6B4D, 0x5B0C, 0x5B0C, 0x5B0C, 0x5AEC, 0x5B0C, 0x5AEC, 0x5AEC, 0x5B0C,
0x630D, 0x630D, 0x630D, 0x6B4E, 0x5B0C, 0x5B2C, 0x634D, 0x5ACB, 0x5AEC, 0x5AEC, 0x5AEC, 0x5ACC,
0x52CB, 0x5ACC, 0x52AB, 0x52AB, 0x52AB, 0x52AB, 0x52AB, 0x5ACB, 0x6B4D, 0x52AB, 0x4A8B, 0x5AEC,
0x528A, 0x4A6A, 0x4A6A, 0x4A6A, 0x528A, 0x7C10, 0x73AF, 0x528A, 0x4A49, 0x4A49, 0x4A6A, 0x3A08,
0x31C8, 0x3A09, 0x31A7, 0x0883, 0x08A4, 0x426A, 0x4A8B, 0x4A8B, 0x528A, 0x4A6A, 0x4A4A, 0x4A4A,
0x4A6A, 0x4249, 0x4249, 0x4229, 0x4A8A, 0x4A6A, 0x52AB, 0x5AEC, 0x7C10, 0xB575, 0x8C71, 0x2946,
0x2986, 0x4249, 0x4229, 0x3A09, 0x3A29, 0x31C8, 0x2186, 0x10C4, 0x10C4, 0x10C4, 0x10A4, 0x08A3,
0x0883, 0x0883, 0x0083, 0x0883, 0x0883, 0x08A3, 0x08A4, 0x10C4, 0x08C4, 0x08C4, 0x08C4, 0x08C4,
0x08C4, 0x10C4, 0x10C4, 0x10C4, 0x10C4, 0x10C4, 0x10E4, 0x10E4, 0x10C4, 0x10E4, 0x1905, 0x1905,
0x10E4, 0x1905, 0x1925, 0x1905, 0x1905, 0x2146, 0x1925, 0x1925, 0x2146, 0x2166, 0x2987, 0x2967,
0x2966, 0x29A7, 0x3A08, 0x4249, 0x4229, 0x4A6A, 0x52AB, 0x5AEC, 0x5ACB, 0x5ACB, 0x6B4D, 0x6B6D,
0x6B4D, 0x6B2D, 0x736E, 0x7BCF, 0x738E, 0x6B6D, 0x83EF, 0x8410, 0x7BCF, 0x7B8E, 0x8C51, 0x9492,
0x8C30, 0x7BCE, 0x8C51, 0x9CD2, 0x8C50, 0x7BCE, 0x840F, 0x8C51, 0x8410, 0x7BAF, 0x7BCF, 0x8410,
0x7BF0, 0x6B4E, 0x632D, 0x738F, 0x6B6E, 0x4229, 0x2986, 0x5ACC, 0x2966, 0x0042, 0x0042, 0x0042,
0x0042, 0x0042, 0x0042, 0x0042, 0x0042, 0x0042, 0x0042, 0x0042, 0x0042, 0x0042, 0x0042, 0x0042,
0x0042, 0x0042, 0x0042, 0x0042, 0x0041, 0x0041, 0x0041, 0x0041, 0x0041, 0x0041, 0x0022, 0x0062,
0x0042, 0x0042, 0x0022, 0x0042, 0x0042, 0x0042, 0x0042, 0x0042, 0x0062, 0x0062, 0x0062, 0x0083,
0x0063, 0x0083, 0x0883, 0x08A3, 0x08C4, 0x08A3, 0x08A3, 0x08C3, 0x08C4, 0x10C4, 0x10C4, 0x10E4,
0x2126, 0x2987, 0x31C8, 0x31E8, 0x31C7, 0x31A7, 0x31C7, 0x39E8, 0x4229, 0x4A8B, 0x52AB, 0x52AB,
0x4A4A, 0x4A4A, 0x31C8, 0x424A, 0x0042, 0x0001, 0x0001, 0x0001, 0x0001, 0x0001, 0x0001, 0x0001,
0xCE39, 0xCE39, 0xCE59, 0xD659, 0xCE18, 0xC596, 0xA491, 0x83CF, 0x73AF, 0x738E, 0x73AF, 0x73AF,
0x73AF, 0x73CF, 0x8C72, 0x9471, 0x840F, 0x736E, 0x738E, 0x7BEF, 0x8431, 0x9492, 0x94B2, 0x9D14,
0xA534, 0xA514, 0xA4D3, 0x9491, 0x9451, 0x8C30, 0x8430, 0x8431, 0x8C31, 0x8C31, 0x8C31, 0x8C51,
0x9472, 0x8C71, 0x8C71, 0x8C71, 0x8C51, 0x8431, 0x8410, 0x7BF0, 0x7BF0, 0x7BCF, 0x7BCF, 0x7BAE,
0x6B6D, 0x632C, 0x52AA, 0x4A6A, 0x52AB, 0x5AEC, 0x632D, 0x73AE, 0x7C0F, 0x8410, 0x8430, 0x8430,
0x8C51, 0x9472, 0x9492, 0x94B2, 0x9492, 0x9CB2, 0x9CB2, 0x94B2, 0x9492, 0x9492, 0x9471, 0x9492,
0x9492, 0x9492, 0x8C71, 0x8C71, 0x8C71, 0x9492, 0x9471, 0x9471, 0x8C51, 0x8410, 0x738E, 0x630C,
0x5AEC, 0x5B0C, 0x5AEC, 0x5AEC, 0x5B0C, 0x5AEC, 0x5AEC, 0x630D, 0x630D, 0x5AEC, 0x632D, 0x5B0C,
0x5AEC, 0x6B6E, 0x632D, 0x5ACB, 0x5AEC, 0x5AEC, 0x5ACC, 0x52AB, 0x5ACC, 0x52AB, 0x52AB, 0x52AB,
0x5AAB, 0x528B, 0x528B, 0x7BCF, 0x73AE, 0x528A, 0x52AB, 0x52AB, 0x4A6A, 0x4A6A, 0x4A6A, 0x4A6A,
0x6B8E, 0x8C92, 0x5AEC, 0x4A6A, 0x4A6A, 0x424A, 0x3A08, 0x4229, 0x4A4A, 0x2146, 0x10A4, 0x0884,
0x3A09, 0x4A8B, 0x4A6A, 0x528B, 0x528A, 0x528A, 0x528A, 0x4A6A, 0x4A6A, 0x4A6A, 0x424A, 0x4249,
0x4249, 0x4229, 0x4A8A, 0x4AAB, 0x4AAB, 0x73CF, 0xB596, 0x9CF4, 0x5ACB, 0x4228, 0x4249, 0x52AB,
0x424A, 0x2126, 0x10E4, 0x10E4, 0x10E4, 0x10A3, 0x0883, 0x0883, 0x0063, 0x0063, 0x0083, 0x0083,
0x0083, 0x08A3, 0x10E4, 0x10E4, 0x10E4, 0x08C4, 0x10C4, 0x08C4, 0x08A3, 0x10C4, 0x10C4, 0x10C4,
0x10C4, 0x10E4, 0x10E4, 0x10E4, 0x10E4, 0x1925, 0x1905, 0x10E4, 0x10E4, 0x1905, 0x1905, 0x1905,
0x1905, 0x1925, 0x1925, 0x1905, 0x2146, 0x2146, 0x2146, 0x2146, 0x2987, 0x31A7, 0x2987, 0x3A08,
0x4229, 0x4A6A, 0x52AB, 0x528A, 0x52AB, 0x630C, 0x738E, 0x630C, 0x632C, 0x7BCF, 0x7BCF, 0x632C,
0x738E, 0x8410, 0x8410, 0x736E, 0x7BCF, 0x9492, 0x9492, 0x7BAF, 0x83EF, 0x9492, 0x9471, 0x840F,
0x7BCE, 0x8C50, 0x9471, 0x83EF, 0x7BAE, 0x7BCF, 0x8410, 0x83EF, 0x6B6E, 0x632D, 0x6B8E, 0x7C10,
0x6B8E, 0x4249, 0x31C7, 0x4A6A, 0x3A08, 0x0042, 0x0042, 0x0042, 0x0042, 0x0042, 0x0042, 0x0042,
0x0042, 0x0042, 0x0042, 0x0042, 0x0042, 0x0042, 0x0042, 0x0042, 0x0042, 0x0042, 0x0042, 0x0062,
0x0042, 0x0041, 0x0041, 0x0041, 0x0041, 0x0041, 0x0042, 0x0042, 0x0022, 0x0022, 0x0022, 0x0042,
0x0042, 0x0042, 0x0042, 0x0042, 0x0042, 0x0062, 0x0062, 0x0063, 0x0063, 0x0883, 0x0083, 0x0883,
0x0083, 0x0883, 0x08A3, 0x08C3, 0x08C4, 0x08C4, 0x08C4, 0x10E4, 0x18E5, 0x1925, 0x1926, 0x2987,
0x31E8, 0x424A, 0x4A6A, 0x4A8A, 0x4A8B, 0x52AB, 0x52CB, 0x52CC, 0x4A8B, 0x4229, 0x39E9, 0x31C8,
0x0001, 0x0001, 0x0001, 0x0001, 0x0001, 0x0001, 0x0001, 0x0001, 0xCE39, 0xCE39, 0xCE59, 0xD659,
0xCE18, 0xC595, 0xA491, 0x83EF, 0x73AF, 0x73AF, 0x73AF, 0x73AF, 0x73AF, 0x73CF, 0x8431, 0x8C51,
0x7BCF, 0x738E, 0x738E, 0x73F0, 0x8431, 0x9492, 0x9CB2, 0x9CD3, 0xA4F4, 0x9CF3, 0x9CD2, 0x9471,
0x8C10, 0x8430, 0x8430, 0x8430, 0x8C31, 0x8C31, 0x8C31, 0x8430, 0x8C31, 0x8C30, 0x8C51, 0x8C51,
0x8C31, 0x8431, 0x8431, 0x8410, 0x8410, 0x7BEF, 0x7BCF, 0x738E, 0x6B4D, 0x630C, 0x5ACB, 0x528A,
0x52AB, 0x5ACB, 0x6B4E, 0x7BCF, 0x7BEF, 0x8410, 0x8430, 0x8C51, 0x8C51, 0x9492, 0x9492, 0x9492,
0x94B2, 0x9CB2, 0x94B2, 0x9492, 0x9492, 0x8C71, 0x8C71, 0x9492, 0x8C51, 0x8C71, 0x8C71, 0x8C51,
0x8C71, 0x9492, 0x9491, 0x9471, 0x8C31, 0x83F0, 0x6B4D, 0x630C, 0x5AEC, 0x5AEC, 0x5AEC, 0x630D,
0x5AEC, 0x5AEC, 0x5B0D, 0x630D, 0x5AEC, 0x632D, 0x634D, 0x5AEB, 0x632C, 0x6B6D, 0x5AEC, 0x5ACB,
0x5AEC, 0x5AEC, 0x5ACC, 0x5ACC, 0x5ACC, 0x5AEC, 0x5ACC, 0x52AB, 0x5AAB, 0x5AEC, 0x5ACC, 0x632C,
0x528A, 0x5B0C, 0x52AB, 0x4A6A, 0x4A6A, 0x4A6A, 0x4A6A, 0x632D, 0x8C92, 0x5AEB, 0x5ACB, 0x52CB,
0x4A6A, 0x3A09, 0x4A8A, 0x52AB, 0x2146, 0x10A4, 0x08A4, 0x2126, 0x426B, 0x4A8B, 0x528A, 0x4A6A,
0x4A6A, 0x528A, 0x528B, 0x528B, 0x4A6A, 0x4A6A, 0x4A6A, 0x424A, 0x4249, 0x4A4A, 0x4A6A, 0x4A8B,
0x4A8B, 0x52AB, 0x73AF, 0xAD55, 0xB575, 0x6B2C, 0x6B4D, 0x4A8A, 0x2125, 0x1905, 0x10E4, 0x10E4,
0x0883, 0x0062, 0x0063, 0x0083, 0x0062, 0x0063, 0x0063, 0x0063, 0x0883, 0x10C4, 0x10C4, 0x08C3,
0x10E4, 0x08C3, 0x08C3, 0x08C3, 0x10C4, 0x10C4, 0x10C4, 0x10C4, 0x10C4, 0x10E4, 0x10C4, 0x10E4,
0x1905, 0x10E4, 0x10C4, 0x10E4, 0x1905, 0x1905, 0x1905, 0x1905, 0x1905, 0x1905, 0x1905, 0x1926,
0x2146, 0x1925, 0x1905, 0x2166, 0x2987, 0x2987, 0x2987, 0x31C7, 0x4229, 0x4A6A, 0x4A6A, 0x4A8A,
0x5AEC, 0x630C, 0x630C, 0x632C, 0x736E, 0x7BAE, 0x6B2C, 0x736D, 0x8430, 0x8410, 0x736E, 0x7BCF,
0x9492, 0x8410, 0x7BAE, 0x83EF, 0x9492, 0x8C51, 0x7BCF, 0x7BEF, 0x8C51, 0x8C50, 0x7BCF, 0x738E,
0x8410, 0x8410, 0x738E, 0x6B6D, 0x6B6D, 0x6B8E, 0x634D, 0x634E, 0x6B8F, 0x5AEC, 0x31A7, 0x31C7,
0x4A6A, 0x0862, 0x0022, 0x0042, 0x0042, 0x0042, 0x0042, 0x0042, 0x0042, 0x0042, 0x0042, 0x0042,
0x0042, 0x0042, 0x0042, 0x0042, 0x0042, 0x0042, 0x0042, 0x0042, 0x0042, 0x0042, 0x0041, 0x0041,
0x0041, 0x0021, 0x0022, 0x0021, 0x0021, 0x0022, 0x0022, 0x0042, 0x0042, 0x0042, 0x0042, 0x0042,
0x0042, 0x0042, 0x0042, 0x0063, 0x0063, 0x0883, 0x0083, 0x0083, 0x0083, 0x08A3, 0x08A3, 0x08C4,
0x08C4, 0x10C4, 0x10C4, 0x10C4, 0x1905, 0x2167, 0x39E9, 0x3A09, 0x4229, 0x3A09, 0x3A08, 0x39E8,
0x4229, 0x52AB, 0x52CB, 0x52AB, 0x52AC, 0x39E8, 0x4A4A, 0x18C4, 0x0001, 0x0001, 0x0001, 0x0001,
0x0001, 0x0001, 0x0001, 0x0001, 0xCE38, 0xCE59, 0xCE59, 0xCE58, 0xCDF7, 0xB533, 0x9430, 0x7BAF,
0x7BAF, 0x73AF, 0x73AF, 0x738E, 0x738E, 0x73CF, 0x7BF0, 0x7BEF, 0x738E, 0x738E, 0x73AF, 0x7BCF,
0x8431, 0x9492, 0x9CD3, 0x9CD3, 0x9CB2, 0x9CB2, 0x9492, 0x8C30, 0x8C30, 0x8430, 0x8410, 0x8430,
0x8C31, 0x8431, 0x8C51, 0x8430, 0x8C30, 0x8C30, 0x8C30, 0x8430, 0x8C51, 0x8C71, 0x8C31, 0x83F0,
0x7BCF, 0x7BCF, 0x7BAF, 0x736E, 0x630C, 0x5AEC, 0x5AEC, 0x630C, 0x5AEC, 0x632D, 0x73AF, 0x7BF0,
0x8410, 0x8410, 0x8430, 0x8C51, 0x8C72, 0x9492, 0x9492, 0x9492, 0x9492, 0x9492, 0x9492, 0x9472,
0x8C72, 0x8C72, 0x8C72, 0x8C71, 0x8C51, 0x8C51, 0x8C51, 0x8C51, 0x8C71, 0x94B2, 0x9491, 0x8C71,
0x8C10, 0x738E, 0x630C, 0x5AEC, 0x5AEC, 0x5AEC, 0x5AEC, 0x5B0C, 0x5B0C, 0x632D, 0x630D, 0x632D,
0x630C, 0x6B4D, 0x5AEC, 0x5AEB, 0x6B6D, 0x5AEC, 0x52CB, 0x5ACC, 0x5AEC, 0x5AEC, 0x5AEC, 0x5AEC,
0x630C, 0x5B0C, 0x52CC, 0x52AB, 0x5AEC, 0x5AEB, 0x634D, 0x5ACB, 0x5AEC, 0x52AB, 0x4A6A, 0x4A6A,
0x4A6A, 0x4A4A, 0x52AB, 0x9492, 0x6B6E, 0x5ACB, 0x632D, 0x4229, 0x4229, 0x52CC, 0x52AB, 0x2966,
0x10E4, 0x10E4, 0x08A4, 0x3A09, 0x52AC, 0x528B, 0x528A, 0x4A8A, 0x4A6A, 0x4A6A, 0x4A6A, 0x4A6A,
0x4A6A, 0x4A6A, 0x4A6A, 0x4A6A, 0x4A6A, 0x4A6A, 0x4A6A, 0x4A6A, 0x4A6A, 0x4A6A, 0x4A6A, 0x632D,
0x9CF3, 0xBDB7, 0x8431, 0x2925, 0x2104, 0x18E4, 0x08A3, 0x0883, 0x0062, 0x0062, 0x0042, 0x0062,
0x0062, 0x0062, 0x0063, 0x0063, 0x0883, 0x08A3, 0x0883, 0x08A3, 0x08C4, 0x08A3, 0x08A3, 0x08C4,
0x10C4, 0x10A4, 0x10A3, 0x10C4, 0x10C4, 0x10C3, 0x10C4, 0x10E4, 0x10E4, 0x10C4, 0x10C4, 0x1105,
0x10E5, 0x10E4, 0x1905, 0x1905, 0x10E4, 0x10E4, 0x1925, 0x1925, 0x1905, 0x1905, 0x2166, 0x2125,
0x2125, 0x2146, 0x2986, 0x31E8, 0x29A7, 0x31E8, 0x426A, 0x4A6A, 0x52AB, 0x528A, 0x630C, 0x6B4D,
0x6B6D, 0x5ACB, 0x736E, 0x83EF, 0x83EF, 0x6B4D, 0x7BCF, 0x8C31, 0x8430, 0x736D, 0x8C10, 0x9CB2,
0x8C30, 0x736D, 0x7BCF, 0x9472, 0x8C51, 0x738E, 0x738E, 0x8430, 0x83EF, 0x736E, 0x6B4D, 0x738E,
0x73AE, 0x6B6E, 0x5B0D, 0x6B6E, 0x8C72, 0x73AF, 0x4209, 0x31A7, 0x52AB, 0x10A3, 0x0041, 0x0021,
0x0042, 0x0042, 0x0042, 0x0042, 0x0042, 0x0042, 0x0042, 0x0042, 0x0042, 0x0042, 0x0042, 0x0042,
0x0042, 0x0042, 0x0042, 0x0042, 0x0042, 0x0042, 0x0042, 0x0022, 0x0022, 0x0021, 0x0022, 0x0022,
0x0022, 0x0042, 0x0042, 0x0042, 0x0042, 0x0042, 0x0042, 0x0042, 0x0042, 0x0063, 0x0063, 0x0063,
0x0063, 0x0863, 0x0883, 0x0883, 0x0883, 0x0883, 0x0083, 0x08A3, 0x08A3, 0x10E4, 0x10E4, 0x10E4,
0x1905, 0x2146, 0x2946, 0x2146, 0x2966, 0x31C7, 0x4209, 0x4A6A, 0x528B, 0x5ACC, 0x52AB, 0x4A8B,
0x4A6A, 0x31A8, 0x4A6A, 0x0001, 0x0001, 0x0001, 0x0001, 0x0001, 0x0001, 0x0001, 0x0001, 0x0001,
0xCE38, 0xCE59, 0xCE59, 0xCE38, 0xC5B6, 0xB513, 0x83CF, 0x7BAF, 0x7BAF, 0x73AF, 0x73AF, 0x738F,
0x736E, 0x73AE, 0x73AF, 0x6B6E, 0x736E, 0x738E, 0x7BCF, 0x7BF0, 0x8431, 0x94B2, 0x9CD3, 0x9CB3,
0x9492, 0x9471, 0x9471, 0x8C51, 0x8C30, 0x8410, 0x8410, 0x8410, 0x8410, 0x8430, 0x8C51, 0x8C71,
0x8C51, 0x8C31, 0x8C30, 0x8430, 0x8C31, 0x8C31, 0x8431, 0x83F0, 0x7BCF, 0x7BCF, 0x7BAF, 0x6B4D,
0x62EC, 0x5ACB, 0x5AEC, 0x630C, 0x630C, 0x6B6E, 0x7BCF, 0x8410, 0x8430, 0x8431, 0x8C51, 0x8C71,
0x9492, 0x9492, 0x9492, 0x9492, 0x9472, 0x8C71, 0x8C71, 0x8C71, 0x8C72, 0x8C72, 0x8C71, 0x8C51,
0x8C51, 0x8C51, 0x8C51, 0x8C51, 0x8C71, 0x8C71, 0x8C71, 0x8C51, 0x83F0, 0x736E, 0x5AEC, 0x5ACC,
0x5AEC, 0x5AEC, 0x5AEC, 0x5AEC, 0x5AEC, 0x630D, 0x6B4D, 0x6B4D, 0x6B2D, 0x632D, 0x52AB, 0x6B4D,
0x6B6D, 0x52CB, 0x5ACC, 0x5ACC, 0x5AEC, 0x5AEC, 0x5AEC, 0x630C, 0x632D, 0x5ACB, 0x52CB, 0x52CB,
0x5AEC, 0x6B6D, 0x5B0C, 0x5AEC, 0x5ACC, 0x4A6A, 0x4A6A, 0x4A6A, 0x4A6A, 0x528B, 0x7BCF, 0x8431,
0x528A, 0x632C, 0x4229, 0x4A4A, 0x632D, 0x52CC, 0x2166, 0x1925, 0x10E4, 0x0883, 0x29A7, 0x528B,
0x52AB, 0x528B, 0x4A6A, 0x4A6A, 0x4A6A, 0x4A6A, 0x4A8A, 0x526B, 0x528B, 0x528B, 0x4A6A, 0x4A6A,
0x526A, 0x528B, 0x4A6A, 0x4A6A, 0x4A6A, 0x4A4A, 0x4A6A, 0x4A8A, 0x632D, 0x8411, 0xBDD7, 0x8C0F,
0x3144, 0x20E4, 0x0863, 0x0062, 0x0062, 0x0062, 0x0042, 0x0062, 0x0062, 0x0042, 0x0063, 0x0863,
0x0863, 0x0063, 0x0883, 0x08A3, 0x08A3, 0x08A3, 0x08C4, 0x08C4, 0x08A3, 0x10A4, 0x10C4, 0x10C4,
0x08A3, 0x10C4, 0x10E4, 0x10C4, 0x08C4, 0x10C4, 0x1105, 0x10E4, 0x10C4, 0x1905, 0x1905, 0x10E4,
0x10E4, 0x1925, 0x1925, 0x1905, 0x1905, 0x2146, 0x2166, 0x1925, 0x1925, 0x2166, 0x2166, 0x2186,
0x29A7, 0x29C7, 0x3A08, 0x3A08, 0x39E8, 0x52AB, 0x5AEC, 0x630C, 0x5ACB, 0x6B8E, 0x7BCF, 0x7BAF,
0x6B4D, 0x8410, 0x8C31, 0x7BEF, 0x6B6D, 0x840F, 0x9492, 0x8410, 0x736D, 0x8C10, 0x9472, 0x83F0,
0x736E, 0x7BCF, 0x8C30, 0x7BEF, 0x6B6D, 0x6B4D, 0x73AE, 0x738E, 0x6B4D, 0x632D, 0x632D, 0x6B6E,
0x73AF, 0x738E, 0x4A4A, 0x39E8, 0x52AB, 0x2986, 0x0021, 0x0042, 0x0042, 0x0042, 0x0042, 0x0042,
0x0042, 0x0042, 0x0042, 0x0042, 0x0042, 0x0042, 0x0042, 0x0042, 0x0042, 0x0042, 0x0042, 0x0042,
0x0042, 0x0042, 0x0042, 0x0022, 0x0022, 0x0021, 0x0022, 0x0022, 0x0022, 0x0022, 0x0022, 0x0042,
0x0042, 0x0042, 0x0042, 0x0042, 0x0042, 0x0063, 0x0063, 0x0863, 0x0883, 0x0863, 0x0883, 0x0883,
0x0883, 0x08A3, 0x08A3, 0x08A4, 0x08A3, 0x10C4, 0x10C4, 0x10C4, 0x10C4, 0x1905, 0x31A7, 0x39E8,
0x424A, 0x424A, 0x424A, 0x4A6A, 0x528B, 0x52CB, 0x52AB, 0x5ACC, 0x422A, 0x4A6B, 0x2946, 0x0001,
0x0001, 0x0001, 0x0001, 0x0001, 0x0001, 0x0001, 0x0001, 0x0001, 0xCE38, 0xCE59, 0xCE59, 0xCE38,
0xC5B6, 0xACD2, 0x83CF, 0x7BAF, 0x7BAF, 0x73AF, 0x738E, 0x6B6E, 0x6B6D, 0x738E, 0x6B4D, 0x6B4D,
0x6B6E, 0x73AF, 0x7BF0, 0x8431, 0x8C52, 0x9CB3, 0x9CD3, 0x9CB2, 0x9492, 0x8C51, 0x8C30, 0x8C30,
0x8C30, 0x8430, 0x8410, 0x83F0, 0x8410, 0x8C31, 0x8C51, 0x8430, 0x8C30, 0x8C30, 0x8C30, 0x8430,
0x8430, 0x8410, 0x8410, 0x7BF0, 0x7BCF, 0x7BCF, 0x738E, 0x632C, 0x5AEC, 0x5AEC, 0x630C, 0x630C,
0x630C, 0x6B6E, 0x7BCF, 0x8410, 0x8430, 0x8C51, 0x8C51, 0x8C72, 0x9492, 0x9492, 0x9472, 0x9472,
0x8C71, 0x8C71, 0x8C71, 0x8C71, 0x8C71, 0x8C71, 0x8C51, 0x8C51, 0x8C51, 0x8C51, 0x8C71, 0x8C71,
0x8C51, 0x8430, 0x8430, 0x8C30, 0x7BCF, 0x6B2D, 0x5ACB, 0x5ACC, 0x5AEC, 0x5AEC, 0x5AEC, 0x5AEC,
0x5B0C, 0x630C, 0x6B2D, 0x6B2D, 0x6B4D, 0x5AEC, 0x5ACB, 0x6B6E, 0x630C, 0x5ACB, 0x5ACC, 0x52CC,
0x52CC, 0x5ACC, 0x5AEC, 0x630C, 0x630C, 0x5ACB, 0x52CB, 0x52CB, 0x5B0C, 0x6B6E, 0x5AEC, 0x5ACB,
0x4A6A, 0x4A6A, 0x4A6A, 0x4A6A, 0x528B, 0x8C31, 0x9CD3, 0x5ACB, 0x5AEC, 0x4A6A, 0x4A29, 0x6B6E,
0x5ACC, 0x2966, 0x1925, 0x1905, 0x0883, 0x18E5, 0x4A6A, 0x52AB, 0x528B, 0x528B, 0x4A8A, 0x528A,
0x528B, 0x4A8A, 0x4A8A, 0x528B, 0x52AB, 0x52AB, 0x52AB, 0x5ACC, 0x52AB, 0x4A8A, 0x52AB, 0x52AA,
0x4A6A, 0x4A4A, 0x4A6A, 0x4A6A, 0x4A8A, 0x4A8B, 0x83F0, 0xC5D7, 0x8BEF, 0x2104, 0x0042, 0x0862,
0x0062, 0x0062, 0x0042, 0x0062, 0x0062, 0x0042, 0x0883, 0x0063, 0x0063, 0x0883, 0x08A3, 0x0883,
0x0883, 0x08A3, 0x08C4, 0x08A3, 0x08A3, 0x10C4, 0x10C4, 0x10A4, 0x10C4, 0x10C4, 0x10C4, 0x08C4,
0x10C4, 0x10E4, 0x10C4, 0x10C4, 0x10E4, 0x10E5, 0x10C4, 0x10C4, 0x1925, 0x1925, 0x10E4, 0x1905,
0x1925, 0x1925, 0x1905, 0x1905, 0x2145, 0x2146, 0x2146, 0x1945, 0x29A7, 0x29A7, 0x29A7, 0x31C7,
0x3A08, 0x528B, 0x4A6A, 0x4A6A, 0x6B2D, 0x738E, 0x6B4D, 0x6B2D, 0x8410, 0x83F0, 0x738E, 0x6B4D,
0x8C51, 0x9492, 0x7BCF, 0x6B4D, 0x8C51, 0x9471, 0x7BAF, 0x6B4D, 0x83EF, 0x8C30, 0x73AE, 0x6B4D,
0x6B6E, 0x73AE, 0x6B6E, 0x632C, 0x630C, 0x634D, 0x632D, 0x5AEC, 0x632D, 0x7BD0, 0x630D, 0x39C8,
0x528B, 0x4A6A, 0x0000, 0x0042, 0x0042, 0x0042, 0x0042, 0x0042, 0x0042, 0x0042, 0x0042, 0x0042,
0x0042, 0x0042, 0x0042, 0x0042, 0x0042, 0x0042, 0x0042, 0x0042, 0x0042, 0x0042, 0x0042, 0x0042,
0x0022, 0x0021, 0x0022, 0x0022, 0x0022, 0x0021, 0x0021, 0x0042, 0x0042, 0x0042, 0x0042, 0x0042,
0x0042, 0x0063, 0x0883, 0x0063, 0x0063, 0x0063, 0x0883, 0x0883, 0x0883, 0x08A3, 0x08C4, 0x0883,
0x08A3, 0x10C4, 0x10C4, 0x10E4, 0x1905, 0x2146, 0x2966, 0x2166, 0x2987, 0x31A7, 0x3A08, 0x4A4A,
0x52CB, 0x52CB, 0x52AB, 0x5ACC, 0x31A8, 0x422A, 0x0022, 0x0001, 0x0001, 0x0001, 0x0001, 0x0001,
0x0001, 0x0001, 0x0001, 0x0001, 0xCE38, 0xCE59, 0xCE58, 0xCE18, 0xBD95, 0xA471, 0x83AE, 0x7BAF,
0x73AF, 0x738E, 0x6B6D, 0x6B6D, 0x6B6D, 0x736E, 0x6B6D, 0x6B4E, 0x6B6E, 0x738F, 0x7BF0, 0x8431,
0x9472, 0x94B2, 0x9492, 0x9CB2, 0x9C92, 0x8C50, 0x8410, 0x8410, 0x8410, 0x8410, 0x8410, 0x8410,
0x8410, 0x8430, 0x8410, 0x8410, 0x8430, 0x8C30, 0x8C30, 0x8430, 0x8410, 0x83F0, 0x83F0, 0x7BCF,
0x7BCF, 0x73AE, 0x6B4D, 0x630C, 0x5ACB, 0x5AEC, 0x630C, 0x630C, 0x632D, 0x738E, 0x7BF0, 0x8410,
0x8430, 0x8C31, 0x8C31, 0x8C51, 0x9472, 0x9472, 0x9472, 0x9472, 0x9472, 0x9472, 0x9472, 0x8C72,
0x8C71, 0x8C51, 0x8C51, 0x8C51, 0x8C51, 0x8C71, 0x8C51, 0x8C51, 0x8C31, 0x8C31, 0x8C51, 0x8C51,
0x73AF, 0x630C, 0x5ACC, 0x5ACC, 0x5AEC, 0x5B0C, 0x5AEC, 0x5B0C, 0x5B0C, 0x632D, 0x6B4D, 0x6B6E,
0x630D, 0x5AAB, 0x630C, 0x6B4D, 0x5AEB, 0x5ACB, 0x52AB, 0x52AB, 0x5ACC, 0x5ACC, 0x5AEC, 0x632D,
0x5B0C, 0x52AB, 0x52AB, 0x52AB, 0x634D, 0x5AEB, 0x5AEC, 0x52AB, 0x4A6A, 0x4A6A, 0x4A6A, 0x4A6A,
0x5ACC, 0x8431, 0x632D, 0x6B4D, 0x6B4D, 0x528A, 0x6B4D, 0x52AB, 0x31A7, 0x2966, 0x10E4, 0x10C4,
0x0883, 0x3A09, 0x4A8A, 0x528A, 0x528B, 0x4A6A, 0x4A6A, 0x528B, 0x528B, 0x528B, 0x528B, 0x528B,
0x528B, 0x52AB, 0x52AB, 0x5AEC, 0x5AEC, 0x52EB, 0x5AEB, 0x5AEB, 0x4A6A, 0x4A6A, 0x4A4A, 0x4A4A,
0x424A, 0x4A8A, 0x52CC, 0x630D, 0xB596, 0x9CF3, 0x4208, 0x0000, 0x0042, 0x0063, 0x0083, 0x0062,
0x0062, 0x0062, 0x0063, 0x0062, 0x0062, 0x0883, 0x0883, 0x0883, 0x08A3, 0x08A3, 0x0883, 0x08A3,
0x08C4, 0x10C4, 0x08A3, 0x08A3, 0x10C4, 0x08A3, 0x08C4, 0x10E4, 0x10E4, 0x10C4, 0x10C4, 0x10E4,
0x10E4, 0x10C4, 0x10C4, 0x18E5, 0x1905, 0x10E4, 0x1905, 0x2126, 0x1925, 0x1905, 0x1905, 0x1925,
0x1925, 0x1905, 0x1925, 0x2145, 0x2146, 0x2146, 0x2986, 0x2987, 0x31E8, 0x31C8, 0x3A09, 0x52AB,
0x630C, 0x5AEC, 0x52AA, 0x8410, 0x83EF, 0x6B4D, 0x6B4D, 0x9451, 0x8C10, 0x738E, 0x736D, 0x8410,
0x8C71, 0x6B8E, 0x6B4D, 0x8410, 0x8410, 0x738E, 0x630C, 0x738E, 0x738E, 0x6B6D, 0x630C, 0x632D,
0x6B4D, 0x632D, 0x630C, 0x5AEC, 0x7C10, 0x8452, 0x632D, 0x39E8, 0x3A08, 0x5AEC, 0x0041, 0x0042,
0x0042, 0x0042, 0x0042, 0x0042, 0x0042, 0x0042, 0x0042, 0x0042, 0x0042, 0x0042, 0x0042, 0x0042,
0x0042, 0x0042, 0x0042, 0x0042, 0x0042, 0x0042, 0x0042, 0x0042, 0x0042, 0x0042, 0x0022, 0x0022,
0x0022, 0x0022, 0x0022, 0x0042, 0x0042, 0x0042, 0x0042, 0x0042, 0x0042, 0x0042, 0x0042, 0x0063,
0x0883, 0x0883, 0x0083, 0x0883, 0x0883, 0x0883, 0x08A3, 0x08A3, 0x10C4, 0x10A4, 0x10A4, 0x10C4,
0x10E4, 0x1905, 0x2166, 0x31C8, 0x3A09, 0x424A, 0x4A8A, 0x5ACC, 0x5ACC, 0x5ACC, 0x528B, 0x39E8,
0x4A6A, 0x4229, 0x0021, 0x0001, 0x0001, 0x0001, 0x0001, 0x0001, 0x0001, 0x0001, 0x0001, 0x0001,
0xCE38, 0xCE59, 0xCE38, 0xCE18, 0xC595, 0xA471, 0x83AE, 0x7BAF, 0x73AE, 0x738E, 0x6B6D, 0x6B6D,
0x6B6D, 0x736D, 0x6B4D, 0x6B4D, 0x6B6E, 0x73AF, 0x7BF0, 0x8451, 0x9472, 0x9CB3, 0x9CB2, 0x9CD3,
0x9492, 0x8C30, 0x8410, 0x83F0, 0x7BF0, 0x8410, 0x8410, 0x8410, 0x8410, 0x8430, 0x8430, 0x8430,
0x8430, 0x8C30, 0x8C30, 0x8430, 0x8410, 0x8410, 0x8410, 0x8410, 0x7BCF, 0x736E, 0x632C, 0x630C,
0x5AEC, 0x5B0C, 0x630C, 0x630C, 0x6B4D, 0x73AF, 0x7BF0, 0x8410, 0x8410, 0x8C51, 0x9472, 0x9472,
0x9472, 0x9472, 0x9472, 0x9472, 0x9472, 0x9472, 0x9472, 0x8C72, 0x8C71, 0x8C51, 0x8C51, 0x8C51,
0x8C51, 0x8C71, 0x8C71, 0x8C51, 0x8C51, 0x8C51, 0x8C51, 0x8410, 0x6B6E, 0x5AEC, 0x5ACC, 0x5ACC,
0x5AEC, 0x5AEC, 0x5AEC, 0x5B0D, 0x630D, 0x632D, 0x6B4D, 0x6B6E, 0x5AEC, 0x5ACC, 0x632D, 0x632D,
0x5B0C, 0x5ACB, 0x52AB, 0x52AB, 0x5ACC, 0x5AEC, 0x632D, 0x632D, 0x5ACB, 0x52AB, 0x52AB, 0x6B6E,
0x6B6E, 0x52CB, 0x52AB, 0x4A8A, 0x4A6A, 0x4A8A, 0x4A6A, 0x52AB, 0x73CF, 0x73AF, 0x5AEC, 0x73CF,
0x528A, 0x6B4D, 0x528A, 0x31A7, 0x3187, 0x18E4, 0x08A3, 0x0083, 0x2987, 0x52AB, 0x528B, 0x528B,
0x528A, 0x528B, 0x528B, 0x52AB, 0x528B, 0x528B, 0x528B, 0x52AB, 0x4A8A, 0x52AB, 0x5ACC, 0x5B0C,
0x5B0C, 0x5B0C, 0x632D, 0x632C, 0x5B0C, 0x52AB, 0x528B, 0x4A6A, 0x424A, 0x4A6A, 0x4A8B, 0x4AAB,
0x5B0D, 0xAD55, 0xAD34, 0x6B0B, 0x0000, 0x0883, 0x0063, 0x0062, 0x0062, 0x0062, 0x0062, 0x0863,
0x0883, 0x0063, 0x0062, 0x0883, 0x08A3, 0x0883, 0x08A3, 0x08C4, 0x08A3, 0x08A3, 0x08A3, 0x10C4,
0x08C4, 0x08A3, 0x08C4, 0x10E4, 0x10C4, 0x10C4, 0x10E4, 0x10E4, 0x10C4, 0x10C4, 0x10E4, 0x10E5,
0x10E5, 0x1905, 0x1925, 0x1905, 0x10E4, 0x1905, 0x1925, 0x1925, 0x1904, 0x1925, 0x2145, 0x1925,
0x1925, 0x2146, 0x2986, 0x2166, 0x2146, 0x2987, 0x3A09, 0x3A29, 0x4229, 0x52AA, 0x6B4D, 0x738E,
0x632C, 0x6B4D, 0x8C51, 0x8410, 0x6B2C, 0x736D, 0x8C30, 0x7BCF, 0x634D, 0x634D, 0x8430, 0x7BCF,
0x6B4D, 0x632C, 0x73AE, 0x738E, 0x632C, 0x5B0C, 0x632D, 0x6B4D, 0x630D, 0x5AEC, 0x5AEC, 0x632D,
0x6B8E, 0x73CF, 0x5B0C, 0x4A6A, 0x2986, 0x5B0C, 0x2966, 0x0042, 0x0042, 0x0042, 0x0042, 0x0042,
0x0042, 0x0042, 0x0042, 0x0042, 0x0042, 0x0042, 0x0042, 0x0042, 0x0042, 0x0042, 0x0042, 0x0042,
0x0042, 0x0062, 0x0042, 0x0042, 0x0042, 0x0042, 0x0022, 0x0022, 0x0022, 0x0022, 0x0022, 0x0022,
0x0042, 0x0042, 0x0042, 0x0042, 0x0042, 0x0042, 0x0042, 0x0063, 0x0863, 0x0883, 0x10C4, 0x08A3,
0x0883, 0x08A3, 0x08A3, 0x08A3, 0x08A3, 0x08A3, 0x10C4, 0x10C4, 0x1905, 0x2166, 0x31E8, 0x31C8,
0x39E8, 0x39E8, 0x4A4A, 0x52AB, 0x52CB, 0x5ACC, 0x5AEC, 0x31C7, 0x4A6A, 0x10C4, 0x0021, 0x0001,
0x0001, 0x0001, 0x0001, 0x0001, 0x0001, 0x0001, 0x0001, 0x0001, 0xCE38, 0xCE59, 0xCE38, 0xCE17,
0xBD95, 0x9C71, 0x7BCE, 0x7BAF, 0x738E, 0x738E, 0x6B6E, 0x738E, 0x736E, 0x736E, 0x6B4D, 0x6B4D,
0x6B6E, 0x73AF, 0x8430, 0x8C72, 0x9492, 0x9492, 0x9492, 0x9C92, 0x9472, 0x8430, 0x7BEF, 0x7BEF,
0x7BF0, 0x7BF0, 0x7BF0, 0x8410, 0x8410, 0x8430, 0x8430, 0x8410, 0x8410, 0x8410, 0x8430, 0x8430,
0x8410, 0x8410, 0x8410, 0x83F0, 0x7BCF, 0x736E, 0x630C, 0x5AEC, 0x630C, 0x632C, 0x632D, 0x630C,
0x6B6E, 0x7BAF, 0x83F0, 0x8410, 0x8430, 0x8C51, 0x9472, 0x9492, 0x9472, 0x9472, 0x9472, 0x9472,
0x9472, 0x9472, 0x8C72, 0x8C51, 0x8C51, 0x8C51, 0x8C51, 0x8C51, 0x8C51, 0x8C51, 0x8C51, 0x8C51,
0x8C71, 0x9472, 0x8C71, 0x7BCF, 0x632D, 0x5ACC, 0x5ACC, 0x5ACC, 0x5B0C, 0x5AEC, 0x5B0C, 0x632D,
0x632D, 0x634D, 0x6B6E, 0x632D, 0x5ACB, 0x62EC, 0x630D, 0x62EC, 0x5AEC, 0x52CB, 0x52AB, 0x52CC,
0x5AEC, 0x630D, 0x634D, 0x630D, 0x5AEC, 0x5ACB, 0x52AB, 0x6B8E, 0x630C, 0x52CB, 0x528A, 0x52AB,
0x4A8B, 0x4A6A, 0x528B, 0x6B6E, 0x73CF, 0x5B0C, 0x8410, 0x5AEB, 0x6B6E, 0x528A, 0x4208, 0x31A7,
0x2966, 0x10C4, 0x08A3, 0x1904, 0x426A, 0x528B, 0x52AB, 0x5A8B, 0x528B, 0x52AB, 0x528B, 0x528B,
0x52CB, 0x52CB, 0x52CB, 0x528A, 0x52AB, 0x5AEC, 0x52CB, 0x52CB, 0x5AEC, 0x632D, 0x6B4E, 0x632D,
0x632D, 0x632D, 0x5ACC, 0x4A8B, 0x4A6A, 0x4A6A, 0x4A6A, 0x52AB, 0x52AB, 0x5ACB, 0x9C92, 0xAD35,
0x6B4D, 0x18E3, 0x0862, 0x0062, 0x0062, 0x0062, 0x0062, 0x0062, 0x0062, 0x0062, 0x0883, 0x0883,
0x0083, 0x0883, 0x08A3, 0x08A3, 0x0883, 0x08A3, 0x10C4, 0x08A3, 0x08A3, 0x08A4, 0x08C4, 0x08C4,
0x08C4, 0x10C4, 0x10C4, 0x08C4, 0x10C4, 0x10C4, 0x10C4, 0x10C4, 0x1905, 0x1905, 0x1905, 0x10C4,
0x1905, 0x1926, 0x1905, 0x10E4, 0x1925, 0x1945, 0x1905, 0x1905, 0x1925, 0x2146, 0x2146, 0x1946,
0x2167, 0x31C8, 0x29A7, 0x31A8, 0x3A09, 0x52CB, 0x5ACB, 0x4229, 0x632C, 0x8410, 0x736E, 0x5ACB,
0x736D, 0x8C10, 0x83EF, 0x630C, 0x6B4D, 0x7C10, 0x73AE, 0x630C, 0x6B2D, 0x736E, 0x6B8E, 0x5B0C,
0x5AEC, 0x634D, 0x632D, 0x5AEC, 0x5ACC, 0x5AEC, 0x630D, 0x5B0C, 0x5AEC, 0x6B6E, 0x73CF, 0x528B,
0x2987, 0x5AEB, 0x4A69, 0x0062, 0x0042, 0x0042, 0x0042, 0x0042, 0x0042, 0x0042, 0x0042, 0x0042,
0x0042, 0x0042, 0x0042, 0x0042, 0x0042, 0x0042, 0x0042, 0x0042, 0x0042, 0x0042, 0x0042, 0x0042,
0x0042, 0x0042, 0x0022, 0x0022, 0x0022, 0x0022, 0x0022, 0x0042, 0x0042, 0x0042, 0x0042, 0x0042,
0x0042, 0x0042, 0x0042, 0x0063, 0x0063, 0x0863, 0x10E4, 0x08A3, 0x0883, 0x0083, 0x08A3, 0x08A3,
0x08A4, 0x10C4, 0x10C4, 0x10E4, 0x1105, 0x10E4, 0x2146, 0x2986, 0x31C8, 0x4229, 0x52AB, 0x5ACC,
0x52AB, 0x52CB, 0x4A4A, 0x39C8, 0x3A09, 0x0001, 0x0001, 0x0001, 0x0001, 0x0001, 0x0001, 0x0001,
0x0001, 0x0001, 0x0001, 0x0001, 0xCE59, 0xCE59, 0xCE38, 0xCDF7, 0xB554, 0x9430, 0x7BCF, 0x7BAF,
0x738E, 0x6B6D, 0x6B6E, 0x738E, 0x7BAE, 0x738E, 0x6B4D, 0x6B4D, 0x6B6E, 0x73CF, 0x8431, 0x8C72,
0x8C71, 0x8C71, 0x9472, 0x8C51, 0x8410, 0x7BCF, 0x7BAF, 0x7BCF, 0x73CF, 0x7BCF, 0x7BCF, 0x7BF0,
0x8431, 0x8431, 0x8430, 0x83F0, 0x7BCF, 0x7BCF, 0x8410, 0x8410, 0x8410, 0x8430, 0x83F0, 0x7BCF,
0x7BAE, 0x6B6E, 0x630D, 0x62EC, 0x630C, 0x630C, 0x632C, 0x632D, 0x736E, 0x7BAF, 0x83F0, 0x8410,
0x8430, 0x9451, 0x9472, 0x9492, 0x9492, 0x9492, 0x9492, 0x9492, 0x9492, 0x8C71, 0x8C51, 0x8C51,
0x8C51, 0x8C51, 0x8C31, 0x8C31, 0x8431, 0x8C31, 0x8C51, 0x8C51, 0x8C91, 0x8C51, 0x8430, 0x6B6D,
0x5AEB, 0x52AB, 0x5ACC, 0x5B0C, 0x632D, 0x5AEC, 0x5B0D, 0x632D, 0x634D, 0x6B6E, 0x6B6E, 0x5AEB,
0x630C, 0x632D, 0x630D, 0x62EC, 0x5ACC, 0x52AB, 0x5ACC, 0x5AEC, 0x5AEC, 0x632D, 0x632D, 0x5AEC,
0x5ACC, 0x5ACC, 0x632D, 0x62EC, 0x5ACC, 0x528B, 0x528B, 0x5ACC, 0x528B, 0x4A8A, 0x5B0C, 0x7BF0,
0x5ACB, 0x73AE, 0x6B4D, 0x5AEC, 0x4A6A, 0x4209, 0x39E8, 0x31C7, 0x10C4, 0x08A3, 0x08A3, 0x3A08,
0x528A, 0x52AB, 0x528B, 0x528B, 0x528B, 0x528B, 0x52AB, 0x528B, 0x52AB, 0x52AB, 0x52CB, 0x5ACC,
0x5AEC, 0x630D, 0x632D, 0x634D, 0x632D, 0x634D, 0x632D, 0x632D, 0x630D, 0x738F, 0x6B6E, 0x5AEC,
0x5ACC, 0x4A6A, 0x4A6A, 0x528B, 0x4A8B, 0x4A6A, 0x426A, 0x8471, 0xAD75, 0x9CD2, 0x20C3, 0x0041,
0x0042, 0x0062, 0x0042, 0x0062, 0x0042, 0x0063, 0x0063, 0x0062, 0x0063, 0x08A3, 0x0883, 0x0883,
0x0883, 0x10A4, 0x08A3, 0x0883, 0x08A3, 0x10C4, 0x08A3, 0x08C4, 0x10E4, 0x10E4, 0x10C4, 0x08C4,
0x10C4, 0x10C4, 0x10C4, 0x10E4, 0x1905, 0x10E4, 0x10C4, 0x10E4, 0x1925, 0x1904, 0x10E4, 0x1925,
0x1925, 0x1925, 0x1105, 0x1925, 0x2146, 0x1905, 0x1905, 0x2146, 0x2146, 0x2166, 0x2146, 0x31A8,
0x31C8, 0x39E8, 0x39E8, 0x5ACC, 0x6B4E, 0x6B4D, 0x52AA, 0x738D, 0x8C30, 0x7B8E, 0x62EC, 0x738E,
0x7BEF, 0x6B6E, 0x62EC, 0x6B2D, 0x738E, 0x6B4D, 0x5AEC, 0x630C, 0x6B2D, 0x630C, 0x52CB, 0x5ACB,
0x5B0C, 0x5AEC, 0x52CB, 0x52CC, 0x632D, 0x8431, 0x8C72, 0x528A, 0x39A7, 0x3A08, 0x52AA, 0x0862,
0x0042, 0x0042, 0x0042, 0x0042, 0x0042, 0x0042, 0x0042, 0x0042, 0x0042, 0x0042, 0x0042, 0x0042,
0x0042, 0x0042, 0x0042, 0x0042, 0x0042, 0x0042, 0x0042, 0x0042, 0x0042, 0x0042, 0x0042, 0x0042,
0x0022, 0x0022, 0x0022, 0x0042, 0x0042, 0x0042, 0x0042, 0x0042, 0x0042, 0x0863, 0x0063, 0x0863,
0x0883, 0x0063, 0x0883, 0x0883, 0x0883, 0x08A3, 0x08C4, 0x08C4, 0x08C4, 0x08A4, 0x08C4, 0x10C4,
0x1925, 0x2166, 0x31C7, 0x3A08, 0x422A, 0x4A8B, 0x52AB, 0x5ACC, 0x5ACC, 0x630D, 0x31C7, 0x5ACB,
0x2146, 0x0000, 0x0001, 0x0001, 0x0001, 0x0001, 0x0001, 0x0001, 0x0001, 0x0001, 0x0001, 0x0001,
0xCE59, 0xCE59, 0xCE38, 0xCDF7, 0xAD13, 0x83EF, 0x7BCF, 0x738E, 0x736E, 0x6B6D, 0x6B6E, 0x738E,
0x7BAF, 0x738E, 0x6B4D, 0x6B4D, 0x6B6E, 0x7BEF, 0x8431, 0x8C51, 0x8C51, 0x8C71, 0x9471, 0x8C51,
0x7BCF, 0x7BAF, 0x7BCF, 0x7BCF, 0x73CF, 0x7BCF, 0x738E, 0x7BCF, 0x8430, 0x8430, 0x8410, 0x83F0,
0x7BCF, 0x7BCF, 0x7BCF, 0x83F0, 0x8430, 0x8410, 0x7BEF, 0x7BAF, 0x738E, 0x6B2D, 0x5AEC, 0x5B0C,
0x630C, 0x630C, 0x630C, 0x634D, 0x738F, 0x7BCF, 0x83F0, 0x8410, 0x8C30, 0x9451, 0x9472, 0x9492,
0x9492, 0x9492, 0x9492, 0x9492, 0x9471, 0x8C51, 0x8C51, 0x8C51, 0x8C71, 0x8C51, 0x8C31, 0x8C31,
0x8431, 0x8C31, 0x8C51, 0x8C51, 0x8C71, 0x8C51, 0x7BEF, 0x632C, 0x5ACB, 0x5ACB, 0x5AEC, 0x5B0C,
0x5B0C, 0x5B0C, 0x632D, 0x634D, 0x6B6D, 0x6B6E, 0x630C, 0x5AEC, 0x630C, 0x632D, 0x62EC, 0x62EC,
0x5ACC, 0x52AB, 0x5ACC, 0x5AEC, 0x630D, 0x632D, 0x5AEC, 0x52EB, 0x52CB, 0x5ACC, 0x630C, 0x5ACC,
0x5ACC, 0x528B, 0x52AB, 0x528A, 0x4A8A, 0x5ACB, 0x73AE, 0x6B4D, 0x5ACB, 0x6B4D, 0x5AEC, 0x528A,
0x4209, 0x4A4A, 0x4A8B, 0x1905, 0x10C4, 0x0083, 0x2166, 0x52AB, 0x528A, 0x52AB, 0x52AB, 0x528B,
0x52AB, 0x52AB, 0x52AB, 0x5AAB, 0x5ACC, 0x5AEC, 0x5AEC, 0x5AEC, 0x5AEC, 0x630D, 0x630D, 0x632D,
0x632D, 0x738F, 0x6B6E, 0x632D, 0x738F, 0x73AF, 0x738F, 0x634D, 0x6B6E, 0x630C, 0x5AEC, 0x52AB,
0x4A4A, 0x4A6A, 0x4A8B, 0x4A8A, 0x6B4D, 0xB575, 0x9491, 0x3186, 0x0061, 0x0062, 0x0062, 0x0042,
0x0042, 0x0042, 0x0062, 0x0063, 0x0083, 0x0083, 0x0883, 0x0883, 0x08A3, 0x0883, 0x0883, 0x08A3,
0x10C4, 0x08A3, 0x08A3, 0x10C4, 0x10E4, 0x1105, 0x10E4, 0x10C4, 0x10C4, 0x10C4, 0x10E4, 0x10E4,
0x10E4, 0x10C4, 0x10E4, 0x1905, 0x10E4, 0x10E4, 0x1905, 0x1925, 0x1105, 0x1105, 0x1905, 0x1925,
0x1925, 0x1905, 0x1925, 0x2126, 0x2166, 0x2126, 0x2166, 0x2987, 0x2987, 0x2966, 0x3A29, 0x4A6A,
0x4229, 0x4229, 0x634D, 0x73AE, 0x736E, 0x5AAB, 0x736E, 0x7BCF, 0x6B4D, 0x5AEC, 0x6B2D, 0x738E,
0x632D, 0x5AEB, 0x630C, 0x6B2D, 0x62EC, 0x5ACB, 0x5ACB, 0x5B0C, 0x5AEC, 0x52AB, 0x52CC, 0x5AEC,
0x5AEC, 0x636E, 0x6B8E, 0x6B6E, 0x4209, 0x31C7, 0x5AEC, 0x18E4, 0x0022, 0x0042, 0x0042, 0x0042,
0x0042, 0x0042, 0x0042, 0x0042, 0x0042, 0x0042, 0x0042, 0x0042, 0x0042, 0x0042, 0x0042, 0x0042,
0x0042, 0x0042, 0x0042, 0x0042, 0x0042, 0x0041, 0x0042, 0x0042, 0x0042, 0x0042, 0x0042, 0x0042,
0x0042, 0x0042, 0x0042, 0x0042, 0x0042, 0x0862, 0x0862, 0x0862, 0x0063, 0x0062, 0x0883, 0x0883,
0x0883, 0x08A3, 0x0883, 0x08A4, 0x08A4, 0x08A4, 0x10E4, 0x1905, 0x1925, 0x1945, 0x29A7, 0x29A7,
0x31C8, 0x424A, 0x52AB, 0x5AAB, 0x630C, 0x630D, 0x3187, 0x4A6A, 0x0001, 0x0001, 0x0001, 0x0001,
0x0001, 0x0001, 0x0001, 0x0001, 0x0001, 0x0001, 0x0001, 0x0001, 0xCE59, 0xCE59, 0xCE38, 0xC5B6,
0xACB2, 0x83CE, 0x7BAF, 0x738E, 0x6B4D, 0x6B6D, 0x6B8E, 0x738E, 0x738E, 0x736E, 0x6B4D, 0x6B4D,
0x738E, 0x7BF0, 0x8430, 0x8451, 0x8C71, 0x9472, 0x8C51, 0x8C30, 0x7BAF, 0x73AE, 0x73AF, 0x73AF,
0x73AF, 0x7BAF, 0x7BAF, 0x7BAF, 0x8410, 0x8410, 0x8410, 0x8410, 0x83F0, 0x7BCF, 0x7BCF, 0x7BEF,
0x8410, 0x7BEF, 0x7BCF, 0x73AE, 0x736D, 0x632D, 0x630C, 0x630C, 0x630C, 0x5B0C, 0x630D, 0x6B6E,
0x7BAF, 0x7BD0, 0x83F0, 0x8410, 0x8C51, 0x9472, 0x9472, 0x9492, 0x9492, 0x9492, 0x9492, 0x8C71,
0x8C71, 0x8C51, 0x8C51, 0x8C51, 0x8C71, 0x9471, 0x8C71, 0x8C51, 0x8C51, 0x8C51, 0x8C51, 0x8C51,
0x8C30, 0x8430, 0x7BCF, 0x632C, 0x5ACB, 0x5ACB, 0x5AEC, 0x5AEC, 0x5AEC, 0x632D, 0x634D, 0x634D,
0x6B6D, 0x634D, 0x5AEB, 0x5AEC, 0x630D, 0x632D, 0x630D, 0x5AEC, 0x5ACB, 0x5ACC, 0x5AEC, 0x5AEC,
0x632D, 0x632D, 0x5ACC, 0x5ACC, 0x52CB, 0x5AEC, 0x630C, 0x5ACB, 0x5AAB, 0x5ACB, 0x52AB, 0x52AB,
0x52AB, 0x6B6E, 0x632D, 0x5ACB, 0x7BCF, 0x6B4D, 0x52AB, 0x4A6A, 0x4A49, 0x52CB, 0x2146, 0x10C4,
0x08A3, 0x10C4, 0x424A, 0x52AB, 0x52AB, 0x52AB, 0x52AB, 0x52AB, 0x52CB, 0x52AB, 0x52AB, 0x5ACC,
0x5AEC, 0x52AB, 0x5ACC, 0x5AEC, 0x5AEC, 0x5B0C, 0x630D, 0x630D, 0x6B6E, 0x6B8F, 0x6B4E, 0x6B8E,
0x73AF, 0x738F, 0x6B4E, 0x738F, 0x73AF, 0x6B6E, 0x630C, 0x632D, 0x52AB, 0x52AB, 0x52AB, 0x4A6A,
0x4A69, 0x6B4D, 0xA534, 0xA534, 0x528A, 0x10A3, 0x0042, 0x0062, 0x0062, 0x0042, 0x0063, 0x0063,
0x0062, 0x0062, 0x0883, 0x0883, 0x0883, 0x0883, 0x08A3, 0x08A3, 0x08A3, 0x08A3, 0x08A3, 0x08C4,
0x08C4, 0x08C4, 0x10C4, 0x08C4, 0x08A4, 0x10C4, 0x10C4, 0x08C4, 0x08C4, 0x10E4, 0x1904, 0x10C4,
0x10C4, 0x1925, 0x1905, 0x10E4, 0x10E4, 0x1905, 0x1905, 0x1105, 0x1905, 0x1925, 0x1925, 0x1905,
0x2146, 0x2146, 0x2146, 0x2126, 0x2146, 0x29A7, 0x31A7, 0x2987, 0x2987, 0x52AB, 0x5B0C, 0x528A,
0x4A6A, 0x73AE, 0x7BEF, 0x632C, 0x5AEB, 0x6B6E, 0x738E, 0x630D, 0x5ACB, 0x630C, 0x634D, 0x5AEC,
0x52AB, 0x5AEC, 0x5AEC, 0x5ACB, 0x52CB, 0x5ACC, 0x5AEC, 0x5AEC, 0x5AEC, 0x5AEC, 0x7C10, 0x8431,
0x4A69, 0x31A7, 0x528B, 0x2125, 0x0022, 0x0042, 0x0022, 0x0042, 0x0042, 0x0042, 0x0042, 0x0042,
0x0042, 0x0042, 0x0042, 0x0042, 0x0062, 0x0062, 0x0062, 0x0042, 0x0042, 0x0042, 0x0042, 0x0042,
0x0042, 0x0042, 0x0042, 0x0042, 0x0042, 0x0042, 0x0042, 0x0042, 0x0042, 0x0042, 0x0042, 0x0042,
0x0042, 0x0062, 0x0062, 0x0062, 0x0883, 0x0883, 0x0883, 0x0883, 0x0883, 0x08A3, 0x08A3, 0x08C4,
0x08C4, 0x10E4, 0x10E4, 0x10E4, 0x10E4, 0x1925, 0x31C8, 0x3A08, 0x4A8A, 0x5ACC, 0x5AEC, 0x5ACC,
0x5AEC, 0x31C7, 0x424A, 0x31C7, 0x0001, 0x0001, 0x0001, 0x0001, 0x0001, 0x0001, 0x0001, 0x0001,
0x0001, 0x0001, 0x0001, 0x0001, 0xCE59, 0xCE59, 0xCE18, 0xC595, 0xA491, 0x83AE, 0x738E, 0x736E,
0x6B4D, 0x6B4D, 0x6B6E, 0x6B6E, 0x6B6D, 0x6B4D, 0x6B4D, 0x6B6D, 0x73AF, 0x7C10, 0x8450, 0x8C51,
0x8C51, 0x8C51, 0x8C31, 0x83EF, 0x73AF, 0x73AE, 0x738E, 0x738E, 0x736E, 0x73AF, 0x7BAF, 0x7BCF,
0x7BF0, 0x7BF0, 0x7BF0, 0x8410, 0x83F0, 0x7BCF, 0x7BCF, 0x7BCF, 0x83EF, 0x7BAF, 0x7BAE, 0x736E,
0x6B2D, 0x630C, 0x630C, 0x630C, 0x630C, 0x630D, 0x632D, 0x73AF, 0x7BF0, 0x83F0, 0x8410, 0x8C71,
0x8C72, 0x9492, 0x9492, 0x9492, 0x9492, 0x9492, 0x9492, 0x8C51, 0x8C31, 0x8C71, 0x8C71, 0x8C51,
0x8C51, 0x8C72, 0x9472, 0x8C72, 0x8C51, 0x8C71, 0x8C71, 0x8C51, 0x8C30, 0x8430, 0x73AE, 0x632C,
0x5ACB, 0x5AEC, 0x5AEC, 0x52CB, 0x5AEC, 0x634D, 0x634D, 0x632D, 0x632D, 0x5B0C, 0x5AEB, 0x5AEC,
0x630D, 0x632D, 0x630C, 0x5ACC, 0x52CB, 0x5ACC, 0x5AEC, 0x630C, 0x632D, 0x5B0C, 0x5AEC, 0x5ACC,
0x5AEC, 0x630C, 0x5AEB, 0x5ACB, 0x5ACC, 0x52AB, 0x52AB, 0x52CB, 0x6B6E, 0x6B8E, 0x52AA, 0x6B4D,
0x738E, 0x52AB, 0x4A6A, 0x4A6A, 0x62EC, 0x4229, 0x08A3, 0x08A3, 0x0883, 0x31C8, 0x52CC, 0x52AB,
0x5ACB, 0x52AB, 0x52CB, 0x52CB, 0x5ACC, 0x5AAB, 0x5ACC, 0x5AEC, 0x5B0C, 0x5B0C, 0x632D, 0x632D,
0x630D, 0x630D, 0x632D, 0x634D, 0x738F, 0x6B6E, 0x632D, 0x73AF, 0x73AF, 0x6B4E, 0x6B4E, 0x7BD0,
0x7BF0, 0x6B4E, 0x738E, 0x7BF0, 0x634D, 0x630D, 0x52AB, 0x4A6A, 0x4A6A, 0x4A8B, 0x4AAB, 0x8451,
0xAD75, 0x5ACB, 0x1082, 0x0061, 0x0062, 0x0062, 0x0863, 0x0062, 0x0062, 0x0083, 0x0063, 0x0062,
0x0863, 0x08A3, 0x08A3, 0x0883, 0x08A3, 0x08A3, 0x08C4, 0x1905, 0x10E4, 0x08C4, 0x08C4, 0x08C4,
0x08C4, 0x08C4, 0x08C4, 0x10C4, 0x10E4, 0x1904, 0x10E4, 0x10C4, 0x1905, 0x1904, 0x10C4, 0x10E4,
0x1105, 0x1905, 0x10E4, 0x1905, 0x1925, 0x1905, 0x1905, 0x1905, 0x2126, 0x2146, 0x1925, 0x2145,
0x2166, 0x2146, 0x2146, 0x2966, 0x31C8, 0x31C8, 0x39E8, 0x31E8, 0x5AEC, 0x632D, 0x5B0C, 0x528A,
0x6B4D, 0x738E, 0x5AEC, 0x52AB, 0x632C, 0x632C, 0x52CB, 0x52AA, 0x5AEC, 0x5B0C, 0x5AEB, 0x52AB,
0x5AEB, 0x5ACC, 0x52CC, 0x52CB, 0x52CC, 0x6B6E, 0x8451, 0x8451, 0x52AA, 0x39C7, 0x528B, 0x39E8,
0x0001, 0x0042, 0x0022, 0x0042, 0x0042, 0x0042, 0x0042, 0x0042, 0x0042, 0x0042, 0x0042, 0x0042,
0x0062, 0x0062, 0x0062, 0x0062, 0x0042, 0x0042, 0x0042, 0x0042, 0x0042, 0x0042, 0x0042, 0x0042,
0x0042, 0x0022, 0x0022, 0x0041, 0x0041, 0x0041, 0x0042, 0x0042, 0x0062, 0x0062, 0x0062, 0x0883,
0x0883, 0x0863, 0x0883, 0x0883, 0x0883, 0x08A3, 0x08C4, 0x08C4, 0x08C4, 0x10E4, 0x10C4, 0x1905,
0x2125, 0x31A7, 0x31C8, 0x3A09, 0x4A6A, 0x5ACB, 0x5ACB, 0x630C, 0x6B6E, 0x2987, 0x4A8B, 0x18C4,
0x0001, 0x0001, 0x0001, 0x0001, 0x0001, 0x0001, 0x0001, 0x0001, 0x0001, 0x0001, 0x0001, 0x0001,
0xCE59, 0xCE59, 0xCE38, 0xC5B5, 0xA4B1, 0x83AE, 0x738E, 0x6B6D, 0x6B4D, 0x6B4D, 0x6B4D, 0x6B4D,
0x6B4D, 0x6B4D, 0x6B4D, 0x6B6E, 0x73CF, 0x8410, 0x8451, 0x8C71, 0x8C51, 0x8C51, 0x8C30, 0x83EF,
0x73AF, 0x7BCF, 0x73AF, 0x73AE, 0x73AE, 0x73AF, 0x73AF, 0x7BCF, 0x7BCF, 0x7BCF, 0x7BCF, 0x7BEF,
0x7BCF, 0x7BCF, 0x7BCF, 0x7BCF, 0x7BEF, 0x7BAF, 0x738E, 0x6B4D, 0x630C, 0x630C, 0x630C, 0x630C,
0x630C, 0x630C, 0x634D, 0x73AF, 0x83F0, 0x8410, 0x8C31, 0x9472, 0x9492, 0x9492, 0x9492, 0x9492,
0x9492, 0x9492, 0x8C71, 0x8C31, 0x8C31, 0x8C71, 0x8C51, 0x8C50, 0x8C51, 0x9472, 0x8C72, 0x8C51,
0x8C51, 0x8C71, 0x8C71, 0x8C51, 0x8C30, 0x7BCF, 0x6B4D, 0x5AEB, 0x5ACB, 0x5AEC, 0x5AEC, 0x52CB,
0x5B0C, 0x634D, 0x634E, 0x634D, 0x5B0C, 0x5AEC, 0x5AEC, 0x5AEC, 0x630D, 0x630D, 0x5AEC, 0x52CC,
0x52CC, 0x5AEC, 0x5AEC, 0x632D, 0x632D, 0x5AEC, 0x5AEC, 0x5ACC, 0x5B0C, 0x5AEC, 0x5AEB, 0x5AEC,
0x5AEC, 0x52AB, 0x52AB, 0x630C, 0x7BCF, 0x632C, 0x630C, 0x6B4D, 0x630C, 0x4A6A, 0x4A6A, 0x5ACB,
0x4A49, 0x10A3, 0x08A3, 0x0884, 0x10E5, 0x4A6B, 0x52CB, 0x52AB, 0x5ACB, 0x52CB, 0x5ACB, 0x5ACB,
0x5AAB, 0x5ACC, 0x5ACC, 0x5ACC, 0x52AB, 0x52AB, 0x5AEC, 0x5B0C, 0x634D, 0x632D, 0x632D, 0x6B6E,
0x6B6E, 0x632D, 0x6B4E, 0x738F, 0x6B6E, 0x632E, 0x73AF, 0x7BD0, 0x6B6E, 0x6B4D, 0x7BF0, 0x7BF0,
0x6B6E, 0x73AF, 0x6B6E, 0x52AB, 0x4A8B, 0x4A8B, 0x528B, 0x528B, 0x8C71, 0xBE17, 0x83EE, 0x0861,
0x0062, 0x0862, 0x0062, 0x0062, 0x0062, 0x0062, 0x0062, 0x0062, 0x0883, 0x08A3, 0x0883, 0x0883,
0x10C4, 0x08A3, 0x1905, 0x1925, 0x08C4, 0x08C3, 0x08A3, 0x08A3, 0x08C4, 0x08C4, 0x08C4, 0x10C4,
0x10E4, 0x10C4, 0x10C4, 0x18E4, 0x1904, 0x10C4, 0x10E4, 0x1105, 0x1105, 0x10C4, 0x1105, 0x1925,
0x1905, 0x1105, 0x1925, 0x1925, 0x1925, 0x1905, 0x2145, 0x2145, 0x1925, 0x1905, 0x1926, 0x2967,
0x2987, 0x2987, 0x31E8, 0x424A, 0x428A, 0x4249, 0x4A8A, 0x6B6D, 0x632C, 0x5ACB, 0x52AB, 0x632D,
0x630C, 0x5ACB, 0x52AB, 0x5AEC, 0x5B0C, 0x52CB, 0x52AB, 0x52CB, 0x52CB, 0x52AB, 0x4A8A, 0x52CB,
0x52CC, 0x5AEC, 0x636D, 0x73CF, 0x6B4D, 0x31C7, 0x4209, 0x52AC, 0x0021, 0x0042, 0x0022, 0x0042,
0x0042, 0x0042, 0x0042, 0x0042, 0x0042, 0x0042, 0x0042, 0x0042, 0x0042, 0x0042, 0x0062, 0x0062,
0x0042, 0x0042, 0x0042, 0x0042, 0x0042, 0x0042, 0x0062, 0x0082, 0x0062, 0x0062, 0x0062, 0x0882,
0x0882, 0x0882, 0x0883, 0x08A3, 0x0883, 0x0883, 0x0062, 0x0883, 0x0883, 0x0883, 0x0883, 0x0883,
0x0883, 0x08A3, 0x08A3, 0x08C3, 0x10C4, 0x10C4, 0x10C4, 0x1905, 0x1905, 0x2126, 0x2966, 0x39E8,
0x52AB, 0x630C, 0x5AEC, 0x73AF, 0x4A8A, 0x4229, 0x424A, 0x0022, 0x0001, 0x0001, 0x0001, 0x0001,
0x0001, 0x0001, 0x0001, 0x0001, 0x0001, 0x0001, 0x0001, 0x0001, 0xCE59, 0xCE58, 0xCE17, 0xC595,
0x9C30, 0x7BAE, 0x738E, 0x6B6E, 0x6B6E, 0x6B6E, 0x6B4D, 0x6B2D, 0x632D, 0x632D, 0x6B4E, 0x6B8E,
0x7BCF, 0x8450, 0x8C72, 0x8C71, 0x8C51, 0x8C30, 0x83EF, 0x7BCE, 0x73AF, 0x7BCF, 0x7BAF, 0x7BCF,
0x7BCF, 0x73AE, 0x73AE, 0x73AE, 0x7BCF, 0x738E, 0x738E, 0x7BAF, 0x73AF, 0x738F, 0x738F, 0x7BAF,
0x7BCF, 0x738E, 0x6B4D, 0x630C, 0x5AAB, 0x5AEC, 0x630D, 0x632D, 0x630C, 0x630C, 0x6B6D, 0x7BAF,
0x83F0, 0x8410, 0x8C31, 0x8C51, 0x8C51, 0x9472, 0x9492, 0x9492, 0x9492, 0x9492, 0x8C71, 0x8C51,
0x8C51, 0x9471, 0x8C71, 0x8C71, 0x8C71, 0x8C71, 0x8C51, 0x8C51, 0x8C51, 0x8C71, 0x8C71, 0x8C51,
0x8430, 0x7BCF, 0x630C, 0x5AEB, 0x5AEC, 0x5AEC, 0x5ACC, 0x5AEC, 0x634D, 0x6B6E, 0x6B4E, 0x634D,
0x5B0C, 0x5B0C, 0x630C, 0x630C, 0x6B4E, 0x630D, 0x5AEC, 0x5ACC, 0x5ACC, 0x5AEC, 0x62EC, 0x632D,
0x5B0C, 0x5AEC, 0x5AEC, 0x630D, 0x6B4E, 0x5AEC, 0x52CB, 0x52CB, 0x52CB, 0x5ACB, 0x5B0C, 0x6B6D,
0x632D, 0x630C, 0x630C, 0x52CB, 0x528A, 0x4A29, 0x526A, 0x528A, 0x18E4, 0x10A4, 0x0883, 0x0083,
0x3A29, 0x5AEC, 0x5AAB, 0x5ACC, 0x52CC, 0x52CC, 0x5ACB, 0x5ACC, 0x5ACB, 0x5AAB, 0x5ACB, 0x5AEC,
0x5B0C, 0x5B0C, 0x5AEC, 0x630D, 0x632D, 0x632D, 0x634D, 0x6B8E, 0x6B4E, 0x6B2E, 0x738F, 0x738F,
0x6B6E, 0x6B6E, 0x7BF0, 0x738F, 0x634D, 0x73CF, 0x7BF0, 0x6B6E, 0x6B6E, 0x8C52, 0x8410, 0x6B6E,
0x634D, 0x52AB, 0x528B, 0x52AB, 0x4A8A, 0x6B6E, 0xBDD7, 0x73AF, 0x2965, 0x0841, 0x0842, 0x0042,
0x0062, 0x0062, 0x0062, 0x0883, 0x0882, 0x0062, 0x0062, 0x0883, 0x0883, 0x0883, 0x2146, 0x1905,
0x10C3, 0x08A3, 0x10C4, 0x10A4, 0x08A3, 0x08A3, 0x10C4, 0x10C4, 0x10C4, 0x10C4, 0x10E4, 0x10E4,
0x10C4, 0x10E4, 0x1905, 0x18E5, 0x10C4, 0x10C4, 0x1905, 0x18E5, 0x10C4, 0x1905, 0x1925, 0x1905,
0x10E4, 0x1925, 0x2146, 0x1925, 0x1925, 0x1925, 0x1925, 0x1925, 0x1925, 0x2146, 0x29A8, 0x29A8,
0x2987, 0x4249, 0x5AEC, 0x5AEC, 0x4A4A, 0x52CB, 0x634D, 0x630C, 0x4A6A, 0x52CB, 0x5AEC, 0x52CB,
0x4A8B, 0x52AB, 0x5AEC, 0x52CC, 0x52AB, 0x4A8B, 0x52CC, 0x52CC, 0x52AB, 0x52AB, 0x6B6E, 0x9CF4,
0x7BF0, 0x39E8, 0x2967, 0x5ACC, 0x10C4, 0x0022, 0x0022, 0x0042, 0x0042, 0x0042, 0x0042, 0x0042,
0x0062, 0x0042, 0x0042, 0x0042, 0x0041, 0x0042, 0x0062, 0x0862, 0x0883, 0x0883, 0x0883, 0x18E4,
0x18E4, 0x2125, 0x2146, 0x2126, 0x2146, 0x2146, 0x2146, 0x2146, 0x2146, 0x2146, 0x2166, 0x2146,
0x2166, 0x2145, 0x2125, 0x18E4, 0x18E4, 0x18E4, 0x10C4, 0x10C4, 0x10C4, 0x10C4, 0x08C4, 0x10C4,
0x10C4, 0x10C4, 0x18E5, 0x1905, 0x2146, 0x39C8, 0x4229, 0x52AB, 0x630C, 0x632D, 0x6B2D, 0x632D,
0x2145, 0x632D, 0x39C8, 0x0001, 0x0001, 0x0001, 0x0001, 0x0001, 0x0001, 0x0001, 0x0001, 0x0001,
0x0001, 0x0001, 0x0001, 0x0001, 0xCE59, 0xD658, 0xCE17, 0xBD74, 0x9C50, 0x7BCE, 0x73AE, 0x736E,
0x6B6E, 0x6B6E, 0x6B4E, 0x6B4D, 0x632D, 0x632D, 0x6B4E, 0x738F, 0x7BF0, 0x8431, 0x8C51, 0x8C72,
0x8C51, 0x8C30, 0x7BCE, 0x7BCE, 0x738F, 0x73AF, 0x7BCF, 0x7BAF, 0x73AE, 0x73AE, 0x73AE, 0x7BAF,
0x73AE, 0x738E, 0x738E, 0x7BAF, 0x73AF, 0x738E, 0x73AF, 0x7BAF, 0x7BAF, 0x738E, 0x6B4D, 0x62EC,
0x52AB, 0x5ACC, 0x630D, 0x632C, 0x630C, 0x632C, 0x6B6E, 0x7BCF, 0x8410, 0x8410, 0x8C31, 0x8C51,
0x8C51, 0x9472, 0x9492, 0x9492, 0x9492, 0x9492, 0x9471, 0x8C71, 0x8C51, 0x9471, 0x8C71, 0x8C51,
0x8C71, 0x8C71, 0x8C71, 0x8C51, 0x8C51, 0x8C51, 0x8C51, 0x8C51, 0x8431, 0x7BAF, 0x630C, 0x52EC,
0x5AEC, 0x5AEC, 0x5AEC, 0x5AEC, 0x6B4E, 0x738F, 0x6B4D, 0x632D, 0x5B0C, 0x630D, 0x630C, 0x630D,
0x632D, 0x630D, 0x5AEC, 0x5AEC, 0x5AEC, 0x5AEC, 0x630D, 0x632D, 0x630C, 0x5AEC, 0x5AEC, 0x6B6E,
0x632D, 0x5AEC, 0x5AEB, 0x5ACB, 0x5ACB, 0x5ACB, 0x6B8E, 0x6B4D, 0x630C, 0x630C, 0x5AEC, 0x52CB,
0x5AAB, 0x526A, 0x6B2D, 0x2967, 0x10C4, 0x10C4, 0x0083, 0x2987, 0x5AED, 0x5AEC, 0x62EC, 0x5AEC,
0x5AEC, 0x5B0C, 0x5AEC, 0x5AEC, 0x630C, 0x630D, 0x630D, 0x630D, 0x630D, 0x632D, 0x6B4E, 0x6B4D,
0x6B4D, 0x6B4E, 0x6B6E, 0x6B4E, 0x630D, 0x738F, 0x738F, 0x6B6E, 0x632D, 0x73CF, 0x73AF, 0x6B6E,
0x6B8E, 0x7BF0, 0x73AF, 0x632D, 0x7BD0, 0x7C10, 0x738F, 0x6B6E, 0x8C51, 0x7BEF, 0x5AEC, 0x52CB,
0x4A6A, 0x4A8A, 0x73AF, 0xAD55, 0xA4F3, 0x4A28, 0x0821, 0x0042, 0x0042, 0x0062, 0x0863, 0x0862,
0x0062, 0x0062, 0x0883, 0x0883, 0x0883, 0x10C4, 0x2146, 0x1925, 0x10C3, 0x08A3, 0x08A3, 0x08A3,
0x08A3, 0x10A4, 0x10C4, 0x10C4, 0x10C4, 0x10E4, 0x10E4, 0x10C4, 0x10C4, 0x10E4, 0x10E4, 0x10C4,
0x10C4, 0x1905, 0x18E5, 0x10C4, 0x18E5, 0x1905, 0x1905, 0x10E4, 0x1925, 0x2146, 0x1925, 0x1905,
0x1925, 0x1925, 0x1905, 0x1905, 0x1926, 0x1926, 0x2146, 0x2146, 0x29A7, 0x3A49, 0x4A8A, 0x4229,
0x52AB, 0x632D, 0x5B0D, 0x4A8A, 0x52AB, 0x5AEC, 0x52CB, 0x4A8B, 0x4A8B, 0x5ACC, 0x52AB, 0x4A8B,
0x52AB, 0x52CB, 0x52AB, 0x4A8A, 0x52AB, 0x5AEC, 0x634D, 0x8411, 0x6B8E, 0x4A6A, 0x3187, 0x5AEC,
0x39E8, 0x0021, 0x0022, 0x0022, 0x0042, 0x0042, 0x0042, 0x0042, 0x0062, 0x0042, 0x0042, 0x0062,
0x0062, 0x0882, 0x10A3, 0x1904, 0x2126, 0x2166, 0x31A8, 0x31C8, 0x31C8, 0x31E8, 0x3A09, 0x3A09,
0x31E8, 0x31C8, 0x31C8, 0x31A8, 0x31A8, 0x31A8, 0x31C8, 0x31C8, 0x31E8, 0x31C8, 0x31A7, 0x2987,
0x2987, 0x2987, 0x2986, 0x2146, 0x2146, 0x1904, 0x10E4, 0x10E4, 0x10E4, 0x18E5, 0x1905, 0x1925,
0x2146, 0x2966, 0x31A7, 0x4A49, 0x5AEB, 0x6B4D, 0x7BD0, 0x5ACC, 0x39E8, 0x5AEC, 0x0862, 0x0001,
0x0001, 0x0001, 0x0001, 0x0001, 0x0001, 0x0001, 0x0001, 0x0001, 0x0001, 0x0001, 0x0001, 0x0001,
0xCE59, 0xD658, 0xC5F7, 0xB513, 0x9430, 0x7BAE, 0x73AE, 0x736E, 0x6B6E, 0x6B6E, 0x736E, 0x6B6E,
0x6B4D, 0x634E, 0x6B6E, 0x73AF, 0x8410, 0x8430, 0x8431, 0x8431, 0x8430, 0x8C30, 0x83EF, 0x7BAF,
0x736E, 0x736E, 0x738E, 0x7BAF, 0x73AE, 0x738E, 0x738E, 0x738E, 0x738E, 0x6B6D, 0x6B6E, 0x738E,
0x6B8E, 0x738E, 0x738E, 0x7BAF, 0x738F, 0x6B4D, 0x6B2D, 0x5AEC, 0x5ACC, 0x5AEC, 0x630C, 0x630C,
0x5B0C, 0x632C, 0x738E, 0x7BF0, 0x8410, 0x8410, 0x8C31, 0x8C51, 0x8C51, 0x9472, 0x9492, 0x9492,
0x9492, 0x9492, 0x9471, 0x9471, 0x8C71, 0x8C51, 0x8C51, 0x8C51, 0x8C51, 0x8C51, 0x8C51, 0x8C51,
0x8C51, 0x8C30, 0x8C30, 0x8430, 0x8410, 0x736E, 0x630C, 0x52EC, 0x5AEC, 0x5B0C, 0x5AEC, 0x630D,
0x6B6E, 0x738F, 0x632D, 0x5AEC, 0x5B0C, 0x630D, 0x5AEC, 0x632D, 0x630D, 0x5AEC, 0x5AEC, 0x62EC,
0x5AEC, 0x5AEC, 0x632D, 0x632D, 0x630C, 0x630C, 0x632D, 0x632D, 0x630C, 0x5B0C, 0x5AEC, 0x5AEB,
0x5ACB, 0x632C, 0x73AE, 0x5ACB, 0x630C, 0x630C, 0x5ACB, 0x52AB, 0x4A6A, 0x6B4E, 0x4A6A, 0x2126,
0x10C4, 0x10C4, 0x08A4, 0x424A, 0x5B2D, 0x630C, 0x62EC, 0x62EC, 0x5AEC, 0x5B0C, 0x630D, 0x630D,
0x630D, 0x630D, 0x632D, 0x630D, 0x632D, 0x630D, 0x6B4E, 0x632D, 0x632D, 0x738E, 0x738F, 0x6B4E,
0x6B4E, 0x738F, 0x6B6E, 0x6B4D, 0x6B6E, 0x7BD0, 0x6B8E, 0x634E, 0x73D0, 0x73AF, 0x634D, 0x6B6E,
0x7BF0, 0x738F, 0x632D, 0x8451, 0x8C51, 0x73AF, 0x6B6E, 0x6B4D, 0x632D, 0x62EC, 0x5ACB, 0x630C,
0xA4F2, 0xB533, 0x4208, 0x0862, 0x0842, 0x0842, 0x0042, 0x0042, 0x0862, 0x0063, 0x0062, 0x0883,
0x0883, 0x10A3, 0x10E4, 0x08A3, 0x10E4, 0x08A3, 0x08A3, 0x0883, 0x08A3, 0x10A4, 0x08A3, 0x08A3,
0x10E4, 0x1105, 0x08C4, 0x10E4, 0x10E4, 0x10C4, 0x08C4, 0x10C4, 0x10E4, 0x10C4, 0x10C4, 0x10E4,
0x1905, 0x1905, 0x10E4, 0x1905, 0x1925, 0x1905, 0x1904, 0x1925, 0x1925, 0x1905, 0x1905, 0x2146,
0x1925, 0x1925, 0x1925, 0x2166, 0x2166, 0x2166, 0x2987, 0x4AAB, 0x5AEC, 0x52AB, 0x4229, 0x52AB,
0x5AEC, 0x52AB, 0x4A8A, 0x52AB, 0x52CB, 0x52AB, 0x4A6A, 0x52AB, 0x52CB, 0x52AB, 0x4A8A, 0x52AB,
0x52CB, 0x52CB, 0x5ACC, 0x6B4E, 0x8411, 0x630D, 0x2966, 0x4A6A, 0x4A8A, 0x0042, 0x0022, 0x0022,
0x0042, 0x0042, 0x0042, 0x0042, 0x0042, 0x0042, 0x0062, 0x10A3, 0x18E4, 0x2125, 0x31A7, 0x31E8,
0x39E8, 0x39E9, 0x39E9, 0x39E9, 0x3A09, 0x3A09, 0x3A08, 0x31C8, 0x31A7, 0x2967, 0x2987, 0x2987,
0x2987, 0x2987, 0x29A7, 0x31A7, 0x31C8, 0x31C8, 0x31A8, 0x31C8, 0x31C8, 0x31C8, 0x31E8, 0x31C8,
0x31C8, 0x2987, 0x2987, 0x2146, 0x1905, 0x1905, 0x18E4, 0x1905, 0x1925, 0x31C8, 0x4A8A, 0x52CB,
0x738E, 0x7BAF, 0x6B6E, 0x31C7, 0x4A4A, 0x31A7, 0x0001, 0x0001, 0x0001, 0x0001, 0x0001, 0x0001,
0x0001, 0x0001, 0x0001, 0x0001, 0x0001, 0x0001, 0x0001, 0x0001, 0xCE59, 0xCE38, 0xC5D6, 0xACD2,
0x8BEF, 0x738E, 0x738E, 0x736E, 0x6B6E, 0x73AF, 0x7BAF, 0x738F, 0x6B4D, 0x6B4E, 0x6B8E, 0x73CF,
0x7BF0, 0x8410, 0x8430, 0x8430, 0x8430, 0x8410, 0x83F0, 0x7BAF, 0x738E, 0x738E, 0x736E, 0x738E,
0x738E, 0x6B6E, 0x6B6E, 0x736E, 0x6B6D, 0x6B4D, 0x6B4D, 0x634D, 0x6B8E, 0x738E, 0x736E, 0x6B4D,
0x6B2D, 0x6B2D, 0x632D, 0x630C, 0x5B0C, 0x630C, 0x630C, 0x630C, 0x632D, 0x6B6E, 0x73CF, 0x7BEF,
0x8410, 0x8430, 0x8C71, 0x8C71, 0x9472, 0x9492, 0x94B2, 0x9492, 0x9492, 0x94B2, 0x9492, 0x9471,
0x8C51, 0x8C51, 0x8C51, 0x8C51, 0x8C51, 0x8C51, 0x8C51, 0x8431, 0x8430, 0x8410, 0x8410, 0x8410,
0x7BF0, 0x6B4D, 0x5AEC, 0x52EC, 0x5AEC, 0x5AEC, 0x5AEC, 0x632D, 0x738E, 0x6B6E, 0x630C, 0x5AEC,
0x5B0C, 0x5AEC, 0x630D, 0x632D, 0x630D, 0x630D, 0x630D, 0x62EC, 0x5AEC, 0x632D, 0x6B2D, 0x630D,
0x630C, 0x630C, 0x6B4D, 0x630C, 0x630C, 0x5AEC, 0x5B0C, 0x630C, 0x630C, 0x6B4D, 0x5B0C, 0x630C,
0x632C, 0x52CB, 0x5AEC, 0x4A8B, 0x52AB, 0x52AB, 0x1904, 0x1905, 0x0883, 0x0062, 0x2167, 0x5AED,
0x632D, 0x630C, 0x630C, 0x5AEC, 0x5AEC, 0x5AEC, 0x5ACC, 0x5AEC, 0x5AEC, 0x630D, 0x630D, 0x630D,
0x630D, 0x6B4E, 0x634E, 0x632D, 0x6B4E, 0x6B6E, 0x6B6E, 0x634D, 0x736F, 0x738F, 0x6B6E, 0x632D,
0x73CF, 0x73AF, 0x634E, 0x6B8E, 0x73CF, 0x6B6E, 0x634D, 0x7BF0, 0x73CF, 0x634E, 0x6B8E, 0x8431,
0x7BD0, 0x6B6E, 0x8C72, 0x8C52, 0x7BD0, 0x630D, 0x5ACB, 0x4A6A, 0x6B4D, 0xA514, 0xB596, 0x736E,
0x0800, 0x1042, 0x0862, 0x0862, 0x0062, 0x0062, 0x0062, 0x0883, 0x0883, 0x0062, 0x10C4, 0x10C4,
0x08A3, 0x0883, 0x08A3, 0x10C3, 0x08A3, 0x08A3, 0x08A3, 0x10C4, 0x10C4, 0x08A4, 0x08C4, 0x10E4,
0x10C4, 0x08C4, 0x10E4, 0x10E4, 0x10C4, 0x10C4, 0x10E4, 0x1905, 0x10E4, 0x10E4, 0x1905, 0x1925,
0x1905, 0x18E5, 0x1925, 0x1925, 0x1905, 0x1905, 0x1925, 0x1905, 0x1905, 0x2166, 0x1925, 0x1905,
0x1925, 0x2145, 0x31C7, 0x4229, 0x3A29, 0x31E8, 0x52AB, 0x5AEC, 0x52AB, 0x4A4A, 0x52CB, 0x52CB,
0x4A8A, 0x4A6A, 0x4A8B, 0x52AB, 0x4A8B, 0x4A6A, 0x52AB, 0x52CC, 0x4A8B, 0x4A8B, 0x52CB, 0x73AF,
0x94B3, 0x6B6E, 0x4208, 0x31C7, 0x52AB, 0x10A3, 0x0042, 0x0022, 0x0042, 0x0042, 0x0041, 0x0041,
0x10A3, 0x1904, 0x2166, 0x31C8, 0x39E8, 0x3208, 0x3208, 0x3A08, 0x3A09, 0x39E9, 0x31A7, 0x2987,
0x2987, 0x2987, 0x31A8, 0x29A7, 0x2966, 0x2966, 0x2987, 0x2987, 0x2166, 0x2146, 0x2146, 0x2166,
0x2987, 0x31A7, 0x31A7, 0x31A7, 0x31A7, 0x2987, 0x31A7, 0x31C8, 0x31E8, 0x31C8, 0x2987, 0x29A7,
0x29A7, 0x2987, 0x2967, 0x2967, 0x2987, 0x39E8, 0x4A8B, 0x5AEC, 0x7BAF, 0x83F0, 0x52AB, 0x2125,
0x52AB, 0x18E4, 0x0001, 0x0021, 0x0001, 0x0001, 0x0001, 0x0001, 0x0001, 0x0001, 0x0001, 0x0001,
0x0001, 0x0001, 0x0001, 0x0001, 0xCE59, 0xCE38, 0xC5D6, 0xACF2, 0x8BEF, 0x738E, 0x738E, 0x736E,
0x6B6E, 0x73AF, 0x7BAF, 0x738E, 0x6B4D, 0x634E, 0x6B8E, 0x73CF, 0x7BF0, 0x8411, 0x8431, 0x8430,
0x8430, 0x8410, 0x83F0, 0x7BAF, 0x7BCF, 0x7BAF, 0x73AE, 0x73AF, 0x736E, 0x6B4D, 0x6B4D, 0x6B4D,
0x6B4D, 0x632D, 0x632D, 0x632D, 0x6B8E, 0x738E, 0x6B2D, 0x630C, 0x632C, 0x630C, 0x630C, 0x5ACC,
0x5AEC, 0x5B0C, 0x630C, 0x630C, 0x632D, 0x738E, 0x7BEF, 0x8410, 0x8430, 0x8C51, 0x9471, 0x8C51,
0x8C72, 0x94B2, 0x9492, 0x9492, 0x9492, 0x9492, 0x9492, 0x9472, 0x8C51, 0x8C71, 0x8C71, 0x8C51,
0x8C51, 0x8C51, 0x8C51, 0x8431, 0x8431, 0x8C11, 0x8C11, 0x8C11, 0x7BF0, 0x634D, 0x52EC, 0x52EC,
0x5AEC, 0x5AEC, 0x630D, 0x634D, 0x6B4D, 0x6B4D, 0x630C, 0x5B0C, 0x5AEC, 0x5AEC, 0x630D, 0x632D,
0x5B0D, 0x5B0D, 0x630D, 0x630D, 0x632D, 0x6B4D, 0x632D, 0x630C, 0x632D, 0x634D, 0x6B2D, 0x630C,
0x630C, 0x5B0C, 0x5B0C, 0x5B0C, 0x6B6E, 0x6B8E, 0x630C, 0x634D, 0x5AEC, 0x5ACB, 0x5AEC, 0x4A8B,
0x52CB, 0x2987, 0x1904, 0x10C4, 0x0083, 0x08A4, 0x52CC, 0x632E, 0x5B2D, 0x630D, 0x630D, 0x634D,
0x632D, 0x6B4E, 0x6B4D, 0x6B4D, 0x630D, 0x632D, 0x6B4E, 0x6B2D, 0x6B4D, 0x6B6E, 0x6B4E, 0x632D,
0x738F, 0x6B8E, 0x6B4E, 0x6B6E, 0x738F, 0x6B6E, 0x632D, 0x73AF, 0x73AF, 0x634D, 0x634D, 0x73CF,
0x6B8F, 0x632D, 0x73AF, 0x73CF, 0x634D, 0x634E, 0x7BF0, 0x73D0, 0x6B6F, 0x7BF0, 0x94D3, 0x8C31,
0x7BCF, 0x8C72, 0x7BCF, 0x630C, 0x52CB, 0x4A8B, 0x738F, 0xB575, 0x7B8D, 0x3145, 0x0862, 0x0862,
0x0862, 0x0883, 0x0863, 0x0062, 0x0062, 0x0863, 0x0883, 0x0883, 0x0883, 0x0883, 0x08A3, 0x08A3,
0x0883, 0x08A3, 0x10C4, 0x10A4, 0x08A3, 0x08C4, 0x08C4, 0x08C4, 0x08C4, 0x08C4, 0x10E4, 0x10C4,
0x08C4, 0x10E4, 0x1105, 0x10E4, 0x10C4, 0x1905, 0x1925, 0x1905, 0x10E4, 0x1925, 0x1925, 0x1905,
0x1905, 0x1925, 0x1925, 0x1905, 0x1925, 0x2166, 0x1905, 0x1905, 0x1925, 0x2146, 0x2146, 0x2146,
0x29A7, 0x426A, 0x4A8A, 0x4249, 0x3A29, 0x52CB, 0x52AB, 0x4A6A, 0x4A6A, 0x52AB, 0x52AB, 0x4A8A,
0x424A, 0x52AB, 0x52CB, 0x4A8B, 0x4A6A, 0x52CB, 0x5AEC, 0x630D, 0x7BF0, 0x6B8E, 0x4208, 0x31A7,
0x52CB, 0x2125, 0x0042, 0x0022, 0x0042, 0x0042, 0x0062, 0x2125, 0x31C8, 0x4249, 0x426A, 0x4A8B,
0x4229, 0x3A09, 0x29A7, 0x29A7, 0x39E8, 0x39C8, 0x2987, 0x2987, 0x2187, 0x2166, 0x2987, 0x2987,
0x2987, 0x2987, 0x2987, 0x2166, 0x2146, 0x2146, 0x2146, 0x2146, 0x2166, 0x2966, 0x2987, 0x31A7,
0x2987, 0x2966, 0x2987, 0x29A7, 0x29A7, 0x29A7, 0x29A7, 0x31A7, 0x31C8, 0x39E8, 0x31E8, 0x31C8,
0x2987, 0x39E8, 0x528A, 0x736E, 0x83F0, 0x7BD0, 0x3A08, 0x31C8, 0x424A, 0x0842, 0x0001, 0x0021,
0x0001, 0x0001, 0x0001, 0x0001, 0x0001, 0x0001, 0x0001, 0x0001, 0x0001, 0x0001, 0x0001, 0x0001,
0xCE59, 0xCE38, 0xC5D6, 0xA4D2, 0x83CF, 0x738E, 0x736E, 0x6B6D, 0x6B8E, 0x73AF, 0x73AF, 0x6B4D,
0x634D, 0x632D, 0x6B8E, 0x7BF0, 0x8410, 0x8431, 0x8C51, 0x8C51, 0x8430, 0x8410, 0x7BCF, 0x7BAF,
0x73AF, 0x7BAF, 0x73AE, 0x73AE, 0x6B6E, 0x632D, 0x632D, 0x632D, 0x632D, 0x632D, 0x630D, 0x632D,
0x6B6E, 0x6B6E, 0x630C, 0x632C, 0x630C, 0x5AEC, 0x5AEC, 0x5AEC, 0x5AEC, 0x5B0C, 0x630C, 0x630C,
0x632D, 0x738E, 0x7C10, 0x8430, 0x8C51, 0x8C71, 0x8C71, 0x8C71, 0x9492, 0x9492, 0x94B2, 0x9492,
0x9492, 0x9472, 0x8C71, 0x8C71, 0x8C51, 0x8C51, 0x8C51, 0x8C51, 0x8C51, 0x8C51, 0x8431, 0x8C31,
0x8C31, 0x8C11, 0x8C31, 0x8C31, 0x7BCF, 0x634D, 0x5AEC, 0x5AEC, 0x5AEC, 0x5AEC, 0x632D, 0x6B4D,
0x634D, 0x632D, 0x630C, 0x630D, 0x5B0C, 0x5B0C, 0x632D, 0x630D, 0x5B0C, 0x632D, 0x632C, 0x630C,
0x632D, 0x6B4D, 0x632D, 0x632D, 0x632D, 0x6B4D, 0x6B2D, 0x630C, 0x630C, 0x630C, 0x630C, 0x632D,
0x7BCF, 0x632C, 0x6B6E, 0x630C, 0x5AEC, 0x5AEB, 0x52CB, 0x4A8A, 0x31C7, 0x2125, 0x10E4, 0x08C3,
0x0083, 0x31E8, 0x632D, 0x632D, 0x632D, 0x6B2D, 0x6B2D, 0x632D, 0x632D, 0x632D, 0x634D, 0x6B4D,
0x6B4E, 0x6B4D, 0x6B4E, 0x6B4E, 0x6B6E, 0x6B4E, 0x6B6E, 0x738E, 0x738F, 0x6B4E, 0x634D, 0x738F,
0x738F, 0x6B6E, 0x6B6E, 0x73CF, 0x6B8E, 0x634D, 0x73AF, 0x73CF, 0x6B6E, 0x632E, 0x73D0, 0x6B6E,
0x634D, 0x73AF, 0x7BD0, 0x6B6E, 0x6B4E, 0x8431, 0x8431, 0x6B6E, 0x8C51, 0x94B3, 0x8410, 0x73AE,
0x632D, 0x52AA, 0x52AB, 0x94B2, 0xB595, 0x9CB2, 0x2945, 0x1062, 0x0862, 0x0862, 0x0062, 0x0883,
0x0883, 0x0883, 0x0883, 0x0883, 0x0883, 0x0883, 0x0883, 0x0883, 0x08A3, 0x10C4, 0x10C4, 0x08A3,
0x08A4, 0x10C4, 0x08C4, 0x08A3, 0x10C4, 0x10C4, 0x08C4, 0x08C4, 0x10E4, 0x10E4, 0x10C4, 0x10C4,
0x18E4, 0x1905, 0x1904, 0x10E4, 0x1905, 0x1925, 0x1905, 0x1905, 0x1905, 0x1905, 0x1104, 0x1925,
0x2145, 0x1905, 0x1905, 0x1905, 0x1925, 0x1925, 0x2146, 0x2146, 0x31C8, 0x424A, 0x3A08, 0x3A08,
0x52CC, 0x52AB, 0x424A, 0x4A4A, 0x52AB, 0x528B, 0x424A, 0x4A6A, 0x52AB, 0x52AB, 0x4A8A, 0x4A6A,
0x52AB, 0x52AB, 0x52AB, 0x52AC, 0x6B6E, 0x8C72, 0x5ACB, 0x39C7, 0x528B, 0x31A7, 0x0042, 0x0022,
0x0882, 0x2125, 0x4208, 0x4A6A, 0x52AB, 0x4AAB, 0x4A8A, 0x4249, 0x3A09, 0x31C8, 0x29A7, 0x2987,
0x31C8, 0x31C8, 0x2987, 0x2166, 0x2166, 0x2166, 0x2166, 0x2166, 0x2987, 0x2987, 0x2967, 0x2166,
0x2146, 0x2146, 0x2146, 0x2146, 0x2146, 0x2166, 0x2166, 0x2166, 0x2146, 0x2166, 0x2166, 0x2166,
0x2166, 0x2966, 0x2966, 0x2987, 0x2987, 0x31C8, 0x31C8, 0x31E8, 0x39E8, 0x4A6A, 0x634D, 0x6B6E,
0x7BF0, 0x630D, 0x2145, 0x52CC, 0x31C8, 0x0001, 0x0001, 0x0001, 0x0001, 0x0001, 0x0001, 0x0001,
0x0001, 0x0001, 0x0001, 0x0001, 0x0001, 0x0001, 0x0001, 0x0001, 0xCE58, 0xCE17, 0xC595, 0xA471,
0x83AE, 0x738E, 0x6B6E, 0x6B4D, 0x6B6E, 0x73AF, 0x6B8E, 0x632D, 0x5B0C, 0x6B6E, 0x73F0, 0x7C10,
0x8410, 0x8431, 0x8C71, 0x8C71, 0x8C51, 0x8410, 0x7BCF, 0x7BCF, 0x7BAF, 0x73AE, 0x738E, 0x738F,
0x6B6E, 0x630C, 0x5AEC, 0x5ACC, 0x5B0C, 0x630D, 0x5B0C, 0x632D, 0x634D, 0x632D, 0x632D, 0x632C,
0x630C, 0x5AEC, 0x5ACB, 0x5AEC, 0x5B0C, 0x630C, 0x630C, 0x630C, 0x634D, 0x73AF, 0x8411, 0x9472,
0x9492, 0x9472, 0x9471, 0x9471, 0x9471, 0x94B2, 0x94B2, 0x9492, 0x9472, 0x9472, 0x8C51, 0x8C71,
0x8C71, 0x8C51, 0x8C51, 0x8C51, 0x8C51, 0x8C31, 0x8C31, 0x8C31, 0x8C31, 0x8C31, 0x8C31, 0x8C31,
0x7BCF, 0x5B0C, 0x5AEC, 0x5AEC, 0x5AEC, 0x5AEC, 0x632D, 0x6B4D, 0x630C, 0x630C, 0x630C, 0x5AEC,
0x5AEC, 0x632D, 0x632D, 0x630C, 0x630C, 0x634D, 0x630C, 0x630C, 0x6B4D, 0x6B4D, 0x6B2D, 0x632D,
0x6B2D, 0x6B2D, 0x6B2D, 0x6B2D, 0x6B2D, 0x6B2D, 0x632C, 0x6B2D, 0x632C, 0x6B4D, 0x6B4D, 0x630C,
0x5AEC, 0x5AEB, 0x528A, 0x4249, 0x29A6, 0x10E4, 0x10C4, 0x0083, 0x10E4, 0x52ED, 0x632D, 0x6B4D,
0x6B4D, 0x6B4D, 0x6B4D, 0x6B4D, 0x6B4D, 0x6B4D, 0x6B4E, 0x6B4D, 0x6B2D, 0x6B4D, 0x6B4D, 0x6B4D,
0x6B6E, 0x632D, 0x6B4E, 0x738F, 0x738E, 0x6B4E, 0x6B6F, 0x73AF, 0x738F, 0x6B4E, 0x73AF, 0x738F,
0x6B4E, 0x6B6E, 0x7BD0, 0x6B8F, 0x632D, 0x6BAF, 0x73AF, 0x634E, 0x6B8F, 0x73D0, 0x6B6E, 0x632D,
0x73D0, 0x7BF0, 0x6B6E, 0x73AF, 0x94B3, 0x94B3, 0x83F0, 0x94B2, 0x9CB2, 0x7BAE, 0x630C, 0x528A,
0x630D, 0xA534, 0xB575, 0x3144, 0x1082, 0x0882, 0x0883, 0x0883, 0x0063, 0x0063, 0x0883, 0x0883,
0x0883, 0x0883, 0x0883, 0x0883, 0x0883, 0x10A4, 0x08A3, 0x08A3, 0x10A4, 0x10C3, 0x08A3, 0x10C3,
0x10C4, 0x08C3, 0x08C3, 0x10C4, 0x10E4, 0x10C4, 0x10C4, 0x10E4, 0x1905, 0x10C4, 0x10C4, 0x1925,
0x1905, 0x10E4, 0x1905, 0x1905, 0x10E4, 0x10E4, 0x1925, 0x1925, 0x1905, 0x1905, 0x1925, 0x1905,
0x1905, 0x1905, 0x1925, 0x1946, 0x2166, 0x2146, 0x31A7, 0x4A8B, 0x4A8B, 0x3A09, 0x4229, 0x52AB,
0x4A8A, 0x4229, 0x4A6A, 0x52AB, 0x4A8B, 0x4A6A, 0x4A6A, 0x52AB, 0x52AB, 0x4A8A, 0x426A, 0x52ED,
0x7C11, 0x94B3, 0x5B0C, 0x39E8, 0x4209, 0x528B, 0x0021, 0x2125, 0x31A7, 0x5ACB, 0x736E, 0x632D,
0x52CB, 0x4A8A, 0x4249, 0x39E8, 0x31E8, 0x29A7, 0x2987, 0x2987, 0x31A8, 0x29A7, 0x2966, 0x2146,
0x2166, 0x2166, 0x2146, 0x2146, 0x2166, 0x2166, 0x2166, 0x2146, 0x2146, 0x2126, 0x2146, 0x2146,
0x2146, 0x2146, 0x2146, 0x2146, 0x2126, 0x2126, 0x2146, 0x2146, 0x2146, 0x2166, 0x2186, 0x2967,
0x2967, 0x2987, 0x31A7, 0x31C8, 0x39E8, 0x4249, 0x52AB, 0x634D, 0x73AF, 0x4A49, 0x31C7, 0x4A8B,
0x0042, 0x0001, 0x0001, 0x0001, 0x0001, 0x0001, 0x0001, 0x0001, 0x0001, 0x0001, 0x0001, 0x0001,
0x0001, 0x0001, 0x0001, 0x0001, 0xCE58, 0xCE17, 0xC595, 0x9C91, 0x83AE, 0x736E, 0x6B4D, 0x6B2D,
0x6B6E, 0x73AF, 0x6B8E, 0x632D, 0x632D, 0x6B8E, 0x7C10, 0x7C10, 0x8410, 0x8C31, 0x8C51, 0x8C71,
0x8C51, 0x8410, 0x7BCF, 0x7BCF, 0x7BCF, 0x738D, 0x6B6D, 0x738F, 0x6B8E, 0x632D, 0x52CB, 0x52CB,
0x5AEC, 0x5AEC, 0x5AEC, 0x630D, 0x630D, 0x630D, 0x632D, 0x632D, 0x5B0C, 0x5ACB, 0x5ACB, 0x5AEC,
0x5AEC, 0x5B0C, 0x630C, 0x630C, 0x634D, 0x7BCF, 0x8431, 0x9472, 0x9492, 0x9492, 0x9471, 0x9471,
0x9472, 0x9492, 0x9492, 0x9492, 0x9492, 0x9472, 0x9471, 0x8C71, 0x8C71, 0x8C51, 0x8C51, 0x8C31,
0x8C31, 0x8C31, 0x8430, 0x8431, 0x8431, 0x8430, 0x8C31, 0x8430, 0x738E, 0x5AEC, 0x5AEC, 0x5AEC,
0x5B0C, 0x630D, 0x632D, 0x632D, 0x630C, 0x630C, 0x630C, 0x5AEC, 0x5B0C, 0x632D, 0x632C, 0x630C,
0x634D, 0x632D, 0x630C, 0x634D, 0x6B4D, 0x6B4D, 0x6B2D, 0x6B4D, 0x6B4D, 0x6B4D, 0x6B4D, 0x6B2D,
0x6B2D, 0x630C, 0x6B4D, 0x6B6D, 0x6B4D, 0x6B2D, 0x630C, 0x630C, 0x5B0C, 0x5AEB, 0x4A69, 0x31C7,
0x1924, 0x10C3, 0x08A3, 0x0062, 0x31E8, 0x634E, 0x634D, 0x6B6E, 0x736E, 0x6B6E, 0x738E, 0x738E,
0x736E, 0x736E, 0x736E, 0x738E, 0x738E, 0x736E, 0x6B6E, 0x738E, 0x738E, 0x6B4E, 0x738E, 0x73AF,
0x6B6E, 0x6B6E, 0x73AF, 0x73AF, 0x6B6E, 0x738F, 0x73CF, 0x6B8E, 0x6B4E, 0x73AF, 0x73AF, 0x634E,
0x6B6E, 0x6BAF, 0x6B4E, 0x632D, 0x73AF, 0x73AF, 0x634E, 0x6B6E, 0x7BF0, 0x738F, 0x632D, 0x8431,
0x8431, 0x7BF0, 0x8410, 0xA4F3, 0xA4F3, 0x83CE, 0x83EF, 0x73AF, 0x4A8B, 0x7BD0, 0xBD95, 0xBD74,
0x5289, 0x0841, 0x0862, 0x0883, 0x0062, 0x0062, 0x0883, 0x08A3, 0x0883, 0x0083, 0x0883, 0x0883,
0x0883, 0x08A3, 0x10C4, 0x10C4, 0x08A3, 0x08A3, 0x10C3, 0x10C3, 0x08C3, 0x08C3, 0x08C3, 0x10C4,
0x08C4, 0x08C4, 0x10E4, 0x10E4, 0x10C4, 0x10C4, 0x1905, 0x1905, 0x10E4, 0x10E4, 0x1905, 0x18E5,
0x10C4, 0x1905, 0x1905, 0x1905, 0x1905, 0x1926, 0x1905, 0x1905, 0x1905, 0x2146, 0x1905, 0x1925,
0x1925, 0x2146, 0x31C8, 0x4229, 0x31C8, 0x3A29, 0x4AAB, 0x4A8A, 0x4229, 0x4A6A, 0x52AB, 0x4A6A,
0x4A4A, 0x4A6A, 0x52AB, 0x528B, 0x4A8A, 0x4A8B, 0x5AEC, 0x5B0D, 0x634E, 0x73F0, 0x738F, 0x4209,
0x39E8, 0x52AB, 0x39C8, 0x52AB, 0x6BAF, 0x73AF, 0x738F, 0x632D, 0x52CB, 0x424A, 0x4229, 0x31E8,
0x31E8, 0x29A7, 0x29A7, 0x29A7, 0x31A8, 0x2967, 0x2166, 0x2146, 0x2166, 0x2166, 0x2166, 0x2166,
0x2166, 0x2166, 0x2166, 0x2146, 0x2126, 0x2126, 0x1925, 0x1925, 0x2146, 0x2146, 0x2146, 0x2126,
0x2126, 0x2126, 0x2146, 0x2146, 0x2146, 0x2166, 0x2166, 0x2166, 0x2966, 0x2987, 0x2987, 0x2987,
0x31A7, 0x31A8, 0x39E8, 0x4A8B, 0x52AB, 0x2986, 0x4A6A, 0x2987, 0x0021, 0x0001, 0x0001, 0x0001,
0x0001, 0x0001, 0x0001, 0x0001, 0x0001, 0x0001, 0x0001, 0x0001, 0x0001, 0x0001, 0x0001, 0x0001,
0xCE38, 0xC5F7, 0xBD54, 0x9410, 0x7BAE, 0x736E, 0x6B4E, 0x6B4E, 0x738F, 0x73AF, 0x6B6E, 0x634D,
0x632D, 0x6B8E, 0x7BF0, 0x7BF0, 0x8410, 0x8430, 0x8430, 0x8430, 0x8410, 0x7BF0, 0x7BAF, 0x7BAF,
0x73AE, 0x738E, 0x6B6D, 0x6B4E, 0x6B4D, 0x632D, 0x5AEC, 0x52CB, 0x5ACC, 0x5AEC, 0x5ACC, 0x5AEC,
0x5AEC, 0x5AEC, 0x630D, 0x630C, 0x5AEC, 0x52AB, 0x52CB, 0x5ACB, 0x5AEC, 0x5AEC, 0x630C, 0x630C,
0x6B6D, 0x7BCF, 0x8410, 0x8C51, 0x8C71, 0x9492, 0x9492, 0x9492, 0x9492, 0x9492, 0x9492, 0x9492,
0x9492, 0x9492, 0x9471, 0x8C71, 0x8C71, 0x8C71, 0x8C51, 0x8430, 0x8C31, 0x8C31, 0x8430, 0x8431,
0x8431, 0x8430, 0x8C31, 0x8410, 0x6B4D, 0x5AEC, 0x5AEC, 0x5B0C, 0x5B0C, 0x630D, 0x632D, 0x6B4D,
0x6B4D, 0x630C, 0x630C, 0x5AEC, 0x632C, 0x632D, 0x632D, 0x632D, 0x6B4D, 0x634D, 0x6B2D, 0x6B4D,
0x6B4D, 0x6B4D, 0x6B4D, 0x6B4D, 0x6B6E, 0x6B4D, 0x6B4D, 0x6B2D, 0x6B2D, 0x6B4D, 0x6B6D, 0x6B6D,
0x736E, 0x6B2D, 0x630C, 0x5AEC, 0x5AEC, 0x52AA, 0x4228, 0x2986, 0x10E4, 0x0883, 0x0883, 0x1105,
0x5B4D, 0x6B6E, 0x6B6E, 0x6B6E, 0x6B8E, 0x6B6E, 0x738E, 0x738E, 0x6B6E, 0x6B4D, 0x6B6E, 0x6B8E,
0x738E, 0x6B6E, 0x6B6E, 0x738F, 0x738F, 0x6B6E, 0x738F, 0x738F, 0x6B6E, 0x738F, 0x73AF, 0x73AF,
0x6B6E, 0x7BD0, 0x738F, 0x634D, 0x738F, 0x73AF, 0x6B6E, 0x634D, 0x73AF, 0x6B6E, 0x632D, 0x6B6E,
0x738F, 0x6B4E, 0x632D, 0x73D0, 0x73AF, 0x632D, 0x6B8E, 0x7C10, 0x6B8E, 0x634D, 0x8C72, 0x9CD3,
0x8C51, 0x9471, 0xAD33, 0x9CD3, 0x73AF, 0x630C, 0x52AA, 0x9CB2, 0xB5B6, 0x5ACA, 0x18A2, 0x0862,
0x0883, 0x0883, 0x0883, 0x0883, 0x08A3, 0x08C4, 0x0883, 0x0083, 0x0883, 0x08A3, 0x08A3, 0x0883,
0x0883, 0x10C3, 0x10C3, 0x08A3, 0x08A3, 0x08C3, 0x08C3, 0x10C4, 0x08C4, 0x10C4, 0x10C4, 0x08C4,
0x10C4, 0x10E4, 0x1905, 0x10C4, 0x10E4, 0x1905, 0x10E4, 0x10C4, 0x10E5, 0x1905, 0x10E4, 0x10E4,
0x10E5, 0x1905, 0x1905, 0x1905, 0x2146, 0x2146, 0x1905, 0x1925, 0x1905, 0x1925, 0x2146, 0x2146,
0x3A08, 0x4A8B, 0x4249, 0x3A09, 0x4A6A, 0x4A8B, 0x4A6A, 0x4249, 0x4A6A, 0x4A8A, 0x52AB, 0x4A6A,
0x4A8A, 0x52AB, 0x52AB, 0x4AAB, 0x52EC, 0x8C93, 0x8C93, 0x52AB, 0x31A7, 0x5ACC, 0x6B6E, 0x73F0,
0x73F0, 0x6B8F, 0x6B6E, 0x5B0D, 0x52CB, 0x4A6A, 0x4229, 0x39E9, 0x31E8, 0x31C8, 0x29A7, 0x29A7,
0x2987, 0x2967, 0x2967, 0x2166, 0x2166, 0x2166, 0x2166, 0x2167, 0x2166, 0x2166, 0x2166, 0x2146,
0x2126, 0x2126, 0x2146, 0x2146, 0x2146, 0x2146, 0x2146, 0x2146, 0x2126, 0x2126, 0x2146, 0x2146,
0x2146, 0x2146, 0x2146, 0x2146, 0x2146, 0x2166, 0x2166, 0x2987, 0x3187, 0x31A7, 0x2987, 0x31A7,
0x31E8, 0x31C8, 0x5B0D, 0x2146, 0x0001, 0x0001, 0x0001, 0x0001, 0x0001, 0x0001, 0x0001, 0x0001,
0x0001, 0x0001, 0x0001, 0x0001, 0x0001, 0x0001, 0x0001, 0x0001, 0xCE38, 0xC5F7, 0xBD34, 0x8BEF,
0x7BAF, 0x736E, 0x6B4E, 0x6B6E, 0x738F, 0x73AF, 0x6B6E, 0x632D, 0x634D, 0x6B8E, 0x73CF, 0x7BF0,
0x8430, 0x8431, 0x8430, 0x7BEF, 0x7BEF, 0x7BF0, 0x7BCF, 0x7BAF, 0x738E, 0x73AF, 0x738E, 0x6B2D,
0x630C, 0x632D, 0x5B0C, 0x5B0C, 0x5ACB, 0x5ACB, 0x5ACB, 0x5ACC, 0x52CC, 0x5ACC, 0x5ACC, 0x5ACC,
0x52CB, 0x52AB, 0x52AB, 0x5ACB, 0x5ACB, 0x5AEC, 0x5AEC, 0x630C, 0x6B6E, 0x7BCF, 0x8410, 0x8410,
0x8C51, 0x9492, 0x9472, 0x9472, 0x9492, 0x9492, 0x9492, 0x9492, 0x9492, 0x9492, 0x9471, 0x8C71,
0x8C71, 0x8C71, 0x8C51, 0x8C31, 0x8C31, 0x8431, 0x8C31, 0x8C31, 0x8C31, 0x8430, 0x8430, 0x7BEF,
0x634D, 0x5AEC, 0x5B0C, 0x5B0C, 0x5B0C, 0x632D, 0x6B4E, 0x6B4E, 0x6B4D, 0x630C, 0x5AEC, 0x5B0C,
0x632D, 0x632D, 0x632C, 0x6B4D, 0x6B4D, 0x632D, 0x6B6E, 0x736E, 0x6B4E, 0x6B4D, 0x6B4D, 0x736E,
0x736E, 0x6B4D, 0x6B4D, 0x6B4D, 0x6B4D, 0x738E, 0x6B4D, 0x6B2D, 0x6B2D, 0x6B0C, 0x630C, 0x5AEC,
0x5AEB, 0x4A8A, 0x39E8, 0x2125, 0x10C3, 0x0883, 0x08A3, 0x424A, 0x636E, 0x6B6E, 0x6B8E, 0x6B8E,
0x6B8E, 0x738E, 0x73AF, 0x73AF, 0x73AF, 0x738E, 0x736E, 0x6B6E, 0x6B6E, 0x6B6E, 0x6B6E, 0x738E,
0x6B4E, 0x73CF, 0x73AF, 0x736E, 0x6B6E, 0x73AF, 0x73AF, 0x6B8E, 0x73AF, 0x7BD0, 0x6B8E, 0x6B4E,
0x73AF, 0x738E, 0x632D, 0x6B8E, 0x73AF, 0x6B4E, 0x632D, 0x73AF, 0x6B6E, 0x632D, 0x73AF, 0x7BD0,
0x634E, 0x634D, 0x73CF, 0x73AF, 0x634D, 0x73CF, 0x8C52, 0x8431, 0x73AF, 0xA514, 0xAD54, 0x8C51,
0x8410, 0x8C30, 0x630C, 0x6B6D, 0x9CD3, 0xC5D6, 0x83AE, 0x1882, 0x0883, 0x0883, 0x0883, 0x0883,
0x0883, 0x08A3, 0x08A3, 0x10E4, 0x10C4, 0x0883, 0x0883, 0x0883, 0x10E4, 0x08A3, 0x0883, 0x0883,
0x08C3, 0x08C3, 0x08A3, 0x08C4, 0x10C4, 0x10C4, 0x10C4, 0x10C4, 0x1905, 0x10E4, 0x10C3, 0x10C4,
0x1105, 0x10E4, 0x10C4, 0x10E4, 0x1905, 0x10E4, 0x10C4, 0x10E4, 0x10E4, 0x10E4, 0x1905, 0x1905,
0x1925, 0x1905, 0x1905, 0x1905, 0x1905, 0x1905, 0x1925, 0x2987, 0x39E8, 0x39E8, 0x31A7, 0x4A6A,
0x4A8B, 0x4249, 0x3A09, 0x4A6A, 0x52AB, 0x4A8A, 0x4249, 0x4A8A, 0x52AB, 0x52AA, 0x4A8A, 0x52AB,
0x634E, 0x7C11, 0x8C72, 0x52CC, 0x4A8A, 0x632D, 0x73CF, 0x73D0, 0x6B8E, 0x634D, 0x632D, 0x5B0C,
0x52EC, 0x4A8B, 0x4A6A, 0x3A29, 0x3A09, 0x31E8, 0x29A7, 0x2987, 0x2967, 0x2967, 0x2967, 0x2166,
0x2166, 0x2166, 0x2166, 0x2166, 0x2166, 0x2166, 0x2146, 0x2146, 0x2126, 0x2126, 0x2146, 0x2146,
0x2146, 0x2146, 0x2146, 0x2126, 0x2126, 0x2126, 0x2146, 0x2146, 0x2146, 0x2146, 0x2146, 0x2146,
0x2126, 0x2146, 0x2146, 0x2166, 0x2987, 0x2987, 0x2966, 0x3187, 0x31A8, 0x3A29, 0x3A09, 0x1925,
0x10A3, 0x0001, 0x0001, 0x0001, 0x0001, 0x0001, 0x0001, 0x0001, 0x0001, 0x0001, 0x0001, 0x0001,
0x0001, 0x0001, 0x0001, 0x0001, 0xCE38, 0xC5F7, 0xBD34, 0x8BEF, 0x7BAE, 0x6B6E, 0x6B4D, 0x6B4D,
0x6B6E, 0x6B6E, 0x632D, 0x632D, 0x6B4D, 0x6B8E, 0x73AF, 0x7BF0, 0x7C10, 0x8431, 0x8451, 0x7C0F,
0x7BEF, 0x7BEF, 0x7BF0, 0x7BAF, 0x738E, 0x6B6E, 0x6B2D, 0x5AEC, 0x52AB, 0x52CC, 0x52EC, 0x5AEC,
0x5ACB, 0x5ACB, 0x5ACB, 0x52AB, 0x52CC, 0x52CC, 0x52AB, 0x52AB, 0x52AB, 0x52AB, 0x52AB, 0x52CB,
0x5ACB, 0x5ACC, 0x5AEC, 0x630C, 0x6B6E, 0x7BCF, 0x8410, 0x8410, 0x8C51, 0x8C71, 0x8C71, 0x8C71,
0x8C71, 0x8C72, 0x9492, 0x9492, 0x9492, 0x9472, 0x8C71, 0x8C71, 0x8C71, 0x8C51, 0x8430, 0x8C51,
0x8C31, 0x8431, 0x8C31, 0x8C31, 0x8C30, 0x8430, 0x8430, 0x7BCF, 0x632D, 0x5AEC, 0x5B0C, 0x5B0C,
0x5B0C, 0x632D, 0x6B4E, 0x6B6E, 0x6B4D, 0x630C, 0x5AEC, 0x630D, 0x632D, 0x630C, 0x632D, 0x6B4D,
0x6B2D, 0x632D, 0x6B6D, 0x6B6E, 0x6B4D, 0x6B4D, 0x6B6D, 0x736D, 0x6B4D, 0x6B4D, 0x6B4D, 0x6B4D,
0x73AE, 0x738E, 0x6B6D, 0x6B2D, 0x632C, 0x630C, 0x630C, 0x5AEC, 0x52CB, 0x4A69, 0x31A7, 0x10E4,
0x08C3, 0x0883, 0x1905, 0x5B2D, 0x6B8E, 0x6B6E, 0x6B8E, 0x6B6E, 0x6B6E, 0x73AF, 0x7BCF, 0x73AF,
0x738E, 0x7BAF, 0x738E, 0x73AF, 0x738E, 0x73AF, 0x7BCF, 0x738E, 0x738F, 0x7BD0, 0x73CF, 0x736E,
0x73CF, 0x73CF, 0x73AF, 0x6B8E, 0x7BD0, 0x73AF, 0x6B6E, 0x738F, 0x738F, 0x6B6E, 0x6B6E, 0x73AF,
0x6B6E, 0x632D, 0x738F, 0x73AF, 0x6B4D, 0x6B4D, 0x7BD0, 0x738F, 0x632D, 0x6B8F, 0x73CF, 0x6B4E,
0x6B4E, 0x8410, 0x7BCF, 0x6B6E, 0x8410, 0x9CF4, 0x9CD3, 0x8C51, 0xAD55, 0xAD75, 0x7BEF, 0x634D,
0x528A, 0x8C0F, 0xC5D6, 0x8C50, 0x2104, 0x0862, 0x0883, 0x0883, 0x0883, 0x0083, 0x08A3, 0x08C4,
0x0883, 0x0883, 0x0883, 0x08A3, 0x08A3, 0x08A3, 0x0883, 0x08A3, 0x08C3, 0x08A3, 0x08A3, 0x08C4,
0x10C4, 0x08C4, 0x08C4, 0x10E4, 0x18E4, 0x10C4, 0x10C3, 0x10E4, 0x1105, 0x10C4, 0x10E4, 0x10E4,
0x10C4, 0x10E5, 0x10E4, 0x10E4, 0x10E4, 0x10E4, 0x1905, 0x1905, 0x1905, 0x1905, 0x1905, 0x1905,
0x1905, 0x1925, 0x2146, 0x2146, 0x2986, 0x2166, 0x3A29, 0x4A8A, 0x4229, 0x39E8, 0x4A8A, 0x4A8A,
0x4A6A, 0x4249, 0x4A8A, 0x52AB, 0x4A8A, 0x4A69, 0x4AAB, 0x52CC, 0x5AEC, 0x5B0D, 0x73CF, 0x634D,
0x5B0C, 0x634E, 0x634D, 0x5B2D, 0x5B0C, 0x5B0D, 0x632D, 0x5B2D, 0x5B0D, 0x52CC, 0x4A6A, 0x424A,
0x3A29, 0x31E8, 0x29A7, 0x2987, 0x2967, 0x2967, 0x2967, 0x2966, 0x2966, 0x2966, 0x2966, 0x2966,
0x2166, 0x2146, 0x2146, 0x2146, 0x2146, 0x2146, 0x2146, 0x2146, 0x2146, 0x2166, 0x2166, 0x2146,
0x2126, 0x2126, 0x2146, 0x2146, 0x2146, 0x2146, 0x2146, 0x2146, 0x2126, 0x1926, 0x1926, 0x1926,
0x2146, 0x2966, 0x2966, 0x2987, 0x31C8, 0x31C8, 0x31C8, 0x29A7, 0x2145, 0x0883, 0x0001, 0x0001,
0x0001, 0x0001, 0x0001, 0x0001, 0x0001, 0x0001, 0x0001, 0x0001, 0x0001, 0x0001, 0x0001, 0x0001,
0xCE38, 0xC5F7, 0xBD54, 0x9430, 0x736D, 0x6B6D, 0x6B4D, 0x6B4D, 0x6B4D, 0x6B2C, 0x630C, 0x632D,
0x6B6E, 0x6B8E, 0x73CF, 0x7BF0, 0x7BF0, 0x8430, 0x8430, 0x8410, 0x7BCF, 0x7BCF, 0x7BCF, 0x73AF,
0x6B6E, 0x6B4D, 0x630C, 0x5ACB, 0x52AB, 0x52AB, 0x4A8A, 0x4A8B, 0x52CB, 0x5ACC, 0x52AB, 0x4A8A,
0x4A8B, 0x52AB, 0x4A8B, 0x4A8B, 0x52AB, 0x52AB, 0x52AB, 0x52AB, 0x5ACB, 0x5ACC, 0x5AEC, 0x630D,
0x6B8E, 0x7BCF, 0x8410, 0x8C30, 0x8C51, 0x8C51, 0x8C71, 0x9471, 0x9472, 0x8C72, 0x8C71, 0x8C71,
0x8C71, 0x8C71, 0x8C51, 0x8C51, 0x8C31, 0x8C51, 0x8C31, 0x8C31, 0x8C30, 0x8430, 0x8430, 0x8410,
0x8410, 0x8410, 0x8410, 0x73AF, 0x632D, 0x5AEC, 0x630C, 0x630D, 0x630D, 0x632D, 0x6B4D, 0x6B4D,
0x632D, 0x630C, 0x630C, 0x6B4D, 0x6B4D, 0x632D, 0x6B4D, 0x6B4D, 0x632D, 0x6B6E, 0x6B6E, 0x736E,
0x6B4D, 0x6B4D, 0x736E, 0x736E, 0x6B4D, 0x6B4D, 0x6B4D, 0x738E, 0x7BAF, 0x738E, 0x6B6E, 0x6B4D,
0x632C, 0x630C, 0x630C, 0x52AB, 0x528A, 0x4208, 0x2105, 0x10C3, 0x08C3, 0x0883, 0x4229, 0x73AF,
0x738F, 0x73AF, 0x73AF, 0x738E, 0x7BAF, 0x7BCF, 0x7BAF, 0x7BAF, 0x7BAF, 0x7BAF, 0x7BCF, 0x738E,
0x738E, 0x738F, 0x738F, 0x6B6E, 0x7BCF, 0x7BAF, 0x738E, 0x738F, 0x7BD0, 0x73AF, 0x6B4E, 0x7BB0,
0x7BCF, 0x6B6E, 0x6B6E, 0x73CF, 0x6B8E, 0x632D, 0x6B6E, 0x738F, 0x6B6E, 0x634D, 0x73AF, 0x6B4E,
0x632D, 0x6B8F, 0x73AF, 0x634D, 0x634D, 0x7BF0, 0x6B8F, 0x632D, 0x73CF, 0x73D0, 0x6B6E, 0x6B8E,
0x8C71, 0x8431, 0x73AF, 0x9D14, 0xAD76, 0xA514, 0x8C30, 0x9CB2, 0x8C10, 0x62EB, 0x8C51, 0xB596,
0xA514, 0x39A6, 0x10A3, 0x1083, 0x1083, 0x0883, 0x0083, 0x0062, 0x0083, 0x0083, 0x0883, 0x0883,
0x0883, 0x08A3, 0x08A3, 0x10C4, 0x08A3, 0x08A3, 0x10C4, 0x08C4, 0x08A3, 0x08C4, 0x10E4, 0x10C4,
0x10A4, 0x10C4, 0x10E4, 0x10E4, 0x10C4, 0x10E4, 0x18E4, 0x10E4, 0x10C4, 0x10E4, 0x18E4, 0x10E4,
0x10E4, 0x10E4, 0x1925, 0x10E4, 0x1905, 0x1905, 0x10E4, 0x1905, 0x1905, 0x1925, 0x1926, 0x1926,
0x2146, 0x29A7, 0x31C8, 0x29A7, 0x31C8, 0x4A6A, 0x4A6A, 0x4249, 0x3A08, 0x4A8A, 0x4A8A, 0x4A6A,
0x4A6A, 0x52AB, 0x52AB, 0x4A8B, 0x4A8B, 0x5B0D, 0x7C10, 0x6B6E, 0x632D, 0x52CC, 0x4AAB, 0x4AAB,
0x52CC, 0x5AED, 0x632D, 0x632E, 0x5B0D, 0x52CC, 0x4AAB, 0x4A6B, 0x3A29, 0x3A09, 0x31C8, 0x29C8,
0x29A7, 0x2987, 0x2967, 0x2987, 0x2987, 0x2987, 0x2966, 0x2946, 0x2146, 0x2126, 0x2126, 0x2146,
0x2146, 0x2146, 0x2146, 0x2146, 0x2146, 0x2987, 0x2987, 0x2966, 0x2967, 0x2966, 0x2146, 0x2146,
0x2166, 0x2146, 0x2146, 0x2146, 0x2146, 0x2146, 0x1905, 0x1905, 0x1905, 0x2146, 0x2966, 0x2166,
0x2987, 0x2987, 0x29A7, 0x31C8, 0x31E8, 0x2966, 0x10A3, 0x0842, 0x0001, 0x0001, 0x0001, 0x0001,
0x0001, 0x0001, 0x0001, 0x0001, 0x0001, 0x0001, 0x0001, 0x0001, 0xCE38, 0xC5F6, 0xBD54, 0x9430,
0x736D, 0x6B4D, 0x634D, 0x6B6E, 0x736E, 0x6B4D, 0x630C, 0x632D, 0x632D, 0x6B8E, 0x73AF, 0x7BF0,
0x7BD0, 0x7BEF, 0x7BF0, 0x7BF0, 0x7BCF, 0x7BAF, 0x738E, 0x6B6D, 0x6B2D, 0x630C, 0x5B0C, 0x5ACB,
0x52AB, 0x528B, 0x4A8A, 0x4A8A, 0x52CC, 0x5AEC, 0x52AB, 0x4A8A, 0x4A8A, 0x4A8A, 0x4A6A, 0x4A6A,
0x4A8A, 0x528B, 0x528B, 0x52AB, 0x5ACB, 0x5ACB, 0x5AEC, 0x630D, 0x738F, 0x7BCF, 0x8410, 0x8C51,
0x8C51, 0x8C71, 0x8C51, 0x9492, 0x9492, 0x9472, 0x9472, 0x9472, 0x8C71, 0x8C51, 0x8431, 0x8C31,
0x8C51, 0x8C31, 0x8C31, 0x8C31, 0x8C31, 0x8430, 0x8410, 0x8410, 0x8410, 0x8410, 0x8410, 0x738E,
0x630C, 0x5B0C, 0x630D, 0x630D, 0x632D, 0x6B4D, 0x6B6E, 0x634D, 0x630D, 0x630C, 0x632D, 0x6B6E,
0x6B6E, 0x6B6E, 0x6B6E, 0x6B4D, 0x6B4D, 0x6B6E, 0x738E, 0x738E, 0x6B6D, 0x736E, 0x738E, 0x736E,
0x736E, 0x6B4D, 0x738E, 0x7BAF, 0x7BAF, 0x7BEF, 0x736E, 0x6B4D, 0x6B4D, 0x630C, 0x62EC, 0x52AA,
0x4A6A, 0x2946, 0x18C4, 0x10C3, 0x08A3, 0x18E5, 0x636E, 0x738F, 0x738F, 0x7BCF, 0x73AF, 0x7BAF,
0x7BD0, 0x7BCF, 0x7BAF, 0x7BAF, 0x7BCF, 0x7BCF, 0x7BAF, 0x73AF, 0x7BAF, 0x7BAF, 0x738F, 0x73AF,
0x7BF0, 0x73AF, 0x738E, 0x7BD0, 0x7BD0, 0x738E, 0x738E, 0x7BD0, 0x73AF, 0x736E, 0x7BCF, 0x73AF,
0x6B6E, 0x634D, 0x73AF, 0x6B6E, 0x632D, 0x738F, 0x73AF, 0x632D, 0x634D, 0x73CF, 0x6B6E, 0x5B0C,
0x73AF, 0x73CF, 0x632D, 0x6B6E, 0x7BF0, 0x6B8E, 0x634D, 0x73EF, 0x7C10, 0x6B8E, 0x73CF, 0x9D14,
0x9D14, 0x8C51, 0xAD34, 0xBD75, 0xAD14, 0x7BCF, 0x5ACC, 0x632D, 0xA534, 0xA514, 0x4208, 0x1042,
0x1083, 0x10C4, 0x0883, 0x0883, 0x0083, 0x0083, 0x0883, 0x0883, 0x0883, 0x0883, 0x0883, 0x0883,
0x08A3, 0x08A3, 0x08A3, 0x08A3, 0x08A3, 0x08C4, 0x10E4, 0x10C4, 0x10A4, 0x10E4, 0x10E4, 0x10C4,
0x10E4, 0x10E4, 0x10E4, 0x10E4, 0x10E4, 0x10E4, 0x10E4, 0x10E4, 0x1105, 0x10E4, 0x10E4, 0x1925,
0x1905, 0x10E4, 0x10E4, 0x1905, 0x1905, 0x1905, 0x1925, 0x2126, 0x2166, 0x2987, 0x2987, 0x29A7,
0x4A6A, 0x4A6A, 0x3A08, 0x3A29, 0x4A8A, 0x4A8B, 0x424A, 0x424A, 0x52AB, 0x528B, 0x4A6A, 0x4A8B,
0x52CB, 0x630D, 0x630C, 0x630D, 0x52CC, 0x4A6A, 0x3A29, 0x426A, 0x4AAB, 0x52EC, 0x52EC, 0x5AEC,
0x5B0D, 0x52EC, 0x52EC, 0x52CC, 0x4AAB, 0x424A, 0x3A09, 0x31E8, 0x29A7, 0x2987, 0x2987, 0x2987,
0x2987, 0x2987, 0x2967, 0x2966, 0x2146, 0x2146, 0x2126, 0x2125, 0x2146, 0x2146, 0x2146, 0x2146,
0x2146, 0x2986, 0x2987, 0x2966, 0x2966, 0x2966, 0x2966, 0x2146, 0x2146, 0x2146, 0x2146, 0x2146,
0x2146, 0x2146, 0x1905, 0x1905, 0x1905, 0x1905, 0x1925, 0x2146, 0x2967, 0x2987, 0x2987, 0x31A7,
0x31E8, 0x39E8, 0x2966, 0x10A3, 0x0021, 0x0001, 0x0001, 0x0001, 0x0001, 0x0001, 0x0001, 0x0001,
0x0001, 0x0001, 0x0001, 0x0001, 0xCE38, 0xC5D6, 0xBD33, 0x9430, 0x734D, 0x634D, 0x634D, 0x6B8E,
0x738F, 0x6B6E, 0x630C, 0x630C, 0x632D, 0x6B8E, 0x73AF, 0x7BCF, 0x7BAF, 0x7BEF, 0x7BCF, 0x7BCF,
0x7BCF, 0x738E, 0x6B4D, 0x632D, 0x5AEC, 0x5AEC, 0x5ACB, 0x52AB, 0x528A, 0x4A8A, 0x4A6A, 0x4A6A,
0x52AB, 0x52CB, 0x528B, 0x4A8B, 0x4A8A, 0x4A6A, 0x4A6A, 0x4A6A, 0x4A6A, 0x4A6A, 0x4A8A, 0x528A,
0x52AB, 0x5ACB, 0x5ACC, 0x630D, 0x738F, 0x7BCF, 0x8430, 0x8C51, 0x8C71, 0x8C71, 0x8C71, 0x9492,
0x9492, 0x9472, 0x9472, 0x8C72, 0x8C51, 0x8C31, 0x8431, 0x8C31, 0x8C31, 0x8430, 0x8C31, 0x8C31,
0x8C51, 0x8430, 0x8410, 0x8410, 0x83F0, 0x8410, 0x83F0, 0x736E, 0x630C, 0x5B0C, 0x630D, 0x630D,
0x632D, 0x6B6E, 0x6B6E, 0x632D, 0x630C, 0x632D, 0x6B4D, 0x6B6E, 0x6B4D, 0x6B6E, 0x6B6E, 0x6B4D,
0x6B4D, 0x6B8E, 0x738E, 0x738E, 0x736E, 0x736E, 0x736E, 0x738E, 0x738E, 0x738E, 0x7BCF, 0x7BEF,
0x73AE, 0x738E, 0x6B6D, 0x6B4D, 0x6B2C, 0x630C, 0x62EB, 0x528B, 0x39C8, 0x1905, 0x10A3, 0x0883,
0x0883, 0x424A, 0x73AF, 0x738E, 0x738E, 0x738F, 0x738E, 0x7BAF, 0x7BCF, 0x7BAF, 0x7BAF, 0x7BCF,
0x7BCF, 0x7BCF, 0x7BAF, 0x7BCF, 0x7BF0, 0x83F0, 0x7BAF, 0x7BCF, 0x7BCF, 0x7BCF, 0x73AF, 0x7BD0,
0x738F, 0x6B6E, 0x7BD0, 0x7BCF, 0x73AF, 0x7BCF, 0x7BF0, 0x738E, 0x6B4E, 0x73AF, 0x73AF, 0x6B4E,
0x6B4E, 0x73AF, 0x6B6E, 0x632D, 0x738F, 0x73AF, 0x634D, 0x6B6E, 0x73AF, 0x6B6E, 0x632D, 0x7BD0,
0x73AF, 0x634D, 0x6B8E, 0x7BF0, 0x73AF, 0x632D, 0x8451, 0x94D3, 0x7C10, 0x8C51, 0xB596, 0xBD96,
0x9C92, 0xA4F4, 0x9493, 0x6B6E, 0x8C31, 0xA534, 0xB595, 0x5249, 0x1083, 0x0883, 0x0882, 0x0882,
0x0883, 0x0083, 0x0883, 0x0883, 0x0883, 0x0883, 0x0883, 0x0883, 0x08A3, 0x08A3, 0x0883, 0x08A3,
0x08C4, 0x08C4, 0x08C4, 0x08C4, 0x10C4, 0x10C4, 0x10C4, 0x10C4, 0x10E4, 0x10C4, 0x10C4, 0x10E4,
0x10E4, 0x10E4, 0x10C4, 0x10E4, 0x10E4, 0x10E4, 0x1905, 0x1925, 0x10E4, 0x10E4, 0x18E5, 0x1905,
0x1905, 0x18E5, 0x1925, 0x2146, 0x1925, 0x2146, 0x2166, 0x29A7, 0x31E8, 0x31C8, 0x3A09, 0x4A8A,
0x4A8A, 0x4229, 0x424A, 0x4A8A, 0x4A8A, 0x4A4A, 0x4A6A, 0x52AB, 0x52AB, 0x5AEC, 0x5AEC, 0x5ACC,
0x4A6A, 0x3A09, 0x3A09, 0x3A29, 0x424A, 0x4A8B, 0x4AAB, 0x52CC, 0x5B0D, 0x5B0D, 0x5B0D, 0x5B0D,
0x5B0C, 0x4A8B, 0x3A29, 0x31E8, 0x29A7, 0x2987, 0x2987, 0x2987, 0x2987, 0x2987, 0x31A7, 0x3187,
0x2966, 0x2166, 0x2145, 0x2125, 0x2126, 0x2146, 0x2146, 0x2146, 0x2146, 0x2946, 0x2166, 0x2146,
0x2987, 0x31C8, 0x31A7, 0x2146, 0x2145, 0x2146, 0x2146, 0x2146, 0x2146, 0x2146, 0x1905, 0x1905,
0x1905, 0x18E5, 0x1905, 0x2125, 0x2966, 0x2966, 0x2987, 0x29A7, 0x31A8, 0x31E8, 0x39E8, 0x2966,
0x10C4, 0x0021, 0x0001, 0x0001, 0x0001, 0x0001, 0x0001, 0x0001, 0x0001, 0x0001, 0x0001, 0x0001,
0xCE17, 0xC5B6, 0xACD2, 0x7BAE, 0x736D, 0x6B4D, 0x6B4D, 0x6B6E, 0x736E, 0x632D, 0x630C, 0x630C,
0x630D, 0x6B6E, 0x73AF, 0x73AF, 0x7BAF, 0x8410, 0x7BEF, 0x6B8E, 0x6B8E, 0x6B4D, 0x632D, 0x630C,
0x52CB, 0x52AB, 0x528B, 0x528B, 0x528A, 0x4A6A, 0x424A, 0x4249, 0x4A6A, 0x4A6A, 0x4A6A, 0x4A8A,
0x4A6A, 0x4A6A, 0x4A4A, 0x4A4A, 0x4A6A, 0x4A6A, 0x4A6A, 0x4A8A, 0x528B, 0x5ACC, 0x5B0C, 0x632E,
0x738E, 0x7BCF, 0x8410, 0x8C51, 0x8C51, 0x9471, 0x9492, 0x9CB2, 0x9492, 0x9472, 0x9472, 0x8C51,
0x8C31, 0x8410, 0x8410, 0x8410, 0x8410, 0x8410, 0x8410, 0x8410, 0x8C30, 0x8410, 0x8410, 0x8410,
0x8410, 0x8410, 0x7BEF, 0x6B4D, 0x630C, 0x630C, 0x632D, 0x632D, 0x6B6E, 0x738E, 0x6B6E, 0x6B4D,
0x6B2D, 0x6B4D, 0x6B6E, 0x736E, 0x6B6E, 0x738E, 0x6B6D, 0x6B4D, 0x6B6E, 0x738E, 0x73AF, 0x738E,
0x736E, 0x738E, 0x738E, 0x738E, 0x738E, 0x7BAF, 0x7BCF, 0x8C31, 0x7BAF, 0x738E, 0x6B6D, 0x6B4D,
0x632C, 0x630C, 0x62EC, 0x4229, 0x2987, 0x10C4, 0x0883, 0x0883, 0x2126, 0x636E, 0x73AF, 0x73CF,
0x73AF, 0x73AF, 0x7BAF, 0x7BCF, 0x7BCF, 0x7BCF, 0x7BCF, 0x7BCF, 0x7BCF, 0x7BEF, 0x7BCF, 0x7BCF,
0x7BEF, 0x7BAF, 0x7BD0, 0x7BD0, 0x73AF, 0x738E, 0x7BCF, 0x7BCF, 0x6B6E, 0x738F, 0x7BF0, 0x73AF,
0x6B8E, 0x7BD0, 0x73CF, 0x6B4E, 0x6B6E, 0x73AF, 0x6B8E, 0x634D, 0x738F, 0x738F, 0x634D, 0x6B6E,
0x73AF, 0x6B6E, 0x6B4D, 0x7BCF, 0x6B8F, 0x632D, 0x6B8F, 0x7BF0, 0x6B8E, 0x6B4E, 0x7BF0, 0x73AF,
0x632D, 0x73CF, 0x8431, 0x73AF, 0x6B6E, 0x94B3, 0xA535, 0x94D3, 0x94B2, 0xBDD6, 0xB575, 0x9CB2,
0x738E, 0x4A6A, 0x9492, 0xAD55, 0x6B4D, 0x0842, 0x1083, 0x0883, 0x0883, 0x0883, 0x0883, 0x0883,
0x0883, 0x0883, 0x0883, 0x08A3, 0x0883, 0x0883, 0x0883, 0x08A3, 0x08A3, 0x08A3, 0x08A3, 0x08C4,
0x08C4, 0x08C4, 0x08C4, 0x10E4, 0x10E4, 0x10C4, 0x10C4, 0x10C4, 0x10C4, 0x10C4, 0x10E4, 0x10E4,
0x10E4, 0x10E4, 0x1105, 0x1105, 0x10E4, 0x1905, 0x1905, 0x10E4, 0x10E4, 0x1905, 0x2146, 0x1925,
0x1925, 0x2146, 0x2166, 0x2146, 0x2146, 0x31E8, 0x4A8A, 0x4A8A, 0x3A08, 0x424A, 0x4A8A, 0x4A6A,
0x4249, 0x4A6A, 0x52AB, 0x52CB, 0x52CB, 0x52AB, 0x4A6A, 0x4249, 0x39E8, 0x31C8, 0x31C8, 0x31E8,
0x31E9, 0x3A09, 0x424A, 0x52AC, 0x5B0D, 0x632E, 0x6B6F, 0x634E, 0x5B0D, 0x4AAB, 0x3A29, 0x3A09,
0x31E8, 0x3187, 0x3187, 0x2987, 0x2987, 0x3187, 0x39C8, 0x31C8, 0x31A7, 0x29A7, 0x2987, 0x2166,
0x2166, 0x2146, 0x2166, 0x2166, 0x2166, 0x2966, 0x2166, 0x2966, 0x2987, 0x424A, 0x4249, 0x31A7,
0x2146, 0x2166, 0x2166, 0x2166, 0x2166, 0x2146, 0x1926, 0x1925, 0x1905, 0x1905, 0x1905, 0x18E5,
0x1925, 0x2166, 0x2167, 0x2987, 0x2987, 0x31A8, 0x31E8, 0x31E8, 0x29A7, 0x10A3, 0x0001, 0x0001,
0x0001, 0x0001, 0x0001, 0x0001, 0x0001, 0x0001, 0x0001, 0x0001, 0xC5F7, 0xBD95, 0x9C70, 0x7B8D,
0x738E, 0x6B4D, 0x6B4E, 0x6B6E, 0x6B4D, 0x630C, 0x630C, 0x630C, 0x630D, 0x634D, 0x6B6E, 0x738E,
0x738E, 0x73AF, 0x6B6E, 0x630C, 0x630C, 0x632D, 0x630C, 0x5AEC, 0x52AB, 0x4A6A, 0x4A4A, 0x4A6A,
0x4A8A, 0x424A, 0x4229, 0x4229, 0x4229, 0x4229, 0x4249, 0x4A6A, 0x4A6A, 0x4A4A, 0x424A, 0x424A,
0x4A6A, 0x4A6A, 0x4A6A, 0x4A8A, 0x52AB, 0x52CB, 0x5B0C, 0x632E, 0x738F, 0x7BF0, 0x8430, 0x8C51,
0x8C51, 0x9492, 0x94B2, 0x94B2, 0x9492, 0x9472, 0x9472, 0x8C51, 0x8C31, 0x8410, 0x8410, 0x8410,
0x83F0, 0x8410, 0x8430, 0x8430, 0x8430, 0x8430, 0x8410, 0x8430, 0x8430, 0x8410, 0x7BEF, 0x6B4D,
0x630C, 0x632D, 0x632D, 0x634D, 0x6B8E, 0x738E, 0x6B6E, 0x6B4D, 0x6B4D, 0x6B4E, 0x736E, 0x736E,
0x738E, 0x6B6E, 0x6B6D, 0x736E, 0x738E, 0x73AE, 0x73AF, 0x738E, 0x738E, 0x738E, 0x738E, 0x738E,
0x7BAF, 0x7BAF, 0x8410, 0x8410, 0x73AE, 0x738E, 0x736E, 0x6B4D, 0x6B2D, 0x630C, 0x52AA, 0x39C8,
0x1925, 0x10C4, 0x0883, 0x0083, 0x424A, 0x73AF, 0x73AF, 0x7BCF, 0x7BCF, 0x7BCF, 0x7BEF, 0x7BF0,
0x7BF0, 0x83F0, 0x8410, 0x8410, 0x7BF0, 0x7BEF, 0x7BEF, 0x7BF0, 0x7BF0, 0x73AF, 0x7BF0, 0x7BF0,
0x73AF, 0x73AF, 0x7BCF, 0x73AF, 0x736E, 0x7BCF, 0x7BF0, 0x6B8E, 0x73AF, 0x7BF0, 0x73AF, 0x6B4E,
0x73AF, 0x738E, 0x6B4E, 0x6B6E, 0x73AF, 0x6B6E, 0x634D, 0x73AF, 0x738F, 0x632D, 0x738E, 0x7BF0,
0x6B6E, 0x634D, 0x7BD0, 0x73AF, 0x634D, 0x738F, 0x7BF0, 0x6B6E, 0x6B6E, 0x8431, 0x7BCF, 0x634E,
0x73D0, 0x8C72, 0x8431, 0x7BEF, 0xAD75, 0xBDD6, 0xAD34, 0xA4F3, 0xAD54, 0x8C10, 0x7BCF, 0x9472,
0xAD55, 0x7B8E, 0x18C3, 0x0882, 0x08A3, 0x0883, 0x0883, 0x0883, 0x0883, 0x0883, 0x10C4, 0x0883,
0x0883, 0x0883, 0x08A3, 0x08A3, 0x08A3, 0x08A3, 0x08C4, 0x08A3, 0x08C4, 0x08C4, 0x08C4, 0x10C4,
0x08C4, 0x10C4, 0x10C4, 0x10C4, 0x10C4, 0x10C4, 0x10E4, 0x10E4, 0x10E4, 0x10E4, 0x10E4, 0x10E4,
0x10E4, 0x10E4, 0x10E4, 0x1905, 0x1905, 0x1905, 0x1905, 0x1905, 0x1925, 0x1925, 0x1925, 0x1925,
0x2987, 0x31E8, 0x31C7, 0x31E7, 0x4269, 0x4A6A, 0x4A6A, 0x4229, 0x4A6A, 0x52AB, 0x52CB, 0x52CB,
0x52CB, 0x4A6A, 0x4229, 0x39E8, 0x31C8, 0x31A8, 0x31C8, 0x31C8, 0x31E8, 0x39E9, 0x3A09, 0x4A6B,
0x5B0D, 0x636E, 0x6B6F, 0x5B2D, 0x5B0D, 0x52CC, 0x4AAB, 0x3A29, 0x3A08, 0x31E8, 0x39E8, 0x3A08,
0x3A08, 0x3A08, 0x4229, 0x39E8, 0x39E8, 0x31C7, 0x29A7, 0x2966, 0x2146, 0x2146, 0x2146, 0x2146,
0x2966, 0x2986, 0x2986, 0x2966, 0x2987, 0x424A, 0x4A8A, 0x39E8, 0x2146, 0x2146, 0x2146, 0x2146,
0x2146, 0x2146, 0x2146, 0x1926, 0x1925, 0x1905, 0x1905, 0x1905, 0x1905, 0x1925, 0x2146, 0x2167,
0x2987, 0x2987, 0x31C8, 0x31E8, 0x3A08, 0x2987, 0x10A3, 0x0001, 0x0001, 0x0001, 0x0001, 0x0001,
0x0001, 0x0001, 0x0001, 0x0001, 0xC5D6, 0xBD75, 0x9C50, 0x7B8E, 0x738E, 0x6B4D, 0x6B4E, 0x6B4D,
0x632C, 0x630C, 0x5B0C, 0x5B0C, 0x630D, 0x636D, 0x634D, 0x630C, 0x5B0C, 0x5B2C, 0x632C, 0x630D,
0x632D, 0x5AEC, 0x5AEC, 0x52CB, 0x4A6A, 0x4A4A, 0x4A4A, 0x4A49, 0x4A4A, 0x4229, 0x4229, 0x4229,
0x3A09, 0x4229, 0x4249, 0x4249, 0x4249, 0x4249, 0x424A, 0x424A, 0x4A4A, 0x4A4A, 0x4A4A, 0x4A6A,
0x52AB, 0x52CB, 0x5AEC, 0x632D, 0x73AF, 0x7C10, 0x8430, 0x8C52, 0x8C52, 0x9472, 0x94B2, 0x94B2,
0x9492, 0x8C72, 0x8C51, 0x8C31, 0x8C31, 0x8C31, 0x8410, 0x8410, 0x8410, 0x8410, 0x8431, 0x8C31,
0x8430, 0x8410, 0x8430, 0x8410, 0x8410, 0x7BEF, 0x738E, 0x632D, 0x630D, 0x632D, 0x632D, 0x6B6E,
0x6B8E, 0x6B8E, 0x6B6E, 0x6B4D, 0x6B6E, 0x738E, 0x6B6E, 0x738E, 0x73AF, 0x6B6E, 0x738E, 0x738E,
0x7BAF, 0x7BCF, 0x73AF, 0x738E, 0x73AE, 0x73AE, 0x73AE, 0x73AE, 0x7BCF, 0x7BCF, 0x8410, 0x7BCF,
0x7BAF, 0x738E, 0x6B6D, 0x6B4D, 0x6B4D, 0x62EB, 0x4A49, 0x31A7, 0x10E4, 0x08A3, 0x0883, 0x1905,
0x6B8F, 0x73AF, 0x7BCF, 0x7BCF, 0x7BCF, 0x7BCF, 0x7BCF, 0x83F0, 0x8410, 0x8410, 0x83F0, 0x7BEF,
0x8410, 0x7BF0, 0x8410, 0x8410, 0x8410, 0x7BF0, 0x8410, 0x7BF0, 0x7BCF, 0x7BF0, 0x7BCF, 0x738E,
0x73AF, 0x7BF0, 0x7BCF, 0x73AF, 0x7BF0, 0x7BCF, 0x738E, 0x738F, 0x73AF, 0x6B6E, 0x634D, 0x73AF,
0x73AF, 0x632D, 0x6B8F, 0x73AF, 0x6B6E, 0x634D, 0x73D0, 0x73AF, 0x634E, 0x73AF, 0x73CF, 0x6B6E,
0x6B6E, 0x7BF0, 0x73AF, 0x634D, 0x73AF, 0x7BF0, 0x73AF, 0x6B6E, 0x8452, 0x7BF0, 0x6B6E, 0x8C51,
0xA535, 0x9CD3, 0x94B2, 0xB596, 0xBDB6, 0xAD14, 0x9451, 0x5AAA, 0x630C, 0xAD54, 0x8430, 0x2965,
0x0882, 0x0883, 0x0883, 0x0883, 0x0883, 0x0883, 0x0883, 0x0883, 0x0883, 0x08A3, 0x08A3, 0x0883,
0x0883, 0x08A3, 0x08C4, 0x08A3, 0x08C4, 0x08C4, 0x10C4, 0x08C4, 0x10C4, 0x10C4, 0x10C4, 0x10C4,
0x10C4, 0x10C4, 0x10E4, 0x10C4, 0x10E4, 0x10E4, 0x10E4, 0x10E4, 0x10E4, 0x10E4, 0x10E4, 0x1905,
0x1905, 0x10E4, 0x1905, 0x1925, 0x1925, 0x1905, 0x1925, 0x2145, 0x2986, 0x2986, 0x2166, 0x3A49,
0x4A8A, 0x4249, 0x3A09, 0x4A6A, 0x52AB, 0x52AB, 0x52AB, 0x52CC, 0x52AB, 0x4A6A, 0x39E9, 0x31C8,
0x31C8, 0x31C8, 0x31C8, 0x31C8, 0x31E8, 0x31E8, 0x3A08, 0x424A, 0x52CC, 0x52CC, 0x52EC, 0x5B0C,
0x5B0D, 0x632D, 0x5AEB, 0x52CB, 0x5ACB, 0x5ACB, 0x5ACC, 0x52AB, 0x4A8A, 0x4229, 0x3A08, 0x31C7,
0x31A7, 0x2986, 0x2145, 0x2125, 0x2105, 0x1905, 0x2125, 0x2125, 0x2125, 0x2126, 0x2146, 0x2166,
0x2166, 0x31C7, 0x426A, 0x3A09, 0x2966, 0x2146, 0x2146, 0x2146, 0x2146, 0x2146, 0x2146, 0x2146,
0x1925, 0x1905, 0x1905, 0x1905, 0x1925, 0x1905, 0x1905, 0x2146, 0x2967, 0x2987, 0x29A7, 0x31C8,
0x3A08, 0x3A29, 0x2966, 0x0862, 0x0021, 0x0001, 0x0001, 0x0001, 0x0001, 0x0001, 0x0001, 0x0001,
0xC5B6, 0xBD54, 0x9450, 0x7B8E, 0x736E, 0x6B4D, 0x6B4E, 0x6B4D, 0x630D, 0x5B0C, 0x5B0C, 0x5AEC,
0x630D, 0x6B6D, 0x632C, 0x5ACB, 0x5AEB, 0x5AEB, 0x5AEC, 0x5AEC, 0x5AEC, 0x5ACC, 0x528B, 0x4A6A,
0x4A4A, 0x4229, 0x4229, 0x4229, 0x4229, 0x4229, 0x4229, 0x3A08, 0x39E8, 0x39E8, 0x3A08, 0x4209,
0x4229, 0x4249, 0x4249, 0x4249, 0x4229, 0x4229, 0x4229, 0x4A6A, 0x4A8A, 0x52CB, 0x630C, 0x6B6E,
0x7BCF, 0x8410, 0x8430, 0x8C51, 0x8C51, 0x8C52, 0x9472, 0x9472, 0x9472, 0x8C71, 0x8C51, 0x8C31,
0x8C51, 0x8C51, 0x8C31, 0x8C31, 0x8430, 0x8430, 0x8430, 0x8431, 0x8430, 0x8410, 0x8410, 0x7BEF,
0x7BCF, 0x738E, 0x6B6D, 0x630C, 0x630D, 0x632D, 0x632D, 0x6B6E, 0x6B8E, 0x6B6E, 0x6B6E, 0x6B6D,
0x6B8E, 0x6B8E, 0x738E, 0x738E, 0x73AF, 0x6B8E, 0x738F, 0x73AF, 0x7BCF, 0x7BCF, 0x7BAE, 0x7BAE,
0x7BAF, 0x7BCF, 0x73AE, 0x73AE, 0x7BCF, 0x8C31, 0x7BCF, 0x7BCF, 0x7BCF, 0x73AF, 0x736D, 0x6B4D,
0x630C, 0x5ACB, 0x39E8, 0x1904, 0x10A3, 0x0883, 0x0883, 0x424A, 0x7BD0, 0x7BCF, 0x8410, 0x7BF0,
0x7BF0, 0x8410, 0x8410, 0x8410, 0x8410, 0x8430, 0x8431, 0x8410, 0x8430, 0x8410, 0x8410, 0x7BF0,
0x7BEF, 0x8410, 0x8430, 0x7BEF, 0x7BF0, 0x8430, 0x7BCF, 0x738E, 0x7BCF, 0x7BEF, 0x73AF, 0x7BEF,
0x8410, 0x7BAF, 0x738E, 0x7BF0, 0x73CF, 0x6B4E, 0x73AF, 0x7BD0, 0x6B8E, 0x634D, 0x73CF, 0x73AF,
0x634D, 0x6B8F, 0x73D0, 0x6B8E, 0x6B8E, 0x7BD0, 0x73AF, 0x6B4E, 0x73CF, 0x7C10, 0x73AF, 0x6B8E,
0x7C10, 0x73CF, 0x6B6E, 0x7BF0, 0x8431, 0x6B8E, 0x73AF, 0x8C72, 0x8C72, 0x73AF, 0xA514, 0xBDD7,
0xAD55, 0xA4F3, 0xBD95, 0x9470, 0x738D, 0x7BF0, 0x94B3, 0x8430, 0x2965, 0x1082, 0x1083, 0x0883,
0x08A3, 0x0883, 0x0883, 0x0883, 0x08A3, 0x0883, 0x0883, 0x0883, 0x0883, 0x0883, 0x0883, 0x08A3,
0x10A4, 0x10A4, 0x08A3, 0x10C4, 0x10C4, 0x10C4, 0x10C4, 0x10C4, 0x10C4, 0x10C4, 0x10C4, 0x10C4,
0x10E4, 0x10E4, 0x10E4, 0x10E4, 0x10E4, 0x10E4, 0x18E5, 0x10E4, 0x1905, 0x1905, 0x1905, 0x1905,
0x1905, 0x1905, 0x1925, 0x2146, 0x2145, 0x2166, 0x31C7, 0x3A49, 0x3A08, 0x31E8, 0x4A6A, 0x4A8B,
0x4A8B, 0x52AB, 0x4A8B, 0x4A8B, 0x528B, 0x4A4A, 0x31C8, 0x31A8, 0x31E8, 0x31E8, 0x31E8, 0x31C8,
0x29A7, 0x31C7, 0x3A29, 0x424A, 0x424A, 0x426A, 0x52CC, 0x5B0D, 0x632D, 0x7BF0, 0x8C30, 0x8C30,
0x8C31, 0x83F0, 0x6B4D, 0x52AB, 0x4209, 0x39C7, 0x2986, 0x2125, 0x2125, 0x1904, 0x18E4, 0x10C3,
0x10C3, 0x10C3, 0x10C3, 0x10C3, 0x10C3, 0x10C4, 0x18E5, 0x1905, 0x1925, 0x2166, 0x39E9, 0x39E9,
0x2987, 0x2166, 0x2146, 0x2146, 0x2146, 0x2146, 0x1925, 0x1925, 0x1925, 0x1905, 0x1905, 0x1905,
0x1925, 0x1905, 0x1905, 0x1905, 0x2126, 0x2166, 0x2987, 0x31A7, 0x31E8, 0x3A29, 0x39E8, 0x2125,
0x0862, 0x0021, 0x0001, 0x0001, 0x0001, 0x0001, 0x0001, 0x0001, 0xC5B6, 0xBD54, 0x9450, 0x7B8E,
0x736E, 0x6B4D, 0x6B4D, 0x6B6E, 0x632D, 0x5B0C, 0x5AEC, 0x5AEC, 0x5B0C, 0x632C, 0x5B0C, 0x5AEB,
0x5ACB, 0x5ACB, 0x52AB, 0x4A8A, 0x4A8A, 0x528B, 0x4A8A, 0x4A4A, 0x4229, 0x4229, 0x4229, 0x4229,
0x3A08, 0x4229, 0x3A09, 0x39E8, 0x39E8, 0x3A08, 0x39E8, 0x3A29, 0x4229, 0x4249, 0x4229, 0x4229,
0x4229, 0x4229, 0x4229, 0x4A6A, 0x4A8A, 0x52CB, 0x5B0D, 0x6B6E, 0x7BCF, 0x8430, 0x8431, 0x8C51,
0x8C51, 0x8C71, 0x9472, 0x9492, 0x9471, 0x8C71, 0x8C51, 0x8C51, 0x8C71, 0x8C51, 0x8C31, 0x8430,
0x8410, 0x8410, 0x8410, 0x8410, 0x8410, 0x8410, 0x83F0, 0x7BCF, 0x7BCF, 0x738E, 0x6B6D, 0x630C,
0x630D, 0x632D, 0x634D, 0x6B6E, 0x6B8E, 0x6B6E, 0x6B6E, 0x6B6E, 0x6B8E, 0x6B8E, 0x6B8E, 0x73AF,
0x738E, 0x738E, 0x738F, 0x7BCF, 0x7BCF, 0x7BCF, 0x7BAE, 0x7BAF, 0x7BCF, 0x7BCF, 0x7BAF, 0x7BCF,
0x7BEF, 0x8410, 0x7BCF, 0x7BCF, 0x73AE, 0x7BAF, 0x7BAF, 0x736E, 0x62EC, 0x528A, 0x31A7, 0x18E4,
0x0883, 0x0883, 0x1926, 0x738F, 0x7BD0, 0x7BD0, 0x8410, 0x8410, 0x8410, 0x8410, 0x8410, 0x8431,
0x8C31, 0x8C31, 0x8C31, 0x8C31, 0x8C30, 0x8C30, 0x8430, 0x8410, 0x8410, 0x8431, 0x8410, 0x7BF0,
0x8431, 0x8410, 0x7BEF, 0x7BEF, 0x7BF0, 0x7BEF, 0x73AF, 0x7C10, 0x83F0, 0x738E, 0x73CF, 0x7BF0,
0x6BAF, 0x6B8E, 0x7BF0, 0x73CF, 0x6B6E, 0x6BAE, 0x73CF, 0x6B8E, 0x6B6E, 0x7BF0, 0x73AF, 0x634E,
0x73CF, 0x7BD0, 0x6B8E, 0x738F, 0x7BF0, 0x73CF, 0x6B8F, 0x7C10, 0x7C10, 0x6B8E, 0x6BAF, 0x8431,
0x73D0, 0x6B8E, 0x8C72, 0x8451, 0x73CF, 0x8410, 0xA514, 0xA514, 0x8C51, 0xAD55, 0xC5D6, 0xBD95,
0x9CB2, 0x738E, 0x52AB, 0x8C71, 0x9491, 0x4A49, 0x0842, 0x0883, 0x0883, 0x0883, 0x0883, 0x0883,
0x0883, 0x0883, 0x0883, 0x0883, 0x0883, 0x0883, 0x08A3, 0x08A3, 0x08A3, 0x08A3, 0x08A3, 0x10C4,
0x10C4, 0x08A3, 0x10C4, 0x10C4, 0x10C4, 0x10C4, 0x10C4, 0x10C4, 0x10E4, 0x10E4, 0x10E4, 0x10C4,
0x10E4, 0x10E4, 0x10E4, 0x10E4, 0x18E5, 0x1905, 0x1905, 0x1905, 0x1905, 0x1925, 0x1925, 0x1925,
0x1925, 0x2986, 0x29A7, 0x29A7, 0x29A7, 0x426A, 0x426A, 0x4A6A, 0x4A8B, 0x52CB, 0x52AB, 0x426A,
0x4229, 0x31E8, 0x31A8, 0x39E8, 0x3A09, 0x31E9, 0x31E8, 0x31C8, 0x31C8, 0x39E9, 0x424A, 0x422A,
0x3A09, 0x424A, 0x4A8B, 0x5B0C, 0x8410, 0xAD55, 0xCE38, 0xC617, 0xB555, 0x83EF, 0x62EC, 0x4208,
0x3186, 0x2945, 0x2104, 0x18C3, 0x10C3, 0x10A3, 0x10A3, 0x0883, 0x0883, 0x0883, 0x0882, 0x0882,
0x0882, 0x08A3, 0x08A3, 0x10A3, 0x10A3, 0x1904, 0x2966, 0x2987, 0x2167, 0x2166, 0x2166, 0x2146,
0x2146, 0x2146, 0x1925, 0x1925, 0x1905, 0x1905, 0x1925, 0x1926, 0x1925, 0x1905, 0x1105, 0x1905,
0x1925, 0x2987, 0x39C8, 0x3A09, 0x39E8, 0x3A08, 0x4A6A, 0x3A09, 0x2125, 0x0001, 0x0001, 0x0001,
0x0001, 0x0001, 0x0001, 0x0001, 0xC5D6, 0xB534, 0x940F, 0x7B6E, 0x736E, 0x6B6E, 0x736E, 0x736E,
0x6B4D, 0x630C, 0x5ACC, 0x52AB, 0x52AB, 0x52AB, 0x52CB, 0x52CB, 0x52AB, 0x52AB, 0x52AB, 0x4A6A,
0x4A6A, 0x4A6A, 0x424A, 0x4209, 0x3A08, 0x4229, 0x4229, 0x3A09, 0x39E8, 0x39E8, 0x39E8, 0x31E8,
0x39E8, 0x39E8, 0x39E8, 0x3A08, 0x4229, 0x4229, 0x4229, 0x4229, 0x4209, 0x3A29, 0x3A29, 0x424A,
0x4A8A, 0x52EC, 0x632D, 0x6BAF, 0x7C10, 0x8430, 0x8C51, 0x8C71, 0x8C71, 0x9472, 0x9492, 0x9492,
0x9472, 0x8C71, 0x8C71, 0x8C71, 0x8C71, 0x8C51, 0x8410, 0x8410, 0x8410, 0x8410, 0x83F0, 0x8410,
0x8410, 0x8410, 0x7BF0, 0x7BF0, 0x7BF0, 0x7BCF, 0x6B4D, 0x630C, 0x632D, 0x632D, 0x6B4E, 0x6B8E,
0x6B8E, 0x6B8E, 0x6B8E, 0x6B8E, 0x738E, 0x738E, 0x73AE, 0x73AE, 0x738E, 0x73AF, 0x7BAF, 0x7BCF,
0x7BEF, 0x7BCF, 0x7BCF, 0x7BEF, 0x7BCF, 0x8410, 0x7BEF, 0x83EF, 0x7BEF, 0x7BCF, 0x7BCF, 0x7BCF,
0x7BAF, 0x73AF, 0x738E, 0x6B2D, 0x5ACB, 0x39E8, 0x2125, 0x08A3, 0x0882, 0x0883, 0x4A6B, 0x7BF0,
0x7BF0, 0x7BF0, 0x8410, 0x8430, 0x8430, 0x8411, 0x8410, 0x8410, 0x8C51, 0x8C51, 0x8C31, 0x8430,
0x8C30, 0x8C30, 0x8C30, 0x8430, 0x8C31, 0x8C51, 0x8410, 0x8410, 0x8410, 0x7BF0, 0x7BCF, 0x8410,
0x8410, 0x73AF, 0x7BCF, 0x8431, 0x7BAF, 0x738E, 0x8410, 0x7BD0, 0x6B6E, 0x73AF, 0x73CF, 0x6B8F,
0x6B6E, 0x7C10, 0x73CF, 0x6B6E, 0x73CF, 0x7BF0, 0x6B8E, 0x738F, 0x8411, 0x73CF, 0x6B6E, 0x8411,
0x8411, 0x738F, 0x73AF, 0x8431, 0x73D0, 0x6B8E, 0x8431, 0x7C11, 0x73AF, 0x7C10, 0x8C92, 0x8431,
0x73CF, 0x8C71, 0x9CB3, 0x8410, 0x8C72, 0xB5B6, 0xBDD7, 0xAD54, 0xB595, 0xB575, 0x8410, 0x7BAE,
0x83EF, 0x9471, 0x5269, 0x1083, 0x1083, 0x0883, 0x0883, 0x0883, 0x0883, 0x0883, 0x0883, 0x0883,
0x0883, 0x0883, 0x08A3, 0x0883, 0x08A3, 0x08A3, 0x08A4, 0x08A3, 0x08A3, 0x08A3, 0x10C4, 0x10C4,
0x10C4, 0x10C4, 0x10C4, 0x10C4, 0x10C4, 0x10C4, 0x10E4, 0x10C4, 0x10C4, 0x10C4, 0x10C4, 0x10E4,
0x10E4, 0x10E4, 0x1905, 0x1905, 0x1905, 0x1905, 0x1905, 0x1925, 0x1925, 0x2145, 0x29A7, 0x2166,
0x31C8, 0x3A49, 0x31C8, 0x4249, 0x52CC, 0x5AEC, 0x4A8A, 0x3A09, 0x31A8, 0x31A8, 0x31C8, 0x3A09,
0x3A09, 0x31E8, 0x31E8, 0x31E9, 0x3A09, 0x3A09, 0x39E9, 0x39E9, 0x3A09, 0x3A09, 0x426A, 0x6B6E,
0x9CF3, 0xC618, 0xCE59, 0xCE58, 0xB595, 0x7BAE, 0x41E7, 0x2124, 0x2104, 0x2124, 0x2104, 0x1904,
0x18E3, 0x10C3, 0x10C4, 0x10C4, 0x10C4, 0x10C4, 0x10A3, 0x10A3, 0x08A3, 0x0882, 0x0882, 0x0882,
0x0862, 0x0882, 0x10A3, 0x10C4, 0x10E4, 0x1905, 0x2146, 0x2166, 0x2967, 0x2166, 0x2146, 0x2146,
0x1925, 0x1905, 0x1926, 0x2146, 0x1925, 0x1925, 0x1905, 0x1105, 0x1925, 0x2987, 0x39E9, 0x4229,
0x3A08, 0x3A08, 0x4249, 0x4A6A, 0x39E8, 0x0883, 0x0001, 0x0001, 0x0001, 0x0001, 0x0001, 0x0001,
0xC5D6, 0xB534, 0x9410, 0x7B6E, 0x6B6E, 0x6B6E, 0x6B6E, 0x6B4D, 0x632C, 0x630C, 0x5ACB, 0x52AB,
0x528A, 0x528B, 0x52AB, 0x4A8B, 0x4A6A, 0x4A4A, 0x4A6A, 0x4A6A, 0x4A6A, 0x4249, 0x39E8, 0x31C7,
0x31C7, 0x31C7, 0x31C8, 0x39C8, 0x39C8, 0x31C8, 0x31E8, 0x31E8, 0x39E8, 0x39E8, 0x31C7, 0x39E8,
0x39E8, 0x3A08, 0x4209, 0x4209, 0x3A08, 0x3A08, 0x3A08, 0x4229, 0x426A, 0x52EC, 0x634E, 0x73CF,
0x8410, 0x8C31, 0x8C51, 0x8C71, 0x8C71, 0x9492, 0x9492, 0x9492, 0x9472, 0x8C71, 0x8C71, 0x8C71,
0x8C71, 0x8C51, 0x8410, 0x8410, 0x8410, 0x83F0, 0x83F0, 0x83F0, 0x8410, 0x8410, 0x7BF0, 0x7BEF,
0x7BF0, 0x7BCF, 0x6B6D, 0x630C, 0x632D, 0x634D, 0x6B6E, 0x73AF, 0x73AF, 0x738E, 0x738E, 0x738E,
0x738F, 0x73AF, 0x7BAF, 0x73AE, 0x7BCF, 0x7BCF, 0x7BCF, 0x7BCF, 0x7BEF, 0x7BCF, 0x7BEF, 0x7BEF,
0x7BEF, 0x8430, 0x83EF, 0x83EF, 0x7BEF, 0x7BEF, 0x7BEF, 0x7BAF, 0x7BCF, 0x7BAF, 0x736E, 0x630D,
0x4A6A, 0x31A7, 0x1104, 0x0883, 0x0882, 0x10E4, 0x6B6F, 0x7C10, 0x8410, 0x8411, 0x8410, 0x8431,
0x8430, 0x8C31, 0x8410, 0x8431, 0x8C31, 0x8C31, 0x8C31, 0x8C51, 0x8C31, 0x8C31, 0x8C31, 0x8C51,
0x8C51, 0x8430, 0x83F0, 0x8C51, 0x8430, 0x83F0, 0x8410, 0x8431, 0x8410, 0x73AF, 0x8410, 0x8431,
0x7BAF, 0x7BD0, 0x8431, 0x73CF, 0x738F, 0x7C10, 0x7BD0, 0x6B8E, 0x7BEF, 0x7C10, 0x6BAE, 0x738F,
0x7BF0, 0x73CF, 0x6B6E, 0x8411, 0x7BF0, 0x6B6E, 0x73CF, 0x8431, 0x73CF, 0x738F, 0x8451, 0x8451,
0x73CF, 0x7C10, 0x8C92, 0x7BF0, 0x73AF, 0x8C92, 0x8452, 0x73CF, 0x8C51, 0x9492, 0x8431, 0x7BCF,
0x9CF4, 0xA535, 0x9492, 0xA534, 0xBDF7, 0xBDD6, 0xAD54, 0x9491, 0x52AA, 0x736D, 0x9492, 0x528A,
0x20E4, 0x0883, 0x0883, 0x0883, 0x0883, 0x0883, 0x0883, 0x0883, 0x0883, 0x0883, 0x0883, 0x0883,
0x08A3, 0x08A3, 0x08A3, 0x08A3, 0x10C4, 0x10C4, 0x08A4, 0x08A3, 0x10C4, 0x10C4, 0x10C4, 0x10C4,
0x10C4, 0x10E4, 0x10E4, 0x10C4, 0x10C4, 0x10C4, 0x10E4, 0x1905, 0x10E4, 0x10E4, 0x1905, 0x1905,
0x1905, 0x1905, 0x1905, 0x1925, 0x1925, 0x1925, 0x2145, 0x2166, 0x29A7, 0x29A7, 0x3A29, 0x52EC,
0x5AEC, 0x52CB, 0x424A, 0x39E9, 0x31C8, 0x31E9, 0x3A09, 0x3A09, 0x31E8, 0x31C8, 0x31E8, 0x3A09,
0x3A29, 0x3209, 0x3209, 0x3A09, 0x39E9, 0x3A08, 0x5AEC, 0x8C72, 0xBDB7, 0xC618, 0xCE59, 0xCE58,
0xAD54, 0x6B2C, 0x2945, 0x18E3, 0x18E3, 0x2104, 0x2124, 0x2124, 0x2125, 0x1905, 0x1905, 0x1905,
0x1905, 0x1905, 0x18E4, 0x18E4, 0x10E4, 0x10C3, 0x08A3, 0x0882, 0x0862, 0x0062, 0x0862, 0x0882,
0x0883, 0x08A3, 0x1104, 0x2146, 0x2166, 0x2166, 0x2166, 0x2146, 0x2146, 0x1926, 0x2146, 0x2146,
0x2146, 0x2146, 0x2126, 0x1905, 0x2126, 0x2966, 0x39E8, 0x39E8, 0x31E8, 0x3A08, 0x3A09, 0x4A6A,
0x3A09, 0x2125, 0x0021, 0x0001, 0x0001, 0x0001, 0x0001, 0x0001, 0xC5D6, 0xB534, 0x9410, 0x7B6E,
0x6B6E, 0x6B6D, 0x6B4D, 0x6B2D, 0x630C, 0x630C, 0x5ACB, 0x52AB, 0x52AB, 0x52AB, 0x52CB, 0x52AB,
0x424A, 0x4229, 0x4229, 0x4229, 0x4249, 0x3A09, 0x39E8, 0x31C8, 0x31A7, 0x29A7, 0x29A7, 0x29A7,
0x31A7, 0x31C8, 0x31E8, 0x3208, 0x39E8, 0x39E8, 0x31C7, 0x31E8, 0x39C8, 0x39C8, 0x39C8, 0x39E8,
0x39E8, 0x39E8, 0x39E8, 0x3A09, 0x426A, 0x5AEC, 0x6B8E, 0x7BF0, 0x8430, 0x8C30, 0x8C30, 0x8C51,
0x8C71, 0x9492, 0x9492, 0x9491, 0x8C71, 0x8C51, 0x8C51, 0x8C51, 0x8C71, 0x8C51, 0x8410, 0x8410,
0x83F0, 0x83F0, 0x83F0, 0x7BF0, 0x7BF0, 0x83F0, 0x7BCF, 0x73AE, 0x7BCF, 0x738E, 0x6B4D, 0x630C,
0x6B4D, 0x6B4E, 0x6B6E, 0x73AF, 0x73AF, 0x738E, 0x738E, 0x738E, 0x73AF, 0x7BCF, 0x7BCF, 0x7BCF,
0x7BCF, 0x7BCF, 0x7BCF, 0x7BCF, 0x7BEF, 0x7BEF, 0x8410, 0x7BEF, 0x7BEF, 0x7BEF, 0x83EF, 0x83EF,
0x8C30, 0x8410, 0x7BCF, 0x7BCF, 0x7BAF, 0x738E, 0x736E, 0x5ACC, 0x4229, 0x2146, 0x10C3, 0x0883,
0x0062, 0x424A, 0x7BF0, 0x7BF0, 0x7BF0, 0x8410, 0x8431, 0x8430, 0x8430, 0x8C31, 0x8C31, 0x8C71,
0x8C51, 0x8C51, 0x8C51, 0x8C71, 0x9471, 0x8C51, 0x8C30, 0x8C51, 0x8C51, 0x8430, 0x8430, 0x8C72,
0x8C31, 0x7BCF, 0x8430, 0x8431, 0x7BEF, 0x7BCF, 0x8430, 0x7BF0, 0x7BAF, 0x8431, 0x7C10, 0x6B8F,
0x7BF0, 0x7C11, 0x73AF, 0x73AF, 0x8451, 0x7BF0, 0x6B8E, 0x7BF0, 0x7C10, 0x6B6E, 0x73CF, 0x8431,
0x7BD0, 0x738F, 0x8451, 0x8431, 0x738F, 0x7C10, 0x8C72, 0x7C10, 0x73CF, 0x8C92, 0x8471, 0x73AF,
0x8451, 0x94D3, 0x8431, 0x7C10, 0x94B3, 0x9472, 0x7BCF, 0x8C92, 0x9D14, 0x8C72, 0x7C10, 0xAD96,
0xBDF7, 0xAD54, 0xB595, 0xB5B6, 0x9CD2, 0x736D, 0x840F, 0x7BEF, 0x62EC, 0x18E4, 0x0883, 0x0883,
0x0883, 0x0883, 0x0883, 0x0883, 0x0883, 0x0883, 0x0883, 0x08A3, 0x08A3, 0x08A3, 0x08A3, 0x08A3,
0x08A3, 0x08A3, 0x0883, 0x08A3, 0x10C4, 0x10C4, 0x10C4, 0x10C4, 0x10C4, 0x10E5, 0x10E4, 0x10C4,
0x10C4, 0x10C4, 0x10E4, 0x10E4, 0x10E4, 0x10E4, 0x1905, 0x10E4, 0x1925, 0x1905, 0x1905, 0x1905,
0x1925, 0x1925, 0x1925, 0x2146, 0x2146, 0x29C7, 0x4AAB, 0x632D, 0x632D, 0x52AB, 0x4229, 0x31E8,
0x3A09, 0x424A, 0x3A29, 0x31E8, 0x31C8, 0x31C8, 0x3A09, 0x3A09, 0x3A09, 0x3209, 0x3A09, 0x39E9,
0x3A09, 0x4A8A, 0x632D, 0x8C72, 0xA515, 0xBDB7, 0xBDB6, 0xA513, 0x6B6C, 0x39A6, 0x2945, 0x2124,
0x2144, 0x2145, 0x2965, 0x2966, 0x2145, 0x2145, 0x2146, 0x2145, 0x1925, 0x1925, 0x1925, 0x1925,
0x1925, 0x1904, 0x18E4, 0x10C4, 0x10C3, 0x0882, 0x0862, 0x0062, 0x0062, 0x0883, 0x08A3, 0x10E4,
0x2146, 0x2166, 0x2166, 0x2166, 0x2166, 0x2166, 0x2166, 0x2146, 0x2166, 0x2966, 0x2146, 0x2146,
0x2146, 0x2966, 0x2987, 0x2987, 0x31C8, 0x31E8, 0x39E8, 0x424A, 0x4A6B, 0x39E8, 0x10A3, 0x0001,
0x0001, 0x0001, 0x0001, 0x0001, 0xBDB5, 0xACF2, 0x8BEF, 0x734E, 0x6B4D, 0x6B4D, 0x6B4E, 0x6B4D,
0x630C, 0x62EC, 0x62EC, 0x5ACB, 0x52CB, 0x52AB, 0x528B, 0x4A6A, 0x4229, 0x3A08, 0x4229, 0x4249,
0x4229, 0x31C8, 0x31A8, 0x2987, 0x2966, 0x2966, 0x2966, 0x2987, 0x2987, 0x31A7, 0x31C8, 0x31E8,
0x31C8, 0x31C8, 0x31C8, 0x31C8, 0x31C8, 0x31C8, 0x31C8, 0x31C8, 0x39C8, 0x31E8, 0x31E8, 0x3A09,
0x424A, 0x5B2D, 0x73AF, 0x8410, 0x8431, 0x8431, 0x8C51, 0x8C72, 0x9472, 0x9492, 0x9492, 0x9471,
0x8C51, 0x8C51, 0x8C51, 0x8431, 0x8431, 0x8431, 0x8410, 0x83F0, 0x83EF, 0x7BEF, 0x7BCF, 0x7BCF,
0x7BAF, 0x7BAE, 0x738E, 0x7BAF, 0x7BCF, 0x73AE, 0x6B4D, 0x6B2D, 0x6B4D, 0x6B6E, 0x73AF, 0x73AF,
0x73AF, 0x73AE, 0x73AE, 0x73AF, 0x7BAF, 0x7BCF, 0x7BCF, 0x83F0, 0x8410, 0x7BCF, 0x83F0, 0x8430,
0x8C30, 0x8410, 0x8C30, 0x8410, 0x7BEF, 0x8410, 0x8C51, 0x8410, 0x8C30, 0x8C30, 0x83F0, 0x83EF,
0x7BCF, 0x7B8E, 0x736D, 0x5AAB, 0x31A7, 0x10E4, 0x10C3, 0x0063, 0x1905, 0x73D0, 0x8411, 0x8C31,
0x8C51, 0x8C51, 0x8C51, 0x8C51, 0x8C51, 0x8430, 0x8C51, 0x8C51, 0x8C51, 0x9451, 0x9451, 0x9471,
0x9472, 0x9492, 0x8C51, 0x9472, 0x8C51, 0x8C31, 0x8C51, 0x8C31, 0x83F0, 0x8410, 0x8C51, 0x8410,
0x7BCF, 0x8430, 0x8430, 0x73AF, 0x8411, 0x8C52, 0x7BD0, 0x73AF, 0x8431, 0x7C10, 0x6B8E, 0x7C10,
0x8431, 0x738E, 0x7BCF, 0x8431, 0x73CF, 0x6B8E, 0x8452, 0x8431, 0x73AF, 0x7BF0, 0x8C92, 0x7C10,
0x73AF, 0x8C72, 0x8472, 0x6BAF, 0x8472, 0x94B3, 0x8431, 0x7BF0, 0x9D14, 0x94B3, 0x7BF0, 0x94D3,
0xA535, 0x8451, 0x8431, 0x9CF4, 0xA514, 0x7BF0, 0x9492, 0xA534, 0x9CF4, 0x9CD3, 0xBDD7, 0xC638,
0xC5F7, 0xAD34, 0x6B4D, 0x528A, 0x8410, 0x630C, 0x2966, 0x10A3, 0x0882, 0x0883, 0x0883, 0x0883,
0x0883, 0x0883, 0x0883, 0x0883, 0x0883, 0x08A3, 0x08A3, 0x08A3, 0x0883, 0x0883, 0x08A3, 0x08A3,
0x08A3, 0x08A3, 0x08C4, 0x08C4, 0x10C4, 0x08C4, 0x08C4, 0x10C4, 0x10C4, 0x10C4, 0x10C4, 0x10E4,
0x10E4, 0x10E4, 0x10E4, 0x10E4, 0x1905, 0x1905, 0x1905, 0x1905, 0x1925, 0x1925, 0x2126, 0x2146,
0x2146, 0x3209, 0x52EC, 0x6B6E, 0x5B0C, 0x528B, 0x4A4A, 0x424A, 0x424A, 0x424A, 0x4229, 0x4229,
0x3A09, 0x3A09, 0x424A, 0x4229, 0x3A09, 0x3A09, 0x3A09, 0x39E9, 0x4229, 0x4AAB, 0x5AEC, 0x632D,
0x632C, 0x6B6D, 0x73AE, 0x5289, 0x3986, 0x3986, 0x39A6, 0x31C7, 0x31A7, 0x31A7, 0x3187, 0x2966,
0x2146, 0x2146, 0x2146, 0x2146, 0x1926, 0x1925, 0x1925, 0x1925, 0x1925, 0x1925, 0x1905, 0x1905,
0x1904, 0x10E4, 0x10C3, 0x0882, 0x0062, 0x0062, 0x0862, 0x0883, 0x10E4, 0x1926, 0x2146, 0x2987,
0x2987, 0x2967, 0x2146, 0x2167, 0x2987, 0x29A8, 0x2987, 0x2167, 0x2166, 0x2167, 0x2987, 0x2987,
0x2166, 0x29A7, 0x31C8, 0x3A09, 0x4A8B, 0x4A8A, 0x2966, 0x0861, 0x0001, 0x0001, 0x0001, 0x0001,
0xBDB5, 0xACF2, 0x8BEF, 0x734D, 0x6B4D, 0x6B6E, 0x6B6E, 0x6B6D, 0x632C, 0x5AEC, 0x5ACC, 0x5ACB,
0x52AB, 0x4A8A, 0x424A, 0x4229, 0x3A08, 0x3A08, 0x3A08, 0x3A08, 0x29A7, 0x2987, 0x2146, 0x2146,
0x2146, 0x2146, 0x2146, 0x2146, 0x2987, 0x31A7, 0x31A8, 0x31A7, 0x31C8, 0x31C8, 0x31C8, 0x31C8,
0x31C8, 0x31C8, 0x31A7, 0x31A7, 0x31C7, 0x31C7, 0x31C7, 0x3A08, 0x4A8B, 0x5B2D, 0x73CF, 0x8410,
0x8430, 0x8C51, 0x8C51, 0x8C71, 0x9492, 0x9492, 0x9492, 0x9471, 0x8C71, 0x8C51, 0x8C51, 0x8430,
0x8430, 0x8430, 0x8410, 0x83F0, 0x83EF, 0x83EF, 0x7BEF, 0x7BCF, 0x7BAF, 0x7BAE, 0x738E, 0x7BCF,
0x7BCF, 0x73AE, 0x6B4D, 0x6B4D, 0x6B6E, 0x6B6E, 0x73AF, 0x73AF, 0x73AF, 0x73AF, 0x73AE, 0x7BCF,
0x7BCF, 0x7BCF, 0x7BCF, 0x83F0, 0x83F0, 0x83F0, 0x83F0, 0x8431, 0x8410, 0x8C30, 0x8410, 0x7BEF,
0x8410, 0x8C30, 0x8C51, 0x83F0, 0x8C10, 0x83F0, 0x83CF, 0x83EF, 0x83EF, 0x83CF, 0x6B0C, 0x4228,
0x2145, 0x10C4, 0x0883, 0x0063, 0x4A8B, 0x7C31, 0x8431, 0x8C31, 0x8C51, 0x8C51, 0x8C51, 0x8C71,
0x8C71, 0x8C51, 0x9471, 0x9471, 0x9471, 0x9472, 0x9492, 0x9471, 0x9472, 0x9472, 0x9472, 0x94B2,
0x9472, 0x8C31, 0x9492, 0x8C51, 0x83F0, 0x8C71, 0x8C51, 0x83F0, 0x8430, 0x8C91, 0x8430, 0x7BCF,
0x8C52, 0x8411, 0x73AF, 0x83F0, 0x8411, 0x73AF, 0x73AF, 0x8C72, 0x7BF0, 0x738E, 0x8451, 0x8451,
0x73AF, 0x7BF0, 0x8C92, 0x7BF0, 0x6B8E, 0x8C72, 0x8C72, 0x73AF, 0x7C10, 0x8C92, 0x7C10, 0x73EF,
0x94D3, 0x8C72, 0x73AF, 0x8C92, 0x9CF3, 0x8430, 0x8431, 0xA535, 0x9CD3, 0x7BF0, 0x9D14, 0xA535,
0x8C72, 0x8C51, 0xA514, 0x9CF3, 0x8C31, 0xA534, 0xBDD7, 0xBDB6, 0xB555, 0xC5B6, 0xB575, 0x8C30,
0x73AE, 0x73AF, 0x6B8E, 0x2945, 0x0862, 0x0882, 0x0883, 0x0883, 0x0883, 0x0883, 0x0883, 0x0883,
0x0883, 0x08A3, 0x0883, 0x08A3, 0x08A3, 0x08A3, 0x0883, 0x0883, 0x08A3, 0x10C4, 0x08A3, 0x10C4,
0x08C4, 0x10C4, 0x08C4, 0x08C4, 0x10C4, 0x10C4, 0x10C4, 0x10C4, 0x10C4, 0x10E4, 0x1905, 0x1905,
0x10E4, 0x10E4, 0x1905, 0x1905, 0x1925, 0x1925, 0x2146, 0x2146, 0x2966, 0x426A, 0x634D, 0x6B6E,
0x5B0C, 0x52AB, 0x4A6A, 0x4A6A, 0x4A8A, 0x4A8A, 0x4A8B, 0x4A6A, 0x4A6B, 0x4A8B, 0x4A8B, 0x426A,
0x4229, 0x3A09, 0x39E9, 0x39E9, 0x426A, 0x52AC, 0x4A8B, 0x4229, 0x31A7, 0x2986, 0x2945, 0x31A6,
0x3A08, 0x4208, 0x4249, 0x4A6A, 0x4249, 0x39E8, 0x31A7, 0x2987, 0x2987, 0x2166, 0x2146, 0x2146,
0x1925, 0x1925, 0x1925, 0x2145, 0x2146, 0x2125, 0x1905, 0x1905, 0x1905, 0x1925, 0x1905, 0x1904,
0x10A3, 0x0842, 0x0021, 0x0862, 0x08A3, 0x10E4, 0x2126, 0x2987, 0x29A7, 0x31A8, 0x2987, 0x2967,
0x2987, 0x2987, 0x2987, 0x2987, 0x2987, 0x2987, 0x29A7, 0x2987, 0x2166, 0x29A7, 0x31C8, 0x3A09,
0x4A8B, 0x5ACC, 0x39E8, 0x10A3, 0x0001, 0x0001, 0x0001, 0x0001, 0xBD95, 0xACF3, 0x8BEF, 0x736D,
0x6B4E, 0x738F, 0x738E, 0x6B6E, 0x630C, 0x62EC, 0x5ACC, 0x5ACB, 0x52AA, 0x4249, 0x4229, 0x4229,
0x39E8, 0x31C8, 0x29A7, 0x2966, 0x1925, 0x2145, 0x2125, 0x1925, 0x2126, 0x2126, 0x2126, 0x2125,
0x2146, 0x3187, 0x2987, 0x2986, 0x2966, 0x2986, 0x29A7, 0x31A7, 0x31C8, 0x31C8, 0x31A7, 0x31A7,
0x31A7, 0x31C7, 0x31C7, 0x39E8, 0x4A8B, 0x634E, 0x7BF0, 0x8430, 0x8C31, 0x8C51, 0x8C51, 0x8C71,
0x9492, 0x9492, 0x9492, 0x9471, 0x8C71, 0x8C51, 0x8C51, 0x8430, 0x8430, 0x8430, 0x8410, 0x83F0,
0x83EF, 0x83EF, 0x7BEF, 0x7BCF, 0x7BAF, 0x73AE, 0x73AE, 0x7BCF, 0x7BEF, 0x73AE, 0x6B4D, 0x6B4D,
0x6B6E, 0x738F, 0x73AF, 0x73AF, 0x73AF, 0x7BCF, 0x7BCF, 0x7BCF, 0x7BCF, 0x7BCF, 0x7BCF, 0x8410,
0x83F0, 0x83F0, 0x8410, 0x8410, 0x83F0, 0x8C30, 0x8C10, 0x8410, 0x8C51, 0x8410, 0x8C30, 0x8C31,
0x8C30, 0x83EF, 0x83EF, 0x83CF, 0x83CF, 0x7BAE, 0x630B, 0x4208, 0x1905, 0x10C4, 0x0883, 0x08C4,
0x638F, 0x8431, 0x8430, 0x8C51, 0x8C51, 0x8C51, 0x8C51, 0x8C51, 0x8C51, 0x8C71, 0x9492, 0x9492,
0x9492, 0x9492, 0x9492, 0x9492, 0x9471, 0x9471, 0x9492, 0x9471, 0x8C31, 0x9492, 0x9492, 0x8C31,
0x8C31, 0x9492, 0x8C51, 0x7BF0, 0x8C71, 0x8450, 0x7BEF, 0x8C31, 0x8C72, 0x7BF0, 0x7BD0, 0x8C51,
0x7BF0, 0x738E, 0x8C71, 0x8C51, 0x7BCF, 0x73CF, 0x8C72, 0x7C11, 0x6B8F, 0x8C72, 0x8452, 0x73AF,
0x8431, 0x94B2, 0x7C10, 0x73AF, 0x8C92, 0x8C72, 0x73EF, 0x8C72, 0x94D3, 0x7C10, 0x7C10, 0x9CF4,
0x94D3, 0x7BF0, 0x9CD3, 0xA515, 0x8431, 0x8C72, 0xA535, 0x9CF4, 0x7C10, 0x9CF4, 0xAD75, 0x94B3,
0x94B3, 0xAD55, 0xA534, 0x9CB2, 0xB575, 0xCDF7, 0xC5F7, 0xBDB6, 0x840F, 0x4A49, 0x738E, 0x73AF,
0x31C7, 0x1082, 0x0862, 0x0883, 0x0883, 0x0883, 0x0883, 0x0883, 0x08A3, 0x0883, 0x0883, 0x0883,
0x08A3, 0x0883, 0x0883, 0x08A3, 0x08A3, 0x10C4, 0x08A3, 0x10C4, 0x08C4, 0x10E4, 0x08C4, 0x08C4,
0x08C4, 0x10C4, 0x10C4, 0x10C4, 0x10C4, 0x10C4, 0x1905, 0x18E5, 0x10E4, 0x10E4, 0x1905, 0x1905,
0x1905, 0x1925, 0x1905, 0x1905, 0x2987, 0x5AEC, 0x6BAF, 0x6B6E, 0x5B0C, 0x52AB, 0x52AB, 0x4AAB,
0x4AAB, 0x52CC, 0x52CC, 0x4A8B, 0x52AB, 0x52AB, 0x528B, 0x4A8A, 0x4249, 0x3A29, 0x3A09, 0x4A6A,
0x52CB, 0x4A8B, 0x3A09, 0x2945, 0x2145, 0x2124, 0x2124, 0x39E7, 0x4A8A, 0x4A69, 0x4A6A, 0x4A6A,
0x4249, 0x4229, 0x4208, 0x4209, 0x4229, 0x31A7, 0x2125, 0x1905, 0x1905, 0x1905, 0x1905, 0x1925,
0x2146, 0x2126, 0x2125, 0x1905, 0x1905, 0x2125, 0x2166, 0x2967, 0x2166, 0x10C3, 0x0021, 0x0041,
0x0062, 0x0883, 0x1905, 0x2966, 0x31C7, 0x39E9, 0x31C8, 0x2987, 0x2987, 0x2987, 0x2987, 0x2987,
0x29A7, 0x29A7, 0x31C8, 0x31C8, 0x29A7, 0x29A7, 0x31C8, 0x3A09, 0x4A8B, 0x5AEC, 0x52AB, 0x18E4,
0x0001, 0x0001, 0x0001, 0x0001, 0xBD95, 0xA4D2, 0x83CF, 0x736E, 0x6B6E, 0x738F, 0x73AE, 0x6B6D,
0x630C, 0x5ACC, 0x5AEC, 0x5AEB, 0x528A, 0x4229, 0x3A08, 0x39E8, 0x31A7, 0x2986, 0x2145, 0x2145,
0x2125, 0x1925, 0x1905, 0x1905, 0x1925, 0x1925, 0x1905, 0x1905, 0x1925, 0x2126, 0x2125, 0x1925,
0x2146, 0x2146, 0x2166, 0x2966, 0x2987, 0x2987, 0x31A7, 0x31A8, 0x31A7, 0x31C8, 0x31E8, 0x3A08,
0x52AB, 0x6B6E, 0x7BF0, 0x8430, 0x8C51, 0x8C71, 0x8C71, 0x9471, 0x9492, 0x9492, 0x9492, 0x9471,
0x8C51, 0x8C51, 0x8431, 0x8430, 0x8410, 0x8410, 0x8430, 0x8410, 0x83EF, 0x7BEF, 0x7BCF, 0x7BCF,
0x7BAF, 0x738E, 0x73AE, 0x7BCF, 0x7BCF, 0x73AE, 0x6B6D, 0x6B4D, 0x6B6E, 0x738F, 0x73AF, 0x7BCF,
0x7BCF, 0x7BCF, 0x7BEF, 0x7BEF, 0x7BCF, 0x7BCF, 0x83F0, 0x8410, 0x8410, 0x8410, 0x8430, 0x8410,
0x8C31, 0x9471, 0x8C10, 0x83EF, 0x8C30, 0x8C10, 0x8C30, 0x8C30, 0x840F, 0x840F, 0x83EF, 0x83CF,
0x7BAE, 0x734D, 0x526A, 0x2125, 0x10C3, 0x08A3, 0x0083, 0x29C8, 0x7C31, 0x8C51, 0x8430, 0x8C71,
0x8C51, 0x8C51, 0x8C71, 0x8C71, 0x8C71, 0x8C71, 0x9492, 0x9492, 0x9492, 0x9492, 0x9CB2, 0x9CB2,
0x94B2, 0x9CB2, 0x9CB2, 0x94B2, 0x9492, 0x9CB3, 0x9472, 0x8C30, 0x9472, 0x9492, 0x8410, 0x8431,
0x94B2, 0x8430, 0x7BCF, 0x9492, 0x8C51, 0x7BD0, 0x8431, 0x8C72, 0x7BF0, 0x7BF0, 0x94B3, 0x7C10,
0x73AE, 0x8C72, 0x8C72, 0x73CF, 0x7C10, 0x94B3, 0x7BF0, 0x73AF, 0x8C92, 0x8C72, 0x73AF, 0x8C72,
0x94D3, 0x7C10, 0x7C31, 0x9D14, 0x8C92, 0x73F0, 0x94D4, 0xA535, 0x8411, 0x8C72, 0xA515, 0x94D4,
0x7BF0, 0xA535, 0xAD75, 0x8C72, 0x94B3, 0xB576, 0xA534, 0x9492, 0xAD75, 0xB595, 0x9CD2, 0x9CD3,
0xB5B6, 0xBDD7, 0xBD96, 0xC5F7, 0xBD75, 0x9450, 0x734D, 0x8C11, 0x73AE, 0x39E7, 0x1062, 0x0882,
0x0882, 0x0883, 0x0883, 0x08A3, 0x0883, 0x0883, 0x0883, 0x0883, 0x0883, 0x0883, 0x0883, 0x08A3,
0x08A3, 0x08A3, 0x08A3, 0x08A3, 0x08A3, 0x10E4, 0x08C3, 0x08C3, 0x08C4, 0x08C4, 0x08C4, 0x10C4,
0x10E4, 0x10E4, 0x10E4, 0x10E4, 0x1905, 0x10E4, 0x1905, 0x1905, 0x1905, 0x1905, 0x1925, 0x1925,
0x4229, 0x6B6E, 0x7C10, 0x7BF0, 0x6B4D, 0x5ACC, 0x5AEC, 0x5AEC, 0x5AEC, 0x5B0C, 0x52CB, 0x5ACB,
0x630C, 0x52AB, 0x528B, 0x4A8A, 0x426A, 0x4229, 0x4A6A, 0x52CB, 0x52CB, 0x4A8A, 0x2986, 0x2125,
0x10A3, 0x10A3, 0x2145, 0x3A08, 0x4249, 0x4229, 0x4249, 0x4229, 0x528A, 0x8C51, 0x7BCF, 0x5AEB,
0x528A, 0x39E8, 0x2945, 0x1904, 0x18E4, 0x18E4, 0x18E4, 0x1925, 0x2145, 0x2166, 0x2166, 0x2126,
0x2125, 0x2105, 0x2146, 0x29A7, 0x31C8, 0x2966, 0x10C4, 0x0042, 0x0041, 0x0062, 0x08C3, 0x2145,
0x2987, 0x39E8, 0x31E8, 0x29A7, 0x2987, 0x29A7, 0x29A7, 0x29A7, 0x29A7, 0x31C8, 0x31C8, 0x31C8,
0x29A8, 0x31A7, 0x31C8, 0x3A09, 0x4A8B, 0x632D, 0x5B0C, 0x31C8, 0x0042, 0x0001, 0x0001, 0x0001,
0xB554, 0xA4D2, 0x83CF, 0x736D, 0x6B6E, 0x6B6E, 0x6B8E, 0x6B4D, 0x5B0C, 0x5AEC, 0x5B0C, 0x52EB,
0x528A, 0x4249, 0x4229, 0x39E8, 0x31A7, 0x2966, 0x2145, 0x2125, 0x2125, 0x1925, 0x1905, 0x1905,
0x1905, 0x1905, 0x1925, 0x1905, 0x1905, 0x1905, 0x1905, 0x1905, 0x2146, 0x2146, 0x2146, 0x2166,
0x2966, 0x2966, 0x2966, 0x2987, 0x29A7, 0x31C7, 0x31C7, 0x3208, 0x52AB, 0x6B6E, 0x7BF0, 0x8430,
0x8C51, 0x8C71, 0x9471, 0x9491, 0x9492, 0x9492, 0x9492, 0x9472, 0x8C51, 0x8C51, 0x8430, 0x8430,
0x8430, 0x8430, 0x8430, 0x8430, 0x8410, 0x83EF, 0x7BEF, 0x7BCF, 0x7BAF, 0x73AF, 0x73AE, 0x7BEF,
0x7BCF, 0x73AE, 0x6B4D, 0x6B4D, 0x738E, 0x73AF, 0x73AF, 0x7BCF, 0x7BCF, 0x7BCF, 0x7BCF, 0x83EF,
0x83F0, 0x7BF0, 0x83F0, 0x83F0, 0x8410, 0x8410, 0x8410, 0x83F0, 0x9492, 0x9C92, 0x8C10, 0x8C30,
0x9471, 0x8C30, 0x9471, 0x8C50, 0x8C30, 0x8C30, 0x83EF, 0x83CF, 0x8C30, 0x6B2C, 0x39C7, 0x18E4,
0x10C4, 0x08A3, 0x0042, 0x632D, 0x8C72, 0x8C52, 0x8C72, 0x8C71, 0x8C51, 0x8C71, 0x8C71, 0x9492,
0x9492, 0x9492, 0x9492, 0x9492, 0x9492, 0x9CB2, 0x9CD3, 0x9CB2, 0x94B2, 0x9CD3, 0x94B2, 0x8C71,
0x9CB2, 0x9CD3, 0x9471, 0x8C71, 0x9CD3, 0x9492, 0x8410, 0x94B2, 0x8C92, 0x7BEF, 0x8451, 0x8C71,
0x7BF0, 0x7BF0, 0x9492, 0x8431, 0x73AF, 0x8C71, 0x8472, 0x73EF, 0x7BF0, 0x8C92, 0x8431, 0x73AF,
0x8C93, 0x8451, 0x73AF, 0x8431, 0x94D3, 0x7C10, 0x7BF0, 0x9CF4, 0x8C72, 0x7BF0, 0x94B2, 0x94B3,
0x7C11, 0x8452, 0xA555, 0x94B3, 0x7C10, 0xA514, 0xA515, 0x8411, 0x94B3, 0xAD96, 0x9D13, 0x8451,
0xAD75, 0xAD76, 0x9CB3, 0x9CF4, 0xBDD6, 0xAD75, 0x94B2, 0xAD55, 0xB5B6, 0xA535, 0xAD34, 0xC5F7,
0xCE17, 0xC5D6, 0xAD34, 0x6B0C, 0x630C, 0x73AE, 0x52AB, 0x1904, 0x0862, 0x0883, 0x0883, 0x08A3,
0x0883, 0x0883, 0x0883, 0x0883, 0x0883, 0x0883, 0x0883, 0x08A3, 0x08A3, 0x08A3, 0x08A3, 0x08C3,
0x08A3, 0x1104, 0x08C3, 0x08C3, 0x08C3, 0x08A3, 0x08C4, 0x10E4, 0x10E4, 0x10E4, 0x10E4, 0x10E5,
0x10E4, 0x10E4, 0x1905, 0x1905, 0x1905, 0x1905, 0x1925, 0x2967, 0x4A8B, 0x7BF0, 0x8C72, 0x8C51,
0x7C10, 0x7BEF, 0x6B6E, 0x6B8E, 0x6B8E, 0x5B2D, 0x52EC, 0x5B0D, 0x6B2D, 0x5AEC, 0x52AB, 0x4A8A,
0x4A6A, 0x4A6A, 0x52AB, 0x5ACC, 0x528A, 0x39E8, 0x2145, 0x18C3, 0x10A3, 0x10C3, 0x2145, 0x31C7,
0x3A08, 0x4228, 0x4228, 0x4A69, 0x8C51, 0x9CD3, 0x9CF3, 0x7B8E, 0x526A, 0x3186, 0x2965, 0x1904,
0x18E4, 0x18E4, 0x1904, 0x2125, 0x2966, 0x31A7, 0x31A7, 0x2125, 0x2125, 0x2125, 0x2146, 0x2166,
0x31E8, 0x31C8, 0x2166, 0x10A3, 0x0041, 0x0042, 0x08C3, 0x1905, 0x2986, 0x39E8, 0x3A09, 0x31E8,
0x31E8, 0x31C8, 0x31C8, 0x31C7, 0x31C8, 0x31C8, 0x31C8, 0x31C8, 0x31C8, 0x31A8, 0x31E8, 0x4229,
0x4A6A, 0x5B0D, 0x634D, 0x4A4A, 0x10C4, 0x0001, 0x0001, 0x0001, 0xB554, 0xA4B1, 0x83CE, 0x736D,
0x6B6E, 0x6B4D, 0x6B6D, 0x632D, 0x5AEC, 0x5AEC, 0x5AEC, 0x52CB, 0x4A8A, 0x4249, 0x4229, 0x39E8,
0x2987, 0x2146, 0x2145, 0x2125, 0x2125, 0x1925, 0x1904, 0x1905, 0x1905, 0x1905, 0x1905, 0x1905,
0x1905, 0x1905, 0x1905, 0x1905, 0x1905, 0x2125, 0x2125, 0x2125, 0x2146, 0x2966, 0x2166, 0x2146,
0x2166, 0x2987, 0x2987, 0x3209, 0x52CC, 0x6B8F, 0x7C10, 0x8C51, 0x8C71, 0x9471, 0x9471, 0x9471,
0x9492, 0x9492, 0x9492, 0x8C71, 0x8C51, 0x8C31, 0x8C31, 0x8430, 0x8410, 0x8410, 0x8430, 0x8430,
0x8410, 0x7BEF, 0x7BCF, 0x7BCF, 0x7BAF, 0x73AE, 0x73AE, 0x7BCF, 0x7BCF, 0x738E, 0x6B4D, 0x6B6D,
0x738E, 0x73AF, 0x7BAF, 0x7BCF, 0x7BCF, 0x7BEF, 0x83F0, 0x83F0, 0x83F0, 0x83F0, 0x83F0, 0x8410,
0x8410, 0x83F0, 0x8410, 0x8430, 0x9471, 0x8C51, 0x8410, 0x9471, 0x9491, 0x8C30, 0x8C30, 0x8C10,
0x840F, 0x83EF, 0x83AF, 0x7B8E, 0x83EF, 0x5ACB, 0x3186, 0x1904, 0x08A4, 0x0883, 0x2987, 0x8C51,
0x8C72, 0x9472, 0x94B2, 0x9492, 0x9471, 0x9472, 0x9492, 0x9492, 0x9492, 0x9CB2, 0x9CB2, 0x94B2,
0x9492, 0x9CB3, 0x9CD3, 0x9CB2, 0x9CB3, 0x9CD3, 0x94B2, 0x9472, 0x9CD3, 0x9492, 0x8C51, 0x9CB2,
0x9492, 0x8C30, 0x8C51, 0x9492, 0x8431, 0x7C10, 0x94B2, 0x8C51, 0x7BCF, 0x8C51, 0x8C51, 0x7BD0,
0x7BF0, 0x94B3, 0x7C10, 0x73CF, 0x8C92, 0x8451, 0x73CF, 0x7C10, 0x94D3, 0x7C11, 0x73CF, 0x94D3,
0x8C72, 0x73AF, 0x8C92, 0x94D3, 0x7C10, 0x7C10, 0xA534, 0x9493, 0x8411, 0x9D14, 0x9D35, 0x8411,
0x8C72, 0xAD55, 0x9CF4, 0x8410, 0xA535, 0xA555, 0x8C92, 0x9D14, 0xB596, 0xA534, 0x94B2, 0xB5B6,
0xB5B6, 0x9CF2, 0xAD55, 0xBDB7, 0xAD75, 0x9CF3, 0xB596, 0xBDD7, 0xBDB7, 0xBDB6, 0xC5D6, 0xA4F3,
0x83EF, 0x738E, 0x738F, 0x52AB, 0x2105, 0x18C4, 0x08A3, 0x08A3, 0x08A3, 0x08A3, 0x08A3, 0x0883,
0x0883, 0x08A3, 0x08A3, 0x0883, 0x08A3, 0x08A3, 0x08A3, 0x08A3, 0x08A3, 0x10C4, 0x10C4, 0x08A3,
0x08A3, 0x08A3, 0x10C4, 0x10C4, 0x10C4, 0x10C4, 0x10C4, 0x10C4, 0x10E4, 0x10E4, 0x1905, 0x1905,
0x1905, 0x1905, 0x2105, 0x2967, 0x630D, 0x8C72, 0x94B3, 0x94B3, 0x9492, 0x8C71, 0x7C10, 0x7BF0,
0x7C10, 0x6B8E, 0x6B8E, 0x7BF0, 0x73AF, 0x6B4D, 0x632D, 0x52AB, 0x528A, 0x52AB, 0x5AEB, 0x528A,
0x4208, 0x2966, 0x1904, 0x10A3, 0x10C4, 0x1905, 0x2966, 0x31C7, 0x3A08, 0x4208, 0x4208, 0x4A29,
0x7BEF, 0x94B2, 0x8C51, 0x528A, 0x41E8, 0x31C7, 0x2965, 0x1904, 0x18E4, 0x10E4, 0x1905, 0x2125,
0x2946, 0x31A7, 0x31A7, 0x2966, 0x1925, 0x2125, 0x2146, 0x2146, 0x2966, 0x31C8, 0x39E8, 0x2145,
0x0862, 0x0042, 0x0883, 0x10E4, 0x2986, 0x3A29, 0x424A, 0x3A09, 0x31E8, 0x31E8, 0x31E8, 0x31E8,
0x31E8, 0x31E8, 0x31C8, 0x31C8, 0x31E8, 0x31E8, 0x39E9, 0x426A, 0x4A6A, 0x5B0C, 0x6B8E, 0x5AEC,
0x2966, 0x0001, 0x0001, 0x0001, 0xAD33, 0xA4B1, 0x83CF, 0x736E, 0x6B6E, 0x6B6D, 0x6B4D, 0x6B2D,
0x62EC, 0x5ACC, 0x5ACC, 0x528B, 0x4A49, 0x3A08, 0x39E8, 0x39C7, 0x2966, 0x2125, 0x1925, 0x1925,
0x1925, 0x1905, 0x1904, 0x10E4, 0x1905, 0x1905, 0x1905, 0x1905, 0x1905, 0x1905, 0x1905, 0x1905,
0x1905, 0x1925, 0x1925, 0x1925, 0x2125, 0x2146, 0x2146, 0x2146, 0x2146, 0x2166, 0x2166, 0x31E9,
0x52CC, 0x73AF, 0x8410, 0x8C51, 0x8C71, 0x9471, 0x9471, 0x8C71, 0x94B2, 0x94B2, 0x9492, 0x8C51,
0x8C51, 0x8430, 0x8431, 0x8410, 0x8410, 0x8410, 0x8430, 0x8410, 0x8410, 0x7BF0, 0x7BEF, 0x7BCF,
0x7BCF, 0x73AF, 0x738E, 0x7BCF, 0x7BCF, 0x738E, 0x6B6D, 0x738E, 0x73AE, 0x73CF, 0x7BCF, 0x7BCF,
0x7BD0, 0x83F0, 0x83F0, 0x83F0, 0x83F0, 0x83F0, 0x83F0, 0x8410, 0x83F0, 0x8410, 0x8C71, 0x8C51,
0x83EF, 0x7BCF, 0x7BCF, 0x9450, 0x8C50, 0x840F, 0x83EF, 0x8C50, 0x8C10, 0x9430, 0x7BAE, 0x7B6D,
0x736D, 0x528A, 0x2125, 0x08A3, 0x0884, 0x08A4, 0x632D, 0x8C92, 0x8C71, 0x9492, 0x94B2, 0x9492,
0x9492, 0x9472, 0x9CB3, 0x9492, 0x9CB2, 0x9CB2, 0x9CB2, 0x9CB2, 0x9CD3, 0xA4D3, 0x9CD3, 0x9CB3,
0xA4D3, 0xA4D3, 0x9C92, 0x9CB2, 0xA4F3, 0x9CB3, 0x9492, 0xA4D3, 0x9492, 0x8C30, 0x94B2, 0x9492,
0x7BF0, 0x9492, 0x9491, 0x7BEF, 0x7BF0, 0x9492, 0x8C31, 0x73AF, 0x8C72, 0x8C93, 0x73D0, 0x7C11,
0x94B3, 0x8431, 0x73AF, 0x8C92, 0x8C92, 0x73AF, 0x8451, 0x94D3, 0x7BF0, 0x7BF0, 0x9CF4, 0x8C92,
0x73AF, 0x9CD3, 0x9CF4, 0x8431, 0x8451, 0xA555, 0x94D3, 0x7BF0, 0xA4F4, 0xAD75, 0x9472, 0x9CD3,
0xAD75, 0x9CF3, 0x8C71, 0xAD96, 0xB596, 0x94B2, 0xAD54, 0xBDF6, 0xAD74, 0x9CF3, 0xBDD7, 0xBDD7,
0xA534, 0xAD55, 0xBDB6, 0xB555, 0xAD35, 0xBDB6, 0xCE38, 0xCE38, 0xBD95, 0x83CF, 0x524A, 0x738F,
0x738E, 0x2945, 0x10A3, 0x08A3, 0x08A3, 0x08A3, 0x08A3, 0x08A3, 0x08A3, 0x08A3, 0x0883, 0x0883,
0x08A3, 0x08A3, 0x08A3, 0x08C4, 0x08A3, 0x10C4, 0x10C4, 0x08A3, 0x08A3, 0x08A3, 0x10C3, 0x10C3,
0x10C4, 0x10C4, 0x10C4, 0x10C4, 0x10E4, 0x10E4, 0x10E4, 0x1905, 0x1905, 0x1905, 0x2126, 0x4A4A,
0x8431, 0x9CF4, 0xA534, 0xA535, 0xA514, 0x94B3, 0x9493, 0x9492, 0x8C72, 0x8431, 0x8C72, 0x94B3,
0x8410, 0x8410, 0x8410, 0x738E, 0x734D, 0x736D, 0x5AEB, 0x528A, 0x39E8, 0x2965, 0x18C3, 0x1083,
0x18E4, 0x2146, 0x31A7, 0x3A09, 0x4208, 0x4208, 0x4229, 0x39E8, 0x4A8A, 0x52CB, 0x528B, 0x526A,
0x526A, 0x3A08, 0x31A6, 0x2125, 0x1904, 0x1904, 0x1904, 0x1925, 0x2145, 0x3187, 0x31A7, 0x2966,
0x1925, 0x2125, 0x2166, 0x2166, 0x2166, 0x31C8, 0x4209, 0x39E8, 0x2125, 0x0862, 0x0862, 0x10A3,
0x2986, 0x3A29, 0x424A, 0x3A09, 0x39E9, 0x3A09, 0x3A09, 0x3A29, 0x3A09, 0x3A09, 0x31E8, 0x31E8,
0x3A09, 0x3A09, 0x3A29, 0x426A, 0x4A8B, 0x52EC, 0x73AF, 0x6B6E, 0x31A7, 0x0021, 0x0022, 0x0001,
0xAD13, 0xA4B1, 0x83CF, 0x736E, 0x6B6E, 0x736E, 0x6B6D, 0x632D, 0x62EC, 0x5ACC, 0x52AB, 0x528A,
0x4A6A, 0x4208, 0x39E8, 0x3187, 0x2146, 0x2125, 0x2145, 0x1925, 0x1905, 0x1904, 0x1904, 0x18E4,
0x10E4, 0x1905, 0x1905, 0x1905, 0x1905, 0x1905, 0x1905, 0x1905, 0x1905, 0x1905, 0x1925, 0x1905,
0x1905, 0x2125, 0x2125, 0x2125, 0x2126, 0x2146, 0x2167, 0x31E9, 0x52CC, 0x73AF, 0x8430, 0x8C51,
0x8C51, 0x8C51, 0x8C71, 0x9492, 0x94B2, 0x9492, 0x9472, 0x8C51, 0x8C51, 0x8C31, 0x8410, 0x8410,
0x8410, 0x8410, 0x8410, 0x8410, 0x8410, 0x7BF0, 0x7BEF, 0x7BCF, 0x7BAF, 0x738E, 0x738E, 0x7BCF,
0x7BCF, 0x738E, 0x736E, 0x738E, 0x73AE, 0x73AF, 0x7BCF, 0x7BCF, 0x83F0, 0x8410, 0x8410, 0x8410,
0x83F0, 0x83F0, 0x83F0, 0x83F0, 0x83F0, 0x83EF, 0x8C71, 0x83EF, 0x7BCF, 0x83EF, 0x83EF, 0x9450,
0x840F, 0x840F, 0x8C30, 0x8C30, 0x83EF, 0x8C10, 0x8C10, 0x8C30, 0x62EB, 0x39A7, 0x1904, 0x08A3,
0x0884, 0x1905, 0x7C31, 0x8C72, 0x9492, 0x94B2, 0x94B2, 0x94B2, 0x94B2, 0x9CB2, 0x9CB3, 0x9CD3,
0x9CD2, 0x9CD3, 0x9CD3, 0x9CD3, 0x9CD3, 0xA4D3, 0x9CB2, 0x9CB3, 0xA4F3, 0x9CD2, 0x9CB2, 0xA4F4,
0xA4F3, 0x9492, 0x9CB3, 0xA4D3, 0x8C51, 0x9471, 0x9CD3, 0x8C72, 0x8410, 0x94B2, 0x8C71, 0x7BEF,
0x8C51, 0x9492, 0x7BF0, 0x8411, 0x94B3, 0x7C10, 0x73CF, 0x8C72, 0x8C72, 0x73D0, 0x8451, 0x94B3,
0x7C11, 0x7BF0, 0x94B3, 0x8C92, 0x73CF, 0x8C72, 0x94D4, 0x7BF0, 0x8430, 0x9CF4, 0x94B3, 0x7BF0,
0x9CF4, 0xA535, 0x8431, 0x94B3, 0xAD75, 0xA514, 0x8C72, 0xAD76, 0xAD75, 0x8C71, 0x9D14, 0xBDD7,
0xA514, 0x94B2, 0xBDD6, 0xBDD6, 0x9CF3, 0xAD76, 0xBDF7, 0xB5B6, 0xA534, 0xC617, 0xBDD7, 0xAD55,
0xB576, 0xBDB6, 0xC5D7, 0xBD96, 0xC5D6, 0xB575, 0x9C92, 0x83F0, 0x6B6D, 0x632D, 0x2986, 0x0883,
0x08A3, 0x08A3, 0x08A3, 0x08A3, 0x08A3, 0x08A3, 0x0883, 0x0883, 0x08A3, 0x08A3, 0x08A3, 0x08A3,
0x08A3, 0x08C4, 0x10C4, 0x08A3, 0x08A3, 0x10C3, 0x08A3, 0x10C3, 0x10C4, 0x10C4, 0x10E4, 0x10E4,
0x10E4, 0x10E4, 0x10E4, 0x18E4, 0x1905, 0x1905, 0x2126, 0x5B0D, 0x8C52, 0xAD35, 0xAD55, 0xAD55,
0xAD35, 0xA514, 0x9CF4, 0xA514, 0x9CF4, 0x9CD3, 0x9CF4, 0x9D14, 0x9CF3, 0x9CF3, 0x9CD3, 0x9472,
0x9451, 0x83EF, 0x6B6D, 0x4A69, 0x39C7, 0x2104, 0x18C3, 0x10A3, 0x1904, 0x3187, 0x3A08, 0x4229,
0x4208, 0x4A49, 0x528A, 0x4229, 0x39C7, 0x39E8, 0x526A, 0x5ACC, 0x632D, 0x4A6A, 0x31A7, 0x1925,
0x10E4, 0x10E4, 0x1905, 0x1925, 0x2145, 0x2966, 0x2966, 0x2145, 0x2105, 0x2125, 0x2966, 0x2987,
0x2987, 0x31C8, 0x4A8B, 0x4A8A, 0x2986, 0x10A3, 0x0062, 0x0882, 0x2146, 0x39E8, 0x424A, 0x4A6A,
0x424A, 0x424A, 0x424A, 0x3A29, 0x3A29, 0x424A, 0x3A29, 0x3A09, 0x3A29, 0x3A2A, 0x424A, 0x4A6A,
0x52CC, 0x5B0D, 0x73AF, 0x6B8E, 0x4249, 0x0863, 0x0001, 0x0001, 0xAD13, 0x9C91, 0x83AE, 0x736E,
0x736E, 0x736E, 0x6B6D, 0x630C, 0x5ACC, 0x5ACC, 0x52AB, 0x528A, 0x4A6A, 0x3A08, 0x31A7, 0x2946,
0x2125, 0x1925, 0x1905, 0x1905, 0x18E4, 0x10E4, 0x10E4, 0x10E4, 0x10E4, 0x10E4, 0x10E5, 0x1905,
0x1905, 0x1905, 0x1905, 0x1905, 0x1905, 0x1905, 0x1905, 0x1905, 0x1925, 0x1905, 0x1905, 0x2105,
0x1925, 0x1925, 0x2146, 0x3A09, 0x5AED, 0x7BCF, 0x8451, 0x8C71, 0x8C51, 0x8C51, 0x9471, 0x9492,
0x9492, 0x9492, 0x8C71, 0x9471, 0x8C51, 0x8C51, 0x8C31, 0x8410, 0x8410, 0x8410, 0x8410, 0x7BF0,
0x8410, 0x7BF0, 0x7BCF, 0x7BCF, 0x73AE, 0x738E, 0x73AE, 0x7BCF, 0x7BCF, 0x738E, 0x738E, 0x73AF,
0x73AF, 0x73CF, 0x7BCF, 0x7BCF, 0x7BF0, 0x83F0, 0x8410, 0x8410, 0x83F0, 0x7BF0, 0x7BCF, 0x7BF0,
0x7BF0, 0x8410, 0x8410, 0x8C30, 0x7BAF, 0x7BCF, 0x7BCF, 0x840F, 0x7BAE, 0x7BEF, 0x840F, 0x83EF,
0x840F, 0x83EF, 0x8C30, 0x7BAE, 0x526A, 0x2105, 0x10A3, 0x0883, 0x08A4, 0x3A4A, 0x8CB2, 0x8C92,
0x94B2, 0x9CD3, 0x94B2, 0x94B2, 0x94B2, 0x9CD3, 0x9CB3, 0x9CD3, 0x9CD3, 0x9CD3, 0x9CD3, 0x9CD3,
0xA4F3, 0x9CD3, 0x9CB2, 0xA4F4, 0xA4F3, 0x9CD2, 0xA4F3, 0xA514, 0xA4D3, 0x9CD3, 0xA514, 0xA4D3,
0x9492, 0xA4F4, 0x9CD3, 0x8430, 0x9472, 0x9492, 0x8430, 0x8410, 0x94B3, 0x8431, 0x7BCF, 0x9492,
0x8C72, 0x7BD0, 0x7C11, 0x94B3, 0x8411, 0x73D0, 0x94B3, 0x8C72, 0x7BD0, 0x8451, 0x94D3, 0x7C10,
0x7C10, 0x9D14, 0x8C92, 0x7BF0, 0x94D3, 0xA534, 0x8451, 0x8C71, 0xA555, 0x9492, 0x8431, 0xAD55,
0xAD75, 0x8C92, 0x9D14, 0xB5D7, 0x9CF3, 0x94B2, 0xB5B6, 0xAD96, 0x94B2, 0xAD75, 0xBDF7, 0xAD55,
0x9D14, 0xBDF7, 0xB5B6, 0xA4F3, 0xBDD6, 0xC638, 0xB5B6, 0xAD75, 0xC5F7, 0xC5D7, 0xB555, 0xB575,
0xC617, 0xCE38, 0xCE38, 0xA4D3, 0x62EC, 0x5ACC, 0x738E, 0x4249, 0x18E4, 0x18C3, 0x10A3, 0x0883,
0x0883, 0x0883, 0x08A3, 0x0883, 0x08A3, 0x08A3, 0x08A3, 0x08A3, 0x08A3, 0x08A3, 0x08C4, 0x08A3,
0x08A3, 0x08A3, 0x08A3, 0x10C3, 0x10C3, 0x10C3, 0x10C4, 0x10C4, 0x10C4, 0x10C4, 0x10E4, 0x10E4,
0x10E4, 0x18E4, 0x3187, 0x6B6E, 0xAD55, 0xB576, 0xB576, 0xB596, 0xAD76, 0xA535, 0xA555, 0xAD55,
0xA555, 0xA555, 0xAD76, 0xAD76, 0xAD55, 0xAD75, 0xB575, 0xAD35, 0xAD55, 0x9CB2, 0x7BCE, 0x630C,
0x4208, 0x3165, 0x18E3, 0x18E4, 0x2966, 0x3A08, 0x4229, 0x4229, 0x4229, 0x5ACB, 0x632C, 0x4A6A,
0x31A7, 0x39C8, 0x528B, 0x632D, 0x5AEC, 0x4A8B, 0x29A7, 0x18E4, 0x10A4, 0x10E4, 0x1905, 0x1925,
0x2145, 0x2145, 0x2125, 0x2125, 0x1904, 0x2946, 0x31A8, 0x31A8, 0x31C8, 0x4209, 0x5AEC, 0x5B0C,
0x4A49, 0x2945, 0x0882, 0x0862, 0x18E4, 0x3A08, 0x528B, 0x5AEC, 0x52AB, 0x528B, 0x4A8A, 0x4A6A,
0x4A6A, 0x4A6A, 0x4A6A, 0x4A4A, 0x4A6A, 0x4A6A, 0x4A6A, 0x5ACC, 0x632D, 0x738E, 0x7BCF, 0x7BF0,
0x5AEC, 0x20E5, 0x0842, 0x0001, 0xAD13, 0x9C91, 0x83AE, 0x736E, 0x736E, 0x738E, 0x6B6E, 0x632D,
0x62EC, 0x5ACC, 0x52AB, 0x528A, 0x4A49, 0x3A08, 0x31A7, 0x2145, 0x2125, 0x1905, 0x18E4, 0x18E4,
0x18E4, 0x10E4, 0x10E4, 0x10E4, 0x10C4, 0x10E4, 0x10E4, 0x10E4, 0x1905, 0x1905, 0x1905, 0x1905,
0x1905, 0x1905, 0x1905, 0x2145, 0x2146, 0x2125, 0x1905, 0x2105, 0x1905, 0x1905, 0x2146, 0x3A09,
0x5AED, 0x7BD0, 0x8C71, 0x8C71, 0x8C71, 0x9471, 0x9472, 0x9492, 0x9492, 0x9492, 0x9471, 0x8C71,
0x8C51, 0x8C31, 0x8410, 0x8410, 0x8410, 0x8410, 0x7BF0, 0x7BF0, 0x8410, 0x8410, 0x7BEF, 0x73AF,
0x738E, 0x738E, 0x73AE, 0x7BCF, 0x7BCF, 0x738E, 0x738E, 0x73AF, 0x7BCF, 0x7BCF, 0x7BCF, 0x7BEF,
0x7BEF, 0x83F0, 0x83F0, 0x7BF0, 0x7BEF, 0x7BCF, 0x7BCF, 0x7BF0, 0x83F0, 0x7BAF, 0x7BCF, 0x83EF,
0x7BAF, 0x738E, 0x6B4D, 0x73AE, 0x73AE, 0x7BEF, 0x7BCF, 0x83EF, 0x83EF, 0x83EF, 0x8C30, 0x7BAE,
0x39E8, 0x1905, 0x10A3, 0x0883, 0x10C4, 0x6BF0, 0x8CB3, 0x9492, 0x94B2, 0x94B2, 0x94B2, 0x94B2,
0x9CD3, 0x9CD3, 0x9CB3, 0x9CD3, 0x9CD3, 0x9CD3, 0x9CD3, 0xA4F4, 0xA4F4, 0x9CD3, 0xA4F3, 0xA4F4,
0x9CD3, 0x9CD3, 0xAD14, 0xA4F3, 0x9C91, 0xA513, 0xA4F3, 0x9471, 0x9492, 0xA4F4, 0x94B2, 0x8C31,
0x9CD3, 0x9472, 0x8410, 0x9471, 0x9492, 0x7BEF, 0x7BF0, 0x94B3, 0x8410, 0x73AF, 0x8C72, 0x8C72,
0x73AF, 0x8431, 0x94B3, 0x7C10, 0x73D0, 0x94D3, 0x8C92, 0x73CF, 0x8C72, 0x9D14, 0x7C10, 0x7C30,
0x9D34, 0x94B2, 0x7C10, 0xA555, 0xA555, 0x8411, 0x94B3, 0xAD76, 0x94B3, 0x8C72, 0xAD76, 0xAD75,
0x8C92, 0xA555, 0xB5D6, 0xA534, 0x9CF3, 0xBDD7, 0xBDB7, 0xA4F4, 0xB5B6, 0xBDF7, 0xAD55, 0xA514,
0xC637, 0xC5F7, 0xAD54, 0xC618, 0xCE59, 0xBDD7, 0xBD76, 0xC5D7, 0xC5F7, 0xC5F7, 0xC5F7, 0xC5D6,
0xA4D3, 0x7BCF, 0x736D, 0x73AF, 0x52AA, 0x18C3, 0x10A3, 0x08A3, 0x08A3, 0x08A3, 0x08A3, 0x08A3,
0x08A3, 0x08A3, 0x08A3, 0x08A3, 0x08A3, 0x08A3, 0x08A3, 0x08A3, 0x08A3, 0x08A3, 0x08A3, 0x10C3,
0x10C3, 0x10C3, 0x10C4, 0x10C4, 0x10C4, 0x10C4, 0x10C4, 0x10E4, 0x10E4, 0x1904, 0x3187, 0x736E,
0xAD55, 0xB596, 0xB576, 0xAD76, 0xA575, 0xA535, 0xA555, 0xAD75, 0xAD55, 0xAD55, 0xAD96, 0xAD96,
0xAD95, 0xB596, 0xB5B6, 0xB596, 0xBDB6, 0xAD54, 0x9471, 0x8C30, 0x736D, 0x3144, 0x20E3, 0x18E4,
0x31A7, 0x4249, 0x4A6A, 0x4229, 0x4A69, 0x6B6D, 0x634C, 0x4229, 0x31A7, 0x4229, 0x4A6A, 0x528B,
0x4A6A, 0x29A7, 0x10C3, 0x0062, 0x0042, 0x0883, 0x10C4, 0x1905, 0x2146, 0x2125, 0x18E4, 0x18E4,
0x18E4, 0x2966, 0x3A09, 0x4249, 0x424A, 0x4A6A, 0x5AEC, 0x630C, 0x52AA, 0x39C7, 0x18E4, 0x0862,
0x18E4, 0x39E8, 0x5AEC, 0x630D, 0x632D, 0x632D, 0x5B0C, 0x52AB, 0x5AEC, 0x5AEC, 0x52CB, 0x4A8A,
0x52CC, 0x5AED, 0x5AED, 0x6B2D, 0x738E, 0x7BF0, 0x8410, 0x8C51, 0x738E, 0x2105, 0x0822, 0x0001,
0xA4F3, 0x9C91, 0x7BAE, 0x736E, 0x736E, 0x738F, 0x6B6E, 0x6B2D, 0x630C, 0x5AEC, 0x52CB, 0x4A69,
0x4228, 0x39E8, 0x31A7, 0x2145, 0x1925, 0x1905, 0x18E4, 0x18E4, 0x18E4, 0x10E4, 0x10C4, 0x10C4,
0x10E4, 0x10C4, 0x10C4, 0x10C4, 0x10E4, 0x18E4, 0x18E4, 0x18E4, 0x1905, 0x1905, 0x1905, 0x1925,
0x2145, 0x1925, 0x1925, 0x1905, 0x1905, 0x1905, 0x2146, 0x3A29, 0x5B0D, 0x7BCF, 0x8450, 0x8C71,
0x9492, 0x9492, 0x9472, 0x9492, 0x9492, 0x9492, 0x9492, 0x8C51, 0x8C51, 0x8430, 0x8410, 0x8410,
0x8410, 0x8410, 0x83F0, 0x7BF0, 0x7BF0, 0x7BF0, 0x7BCF, 0x7BAF, 0x738E, 0x738E, 0x73AE, 0x7BCF,
0x7BCF, 0x738E, 0x738E, 0x73AF, 0x7BCF, 0x7BEF, 0x7BCF, 0x7BEF, 0x7BEF, 0x7BEF, 0x7BF0, 0x7BCF,
0x7BCF, 0x7BCF, 0x7BCF, 0x7BCF, 0x7BCF, 0x738E, 0x7BCF, 0x73AE, 0x73AE, 0x738E, 0x6B4D, 0x6B6D,
0x73AE, 0x7BEF, 0x7BEF, 0x7BEF, 0x7BCE, 0x83EF, 0x83EF, 0x62CB, 0x2966, 0x1905, 0x0883, 0x0883,
0x424A, 0x8472, 0x8C92, 0x8C91, 0x9492, 0x9CD3, 0x94B2, 0x94B2, 0x9CD3, 0x9CB3, 0x9CD3, 0x9CD3,
0x9CD3, 0x9CD3, 0xA4D3, 0xA514, 0xA4F4, 0xA4F3, 0xA514, 0xA514, 0x9CD2, 0xA4F3, 0xAD34, 0xA4F3,
0xA4D3, 0xAD34, 0xA514, 0x9492, 0xA4F4, 0x9CD3, 0x8C31, 0x9472, 0x9CF3, 0x8C51, 0x8410, 0x9CB3,
0x8C71, 0x73CF, 0x9492, 0x8C72, 0x7BCF, 0x7C10, 0x94B3, 0x7C10, 0x73CF, 0x8C92, 0x8C72, 0x73CF,
0x8452, 0x9CF4, 0x7C10, 0x7C10, 0x9D14, 0x94B3, 0x73CF, 0x94B2, 0x9D14, 0x7C10, 0x8C71, 0xAD75,
0x94D3, 0x7C10, 0xAD76, 0xA535, 0x8431, 0xA514, 0xB5B6, 0x9CF3, 0x94B2, 0xB5D6, 0xB5B6, 0x9492,
0xB596, 0xBDD7, 0xAD55, 0xA514, 0xBDF8, 0xBDD7, 0x9D14, 0xBDF7, 0xC638, 0xB5B6, 0xB595, 0xCE59,
0xCE38, 0xB596, 0xC5F7, 0xCE38, 0xC5D7, 0xBD96, 0xC5F7, 0xCE38, 0xCE38, 0xB555, 0x7BAE, 0x528A,
0x736D, 0x5ACB, 0x2125, 0x10A3, 0x08A3, 0x08A3, 0x08A3, 0x08A3, 0x08A3, 0x08A3, 0x08A3, 0x08A3,
0x08A3, 0x08A3, 0x0883, 0x08A3, 0x08A3, 0x08A3, 0x08A3, 0x10C3, 0x10C3, 0x10C4, 0x10C4, 0x10C4,
0x10C4, 0x10C4, 0x10C4, 0x10C4, 0x1104, 0x1104, 0x3187, 0x736E, 0xAD55, 0xB596, 0xB576, 0xAD55,
0xA535, 0x9CF4, 0xA515, 0xA555, 0xA555, 0xAD55, 0xAD96, 0xB596, 0xB596, 0xB596, 0xB5B6, 0xB596,
0xBDD6, 0xAD54, 0xA513, 0x9CD2, 0x83EF, 0x2944, 0x18E3, 0x2145, 0x39E8, 0x528A, 0x52CB, 0x4A6A,
0x52CA, 0x73AE, 0x6B4D, 0x4208, 0x3A08, 0x4209, 0x39E8, 0x39E8, 0x29A7, 0x10C3, 0x0883, 0x0042,
0x0042, 0x0042, 0x08A3, 0x10C4, 0x10E4, 0x10E4, 0x10C4, 0x18E4, 0x18E4, 0x2987, 0x4A6A, 0x52CB,
0x5ACB, 0x52CB, 0x5B0C, 0x632C, 0x62EB, 0x4228, 0x18E4, 0x0862, 0x0882, 0x2986, 0x4A6A, 0x632D,
0x73AF, 0x7BF0, 0x73AF, 0x6B6E, 0x738E, 0x738E, 0x6B6E, 0x6B6D, 0x6B8E, 0x738F, 0x738F, 0x7BD0,
0x8411, 0x8431, 0x9492, 0xA4F4, 0x8C51, 0x4208, 0x0842, 0x0001, 0xACF3, 0x9450, 0x7BAF, 0x736E,
0x736E, 0x738F, 0x738E, 0x6B2D, 0x630C, 0x5AEB, 0x5ACB, 0x4A6A, 0x4229, 0x31C8, 0x2986, 0x2125,
0x1904, 0x10E4, 0x10E4, 0x10C4, 0x10C4, 0x10C4, 0x10C4, 0x10C4, 0x10C4, 0x10E4, 0x10E4, 0x10E4,
0x10C4, 0x10C4, 0x10E4, 0x10E4, 0x1905, 0x1904, 0x10E4, 0x18E4, 0x18E4, 0x1905, 0x1905, 0x1925,
0x1905, 0x1905, 0x2167, 0x4A8B, 0x5B2D, 0x73CF, 0x8C30, 0x8C71, 0x9492, 0x9492, 0x9492, 0x9492,
0x9492, 0x9492, 0x9491, 0x8C71, 0x8C51, 0x8410, 0x8410, 0x8430, 0x8430, 0x8410, 0x83F0, 0x7BF0,
0x7BEF, 0x7BEF, 0x7BCF, 0x73CF, 0x738E, 0x736E, 0x738E, 0x73AE, 0x73AE, 0x738E, 0x738E, 0x7BAF,
0x7BCF, 0x7BCF, 0x7BEF, 0x83F0, 0x7BF0, 0x7BCF, 0x7BCF, 0x7BCF, 0x7BCF, 0x73AE, 0x738E, 0x738E,
0x738E, 0x738E, 0x738E, 0x6B6D, 0x6B4D, 0x6B6D, 0x6B6D, 0x632D, 0x73AF, 0x738E, 0x6B6E, 0x6B4D,
0x738E, 0x738E, 0x630C, 0x41E8, 0x1905, 0x08A3, 0x10C4, 0x1905, 0x6B6E, 0x8C71, 0x8C71, 0x8C71,
0x9492, 0x9492, 0x94B2, 0x9CB2, 0x9CD2, 0x9CB2, 0x9CB3, 0x9CD3, 0x9CD3, 0x9CD3, 0xA4D3, 0xA4F4,
0xA4D3, 0xA4F3, 0xA514, 0xA513, 0xA4D2, 0xAD14, 0xAD34, 0x9CB2, 0xA4F3, 0xAD34, 0x9CB2, 0x9CB2,
0xAD35, 0xA4F3, 0x8C30, 0xA4F3, 0x9CD2, 0x8410, 0x9472, 0x9492, 0x7BF0, 0x7C10, 0x94B3, 0x7C10,
0x73CF, 0x8C92, 0x8C51, 0x7BCF, 0x8431, 0x9493, 0x7C11, 0x73F0, 0x94D3, 0x8C72, 0x73CF, 0x8C72,
0x9CF4, 0x7C10, 0x7C10, 0x9D14, 0x8C72, 0x73CF, 0xA534, 0xA534, 0x8451, 0x9CD3, 0xAD56, 0x9CF4,
0x8C71, 0xB596, 0xB5B6, 0x8C92, 0xAD55, 0xB5D7, 0xA514, 0x9CD3, 0xC5F7, 0xBDD7, 0x9CD3, 0xB5B7,
0xC618, 0xAD75, 0xB596, 0xCE38, 0xC617, 0xAD34, 0xC617, 0xCE59, 0xBDB6, 0xBDB7, 0xCE39, 0xCE18,
0xBDB7, 0xCE18, 0xC617, 0xC617, 0xC5F7, 0xCDF7, 0xBD75, 0x9471, 0x83CF, 0x6B2D, 0x630C, 0x39A7,
0x1082, 0x10A3, 0x10A4, 0x08A3, 0x08A3, 0x08A3, 0x08A3, 0x08A3, 0x0883, 0x0883, 0x0883, 0x0883,
0x0883, 0x08A3, 0x08A3, 0x08A4, 0x08A4, 0x08C4, 0x10C4, 0x10E4, 0x10E4, 0x10C4, 0x10C4, 0x10C4,
0x10C4, 0x10E4, 0x31A7, 0x7C10, 0x9CF4, 0xAD55, 0xAD35, 0x9CD4, 0x9CD4, 0x9CF4, 0x9CF4, 0x9CF4,
0x9CF3, 0x9D14, 0xA534, 0xA534, 0xAD55, 0xAD76, 0xAD96, 0xAD96, 0xB596, 0xA514, 0x9CF3, 0xA514,
0x8C51, 0x39C6, 0x2965, 0x31C7, 0x4249, 0x5AEC, 0x5AEC, 0x4A49, 0x5AEB, 0x738E, 0x632C, 0x4208,
0x4209, 0x3A08, 0x2166, 0x1945, 0x10E4, 0x0883, 0x0042, 0x0021, 0x0021, 0x0021, 0x0042, 0x0062,
0x0883, 0x08A3, 0x08C3, 0x10C4, 0x18C4, 0x2125, 0x528B, 0x736E, 0x7BAF, 0x738E, 0x7B8E, 0x8C30,
0x7BCE, 0x52AA, 0x4228, 0x2104, 0x18A2, 0x2125, 0x4249, 0x632D, 0x8411, 0x8C72, 0x8C51, 0x8C51,
0x8C51, 0x8C71, 0x9471, 0x8C71, 0x8C52, 0x8C72, 0x8C72, 0x8C72, 0x8C72, 0x8C72, 0x9CF3, 0xAD55,
0xA534, 0x5ACB, 0x0862, 0x0001, 0xACF3, 0x9451, 0x7BAF, 0x736E, 0x736E, 0x738E, 0x6B6E, 0x632D,
0x5AEC, 0x5ACB, 0x52AB, 0x526A, 0x4229, 0x31C7, 0x2966, 0x1905, 0x18E4, 0x10C4, 0x10C4, 0x10C4,
0x10C4, 0x10C4, 0x10C4, 0x10C4, 0x10C4, 0x10C4, 0x10C4, 0x10C4, 0x10C4, 0x10E4, 0x10E3, 0x10E3,
0x10E4, 0x10E4, 0x10C4, 0x10E4, 0x10E4, 0x10E4, 0x1905, 0x1905, 0x1905, 0x1905, 0x2987, 0x428B,
0x5B2D, 0x73EF, 0x8410, 0x8C51, 0x9492, 0x9492, 0x9492, 0x9492, 0x9492, 0x9492, 0x9491, 0x8C51,
0x8C31, 0x8430, 0x8430, 0x8410, 0x8410, 0x8410, 0x7BCF, 0x7BCF, 0x7BCF, 0x73CF, 0x73CF, 0x73AF,
0x738E, 0x738E, 0x73AE, 0x7BCF, 0x73AE, 0x738E, 0x738E, 0x7BAF, 0x7BCF, 0x7BCF, 0x7BCF, 0x7BF0,
0x7BCF, 0x7BCF, 0x7BCF, 0x7BCF, 0x7BAE, 0x738E, 0x736E, 0x738E, 0x738E, 0x738E, 0x6B6E, 0x634D,
0x630C, 0x632D, 0x5B0C, 0x632D, 0x6B8E, 0x632D, 0x630C, 0x5B0C, 0x6B6E, 0x736D, 0x52AB, 0x3187,
0x10E4, 0x10A3, 0x08A4, 0x31E8, 0x7C31, 0x8C71, 0x9471, 0x9471, 0x9492, 0x9492, 0x9CB2, 0x9CB2,
0x9CB2, 0x94B2, 0x9CD3, 0x9CD3, 0x9CD3, 0x9CD3, 0xA4F4, 0xA4F3, 0x9CD3, 0xA513, 0xA513, 0xA4F3,
0xA4F3, 0xAD34, 0xA4F3, 0x9C92, 0xAD54, 0xAD34, 0x9C92, 0xAD34, 0xAD14, 0x9451, 0x9471, 0xA4F3,
0x9471, 0x8410, 0x9CB3, 0x8C51, 0x7BCF, 0x8C72, 0x8C72, 0x73CF, 0x7C10, 0x8CB3, 0x7C10, 0x73CF,
0x94B3, 0x8C92, 0x73CF, 0x8451, 0x8CB2, 0x7C10, 0x7BF0, 0x9CF4, 0x94B3, 0x73CF, 0x94D3, 0x9D14,
0x7C10, 0x9492, 0xB596, 0x94D3, 0x8431, 0xA535, 0xAD55, 0x8C92, 0x9D14, 0xBDD7, 0xA534, 0x94B2,
0xB5B6, 0xB596, 0x8C72, 0xB596, 0xC5F8, 0xAD35, 0xA535, 0xC618, 0xB5B6, 0xA514, 0xC5F7, 0xC638,
0xB596, 0xB595, 0xCE59, 0xC617, 0xB596, 0xC618, 0xCE38, 0xBDD7, 0xC5D7, 0xCE59, 0xCE38, 0xC5D7,
0xC5F7, 0xCE17, 0xCE17, 0xC5F7, 0xACF3, 0x6B0B, 0x5ACB, 0x6B4D, 0x528A, 0x18A3, 0x10A3, 0x10A4,
0x08A3, 0x08A3, 0x08A3, 0x08A3, 0x0883, 0x08A3, 0x08A3, 0x08A3, 0x08A3, 0x08A3, 0x08A3, 0x08A4,
0x08C4, 0x08C4, 0x08C4, 0x08C4, 0x08C4, 0x10C4, 0x10C4, 0x10C4, 0x10C4, 0x10E4, 0x31A7, 0x7C10,
0x9CF3, 0xA514, 0x9CD3, 0x8C72, 0x8C72, 0x8C72, 0x8C93, 0x8C93, 0x8452, 0x8451, 0x94D3, 0x94D3,
0x94D3, 0x9D14, 0x9D14, 0x9CD3, 0xA535, 0x8C51, 0x8C31, 0x9CB3, 0x736E, 0x2945, 0x4228, 0x4249,
0x4A8A, 0x5AEC, 0x4A8A, 0x4A4A, 0x4A29, 0x632D, 0x5AEC, 0x39E8, 0x39E8, 0x31A7, 0x1925, 0x10E4,
0x0883, 0x0062, 0x0041, 0x0021, 0x0021, 0x0021, 0x0042, 0x0042, 0x0062, 0x0062, 0x08A3, 0x10C4,
0x10E4, 0x2146, 0x52AB, 0x7BCF, 0x8410, 0x83EF, 0x9471, 0xAD34, 0x9471, 0x6B4C, 0x738E, 0x4A49,
0x1082, 0x2125, 0x4249, 0x632D, 0x8451, 0x9CD3, 0x9CF3, 0xA4F4, 0xA4F4, 0xA534, 0xA535, 0xA535,
0xA4F4, 0xA4F4, 0x9CF4, 0x94B3, 0x9492, 0x94B2, 0xAD34, 0xBDB6, 0xAD34, 0x5ACB, 0x0862, 0x0001,
0xA4D3, 0x9451, 0x7BAE, 0x736E, 0x736E, 0x6B6E, 0x6B4D, 0x630C, 0x5AEC, 0x5ACB, 0x528A, 0x4A6A,
0x4229, 0x31C7, 0x2125, 0x18E4, 0x10E4, 0x10C4, 0x10C4, 0x10C4, 0x10C4, 0x10E4, 0x10E4, 0x10C4,
0x10C4, 0x10C4, 0x10C4, 0x10C4, 0x10C4, 0x10C4, 0x10E4, 0x10E4, 0x10C4, 0x10E4, 0x10C4, 0x10E4,
0x10E4, 0x18E5, 0x1905, 0x1925, 0x1905, 0x1925, 0x29A8, 0x4A8B, 0x6B8E, 0x7BF0, 0x8C31, 0x8C51,
0x9492, 0x9492, 0x9492, 0x94B2, 0x94B2, 0x94B2, 0x9491, 0x9471, 0x8C51, 0x8431, 0x8431, 0x8430,
0x8410, 0x8410, 0x7BCF, 0x7BCF, 0x7BCF, 0x73CF, 0x73CF, 0x73AF, 0x73AF, 0x7BAF, 0x7BCF, 0x7BCF,
0x73AE, 0x738E, 0x73AE, 0x7BAF, 0x7BCF, 0x7BCF, 0x7BCF, 0x7BCF, 0x7BCF, 0x73AE, 0x73AE, 0x73AE,
0x738E, 0x6B4D, 0x6B4D, 0x6B6E, 0x6B6D, 0x632D, 0x6B4D, 0x5B0C, 0x5B0C, 0x5AEC, 0x52CB, 0x634D,
0x632D, 0x5AEB, 0x5AEC, 0x5AEC, 0x5AEC, 0x5ACB, 0x4208, 0x1904, 0x0883, 0x10A3, 0x10E4, 0x4A8B,
0x8431, 0x8C50, 0x8C51, 0x9471, 0x9492, 0x9CB2, 0x9CB2, 0x9492, 0x9492, 0x9492, 0x9CB2, 0x9CB2,
0x9CB2, 0x9CD3, 0xA4F3, 0xA4F3, 0x9CD3, 0xA4F3, 0xA4F3, 0x9CD2, 0xAD34, 0xAD34, 0x9CB2, 0xA513,
0xB575, 0xA4D3, 0x9CB2, 0xAD34, 0xA4D3, 0x8C30, 0x9CD3, 0x9CB2, 0x8410, 0x9471, 0x9CB3, 0x8410,
0x7BF0, 0x94B3, 0x7C10, 0x73CF, 0x8C92, 0x8C72, 0x73AF, 0x8451, 0x94B3, 0x7C10, 0x73CF, 0x94D3,
0x8C72, 0x73AF, 0x8C72, 0x9CF4, 0x7BF0, 0x7C10, 0xA514, 0x8C92, 0x7BCF, 0x9D14, 0xA535, 0x8431,
0x94B3, 0xAD76, 0x94B2, 0x8451, 0xB5B6, 0xB5B6, 0x8C71, 0xA555, 0xB5D7, 0xA535, 0x9CF3, 0xBDF7,
0xBDB7, 0x9CD3, 0xBDD7, 0xC5F7, 0xAD55, 0xAD55, 0xC638, 0xC5F7, 0xAD54, 0xCE58, 0xCE38, 0xBDB6,
0xBDD6, 0xCE38, 0xCE18, 0xBDB6, 0xCE38, 0xCE59, 0xCE38, 0xCE18, 0xD659, 0xCE18, 0xC5F7, 0xC5F7,
0xB575, 0xB554, 0x9451, 0x738E, 0x6B4D, 0x5AAB, 0x2945, 0x10A3, 0x10A3, 0x08A3, 0x08A3, 0x08A3,
0x08A3, 0x08A3, 0x08A3, 0x08A3, 0x08A3, 0x08A3, 0x08A3, 0x08A3, 0x08C3, 0x08C3, 0x08C4, 0x08C4,
0x10C4, 0x08C4, 0x10C4, 0x10C4, 0x10C4, 0x10E4, 0x29A7, 0x7BF0, 0x94B3, 0x9CD3, 0x8C72, 0x8451,
0x7C10, 0x7BF0, 0x73F0, 0x73D0, 0x6B8E, 0x6B8E, 0x73F0, 0x7C10, 0x7C10, 0x7C10, 0x7C10, 0x7BF0,
0x7C10, 0x738F, 0x6B6E, 0x736E, 0x4229, 0x2104, 0x4229, 0x4269, 0x4A6A, 0x52AB, 0x4A6A, 0x4A49,
0x3A08, 0x4208, 0x3A08, 0x31A7, 0x3187, 0x2966, 0x10E4, 0x0882, 0x0062, 0x0042, 0x0021, 0x0021,
0x0021, 0x0021, 0x0042, 0x0042, 0x0062, 0x0062, 0x0883, 0x10C4, 0x10E4, 0x2145, 0x528B, 0x73AF,
0x7BCF, 0x83F0, 0xAD14, 0xAD55, 0x9471, 0x7BAE, 0x8410, 0x52AA, 0x18A3, 0x2125, 0x424A, 0x6B4E,
0x8451, 0x9CD3, 0xA4F4, 0xAD35, 0xB576, 0xAD75, 0xAD55, 0xAD55, 0xA514, 0xA514, 0xA514, 0x9CF3,
0xA4F4, 0xAD35, 0xBDB6, 0xBDB6, 0xAD55, 0x62CB, 0x1082, 0x0001, 0x9CB2, 0x9451, 0x7BAE, 0x736E,
0x738E, 0x6B6E, 0x6B4D, 0x630C, 0x5AEB, 0x5ACB, 0x528A, 0x4A49, 0x4208, 0x3186, 0x2125, 0x18E4,
0x10E4, 0x10C4, 0x10C4, 0x10C4, 0x10C3, 0x10C4, 0x10C4, 0x10C4, 0x10C4, 0x10C4, 0x10C4, 0x10C4,
0x10C4, 0x10E4, 0x10E4, 0x10E4, 0x10E4, 0x10E4, 0x10E4, 0x1905, 0x10E5, 0x10E4, 0x1905, 0x2146,
0x1925, 0x2146, 0x31E9, 0x52CC, 0x636E, 0x7C10, 0x8C51, 0x9471, 0x9492, 0x9492, 0x9492, 0x94B2,
0x9CD2, 0x9CB2, 0x9492, 0x9471, 0x8C71, 0x8C71, 0x8C51, 0x8430, 0x8410, 0x7BF0, 0x7BCF, 0x7BCF,
0x7BCF, 0x7BCF, 0x7BCF, 0x73AF, 0x73AF, 0x73AF, 0x7BCF, 0x7BCF, 0x73AE, 0x738E, 0x7BAF, 0x7BAF,
0x7BCF, 0x7BCF, 0x7BCF, 0x7BAE, 0x7BAE, 0x738E, 0x738E, 0x736E, 0x738E, 0x6B2D, 0x630C, 0x632C,
0x632D, 0x5B0C, 0x5B0C, 0x5ACC, 0x52CB, 0x52AB, 0x52CB, 0x632D, 0x52AB, 0x52AB, 0x4AAB, 0x52CC,
0x5ACB, 0x4A49, 0x31A7, 0x10C3, 0x0883, 0x1925, 0x2146, 0x634E, 0x8431, 0x8430, 0x840F, 0x8430,
0x8C51, 0x8C51, 0x9471, 0x9492, 0x9471, 0x9471, 0x9472, 0x9C92, 0x9CB2, 0x9CB2, 0xA4D2, 0xA4D3,
0xA4D3, 0xA4F3, 0xA4F3, 0xA4D3, 0xAD34, 0xAD34, 0x9CB2, 0xAD34, 0xAD54, 0x9C92, 0xAD14, 0xAD14,
0x9472, 0x8C51, 0xA4F3, 0x9471, 0x7BEF, 0x9CB2, 0x8C71, 0x7BCF, 0x8C51, 0x8C72, 0x7BCF, 0x7BEF,
0x8C92, 0x8430, 0x73AE, 0x8C92, 0x8C71, 0x6B8E, 0x8451, 0x8CB2, 0x7C10, 0x73AF, 0x9CD3, 0x8C92,
0x73CF, 0x94B3, 0x9CF4, 0x7C10, 0x8C72, 0xA555, 0x94B3, 0x7C10, 0xAD55, 0xA555, 0x8430, 0xA534,
0xB5B6, 0x9CF3, 0x94B2, 0xB5B6, 0xB5B6, 0x8C92, 0xB5B6, 0xC618, 0xA534, 0xA514, 0xC618, 0xBDD7,
0xA514, 0xBDD6, 0xCE38, 0xB595, 0xBDB6, 0xCE59, 0xC618, 0xB595, 0xCE38, 0xCE59, 0xBDB6, 0xC5F7,
0xCE59, 0xCE38, 0xC5D7, 0xD659, 0xD659, 0xCE38, 0xC618, 0xC5F7, 0xC617, 0xCE58, 0xC5D6, 0x7B8D,
0x62CB, 0x6B4D, 0x6B2D, 0x4208, 0x10C3, 0x10C3, 0x10E4, 0x08A3, 0x08A3, 0x08A3, 0x08A3, 0x08A3,
0x08A3, 0x08A3, 0x08C3, 0x08C3, 0x08C3, 0x08C3, 0x08A3, 0x08C4, 0x10C4, 0x08A3, 0x08C4, 0x10C4,
0x10C4, 0x10C4, 0x2166, 0x6B8F, 0x7C31, 0x8C72, 0x8451, 0x73CF, 0x6B8F, 0x6B6E, 0x636E, 0x5B0D,
0x52CC, 0x52EC, 0x636E, 0x634E, 0x5B0D, 0x52EC, 0x52CC, 0x52CC, 0x634E, 0x632D, 0x52AB, 0x4229,
0x2945, 0x18E4, 0x39E8, 0x4229, 0x4229, 0x4229, 0x4229, 0x31C7, 0x2986, 0x31C7, 0x31A7, 0x2987,
0x2966, 0x2146, 0x10A3, 0x0862, 0x0042, 0x0022, 0x0021, 0x0001, 0x0021, 0x0041, 0x0042, 0x0042,
0x0062, 0x0062, 0x0062, 0x10C4, 0x10C4, 0x2125, 0x4249, 0x5AEC, 0x6B6E, 0x7BCF, 0xAD35, 0xAD55,
0x94B2, 0x7BEF, 0x9492, 0x630C, 0x18E4, 0x2125, 0x4A6A, 0x73AF, 0x8411, 0x94B3, 0xA514, 0xAD76,
0xB576, 0xB596, 0xAD55, 0xAD34, 0xAD55, 0xAD55, 0xAD35, 0xAD14, 0xAD55, 0xB596, 0xBDB7, 0xBDF7,
0xBDB7, 0x630D, 0x1083, 0x0001, 0x9CD2, 0x9451, 0x7BAF, 0x736E, 0x736E, 0x6B6E, 0x6B4D, 0x632C,
0x5AEB, 0x5ACB, 0x4A8A, 0x4A49, 0x4208, 0x31A6, 0x2145, 0x1904, 0x10E4, 0x10C4, 0x08C4, 0x08C3,
0x08C3, 0x08C4, 0x10C4, 0x10C4, 0x10C4, 0x10C4, 0x10C4, 0x10C4, 0x10C4, 0x10C4, 0x10C4, 0x10C4,
0x10C4, 0x10C4, 0x10C4, 0x10E4, 0x10E4, 0x10E4, 0x10E5, 0x1905, 0x1925, 0x2146, 0x31E8, 0x4ACC,
0x636E, 0x7C10, 0x8C51, 0x9471, 0x9492, 0x9492, 0x9492, 0x9492, 0x9CB2, 0x9CB2, 0x9492, 0x9471,
0x8C71, 0x8C71, 0x8C51, 0x8430, 0x8410, 0x7BF0, 0x7BCF, 0x7BCF, 0x7BCF, 0x7BCF, 0x7BCF, 0x73AF,
0x73AF, 0x73AE, 0x73AE, 0x73AE, 0x73AE, 0x738E, 0x738E, 0x73AE, 0x73AE, 0x73AE, 0x73AE, 0x738E,
0x736E, 0x6B6D, 0x6B6E, 0x6B6E, 0x632D, 0x5AEC, 0x5AEC, 0x5B0C, 0x5AEC, 0x5AEC, 0x5ACB, 0x52AB,
0x52AB, 0x4A8A, 0x5AEC, 0x5ACB, 0x4A4A, 0x4A6A, 0x4A8B, 0x4A8B, 0x4249, 0x3A08, 0x2125, 0x08A3,
0x10E4, 0x1946, 0x3A29, 0x5B2D, 0x6B8E, 0x7BCF, 0x7BCF, 0x8410, 0x8C30, 0x8410, 0x8410, 0x8C51,
0x8C51, 0x8C51, 0x9471, 0x9492, 0x9492, 0x9CB2, 0x9CD2, 0x9CB2, 0x9CD3, 0xA4F3, 0x9CD2, 0x9CD2,
0xA513, 0xA4D3, 0xA4D3, 0xAD34, 0xAD13, 0x9C92, 0xAD14, 0xA4D3, 0x8C31, 0xA4F3, 0x9CD3, 0x8430,
0x8430, 0x9CB2, 0x83F0, 0x73CF, 0x94B2, 0x8431, 0x73AF, 0x8C51, 0x8431, 0x73AE, 0x7C10, 0x8C92,
0x7BEF, 0x73AE, 0x8C92, 0x8451, 0x6BAE, 0x8C92, 0x94B3, 0x7BF0, 0x8431, 0x9CF4, 0x8C92, 0x7BF0,
0x9D14, 0xA514, 0x8410, 0x94D3, 0xAD76, 0x94B2, 0x8471, 0xAD96, 0xAD95, 0x8C91, 0xAD55, 0xBDF7,
0x9D14, 0x9D14, 0xBDF7, 0xB5B7, 0x9CD4, 0xB5B6, 0xC5F7, 0xAD54, 0xB595, 0xCE38, 0xC5F7, 0xAD34,
0xC618, 0xCE59, 0xB596, 0xBDD7, 0xCE59, 0xC617, 0xBD96, 0xCE38, 0xD659, 0xC5F7, 0xC5F7, 0xD679,
0xD659, 0xCE38, 0xCE39, 0xCE39, 0xC617, 0xC617, 0xC5D6, 0xBD75, 0xBD75, 0x8C0F, 0x6B4D, 0x6B2D,
0x4A29, 0x2125, 0x08C3, 0x08A3, 0x08A3, 0x08A3, 0x08A3, 0x08A3, 0x08A3, 0x08C3, 0x08C3, 0x08C3,
0x08C3, 0x08C3, 0x08A3, 0x08C4, 0x08C4, 0x08A4, 0x08C4, 0x08C4, 0x10C4, 0x10C4, 0x2146, 0x4AAB,
0x7C10, 0x7C10, 0x73CF, 0x6B8E, 0x5B2D, 0x5B0D, 0x530C, 0x4AAB, 0x426A, 0x4A8B, 0x52CC, 0x52CC,
0x426B, 0x4A8B, 0x4A8B, 0x426A, 0x52CC, 0x52CB, 0x52AB, 0x39C7, 0x2104, 0x10A3, 0x2966, 0x31A7,
0x39C7, 0x39C7, 0x31A7, 0x31A7, 0x2966, 0x2986, 0x2966, 0x2966, 0x2146, 0x1905, 0x0883, 0x0863,
0x0883, 0x0863, 0x0022, 0x0021, 0x0021, 0x0042, 0x0862, 0x0062, 0x0062, 0x0062, 0x0062, 0x10A3,
0x10E4, 0x2145, 0x4229, 0x52CB, 0x5AEC, 0x738E, 0xA514, 0xAD55, 0x7BEF, 0x7BCF, 0x8C51, 0x5ACC,
0x18C4, 0x2125, 0x4A6A, 0x73AF, 0x8411, 0x9492, 0x9CF4, 0xA535, 0xB576, 0xB596, 0xAD55, 0xA534,
0xA534, 0xA535, 0xA535, 0xAD55, 0xB576, 0xB596, 0xBDD7, 0xC5F7, 0xBDB7, 0x6B0D, 0x1083, 0x0001,
0x9CD3, 0x9471, 0x83CF, 0x738E, 0x736E, 0x6B6D, 0x6B4D, 0x630C, 0x5AEB, 0x5ACB, 0x528A, 0x4249,
0x39E8, 0x3186, 0x2125, 0x10C4, 0x10C4, 0x08A3, 0x08A3, 0x08A4, 0x08A3, 0x08A3, 0x08A3, 0x08A3,
0x08A3, 0x10C4, 0x10C4, 0x10C4, 0x10C4, 0x10C4, 0x08C4, 0x08C4, 0x10C4, 0x10C4, 0x10C4, 0x10E4,
0x10E5, 0x1905, 0x10E5, 0x10E4, 0x18E5, 0x1926, 0x31E9, 0x52CC, 0x6B8E, 0x7C10, 0x8C51, 0x9472,
0x9492, 0x9492, 0x9492, 0x9492, 0x94B2, 0x94B2, 0x9492, 0x8C71, 0x8C51, 0x8C31, 0x8C30, 0x8410,
0x8410, 0x83F0, 0x7BEF, 0x7BCF, 0x7BCF, 0x73AF, 0x73AF, 0x73AF, 0x738E, 0x738E, 0x738E, 0x738E,
0x738E, 0x736E, 0x738E, 0x738E, 0x738E, 0x73AE, 0x738E, 0x6B6D, 0x6B6D, 0x6B4D, 0x6B4D, 0x632D,
0x630C, 0x5AEC, 0x5AEC, 0x5AEC, 0x5AEC, 0x52CB, 0x52AB, 0x4A8A, 0x4A6A, 0x4A8A, 0x5ACB, 0x426A,
0x426A, 0x424A, 0x4229, 0x4229, 0x4229, 0x31C7, 0x18E4, 0x10C3, 0x1945, 0x2146, 0x52CC, 0x632D,
0x634D, 0x6B4D, 0x738E, 0x73AE, 0x7BCE, 0x73CE, 0x7BCF, 0x7BCF, 0x7BEF, 0x8410, 0x8C30, 0x8C30,
0x8C30, 0x9451, 0x9471, 0x8C51, 0x9492, 0xA4D3, 0x9C92, 0x9CD2, 0xA4F3, 0x9471, 0xA4D3, 0xACF3,
0x9C91, 0x9C92, 0xA4D3, 0x9471, 0x8C50, 0x9492, 0x9471, 0x7BCF, 0x8C51, 0x8C51, 0x73CF, 0x7C10,
0x8431, 0x7BCF, 0x738E, 0x8451, 0x7BF0, 0x738E, 0x8451, 0x8431, 0x6B8E, 0x7C10, 0x8471, 0x73EF,
0x73EF, 0x94D3, 0x8C72, 0x73AF, 0x94B3, 0x9CD3, 0x7BF0, 0x8C51, 0xA514, 0x94B2, 0x8431, 0xA535,
0xA535, 0x8431, 0x9CF3, 0xB5B6, 0x9CF3, 0x9492, 0xBDD7, 0xB596, 0x8C72, 0xAD96, 0xBDF7, 0xA535,
0x9D14, 0xC5F8, 0xBDD7, 0xA513, 0xC5F7, 0xC617, 0xAD75, 0xBDB6, 0xCE59, 0xC618, 0xB575, 0xCE38,
0xCE59, 0xBDB6, 0xC617, 0xCE58, 0xCE38, 0xC5F7, 0xCE58, 0xD679, 0xC617, 0xCE38, 0xD659, 0xD659,
0xCE58, 0xCE38, 0xCE18, 0xD658, 0xD658, 0xAD13, 0x736D, 0x736D, 0x7B8E, 0x6B2D, 0x31A7, 0x10A3,
0x10A3, 0x08A3, 0x08C4, 0x08C4, 0x08C3, 0x08C3, 0x08C3, 0x08C3, 0x10E4, 0x10E4, 0x08A3, 0x08C4,
0x08C4, 0x08A4, 0x08C4, 0x10C4, 0x10C4, 0x10C4, 0x1925, 0x426A, 0x6BAF, 0x73CF, 0x6B6E, 0x5B0C,
0x52AB, 0x4AAB, 0x4A8B, 0x426A, 0x426A, 0x426A, 0x4AAB, 0x426A, 0x3A09, 0x3A09, 0x3A29, 0x3A29,
0x3A29, 0x4A8B, 0x424A, 0x31C7, 0x2104, 0x1082, 0x18E4, 0x2966, 0x2987, 0x2987, 0x2987, 0x2987,
0x2986, 0x2966, 0x2966, 0x2966, 0x2946, 0x1905, 0x0883, 0x0883, 0x18E4, 0x10E4, 0x0883, 0x0042,
0x0062, 0x08A3, 0x10A3, 0x08A3, 0x0883, 0x0083, 0x0882, 0x10C4, 0x1905, 0x2986, 0x3A08, 0x424A,
0x4A4A, 0x630C, 0x8430, 0x8431, 0x526A, 0x526A, 0x52AB, 0x2966, 0x10A3, 0x2146, 0x4A6A, 0x738E,
0x8411, 0x8431, 0x8C72, 0x9CF4, 0xA514, 0x9D14, 0x9CF4, 0x9CF4, 0x9CF4, 0x9CF4, 0x9CF4, 0xA535,
0xAD55, 0xB575, 0xBDB6, 0xBDD6, 0xAD55, 0x5AAB, 0x1063, 0x0001, 0xA4D3, 0x9471, 0x83CF, 0x738E,
0x738E, 0x6B6D, 0x6B2D, 0x632C, 0x5B0B, 0x5ACB, 0x528A, 0x4249, 0x39E7, 0x2986, 0x2125, 0x10C4,
0x10A3, 0x08A3, 0x10C4, 0x10C4, 0x10C4, 0x08A3, 0x08A3, 0x08A3, 0x10C4, 0x10C4, 0x10C4, 0x08A3,
0x08A4, 0x08C4, 0x08C4, 0x08C4, 0x08C4, 0x10C4, 0x10E4, 0x10C4, 0x10E4, 0x10E4, 0x10E4, 0x10E4,
0x18E5, 0x1926, 0x3209, 0x52EC, 0x6B8E, 0x7C10, 0x8C52, 0x9472, 0x9492, 0x9492, 0x9492, 0x9492,
0x9492, 0x9492, 0x9472, 0x8C51, 0x8C51, 0x8C30, 0x8430, 0x8410, 0x8410, 0x83F0, 0x7BEF, 0x7BCF,
0x7BCF, 0x73AF, 0x73AF, 0x738F, 0x738F, 0x738F, 0x738E, 0x738E, 0x736E, 0x6B6D, 0x6B6E, 0x738E,
0x738E, 0x738E, 0x6B6D, 0x632C, 0x630C, 0x632D, 0x632D, 0x630C, 0x5ACC, 0x52CB, 0x52CB, 0x52CB,
0x52CB, 0x52AB, 0x4A8B, 0x4A6A, 0x4A4A, 0x52AB, 0x4A8A, 0x3A29, 0x3A29, 0x4249, 0x4229, 0x4229,
0x31E8, 0x1925, 0x10C3, 0x1104, 0x1946, 0x2187, 0x4AAB, 0x632D, 0x632D, 0x5B0C, 0x6B4D, 0x6B4D,
0x632C, 0x6B8E, 0x73CF, 0x73CF, 0x738E, 0x83F0, 0x83F0, 0x83CF, 0x83EF, 0x8C30, 0x83F0, 0x7BCF,
0x8C31, 0x9471, 0x9451, 0x9C92, 0x9CB2, 0x9471, 0xA4D3, 0xA4B2, 0x9430, 0x9CB2, 0x9C92, 0x83EF,
0x8C50, 0x8C71, 0x7BCF, 0x7BAF, 0x8C31, 0x8410, 0x6B6E, 0x7C10, 0x7C10, 0x6B6E, 0x7BCF, 0x7BF0,
0x6B8E, 0x7BF0, 0x8C51, 0x73AF, 0x6B8E, 0x8C72, 0x7C10, 0x6B6E, 0x8C71, 0x8C92, 0x73CF, 0x7BCF,
0x9CD3, 0x8C51, 0x73AF, 0x9CD3, 0x9CD3, 0x7BCF, 0x8C92, 0xA555, 0x9492, 0x7C10, 0xAD75, 0xAD95,
0x8451, 0xA534, 0xB5B6, 0xA514, 0x9CD3, 0xBDF7, 0xB5B7, 0x94D3, 0xBDD7, 0xBDF7, 0xA534, 0xB575,
0xC638, 0xBDF7, 0xA534, 0xC638, 0xC618, 0xB575, 0xBDB6, 0xCE59, 0xC617, 0xBD96, 0xCE58, 0xCE79,
0xC617, 0xC5F8, 0xD659, 0xCE37, 0xC617, 0xD658, 0xD659, 0xCE38, 0xCE58, 0xD679, 0xD679, 0xCE58,
0xC5F7, 0xC5F7, 0xCE38, 0xB554, 0x7B6D, 0x62CB, 0x6B2C, 0x39E7, 0x1904, 0x10A3, 0x10C4, 0x08C4,
0x08C4, 0x10C3, 0x10C3, 0x10C4, 0x10E4, 0x10E4, 0x08C4, 0x08C4, 0x08C4, 0x08A3, 0x08C4, 0x10C4,
0x10C4, 0x10C4, 0x1925, 0x4249, 0x636E, 0x738F, 0x634D, 0x5ACC, 0x4A8A, 0x424A, 0x424A, 0x424A,
0x3A29, 0x3A09, 0x424A, 0x3A09, 0x31E8, 0x31C8, 0x31E8, 0x31E9, 0x31E8, 0x4229, 0x3A09, 0x31C7,
0x2104, 0x10A3, 0x0883, 0x18E5, 0x2146, 0x2967, 0x2987, 0x2987, 0x2986, 0x2966, 0x2966, 0x2966,
0x2146, 0x2105, 0x10C4, 0x10C3, 0x2145, 0x2146, 0x10C4, 0x0042, 0x0062, 0x10C3, 0x10C4, 0x10A3,
0x08A3, 0x0083, 0x10C3, 0x2146, 0x2986, 0x31E8, 0x39E8, 0x3A09, 0x4249, 0x52AB, 0x632D, 0x5ACB,
0x2946, 0x2105, 0x18E4, 0x08A3, 0x10A3, 0x2966, 0x4A6A, 0x6B6E, 0x73AF, 0x6BAF, 0x6B8F, 0x8431,
0x8C92, 0x9493, 0x8452, 0x8452, 0x8C72, 0x94B3, 0x94D3, 0x9CF3, 0xA535, 0xAD55, 0xB5B7, 0xBDB6,
0xA4F4, 0x4A6A, 0x1063, 0x0001, 0xA4D3, 0x9471, 0x83EF, 0x738E, 0x738E, 0x6B6D, 0x6B2D, 0x630C,
0x630C, 0x5ACB, 0x528A, 0x4249, 0x39E7, 0x2986, 0x2105, 0x10C4, 0x10A3, 0x08A3, 0x08A3, 0x08A3,
0x08A3, 0x08A3, 0x08A3, 0x10C4, 0x10C4, 0x10C4, 0x08A3, 0x08A3, 0x08A3, 0x08A3, 0x08A3, 0x08A3,
0x08C4, 0x10C4, 0x10E4, 0x10C4, 0x10C4, 0x10C4, 0x10E4, 0x10E4, 0x18E5, 0x1926, 0x3209, 0x52EC,
0x6B8E, 0x7C10, 0x8C51, 0x9472, 0x94B2, 0x94B2, 0x9C92, 0x9492, 0x9492, 0x9492, 0x9472, 0x8C51,
0x8C51, 0x8C31, 0x8C31, 0x8410, 0x83F0, 0x83F0, 0x7BEF, 0x7BCF, 0x7BCF, 0x73AF, 0x738E, 0x738E,
0x738F, 0x738E, 0x738E, 0x736E, 0x6B6E, 0x6B6D, 0x6B6E, 0x736E, 0x736E, 0x736D, 0x6B2D, 0x630C,
0x630C, 0x630C, 0x630C, 0x630C, 0x52CC, 0x4A8B, 0x4A8B, 0x52AB, 0x52AB, 0x4A6A, 0x4A6A, 0x424A,
0x422A, 0x52AB, 0x4249, 0x3A09, 0x39E8, 0x3A29, 0x3A09, 0x39E8, 0x2987, 0x10E4, 0x1905, 0x1946,
0x1946, 0x31C8, 0x4A8B, 0x4A8A, 0x52AB, 0x52CB, 0x5B0C, 0x5AEB, 0x5B0C, 0x634D, 0x634D, 0x5B0C,
0x6B4D, 0x738E, 0x6B4D, 0x738E, 0x736D, 0x738E, 0x738E, 0x73AF, 0x8C31, 0x8430, 0x8410, 0x8C71,
0x8410, 0x8410, 0x9471, 0x8C30, 0x8C10, 0x9492, 0x8C51, 0x7BAE, 0x7BCF, 0x7BCF, 0x6B6D, 0x73AE,
0x7BCF, 0x738E, 0x6B6D, 0x7BCF, 0x6B8E, 0x6B6E, 0x73CF, 0x73AF, 0x632D, 0x73AF, 0x73AF, 0x6B8E,
0x7BCF, 0x8431, 0x73AF, 0x73AF, 0x8C72, 0x7BF0, 0x6B8E, 0x8451, 0x8C72, 0x7BCF, 0x8431, 0x9CF4,
0x9492, 0x7BCF, 0x9CF4, 0xA514, 0x7C10, 0x9CD3, 0xAD75, 0x94B2, 0x8C71, 0xB596, 0xAD75, 0x8C92,
0xAD76, 0xC5F8, 0xA514, 0xA534, 0xBDF8, 0xBDD7, 0xA514, 0xC5F7, 0xCE38, 0xAD54, 0xB5B6, 0xC638,
0xC5F7, 0xB575, 0xCE38, 0xCE59, 0xBDB6, 0xC5F7, 0xD679, 0xC617, 0xBDD6, 0xCE38, 0xCE38, 0xC5F7,
0xCE18, 0xD659, 0xCE38, 0xCE17, 0xD659, 0xD679, 0xD679, 0xCE58, 0xCE38, 0xCE38, 0xD658, 0xCE17,
0xA4D2, 0x8C0F, 0x7BAE, 0x738E, 0x630C, 0x2145, 0x10A3, 0x10C4, 0x10C4, 0x10C3, 0x10C3, 0x10C4,
0x08C4, 0x08C4, 0x08C4, 0x08C4, 0x08C4, 0x08A3, 0x08C4, 0x10C4, 0x10C4, 0x10C4, 0x1925, 0x4249,
0x636D, 0x632D, 0x630D, 0x52AB, 0x4249, 0x3A49, 0x3A09, 0x31E9, 0x31C8, 0x31C8, 0x31E9, 0x3A09,
0x31E8, 0x31C8, 0x31C8, 0x31C8, 0x31C8, 0x31E8, 0x39E8, 0x31C7, 0x2125, 0x10A3, 0x0883, 0x0883,
0x18E4, 0x1905, 0x2946, 0x2987, 0x2986, 0x2966, 0x2966, 0x2966, 0x2146, 0x2125, 0x1905, 0x1904,
0x2125, 0x2146, 0x10C4, 0x0042, 0x0062, 0x10C3, 0x10C4, 0x10A3, 0x0883, 0x10C3, 0x2166, 0x39E8,
0x3A08, 0x4229, 0x4208, 0x3A08, 0x4A6A, 0x52AB, 0x52AB, 0x39C8, 0x2125, 0x0862, 0x1083, 0x10A3,
0x10E4, 0x2966, 0x4A6A, 0x5AEC, 0x5AEC, 0x5AEC, 0x5AED, 0x632E, 0x636E, 0x6B6F, 0x6B6E, 0x6B6F,
0x73AF, 0x7C10, 0x8431, 0x8C52, 0x94B3, 0xA514, 0xAD76, 0xB576, 0x9CF4, 0x2925, 0x0863, 0x0022,
0x9CB2, 0x9451, 0x83CF, 0x738E, 0x736E, 0x6B6D, 0x6B4D, 0x630C, 0x630C, 0x5ACB, 0x4A69, 0x4228,
0x31C7, 0x2965, 0x2105, 0x10A3, 0x08A3, 0x08A3, 0x08A3, 0x08A3, 0x0883, 0x08A3, 0x08A3, 0x08A3,
0x08A3, 0x08A3, 0x08A3, 0x08A3, 0x08A3, 0x08A3, 0x08A3, 0x08A3, 0x08A3, 0x08C4, 0x08A4, 0x08A3,
0x10A4, 0x10C4, 0x10C4, 0x10C4, 0x10E4, 0x1925, 0x31E9, 0x4ACC, 0x6B8E, 0x8431, 0x8C52, 0x9492,
0x9CB2, 0x9CD2, 0x9CB2, 0x9CB2, 0x9492, 0x9492, 0x9471, 0x9471, 0x8C30, 0x8410, 0x8410, 0x8410,
0x8410, 0x8410, 0x83F0, 0x7BCF, 0x7BAF, 0x73AE, 0x73AE, 0x736E, 0x738F, 0x738F, 0x738E, 0x736E,
0x6B6D, 0x6B4D, 0x6B4D, 0x6B6E, 0x6B6E, 0x6B4D, 0x632C, 0x5B0C, 0x5B0C, 0x5AEC, 0x5AEC, 0x5AEC,
0x52AB, 0x4A8A, 0x4A8A, 0x52AB, 0x52AB, 0x4A8A, 0x424A, 0x4249, 0x4A8A, 0x4A8A, 0x39E8, 0x39E8,
0x39E8, 0x31E8, 0x31A8, 0x31A7, 0x2126, 0x10C4, 0x1925, 0x2146, 0x2146, 0x424A, 0x4A8B, 0x4A6A,
0x4A69, 0x4A8A, 0x52CB, 0x52AA, 0x5AEC, 0x5B0C, 0x52CB, 0x5ACB, 0x630C, 0x630D, 0x5ACB, 0x632D,
0x6B4D, 0x632D, 0x632D, 0x630C, 0x632D, 0x630C, 0x6B4D, 0x7BAE, 0x6B4D, 0x6B4D, 0x7BCF, 0x6B6E,
0x6B6D, 0x83F0, 0x7BAF, 0x6B6D, 0x738E, 0x738E, 0x630C, 0x6B4D, 0x6B4D, 0x632D, 0x632D, 0x632D,
0x632D, 0x632D, 0x634D, 0x634D, 0x632D, 0x6B6E, 0x6B4D, 0x634D, 0x73CF, 0x73AF, 0x634D, 0x73AF,
0x7BF0, 0x6B8E, 0x73CF, 0x8431, 0x7BF0, 0x738E, 0x8C51, 0x94B3, 0x8410, 0x8C51, 0x9CF4, 0x8431,
0x7BF0, 0xA555, 0xAD75, 0x8C71, 0x9CF3, 0xAD96, 0x9CD3, 0x94B2, 0xB5B6, 0xB596, 0x94B2, 0xB596,
0xBDD7, 0xAD55, 0xAD34, 0xC638, 0xBDF6, 0xAD34, 0xC5F7, 0xC617, 0xB575, 0xBDB6, 0xCE59, 0xC617,
0xB596, 0xCE38, 0xCE38, 0xBDB6, 0xC617, 0xCE58, 0xC617, 0xC5F7, 0xCE38, 0xCE59, 0xC5F7, 0xCE18,
0xCE58, 0xCE38, 0xCE58, 0xD679, 0xD679, 0xD679, 0xCE38, 0xC5F7, 0xD658, 0xD658, 0xA4D3, 0x5AAA,
0x6B2D, 0x736E, 0x4A49, 0x2104, 0x10A3, 0x10E4, 0x10C4, 0x10C4, 0x08C4, 0x08C3, 0x08C4, 0x08C4,
0x08C4, 0x08C4, 0x08C4, 0x10C4, 0x10C4, 0x10C4, 0x1925, 0x4249, 0x6B8E, 0x632D, 0x5ACB, 0x4A6A,
0x4229, 0x3A09, 0x39E9, 0x31C8, 0x29A8, 0x29A8, 0x29C8, 0x31E8, 0x31A8, 0x29A8, 0x2987, 0x2987,
0x2987, 0x31C8, 0x31E8, 0x31C7, 0x2145, 0x10C3, 0x10A3, 0x0862, 0x0882, 0x10C3, 0x2125, 0x2966,
0x2986, 0x2966, 0x2966, 0x2125, 0x2146, 0x2146, 0x2145, 0x2125, 0x1905, 0x1905, 0x18E4, 0x10A3,
0x0883, 0x10C4, 0x18E5, 0x18E4, 0x18E4, 0x2946, 0x31C8, 0x426A, 0x426A, 0x4249, 0x4A49, 0x526A,
0x52AB, 0x52AB, 0x4229, 0x2166, 0x18E4, 0x10A3, 0x10A3, 0x10A3, 0x2125, 0x31C7, 0x424A, 0x424A,
0x424A, 0x426A, 0x426A, 0x4A8B, 0x4A8B, 0x4A8B, 0x4A8B, 0x52AC, 0x5B2D, 0x634D, 0x634E, 0x6B6E,
0x7BF0, 0x8C72, 0xA514, 0xA514, 0x738F, 0x18C4, 0x0022, 0x0022, 0x94B2, 0x8C51, 0x83CF, 0x738E,
0x6B6E, 0x6B6D, 0x6B2D, 0x5B0C, 0x5B0C, 0x52AB, 0x4A6A, 0x4228, 0x31C7, 0x2965, 0x10C3, 0x10C4,
0x08A3, 0x08A3, 0x08A3, 0x08A3, 0x0883, 0x08A3, 0x08A3, 0x08A3, 0x08A3, 0x10A4, 0x10C4, 0x10C4,
0x08A3, 0x08A3, 0x08A3, 0x08A3, 0x08A3, 0x08C4, 0x08A3, 0x08A3, 0x08A3, 0x10C4, 0x10C4, 0x10C4,
0x10E4, 0x1105, 0x29E8, 0x4ACC, 0x6B6E, 0x8410, 0x8C72, 0x9492, 0x9CB2, 0x9CD2, 0x9CB2, 0x9CB2,
0x9492, 0x9492, 0x8C51, 0x83F0, 0x7BAF, 0x7BCF, 0x7BCF, 0x8410, 0x8C30, 0x8410, 0x7BF0, 0x7BCF,
0x7BCF, 0x73AF, 0x73AF, 0x738E, 0x73AF, 0x738E, 0x738E, 0x736E, 0x6B6D, 0x6B4D, 0x632D, 0x6B4D,
0x6B4D, 0x632D, 0x630C, 0x5AEC, 0x5B0C, 0x5AEC, 0x5AEC, 0x52CB, 0x52AA, 0x4A8A, 0x4A8A, 0x4AAA,
0x4A8A, 0x424A, 0x3A29, 0x4229, 0x52CB, 0x4229, 0x31E8, 0x31E8, 0x31E8, 0x31C8, 0x31A7, 0x2987,
0x1905, 0x18E4, 0x2126, 0x2146, 0x2986, 0x424A, 0x4A6A, 0x4249, 0x4249, 0x4A8A, 0x4A8A, 0x4A6A,
0x52CB, 0x5ACB, 0x4A4A, 0x52AB, 0x5AEC, 0x4A6A, 0x52CB, 0x5AEC, 0x5AEB, 0x5B0C, 0x52CB, 0x5AEC,
0x5ACB, 0x5ACB, 0x632C, 0x632C, 0x52AB, 0x6B4D, 0x6B4D, 0x52AB, 0x632D, 0x738E, 0x5ACB, 0x52AB,
0x6B2D, 0x5AEC, 0x4A8A, 0x52CB, 0x5B0D, 0x52AB, 0x52AB, 0x5AEC, 0x52CB, 0x52CB, 0x5B0C, 0x5B0C,
0x5B0C, 0x632D, 0x632D, 0x634D, 0x636D, 0x634D, 0x634D, 0x6BAE, 0x6B8E, 0x6B4D, 0x7BF0, 0x7BF0,
0x6B8E, 0x73AF, 0x8C71, 0x8411, 0x6B8F, 0x9493, 0x9492, 0x73CF, 0x8451, 0xA534, 0x9492, 0x8C71,
0xAD75, 0xA514, 0x8451, 0xAD55, 0xB5B6, 0xA534, 0x94D3, 0xBDD7, 0xB596, 0xA4F4, 0xBDD7, 0xC638,
0xAD54, 0xB595, 0xC638, 0xBDF7, 0xAD55, 0xCE38, 0xCE38, 0xB5B6, 0xC5D7, 0xCE58, 0xC5F8, 0xBDB6,
0xCE38, 0xCE38, 0xC5D7, 0xCE18, 0xCE59, 0xCE18, 0xC5F7, 0xCE38, 0xCE58, 0xCE18, 0xCE38, 0xD679,
0xD679, 0xD659, 0xD659, 0xCE38, 0xD679, 0xD658, 0xBD54, 0xAD13, 0x9C92, 0x7B8E, 0x6B4D, 0x5AEC,
0x31A6, 0x10C3, 0x10C4, 0x08C4, 0x08C4, 0x08C3, 0x08C4, 0x08C4, 0x08C4, 0x08C4, 0x08C4, 0x10C4,
0x10C4, 0x10C4, 0x2125, 0x4A8B, 0x6B8E, 0x632C, 0x52AA, 0x4A4A, 0x4229, 0x3A08, 0x31C8, 0x29A7,
0x29A7, 0x2987, 0x2987, 0x29A8, 0x29A7, 0x2987, 0x2987, 0x2987, 0x2987, 0x2166, 0x31C8, 0x31E8,
0x31A7, 0x1904, 0x10A3, 0x0862, 0x0862, 0x1083, 0x1904, 0x2125, 0x2145, 0x2966, 0x2966, 0x2146,
0x2146, 0x2166, 0x2166, 0x2166, 0x2125, 0x1905, 0x1905, 0x18E5, 0x10E4, 0x1905, 0x2125, 0x2145,
0x2966, 0x31A7, 0x4229, 0x4249, 0x4249, 0x4A6A, 0x4A8A, 0x630C, 0x632D, 0x4A8A, 0x31C8, 0x1904,
0x0882, 0x0062, 0x0883, 0x10A3, 0x2125, 0x31C8, 0x4249, 0x4249, 0x424A, 0x424A, 0x426A, 0x426A,
0x426A, 0x424A, 0x3A09, 0x424A, 0x4A8B, 0x52CC, 0x52CC, 0x52CC, 0x634F, 0x8431, 0x9CD3, 0x9493,
0x5B0C, 0x18E4, 0x0022, 0x0042, 0x9492, 0x8C30, 0x7BCF, 0x738E, 0x6B6E, 0x6B4D, 0x632D, 0x5B0C,
0x5B0C, 0x52AB, 0x4A6A, 0x4228, 0x39C7, 0x2945, 0x18C4, 0x10A4, 0x08A3, 0x08A3, 0x08A3, 0x08A3,
0x0883, 0x08A3, 0x08A3, 0x08A3, 0x0883, 0x08A3, 0x10C4, 0x08A3, 0x08A3, 0x08A3, 0x08A3, 0x08A3,
0x08A3, 0x08C4, 0x08A3, 0x08A3, 0x08A3, 0x08A3, 0x10C4, 0x10C4, 0x10E4, 0x1925, 0x31E9, 0x52CC,
0x6B8E, 0x8431, 0x8C72, 0x9492, 0x94B2, 0x9CD2, 0x9CB2, 0x9CB2, 0x9CB2, 0x9492, 0x8C51, 0x7BCF,
0x736D, 0x6B6E, 0x7BCF, 0x8C30, 0x8C30, 0x8410, 0x7BCF, 0x7BCF, 0x7BCF, 0x7BAF, 0x73AF, 0x73AE,
0x73AF, 0x738E, 0x738E, 0x736E, 0x6B6D, 0x634D, 0x632D, 0x632D, 0x632D, 0x632C, 0x5AEC, 0x5AEC,
0x5B0C, 0x5AEC, 0x52CB, 0x52AB, 0x4A8B, 0x4A8A, 0x4AAA, 0x4A8A, 0x4A8A, 0x424A, 0x3A09, 0x424A,
0x4A6A, 0x39E8, 0x31E8, 0x31E8, 0x29C8, 0x29A8, 0x2987, 0x2166, 0x18E5, 0x1905, 0x2146, 0x1925,
0x31A7, 0x4249, 0x4A4A, 0x4229, 0x4249, 0x4A8A, 0x4249, 0x4A4A, 0x52CB, 0x4A6A, 0x4A6A, 0x5AEC,
0x5AEC, 0x4A6A, 0x5ACB, 0x5ACC, 0x4A6A, 0x4A6A, 0x4A6A, 0x4A6A, 0x4A8A, 0x528A, 0x5AEB, 0x528A,
0x4A6A, 0x632D, 0x5B0C, 0x4A8A, 0x630C, 0x5ACB, 0x4A6A, 0x4A8A, 0x5AEC, 0x528A, 0x4249, 0x4AAB,
0x4A8B, 0x4249, 0x52AB, 0x52CC, 0x4A6A, 0x4A6A, 0x52CB, 0x52CB, 0x52AB, 0x52CB, 0x52CB, 0x52AB,
0x52CB, 0x52EC, 0x5B2C, 0x5B0C, 0x5AEC, 0x634E, 0x6B8E, 0x634D, 0x6B6E, 0x73CF, 0x7BF0, 0x6B6E,
0x7BD0, 0x94B3, 0x8431, 0x73AF, 0x94B2, 0x94B2, 0x7BEF, 0x94B3, 0xAD75, 0x8C92, 0x8C72, 0xB5B6,
0xAD96, 0x94B3, 0xA535, 0xB5B6, 0xA4F4, 0xAD35, 0xC617, 0xB596, 0xA4F3, 0xBDD7, 0xCE38, 0xB575,
0xBDB6, 0xCE59, 0xC617, 0xB596, 0xCE38, 0xCE38, 0xBDB6, 0xC5F7, 0xCE58, 0xC617, 0xC5D7, 0xCE38,
0xCE38, 0xC5F7, 0xCE18, 0xCE58, 0xCE18, 0xC5F7, 0xC617, 0xCE38, 0xCE38, 0xCE58, 0xD659, 0xD679,
0xD679, 0xC5F7, 0xD638, 0xCE17, 0xCDF7, 0x83CF, 0x62EB, 0x738E, 0x6B4C, 0x4A89, 0x2965, 0x1904,
0x10E4, 0x10C3, 0x08C4, 0x08C4, 0x08C4, 0x08C4, 0x08C4, 0x08C4, 0x10C4, 0x10C4, 0x2146, 0x5B0C,
0x6B8E, 0x632C, 0x52CB, 0x4A6A, 0x4249, 0x3208, 0x29A7, 0x2987, 0x2987, 0x2987, 0x2987, 0x2987,
0x2987, 0x2987, 0x2967, 0x2146, 0x2166, 0x2167, 0x2987, 0x31A7, 0x29A7, 0x2966, 0x1904, 0x0882,
0x0861, 0x0882, 0x10A3, 0x18C4, 0x2125, 0x2986, 0x2987, 0x2966, 0x2166, 0x2146, 0x2166, 0x2166,
0x2146, 0x2146, 0x2146, 0x2146, 0x1946, 0x2146, 0x2166, 0x2986, 0x31A7, 0x3A08, 0x4229, 0x424A,
0x4A8A, 0x52CB, 0x634E, 0x6B6E, 0x6B6E, 0x4A4A, 0x2987, 0x10A3, 0x0062, 0x0062, 0x08A3, 0x1904,
0x2986, 0x31E8, 0x3A29, 0x4249, 0x424A, 0x424A, 0x4A6A, 0x426A, 0x424A, 0x3A09, 0x3A09, 0x3A29,
0x424A, 0x4A8B, 0x4A8B, 0x4AAC, 0x5B0E, 0x7BD0, 0x8C92, 0x8431, 0x4A6A, 0x0022, 0x0022, 0x0042,
0x9472, 0x8C30, 0x7BAF, 0x738E, 0x6B6E, 0x6B6E, 0x632D, 0x632D, 0x5B0C, 0x5ACB, 0x4A4A, 0x4208,
0x39A7, 0x2105, 0x10A3, 0x10A3, 0x08A4, 0x0883, 0x0883, 0x0883, 0x0883, 0x08A3, 0x08A3, 0x08A3,
0x0883, 0x08A3, 0x08A3, 0x08A3, 0x08A3, 0x08A3, 0x08A3, 0x08A3, 0x08A3, 0x08A3, 0x08A3, 0x0883,
0x08A3, 0x10C3, 0x10C3, 0x10C3, 0x08C4, 0x1925, 0x3A09, 0x5B0D, 0x73AF, 0x8431, 0x8C51, 0x9472,
0x94B2, 0x9CD2, 0x9CD2, 0x9CB2, 0x9CB2, 0x9491, 0x8C51, 0x7BAE, 0x738E, 0x73AE, 0x83F0, 0x8410,
0x8410, 0x83F0, 0x7BCF, 0x7BCF, 0x7BCF, 0x7BCF, 0x738E, 0x738E, 0x738E, 0x738E, 0x738E, 0x736E,
0x6B6D, 0x632D, 0x5B0C, 0x5B0C, 0x630D, 0x630C, 0x5AEC, 0x5AEC, 0x5AEC, 0x52CC, 0x52AB, 0x4A8B,
0x4A6A, 0x4A6A, 0x4A8A, 0x4AAB, 0x4A8B, 0x4229, 0x39E8, 0x424A, 0x39E8, 0x31E8, 0x31E8, 0x31C8,
0x29C8, 0x29A7, 0x2966, 0x1925, 0x1925, 0x2146, 0x2146, 0x1926, 0x39E8, 0x4A4A, 0x422A, 0x4229,
0x4A6A, 0x4A6A, 0x4229, 0x52AB, 0x52AA, 0x39E9, 0x4A4A, 0x52CB, 0x4229, 0x4A4A, 0x528B, 0x4A4A,
0x4229, 0x424A, 0x4A4A, 0x4209, 0x4249, 0x4A6A, 0x4A49, 0x4229, 0x52AB, 0x52AB, 0x4229, 0x4249,
0x5ACC, 0x52AB, 0x3A08, 0x4AAB, 0x4A8B, 0x39E8, 0x4249, 0x52CC, 0x422A, 0x31C8, 0x4A8B, 0x4A8B,
0x3A09, 0x424A, 0x52CB, 0x4229, 0x3A09, 0x4A8A, 0x52AB, 0x4A4A, 0x4A4A, 0x52AB, 0x4A8B, 0x4A8B,
0x52CC, 0x52CC, 0x52CB, 0x5B0C, 0x632D, 0x634D, 0x634E, 0x632D, 0x6B8F, 0x6B6E, 0x634E, 0x8431,
0x8C92, 0x7BF0, 0x73AF, 0x94B3, 0x94B3, 0x7C10, 0x9CF3, 0xAD75, 0x94D3, 0x8C92, 0xB596, 0xAD76,
0x94B2, 0xAD75, 0xC5F7, 0xAD55, 0xAD55, 0xC5F8, 0xBDB6, 0xAD34, 0xC5F7, 0xC618, 0xB596, 0xBDF7,
0xCE59, 0xC5F7, 0xBD96, 0xCE18, 0xCE18, 0xBDD7, 0xC5F7, 0xCE59, 0xC5F7, 0xC5D7, 0xCE18, 0xCE18,
0xC5F7, 0xC617, 0xCE38, 0xCE18, 0xC5F7, 0xCE18, 0xD659, 0xD679, 0xD658, 0xD659, 0xD679, 0xDE79,
0xC5D7, 0xCDD6, 0xC5D6, 0x9430, 0x734C, 0x736D, 0x62EB, 0x4208, 0x2125, 0x10C4, 0x10C4, 0x10C4,
0x10C3, 0x10C4, 0x08C4, 0x08C4, 0x08C4, 0x10C4, 0x2125, 0x632D, 0x73AF, 0x632D, 0x52CB, 0x4A8A,
0x4A8A, 0x4249, 0x31C8, 0x2146, 0x2146, 0x2167, 0x2166, 0x2166, 0x2967, 0x2166, 0x2146, 0x2146,
0x2146, 0x2167, 0x2967, 0x2987, 0x31C8, 0x31A7, 0x2966, 0x10C3, 0x0862, 0x0862, 0x0862, 0x08A3,
0x1925, 0x2987, 0x31A7, 0x29A7, 0x2966, 0x2966, 0x2966, 0x2966, 0x2166, 0x2146, 0x2146, 0x2146,
0x2146, 0x2166, 0x2967, 0x31A7, 0x31C8, 0x3A09, 0x3A29, 0x426A, 0x4A8B, 0x5AEC, 0x6B8E, 0x7C10,
0x73AF, 0x4A6A, 0x2104, 0x0841, 0x0862, 0x08A2, 0x18E4, 0x2966, 0x31C8, 0x31E8, 0x3A09, 0x3A29,
0x3A09, 0x424A, 0x426A, 0x3A09, 0x31E8, 0x31E8, 0x31E8, 0x3A09, 0x422A, 0x426A, 0x426A, 0x4A8A,
0x632D, 0x7BF0, 0x8431, 0x73AF, 0x31C8, 0x0863, 0x0042, 0x0042, 0x8C51, 0x8410, 0x73AE, 0x736E,
0x736E, 0x6B6E, 0x634D, 0x632C, 0x5B0C, 0x5AAB, 0x4A4A, 0x4208, 0x39A7, 0x2125, 0x10A3, 0x08A3,
0x0883, 0x0883, 0x0883, 0x0883, 0x0883, 0x08A3, 0x08A3, 0x08A3, 0x0883, 0x08A3, 0x08A3, 0x08A3,
0x08A3, 0x08A3, 0x08A3, 0x08A3, 0x08A3, 0x08A3, 0x08A3, 0x0883, 0x08A3, 0x10C3, 0x10C3, 0x10C3,
0x08C4, 0x1925, 0x3A09, 0x5B0D, 0x73AF, 0x8431, 0x8C51, 0x9472, 0x9492, 0x9CB2, 0x9CB2, 0x9C92,
0x9492, 0x9471, 0x9471, 0x8C10, 0x8C10, 0x8410, 0x8410, 0x8431, 0x8410, 0x83F0, 0x7BF0, 0x83F0,
0x7BCF, 0x7BAF, 0x738E, 0x738E, 0x738E, 0x738E, 0x738E, 0x736E, 0x6B6D, 0x630C, 0x5B0C, 0x5B0C,
0x5B0C, 0x5B0C, 0x52CC, 0x5ACC, 0x52CC, 0x52CC, 0x52AB, 0x4A6A, 0x4A6A, 0x4A6A, 0x4A6A, 0x52AB,
0x4A6A, 0x4209, 0x4229, 0x4229, 0x39E8, 0x31E8, 0x31E8, 0x31C8, 0x29C8, 0x29A7, 0x2146, 0x1905,
0x2126, 0x2146, 0x1926, 0x2166, 0x424A, 0x4A6A, 0x4229, 0x4229, 0x4A6A, 0x4249, 0x4229, 0x52CB,
0x4A6A, 0x4209, 0x52AB, 0x4AAB, 0x3A08, 0x4A6A, 0x528B, 0x39E8, 0x4249, 0x4229, 0x4229, 0x3A09,
0x4229, 0x4208, 0x4229, 0x4229, 0x4A6A, 0x4A6A, 0x39E8, 0x4A8A, 0x4A6A, 0x4229, 0x3A29, 0x4A8A,
0x39E8, 0x2987, 0x424A, 0x422A, 0x3A29, 0x31E8, 0x424A, 0x31E8, 0x31C8, 0x424A, 0x426A, 0x3A29,
0x424A, 0x426A, 0x3A29, 0x4A8A, 0x52AB, 0x4A8A, 0x426A, 0x52AC, 0x52CC, 0x4A8B, 0x4A8B, 0x52EC,
0x5AEC, 0x4AAB, 0x52CC, 0x632D, 0x6B6E, 0x632D, 0x634E, 0x7C10, 0x7BF0, 0x6B8E, 0x7C31, 0x8C72,
0x7BF0, 0x7BCF, 0x9CF4, 0x9CD3, 0x8431, 0x9CD3, 0xB5B6, 0x9CF3, 0x9CF3, 0xBDD7, 0xB5B6, 0xA4F4,
0xBDB7, 0xC5F7, 0xAD55, 0xB575, 0xC618, 0xBDF7, 0xB575, 0xC5F7, 0xC618, 0xB575, 0xC5D7, 0xC618,
0xC5F7, 0xBDB6, 0xCE38, 0xC618, 0xBDD7, 0xC5F7, 0xCE38, 0xC5F7, 0xC5F7, 0xCE38, 0xCE38, 0xBDD6,
0xC5F7, 0xCE18, 0xCE38, 0xCE38, 0xCE38, 0xD679, 0xD679, 0xCE38, 0xCE38, 0xD659, 0xDE78, 0xBD75,
0x9C91, 0x83CE, 0x738D, 0x6B4D, 0x5AEB, 0x2125, 0x10C3, 0x10C4, 0x10C3, 0x10C3, 0x10C4, 0x08C4,
0x08C4, 0x10C4, 0x2125, 0x634D, 0x73AF, 0x630C, 0x4AAB, 0x4A8B, 0x52AB, 0x426A, 0x31C8, 0x2146,
0x2146, 0x2146, 0x2146, 0x2146, 0x2126, 0x2146, 0x1926, 0x2146, 0x2146, 0x2166, 0x2967, 0x2987,
0x29A7, 0x31E8, 0x31C7, 0x2145, 0x10C3, 0x0062, 0x0862, 0x0862, 0x10E4, 0x2166, 0x2967, 0x2987,
0x2966, 0x2946, 0x2946, 0x2966, 0x2146, 0x2146, 0x2146, 0x2146, 0x2146, 0x2166, 0x2987, 0x29A7,
0x31C8, 0x39E8, 0x3A09, 0x424A, 0x52AB, 0x5B2D, 0x7BF0, 0x8451, 0x73AF, 0x4A6A, 0x10C3, 0x0841,
0x1083, 0x18C4, 0x2945, 0x3186, 0x39E8, 0x3A08, 0x3A09, 0x3A09, 0x31E8, 0x31E8, 0x31E8, 0x31C8,
0x31C8, 0x31A8, 0x31C8, 0x31E8, 0x3A09, 0x3A29, 0x424A, 0x4A8A, 0x632D, 0x7BF0, 0x8411, 0x5B0D,
0x2966, 0x0863, 0x0022, 0x0042, 0x8C31, 0x7BF0, 0x738E, 0x6B6E, 0x738E, 0x6B6D, 0x6B4D, 0x630C,
0x5AEC, 0x5ACB, 0x4A4A, 0x41E8, 0x31A6, 0x2105, 0x10C3, 0x0883, 0x0883, 0x0863, 0x0883, 0x0883,
0x0883, 0x0883, 0x0883, 0x08A3, 0x0883, 0x08A3, 0x08A3, 0x08A3, 0x08A3, 0x0883, 0x08A3, 0x08A3,
0x0883, 0x0883, 0x08A3, 0x0883, 0x08A3, 0x08A3, 0x10C3, 0x10C3, 0x10C4, 0x1926, 0x3A29, 0x5B0D,
0x73AF, 0x8431, 0x8C72, 0x9472, 0x9492, 0x9CB2, 0x9CB2, 0x9C92, 0x9492, 0x9492, 0x9471, 0x9471,
0x8C51, 0x8C51, 0x8C51, 0x8431, 0x83F0, 0x83F0, 0x83F0, 0x8410, 0x7BCF, 0x7BAF, 0x738E, 0x738E,
0x738E, 0x738E, 0x738E, 0x736E, 0x6B4D, 0x630C, 0x5AEC, 0x5AEC, 0x5AEC, 0x5AEC, 0x52CC, 0x52CC,
0x52CC, 0x52CC, 0x52CB, 0x4A6A, 0x4A6A, 0x4A6A, 0x4A6A, 0x4A8B, 0x424A, 0x3A09, 0x424A, 0x3A09,
0x31E8, 0x31C8, 0x31E8, 0x31C8, 0x29A7, 0x2987, 0x2146, 0x1925, 0x2126, 0x2146, 0x10C4, 0x31C8,
0x4A6A, 0x4A4A, 0x4209, 0x4229, 0x4A6A, 0x4229, 0x4A6A, 0x52AB, 0x4208, 0x4249, 0x52AA, 0x4229,
0x3A09, 0x528A, 0x4249, 0x39E8, 0x4A4A, 0x4229, 0x39E8, 0x4229, 0x4229, 0x3A08, 0x3A08, 0x4249,
0x4229, 0x39E8, 0x4209, 0x528A, 0x4249, 0x31C7, 0x4249, 0x4A6A, 0x31C7, 0x31A7, 0x4229, 0x31A8,
0x29A7, 0x3A29, 0x3A29, 0x2987, 0x31C8, 0x424A, 0x31C8, 0x3A09, 0x426A, 0x4229, 0x29A7, 0x426A,
0x4A8A, 0x3A08, 0x3A09, 0x4AAB, 0x428B, 0x3A29, 0x4A8B, 0x4ACB, 0x4A8B, 0x4A8B, 0x52CC, 0x4AAB,
0x52AB, 0x5AEC, 0x632D, 0x5B0D, 0x5AEC, 0x634E, 0x73F0, 0x73F0, 0x73AF, 0x8451, 0x8C72, 0x8410,
0x8431, 0x9CF4, 0x9CD3, 0x8C71, 0xAD55, 0xB5B6, 0x9CD3, 0xA514, 0xBDD7, 0xBDB6, 0xAD34, 0xBDB6,
0xC5F7, 0xAD55, 0xBDB6, 0xC618, 0xBDD7, 0xB596, 0xC618, 0xC618, 0xBDD6, 0xC5D7, 0xC618, 0xC5F7,
0xBDD7, 0xC618, 0xC618, 0xBDD7, 0xC617, 0xC618, 0xC617, 0xC5F7, 0xC5F7, 0xCE18, 0xC5F7, 0xC5F7,
0xCE38, 0xCE58, 0xCE38, 0xCE38, 0xD679, 0xDE99, 0xCE17, 0xC5D6, 0xD658, 0xCE17, 0x8C2F, 0x62CB,
0x6B6D, 0x630C, 0x4249, 0x2125, 0x1904, 0x10C4, 0x10C3, 0x10C4, 0x10C4, 0x10C4, 0x2125, 0x632D,
0x73AF, 0x5B0C, 0x4A8A, 0x4A8A, 0x528B, 0x424A, 0x31A8, 0x2146, 0x2146, 0x2166, 0x2146, 0x2146,
0x2125, 0x1925, 0x1925, 0x2146, 0x1946, 0x2146, 0x2166, 0x2166, 0x29A7, 0x31E8, 0x31C8, 0x2146,
0x18E4, 0x10A3, 0x0862, 0x0862, 0x10C4, 0x18E4, 0x1925, 0x2125, 0x2125, 0x2146, 0x2125, 0x2146,
0x2146, 0x2146, 0x2146, 0x2146, 0x2146, 0x2146, 0x2166, 0x2166, 0x2987, 0x29A7, 0x31C7, 0x3A08,
0x3A29, 0x5AEC, 0x73F0, 0x7C10, 0x6B8E, 0x39C7, 0x1082, 0x0882, 0x10C3, 0x2145, 0x31A7, 0x31E8,
0x39E8, 0x3A29, 0x3A29, 0x3A29, 0x31E8, 0x31E8, 0x31C8, 0x31A8, 0x29A7, 0x31C8, 0x31C8, 0x31E8,
0x39E9, 0x3A09, 0x4249, 0x4AAB, 0x632D, 0x7BD0, 0x7BCF, 0x528B, 0x2146, 0x0862, 0x0042, 0x0883,
0x8431, 0x7BEF, 0x738E, 0x6B8E, 0x738E, 0x6B6D, 0x6B4D, 0x632C, 0x5AEB, 0x5ACB, 0x526A, 0x41E8,
0x3186, 0x1904, 0x08A3, 0x0883, 0x0063, 0x0863, 0x0883, 0x0883, 0x0883, 0x0883, 0x08A3, 0x0883,
0x0883, 0x08A3, 0x08A3, 0x08A3, 0x10C4, 0x10C4, 0x08A3, 0x08A3, 0x08A3, 0x08A3, 0x08A3, 0x08A3,
0x0883, 0x08A3, 0x08A3, 0x08A3, 0x10E5, 0x1946, 0x3A4A, 0x5B2D, 0x73AF, 0x8430, 0x9472, 0x9472,
0x9492, 0x9492, 0x9CB2, 0x9CB2, 0x9C92, 0x9492, 0x9472, 0x9471, 0x8C51, 0x8C51, 0x8C51, 0x8410,
0x8410, 0x83F0, 0x8410, 0x83F0, 0x83F0, 0x7BCF, 0x7BCF, 0x73AE, 0x73AE, 0x73AE, 0x738E, 0x738E,
0x6B4D, 0x630C, 0x5AEC, 0x5AEC, 0x5AEC, 0x5ACC, 0x52CB, 0x52CB, 0x52CB, 0x5AEC, 0x52AB, 0x4A6A,
0x4A6A, 0x4229, 0x3A29, 0x4A6A, 0x4229, 0x4229, 0x424A, 0x31C8, 0x31E8, 0x29A7, 0x31C8, 0x31C8,
0x29A7, 0x2987, 0x2146, 0x1925, 0x2146, 0x2146, 0x10C4, 0x4229, 0x4A6A, 0x4229, 0x4229, 0x4A8A,
0x4A49, 0x4229, 0x52AA, 0x4A8A, 0x39E8, 0x4A6A, 0x52AB, 0x31C8, 0x4A6A, 0x528A, 0x3A08, 0x4208,
0x4209, 0x3A08, 0x3A08, 0x4229, 0x4229, 0x39E8, 0x31C7, 0x4229, 0x3A08, 0x31C8, 0x4229, 0x4A4A,
0x31C8, 0x31C7, 0x4249, 0x4209, 0x2987, 0x4209, 0x3A09, 0x2987, 0x31C8, 0x3A29, 0x31C8, 0x2966,
0x39E8, 0x3A09, 0x2166, 0x29A7, 0x426A, 0x31C8, 0x2987, 0x3A29, 0x3A29, 0x29A7, 0x3A09, 0x426A,
0x31C8, 0x31E8, 0x426A, 0x428A, 0x3A09, 0x426A, 0x4AAB, 0x3A09, 0x3A2A, 0x52CC, 0x52CB, 0x4A8B,
0x52CC, 0x634E, 0x5B0C, 0x634D, 0x636E, 0x7C10, 0x73CF, 0x73AF, 0x8431, 0x9493, 0x7BF0, 0x8451,
0xAD55, 0xA535, 0x8C72, 0xAD35, 0xB596, 0xA534, 0xAD75, 0xBDD6, 0xB596, 0xAD34, 0xBDD7, 0xC5F7,
0xB596, 0xBDB6, 0xC617, 0xBDD6, 0xB575, 0xC5F7, 0xC617, 0xBDD6, 0xC5F7, 0xC618, 0xC617, 0xBDD7,
0xC617, 0xC638, 0xC5F7, 0xC5F7, 0xC617, 0xC5F7, 0xC5D6, 0xC5F7, 0xC617, 0xC617, 0xC5F7, 0xCE18,
0xD679, 0xCE59, 0xCE18, 0xD679, 0xD679, 0xBDD6, 0xBDB6, 0xB575, 0x8BEF, 0x734D, 0x6B4D, 0x528A,
0x2946, 0x18C4, 0x18C3, 0x10C3, 0x10C4, 0x10C4, 0x2125, 0x632D, 0x6B8E, 0x5AEC, 0x4A6A, 0x4A6A,
0x4A4A, 0x4209, 0x31A7, 0x2146, 0x2166, 0x2166, 0x2146, 0x2146, 0x2125, 0x1925, 0x1926, 0x2146,
0x1925, 0x2146, 0x2146, 0x2166, 0x2967, 0x2987, 0x29A8, 0x2966, 0x2146, 0x18E5, 0x10A3, 0x10A3,
0x0882, 0x0882, 0x10A3, 0x10E3, 0x18E4, 0x1904, 0x1905, 0x1905, 0x1905, 0x1905, 0x1925, 0x2125,
0x1925, 0x1905, 0x1905, 0x2146, 0x2146, 0x2146, 0x2146, 0x2966, 0x2987, 0x3A29, 0x52EC, 0x4AAB,
0x2966, 0x18A3, 0x10A3, 0x2124, 0x2145, 0x31A7, 0x31E8, 0x31E8, 0x39E9, 0x3A09, 0x3A29, 0x3A29,
0x31E8, 0x31E8, 0x31C8, 0x29A7, 0x2987, 0x29A8, 0x31E8, 0x3A09, 0x4229, 0x4229, 0x4249, 0x52EC,
0x6BAF, 0x73AF, 0x630D, 0x4229, 0x2126, 0x0863, 0x0863, 0x1063, 0x8430, 0x7BEF, 0x738E, 0x6B8E,
0x738E, 0x73AE, 0x6B6D, 0x632C, 0x62EB, 0x5ACB, 0x526A, 0x41E8, 0x3186, 0x1904, 0x0883, 0x0883,
0x0063, 0x0883, 0x0883, 0x0883, 0x0883, 0x0883, 0x0883, 0x0883, 0x0883, 0x08A3, 0x08A3, 0x10C4,
0x10C4, 0x08A4, 0x08A3, 0x0883, 0x08A3, 0x08A3, 0x0883, 0x08A3, 0x08A3, 0x0883, 0x08A3, 0x08A3,
0x08C4, 0x1946, 0x3A4A, 0x634E, 0x7BF0, 0x8431, 0x9472, 0x9472, 0x9492, 0x9CB2, 0x9CB2, 0x9CB2,
0x9CB3, 0x9492, 0x9472, 0x9472, 0x8C51, 0x8C51, 0x8C51, 0x8410, 0x8410, 0x8410, 0x8410, 0x83F0,
0x83F0, 0x7BCF, 0x7BCF, 0x73AE, 0x73AE, 0x738E, 0x738E, 0x736E, 0x6B4D, 0x630C, 0x5AEC, 0x5AEC,
0x5AEC, 0x52CC, 0x52CB, 0x52CB, 0x52CB, 0x52CC, 0x4A8B, 0x4A8A, 0x4A6A, 0x4249, 0x4229, 0x424A,
0x4229, 0x424A, 0x39E9, 0x31C8, 0x29A7, 0x29A7, 0x29A7, 0x29A7, 0x29A7, 0x2967, 0x2146, 0x2146,
0x2146, 0x08C4, 0x2966, 0x4A49, 0x4A49, 0x39E8, 0x4229, 0x528A, 0x4208, 0x4229, 0x52AB, 0x4208,
0x4228, 0x528A, 0x4229, 0x3A08, 0x4A8A, 0x4A49, 0x3A08, 0x4229, 0x3A08, 0x39E8, 0x3A08, 0x4229,
0x3A08, 0x31E8, 0x39E8, 0x4229, 0x3A08, 0x39E8, 0x424A, 0x4209, 0x31A7, 0x4229, 0x4229, 0x31A8,
0x31A7, 0x4229, 0x31C8, 0x2166, 0x31E8, 0x3A09, 0x2146, 0x2987, 0x4229, 0x2987, 0x2167, 0x3A09,
0x31E8, 0x2167, 0x31C8, 0x3A29, 0x2987, 0x29A7, 0x424A, 0x3A49, 0x2987, 0x31E8, 0x3A29, 0x29C7,
0x31E8, 0x424A, 0x3A2A, 0x3A09, 0x424A, 0x426B, 0x3A29, 0x3A29, 0x4AAB, 0x428B, 0x426A, 0x4AAB,
0x5B0C, 0x5B0C, 0x5B0C, 0x6B6E, 0x7C10, 0x73CF, 0x73AF, 0x8451, 0x94D3, 0x8C72, 0x8C72, 0xAD35,
0xA514, 0x94B2, 0xAD95, 0xB5B6, 0xAD55, 0xAD55, 0xC5D7, 0xB596, 0xAD75, 0xBDD7, 0xC5F7, 0xB596,
0xBDB6, 0xC5F7, 0xBDD7, 0xBDB6, 0xC5F7, 0xC5F7, 0xBDB6, 0xBDF7, 0xBDF7, 0xBDF7, 0xBDF7, 0xBDF7,
0xC5F7, 0xBDD6, 0xBDD6, 0xBDF7, 0xC617, 0xBDD7, 0xBDF7, 0xC618, 0xC618, 0xC5F7, 0xCE18, 0xD67A,
0xD679, 0xC5F6, 0xD658, 0xDE99, 0xB554, 0x9451, 0x6B2D, 0x736E, 0x6B2D, 0x52AB, 0x31A6, 0x18E4,
0x10C4, 0x10C4, 0x2125, 0x632D, 0x6B8F, 0x5AEC, 0x4A6A, 0x4A6A, 0x4A6A, 0x4229, 0x31C8, 0x2987,
0x2946, 0x2166, 0x2146, 0x2146, 0x2125, 0x1925, 0x1925, 0x2145, 0x1945, 0x1946, 0x2146, 0x2166,
0x2186, 0x2166, 0x2987, 0x2987, 0x2986, 0x2146, 0x2145, 0x18E4, 0x10C3, 0x0882, 0x0882, 0x08A3,
0x10C3, 0x10C3, 0x10C3, 0x10C4, 0x10E4, 0x10E4, 0x10E4, 0x1904, 0x18E4, 0x18E4, 0x1904, 0x18E4,
0x18E4, 0x18E4, 0x18E4, 0x18E4, 0x18E4, 0x2125, 0x2965, 0x2104, 0x18C3, 0x18E4, 0x2946, 0x31A7,
0x39C8, 0x39E8, 0x3A09, 0x31E8, 0x31E8, 0x3A09, 0x3A29, 0x3A09, 0x3A09, 0x31E8, 0x31C8, 0x2987,
0x29A7, 0x31C8, 0x31E8, 0x3A2A, 0x4249, 0x4249, 0x4A6A, 0x632D, 0x6BAF, 0x6B8E, 0x5ACC, 0x424A,
0x2946, 0x0862, 0x0883, 0x2966, 0x7C10, 0x7BEF, 0x738F, 0x738E, 0x738E, 0x7BCF, 0x738E, 0x632D,
0x5B0C, 0x5ACB, 0x528A, 0x39E7, 0x2945, 0x10C3, 0x0883, 0x0883, 0x0863, 0x0863, 0x0883, 0x0883,
0x0883, 0x0883, 0x0883, 0x0883, 0x0863, 0x0883, 0x0883, 0x0883, 0x0883, 0x0883, 0x0883, 0x0883,
0x08A3, 0x0883, 0x0883, 0x08A3, 0x08A3, 0x08A3, 0x08A3, 0x08A3, 0x08C4, 0x1926, 0x3A4A, 0x5B2D,
0x7BF0, 0x8430, 0x8C71, 0x9492, 0x94B2, 0x9CB2, 0x9CD2, 0x9CB2, 0x9CB2, 0x9CB2, 0x9492, 0x9471,
0x8C51, 0x8C51, 0x8C51, 0x8430, 0x8430, 0x8430, 0x8410, 0x8410, 0x7BCF, 0x7BCF, 0x7BCF, 0x73AF,
0x73AE, 0x738E, 0x738E, 0x738E, 0x6B4D, 0x630C, 0x5AEC, 0x5ACB, 0x52CC, 0x52CB, 0x52CC, 0x5ACC,
0x5ACC, 0x52AB, 0x528B, 0x4A8A, 0x4A6A, 0x3A29, 0x424A, 0x424A, 0x3A29, 0x4249, 0x31E8, 0x31E8,
0x29A7, 0x29A7, 0x29A7, 0x29A7, 0x2987, 0x2166, 0x2146, 0x2166, 0x1925, 0x08C4, 0x3208, 0x4229,
0x4209, 0x3A08, 0x4A29, 0x4249, 0x3A08, 0x4A69, 0x4A8A, 0x39E7, 0x4A49, 0x528A, 0x39E8, 0x4229,
0x4A6A, 0x39E8, 0x39E8, 0x4229, 0x39E8, 0x31E8, 0x3A08, 0x3A08, 0x39E8, 0x31C8, 0x3A09, 0x39E8,
0x31C8, 0x4209, 0x3A08, 0x31E8, 0x39E8, 0x4229, 0x39E8, 0x2967, 0x39E8, 0x39E8, 0x2986, 0x29A7,
0x3A09, 0x29C7, 0x2166, 0x31E8, 0x31E8, 0x2146, 0x31C8, 0x424A, 0x2166, 0x2167, 0x3A09, 0x31E8,
0x2166, 0x31E8, 0x3A29, 0x2987, 0x29A7, 0x3A29, 0x31C8, 0x29A7, 0x31E8, 0x424A, 0x31A8, 0x31E8,
0x426A, 0x3A29, 0x31E9, 0x428B, 0x52CC, 0x3A2A, 0x3A29, 0x4AAB, 0x426A, 0x426A, 0x4AAB, 0x5B0D,
0x52EC, 0x5B0C, 0x636E, 0x636E, 0x6B8F, 0x6BAF, 0x8C92, 0x94B3, 0x8C51, 0x8C72, 0xAD55, 0xAD76,
0x9CF3, 0xB5B6, 0xBDD7, 0xAD55, 0xB595, 0xBDD6, 0xBDB6, 0xB575, 0xC5F7, 0xC5D7, 0xBDB6, 0xBDB6,
0xBDD7, 0xB5B6, 0xB5B6, 0xBDD7, 0xBDD7, 0xB5B6, 0xBDD7, 0xBDD7, 0xBDF7, 0xBDB6, 0xBDD7, 0xBDF7,
0xBDD7, 0xB5B6, 0xBDF7, 0xC5F7, 0xBDB7, 0xBDD7, 0xCE38, 0xCE59, 0xC5F8, 0xCE38, 0xD679, 0xCE58,
0xC5D6, 0xD658, 0xC5D7, 0x9450, 0x6B0B, 0x6B4C, 0x632B, 0x4A49, 0x20E4, 0x18E4, 0x2966, 0x630C,
0x738E, 0x52CB, 0x4A6A, 0x4A6A, 0x4A4A, 0x424A, 0x39E8, 0x31A7, 0x2966, 0x2146, 0x2146, 0x2146,
0x2146, 0x2146, 0x2146, 0x1925, 0x1925, 0x1925, 0x1946, 0x2146, 0x2166, 0x2166, 0x2166, 0x2987,
0x2987, 0x2987, 0x2966, 0x2966, 0x2145, 0x18E4, 0x10C3, 0x10A3, 0x08A3, 0x08A3, 0x08A3, 0x08A3,
0x08A3, 0x08A3, 0x08A3, 0x10C3, 0x10C3, 0x10C3, 0x10C3, 0x10A3, 0x10A3, 0x18C3, 0x10C3, 0x10C3,
0x18C3, 0x18C3, 0x18E3, 0x18C3, 0x2124, 0x31A7, 0x4249, 0x4A6A, 0x4A6A, 0x424A, 0x3A29, 0x3A08,
0x31E8, 0x39E9, 0x3A09, 0x3A29, 0x3A09, 0x31E8, 0x29A7, 0x2987, 0x31A8, 0x31C8, 0x39E9, 0x3A29,
0x4229, 0x4249, 0x52AB, 0x636E, 0x6B8E, 0x5B0C, 0x4A6A, 0x4A8A, 0x4229, 0x2966, 0x31A7, 0x630C,
0x7C10, 0x73CF, 0x738F, 0x738E, 0x73AF, 0x73AF, 0x738E, 0x632D, 0x5B0C, 0x5AEB, 0x528A, 0x39E7,
0x2945, 0x10C3, 0x0883, 0x0863, 0x0863, 0x0863, 0x0063, 0x0883, 0x0063, 0x0883, 0x0883, 0x0883,
0x0862, 0x0883, 0x0883, 0x0883, 0x0883, 0x0883, 0x0883, 0x08A3, 0x0883, 0x0883, 0x08A3, 0x0883,
0x0883, 0x0883, 0x08A3, 0x08A3, 0x08C4, 0x1925, 0x424A, 0x5B2D, 0x7BEF, 0x8410, 0x8C31, 0x8C71,
0x94B2, 0x9CD2, 0x9CD3, 0x9CB2, 0x9CB2, 0x9CB2, 0x9492, 0x9471, 0x9451, 0x8C51, 0x8C51, 0x8430,
0x8430, 0x8430, 0x8410, 0x8410, 0x7BCF, 0x7BCF, 0x7BCF, 0x73CF, 0x73AE, 0x738E, 0x738E, 0x738E,
0x6B4D, 0x630C, 0x5AEC, 0x5ACB, 0x52CC, 0x52CB, 0x52CC, 0x5AEC, 0x5AEC, 0x52AB, 0x52AB, 0x4A6A,
0x4229, 0x3A09, 0x3A29, 0x3A29, 0x3A29, 0x3A29, 0x31E8, 0x31C8, 0x29A7, 0x29A7, 0x29A7, 0x29A8,
0x2987, 0x2166, 0x2146, 0x1945, 0x0083, 0x1105, 0x3209, 0x4229, 0x3A08, 0x3A08, 0x4A6A, 0x39E8,
0x4208, 0x4A69, 0x4228, 0x39E8, 0x4A49, 0x4229, 0x31C7, 0x4249, 0x4249, 0x31C8, 0x4229, 0x3A29,
0x31C7, 0x31E8, 0x3A08, 0x31C7, 0x31C7, 0x31E8, 0x39E8, 0x31C8, 0x31C8, 0x4249, 0x31E8, 0x2987,
0x3A09, 0x4209, 0x3187, 0x31A7, 0x4229, 0x31C7, 0x2146, 0x31C8, 0x3209, 0x2166, 0x2186, 0x31E8,
0x2987, 0x2146, 0x3A09, 0x31E9, 0x2146, 0x29A7, 0x3A09, 0x2987, 0x2987, 0x3209, 0x31C8, 0x2146,
0x31E8, 0x3A29, 0x2166, 0x29A7, 0x3A29, 0x31E8, 0x2987, 0x3A09, 0x424A, 0x31C8, 0x31E9, 0x426B,
0x3A29, 0x3209, 0x426A, 0x428B, 0x3A29, 0x3A4A, 0x4ACC, 0x4AAB, 0x426A, 0x52EC, 0x52EC, 0x4ACC,
0x52CC, 0x638F, 0x73D0, 0x73D0, 0x73F0, 0x8C72, 0x94D3, 0x8431, 0x94B3, 0xAD96, 0xAD55, 0x94B2,
0xB5B6, 0xBDF7, 0xAD54, 0xB575, 0xBDD7, 0xB5B6, 0xB575, 0xBDB6, 0xBDB6, 0xB596, 0xBDB6, 0xBDB7,
0xB596, 0xB596, 0xBDB6, 0xBDD7, 0xB596, 0xB5B6, 0xBDD6, 0xBDD6, 0xB5B6, 0xB596, 0xBDD7, 0xBDB6,
0xB596, 0xBDB7, 0xC5F7, 0xB5B6, 0xBDD7, 0xCE38, 0xCE59, 0xC5F7, 0xCE38, 0xD699, 0xCE37, 0xBD75,
0xBD75, 0x9430, 0x736C, 0x734C, 0x5ACB, 0x4A28, 0x39C7, 0x6B4D, 0x73AE, 0x52AB, 0x4A6A, 0x4A6A,
0x4A4A, 0x4A4A, 0x3A09, 0x31C8, 0x2987, 0x2146, 0x2146, 0x2146, 0x2146, 0x2146, 0x2146, 0x2146,
0x1925, 0x1925, 0x1925, 0x2146, 0x2146, 0x2146, 0x2146, 0x2967, 0x2967, 0x2967, 0x2966, 0x2966,
0x2966, 0x2945, 0x2104, 0x10C3, 0x10C3, 0x10A3, 0x10A3, 0x10A3, 0x0882, 0x0882, 0x0883, 0x10C3,
0x10C3, 0x10C3, 0x10A3, 0x10A3, 0x10A2, 0x10C2, 0x10C2, 0x10C3, 0x18C3, 0x18E3, 0x1904, 0x2965,
0x31A7, 0x424A, 0x52AB, 0x5AEC, 0x5ACC, 0x4A8B, 0x426A, 0x4229, 0x3A09, 0x3A09, 0x3A09, 0x3A09,
0x3A09, 0x31E8, 0x31A8, 0x31A8, 0x31A8, 0x31C8, 0x39E9, 0x3A29, 0x422A, 0x52AB, 0x636E, 0x6BAF,
0x636E, 0x52AB, 0x4A6A, 0x52AB, 0x632C, 0x4A69, 0x6B6E, 0x738E, 0x7BF0, 0x73AF, 0x6B6E, 0x736E,
0x73AF, 0x738E, 0x6B6E, 0x632D, 0x5B0C, 0x5AEB, 0x528A, 0x39E7, 0x2945, 0x10C3, 0x0883, 0x0883,
0x0062, 0x0062, 0x0062, 0x0063, 0x0063, 0x0863, 0x0863, 0x0863, 0x0862, 0x0883, 0x0883, 0x0883,
0x0883, 0x0883, 0x0883, 0x08A3, 0x0883, 0x08A3, 0x0883, 0x0883, 0x08A3, 0x10C4, 0x08A3, 0x08A3,
0x08C4, 0x1925, 0x3A4A, 0x5B2D, 0x7BEF, 0x8410, 0x8C51, 0x9492, 0x94B2, 0x9CD2, 0x9CD3, 0x9CB2,
0x9CB2, 0x9CB2, 0x9492, 0x9471, 0x9451, 0x8C51, 0x8C30, 0x8430, 0x8430, 0x8430, 0x8410, 0x8410,
0x7BCF, 0x7BCF, 0x7BCF, 0x73CF, 0x7BCF, 0x73AE, 0x738E, 0x738E, 0x6B4D, 0x630C, 0x5AEC, 0x5ACB,
0x52CC, 0x52CB, 0x52CC, 0x5AEC, 0x5AEC, 0x52AB, 0x528B, 0x4A6A, 0x3A29, 0x3A29, 0x3A29, 0x3A09,
0x424A, 0x3A08, 0x31C8, 0x31C8, 0x2987, 0x2987, 0x2987, 0x29A7, 0x2967, 0x2146, 0x2146, 0x10E4,
0x0062, 0x29A7, 0x3A29, 0x3A09, 0x39E8, 0x4229, 0x4A69, 0x39E8, 0x4249, 0x4A69, 0x31C7, 0x39E7,
0x4229, 0x31C7, 0x39E8, 0x4229, 0x31C7, 0x31C8, 0x3A08, 0x31C7, 0x29A7, 0x3A08, 0x31E8, 0x31C7,
0x31C8, 0x29A7, 0x29A7, 0x31C8, 0x3A09, 0x39E8, 0x29A7, 0x29A7, 0x4229, 0x39C8, 0x2966, 0x39E8,
0x39E8, 0x2166, 0x2987, 0x39E9, 0x31A8, 0x2166, 0x31C8, 0x31C7, 0x2146, 0x2987, 0x31C8, 0x2987,
0x2146, 0x31C8, 0x31C8, 0x1925, 0x29A7, 0x3A09, 0x2187, 0x2166, 0x3208, 0x31C8, 0x2166, 0x29C8,
0x3A09, 0x29A7, 0x29A7, 0x3A29, 0x31E8, 0x2987, 0x424A, 0x424A, 0x31C8, 0x31E8, 0x428B, 0x3A09,
0x3A29, 0x426A, 0x4AAB, 0x426A, 0x4A8B, 0x52CC, 0x426A, 0x4A8B, 0x5B0D, 0x634E, 0x530C, 0x5B0D,
0x73F0, 0x7C10, 0x7BF0, 0x7BD0, 0x94D3, 0x8C92, 0x8C51, 0x9492, 0xAD75, 0xAD75, 0xA514, 0xAD75,
0xB5B6, 0xAD55, 0xB576, 0xBDB6, 0xB596, 0xB596, 0xBDB6, 0xB5B7, 0xB596, 0xB596, 0xB5B6, 0xB5B6,
0xB575, 0xB5B6, 0xBDB6, 0xB5B6, 0xB596, 0xB5B6, 0xB5B6, 0xB575, 0xB596, 0xB5B6, 0xB5B6, 0xAD55,
0xBDD7, 0xC5F8, 0xBDB6, 0xBDD7, 0xD659, 0xD679, 0xC5D6, 0xD678, 0xD678, 0xCE17, 0xBD95, 0x8C0F,
0x736D, 0x6B4D, 0x6B4D, 0x9492, 0x7BCF, 0x52AB, 0x4A6A, 0x4A6A, 0x4A6A, 0x4A6A, 0x4229, 0x39E8,
0x31A7, 0x2146, 0x2146, 0x2146, 0x2146, 0x2146, 0x2146, 0x2146, 0x1925, 0x1925, 0x1925, 0x1925,
0x2146, 0x2146, 0x2146, 0x2967, 0x2987, 0x2987, 0x2966, 0x2966, 0x2987, 0x2986, 0x2145, 0x2125,
0x1904, 0x18E4, 0x10C3, 0x10A3, 0x10A3, 0x0882, 0x10A3, 0x10C3, 0x10C3, 0x10C3, 0x10C3, 0x10C3,
0x10C3, 0x10E3, 0x18E3, 0x1904, 0x2124, 0x2965, 0x2986, 0x29A7, 0x3A08, 0x52AB, 0x5B0C, 0x5B0D,
0x5B0D, 0x5AEC, 0x4A8B, 0x4A6B, 0x424A, 0x424A, 0x3A09, 0x31C8, 0x31C8, 0x31C8, 0x31A7, 0x31A8,
0x31A8, 0x31E8, 0x39E9, 0x3A09, 0x424A, 0x634D, 0x73AF, 0x73AF, 0x5B0D, 0x4A8B, 0x4A6A, 0x52CB,
0x6B8E, 0x6B6D, 0x6B8E, 0x528A, 0x73CF, 0x73AF, 0x6B8E, 0x6B6E, 0x738E, 0x738E, 0x6B6D, 0x632C,
0x5B0C, 0x5ACB, 0x526A, 0x39C7, 0x2125, 0x10C3, 0x0883, 0x0863, 0x0042, 0x0042, 0x0062, 0x0062,
0x0062, 0x0863, 0x0882, 0x0882, 0x0062, 0x0863, 0x0883, 0x08A3, 0x08A3, 0x0883, 0x0883, 0x0883,
0x0883, 0x0883, 0x0883, 0x0883, 0x08A3, 0x08A3, 0x0883, 0x0883, 0x08C4, 0x1925, 0x3A4A, 0x5B2D,
0x73F0, 0x8410, 0x8C51, 0x9492, 0x9CB2, 0x9CD2, 0x9CD2, 0x9CB2, 0x9CB2, 0x9CB2, 0x9C92, 0x9471,
0x9471, 0x8C51, 0x8C31, 0x8C31, 0x8410, 0x8410, 0x8410, 0x8410, 0x7BCF, 0x7BCF, 0x7BCF, 0x73CF,
0x7BCF, 0x7BCF, 0x73AE, 0x73AE, 0x6B4D, 0x630C, 0x5AEC, 0x5ACB, 0x5AEC, 0x52CC, 0x5AEC, 0x5AEC,
0x5AEC, 0x52AB, 0x52AB, 0x4A6A, 0x3A09, 0x3A29, 0x3A29, 0x3A09, 0x4229, 0x31C8, 0x31C8, 0x29A7,
0x2987, 0x2987, 0x2987, 0x29A7, 0x2146, 0x2146, 0x1925, 0x0062, 0x10C4, 0x29C8, 0x31E8, 0x31E8,
0x39E8, 0x4229, 0x3A08, 0x39C7, 0x4229, 0x4229, 0x31C7, 0x4228, 0x4228, 0x31A7, 0x39E8, 0x3A29,
0x31A7, 0x39E8, 0x3A09, 0x2987, 0x31C8, 0x31E8, 0x31C7, 0x31A7, 0x31C7, 0x31C7, 0x29A7, 0x2987,
0x3A08, 0x31C8, 0x2987, 0x31E8, 0x39E8, 0x3187, 0x31C8, 0x3A08, 0x31A7, 0x2166, 0x31C8, 0x31E8,
0x2166, 0x2987, 0x31C8, 0x2987, 0x2146, 0x29A8, 0x2987, 0x1925, 0x2987, 0x31C8, 0x2186, 0x2187,
0x31E8, 0x29A7, 0x1926, 0x2987, 0x31E8, 0x2187, 0x2187, 0x3A29, 0x31E8, 0x2987, 0x31E8, 0x3A09,
0x2987, 0x31C8, 0x426A, 0x31E8, 0x31C8, 0x3A29, 0x424A, 0x31E8, 0x3A29, 0x426A, 0x3209, 0x424A,
0x4AAB, 0x426A, 0x3A29, 0x428B, 0x52EC, 0x4AAB, 0x4AAB, 0x5B0D, 0x5B4D, 0x5B0D, 0x5B2D, 0x6B8E,
0x8431, 0x7C10, 0x73CF, 0x9493, 0x94B3, 0x8C51, 0x94D3, 0xAD55, 0xAD76, 0xA514, 0xB596, 0xAD75,
0xAD55, 0xB596, 0xB596, 0xAD75, 0xAD75, 0xB596, 0xB596, 0xAD55, 0xB596, 0xB576, 0xAD76, 0xB576,
0xB596, 0xB596, 0xAD75, 0xB576, 0xB596, 0xB576, 0xAD55, 0xB576, 0xB596, 0xB576, 0xAD55, 0xBDB7,
0xC618, 0xBDD7, 0xC617, 0xD658, 0xD679, 0xDE99, 0xD658, 0xBDB6, 0x9491, 0x7B8E, 0x8C30, 0x9CF3,
0x7BCF, 0x52AB, 0x4A8A, 0x52AA, 0x52AB, 0x4A8B, 0x4249, 0x39E8, 0x39C8, 0x2987, 0x2966, 0x2126,
0x1926, 0x2166, 0x2167, 0x2146, 0x1905, 0x1905, 0x1925, 0x1925, 0x2146, 0x2146, 0x2146, 0x2967,
0x2987, 0x2967, 0x2966, 0x2966, 0x2966, 0x2966, 0x2967, 0x2946, 0x2946, 0x2946, 0x2125, 0x1904,
0x18E4, 0x18E3, 0x18E3, 0x18E3, 0x18E3, 0x18E3, 0x18E4, 0x18E4, 0x1904, 0x2124, 0x2124, 0x2986,
0x31A7, 0x31A7, 0x31C7, 0x31C8, 0x4229, 0x4AAB, 0x5B0C, 0x5B0D, 0x5B2D, 0x632D, 0x5AEC, 0x52AB,
0x528B, 0x424A, 0x3A29, 0x31C8, 0x31C8, 0x31C8, 0x31C8, 0x31C8, 0x31A8, 0x39E9, 0x3A08, 0x4A6A,
0x5B0C, 0x7C10, 0x8431, 0x6B8F, 0x52CC, 0x4A6A, 0x4A6A, 0x5AEC, 0x73AF, 0x6B8F, 0x632D, 0x5B0C,
0x73CF, 0x73AF, 0x738E, 0x6B8E, 0x738F, 0x6B6E, 0x6B4D, 0x630C, 0x630C, 0x5ACB, 0x526A, 0x39C7,
0x2125, 0x10C3, 0x0883, 0x0863, 0x0062, 0x0062, 0x0062, 0x0062, 0x0062, 0x0882, 0x0882, 0x0882,
0x0062, 0x0863, 0x0883, 0x0883, 0x0883, 0x0883, 0x0883, 0x0883, 0x0883, 0x0883, 0x0883, 0x0883,
0x0883, 0x0883, 0x0883, 0x0883, 0x08C4, 0x1925, 0x3A2A, 0x5B2D, 0x73D0, 0x83F0, 0x8C31, 0x8C71,
0x9492, 0x9CD2, 0x9CD3, 0x9CB2, 0x9CB2, 0x9CB2, 0x9CB2, 0x9C91, 0x9471, 0x9471, 0x8C51, 0x8C31,
0x8410, 0x8410, 0x8410, 0x8410, 0x7BCF, 0x7BCF, 0x7BCF, 0x73CF, 0x7BCF, 0x7BCF, 0x73AE, 0x73AE,
0x6B4D, 0x630C, 0x5AEC, 0x5ACB, 0x52CC, 0x5AEC, 0x5AEC, 0x5AEC, 0x5AEC, 0x52AB, 0x52AB, 0x4A6A,
0x4249, 0x3A29, 0x3A09, 0x3A09, 0x39E8, 0x31C8, 0x31C8, 0x2987, 0x2987, 0x2987, 0x2987, 0x2987,
0x2146, 0x2146, 0x10A4, 0x0042, 0x2126, 0x31E8, 0x39E8, 0x31C7, 0x31E8, 0x3A09, 0x31C7, 0x4208,
0x4249, 0x31A7, 0x39E7, 0x4249, 0x31C7, 0x31C7, 0x39E9, 0x31A7, 0x2987, 0x31C8, 0x31C8, 0x2987,
0x31C7, 0x31A8, 0x2987, 0x2987, 0x31C7, 0x29C7, 0x2987, 0x29A7, 0x29A7, 0x2987, 0x29A7, 0x3A08,
0x31A7, 0x2966, 0x31C8, 0x39E8, 0x2986, 0x2986, 0x31E8, 0x2987, 0x2146, 0x31A7, 0x29A7, 0x2126,
0x2987, 0x31C8, 0x2146, 0x2146, 0x31C8, 0x29A7, 0x1946, 0x29C8, 0x31E8, 0x2146, 0x2166, 0x31C8,
0x29A7, 0x2146, 0x29A8, 0x3209, 0x2166, 0x2967, 0x31E8, 0x29A7, 0x2987, 0x3A09, 0x3A29, 0x29A7,
0x31C8, 0x424A, 0x31E8, 0x29A7, 0x424A, 0x3A4A, 0x31E8, 0x424A, 0x4AAB, 0x3A29, 0x3A29, 0x4A8B,
0x4ACC, 0x426A, 0x4A8B, 0x5B0D, 0x4ACB, 0x4ACB, 0x5B0C, 0x5B2D, 0x5B0C, 0x5B0C, 0x6B8F, 0x7BF0,
0x73AF, 0x73D0, 0x8C72, 0x94D3, 0x94B3, 0x9CF4, 0xAD55, 0xA535, 0x9CF4, 0xB596, 0xB576, 0xA514,
0xAD55, 0xB575, 0xAD55, 0xAD55, 0xB575, 0xB576, 0xAD55, 0xAD55, 0xB596, 0xB596, 0xAD75, 0xB576,
0xAD75, 0xAD55, 0xAD55, 0xB596, 0xAD75, 0xAD55, 0xAD55, 0xB596, 0xB576, 0xAD75, 0xBDD6, 0xC5F7,
0xCE79, 0xD679, 0xCE38, 0xC5F7, 0xA513, 0x83CF, 0xA534, 0xA534, 0x7BCF, 0x52CB, 0x4A8A, 0x4AAA,
0x52CB, 0x52AB, 0x4A6A, 0x4229, 0x3A09, 0x39E8, 0x31C8, 0x2987, 0x2146, 0x2166, 0x2166, 0x2146,
0x1925, 0x1925, 0x1925, 0x1925, 0x2146, 0x2146, 0x2146, 0x2146, 0x2166, 0x2146, 0x2146, 0x2146,
0x2146, 0x2166, 0x2967, 0x2967, 0x2967, 0x2966, 0x2145, 0x2145, 0x2125, 0x2125, 0x2125, 0x2125,
0x2125, 0x2125, 0x2145, 0x2125, 0x2145, 0x2986, 0x2986, 0x31C7, 0x31C7, 0x31E8, 0x31C8, 0x39E8,
0x3A09, 0x4A8B, 0x52CC, 0x52EC, 0x634D, 0x6B6E, 0x6B4E, 0x5AEC, 0x52AB, 0x4A8B, 0x3A29, 0x3A09,
0x31E8, 0x31C8, 0x31C8, 0x31C8, 0x31A8, 0x39E9, 0x4229, 0x52CB, 0x73CF, 0x8431, 0x7C31, 0x634E,
0x4A8B, 0x4A6A, 0x4A6A, 0x5AEC, 0x73AF, 0x6B8F, 0x632D, 0x636E, 0x73CF, 0x73AF, 0x738E, 0x738F,
0x738F, 0x736E, 0x6B4D, 0x630C, 0x630C, 0x5ACB, 0x528A, 0x41C8, 0x2925, 0x10C3, 0x0883, 0x0062,
0x0062, 0x0062, 0x0062, 0x0062, 0x0062, 0x0062, 0x0882, 0x0062, 0x0062, 0x0863, 0x0883, 0x0883,
0x0883, 0x0883, 0x0883, 0x0883, 0x0883, 0x0883, 0x0883, 0x0883, 0x0883, 0x0883, 0x0883, 0x0883,
0x08C4, 0x1125, 0x3A2A, 0x5B2D, 0x73D0, 0x7BF0, 0x8430, 0x8C51, 0x9472, 0x9CB2, 0x9CD3, 0x9CB3,
0x9CB2, 0x9CB2, 0x9CB2, 0x9C92, 0x9471, 0x9471, 0x9451, 0x8C31, 0x8410, 0x8410, 0x8410, 0x8410,
0x7BCF, 0x7BCF, 0x7BCF, 0x7BCF, 0x7BCF, 0x73CF, 0x73AE, 0x73AE, 0x6B4D, 0x630C, 0x5AEC, 0x5ACB,
0x5AEC, 0x5AEC, 0x5AEC, 0x5AEC, 0x5AEC, 0x52AB, 0x52AB, 0x4A6A, 0x4249, 0x4229, 0x3A09, 0x3A09,
0x39E7, 0x31C8, 0x29A7, 0x2987, 0x2987, 0x2987, 0x2987, 0x2166, 0x2145, 0x1925, 0x0063, 0x0883,
0x2166, 0x39E8, 0x39E8, 0x29A7, 0x3A08, 0x3A09, 0x31C7, 0x4208, 0x4208, 0x31C7, 0x3A08, 0x4229,
0x31A6, 0x31C8, 0x31C8, 0x2987, 0x31A8, 0x31C7, 0x2987, 0x2987, 0x31A7, 0x2987, 0x2986, 0x2987,
0x29A7, 0x2986, 0x2987, 0x31E8, 0x2987, 0x2966, 0x31C8, 0x31A7, 0x2987, 0x2987, 0x31C8, 0x29A7,
0x2146, 0x31C7, 0x31C7, 0x2146, 0x2966, 0x31A8, 0x2967, 0x1926, 0x29A8, 0x29A7, 0x1925, 0x2987,
0x31C8, 0x2146, 0x2146, 0x31C8, 0x2987, 0x2126, 0x2987, 0x31C8, 0x2187, 0x2167, 0x3209, 0x29C8,
0x2187, 0x31C8, 0x31E9, 0x2987, 0x29A7, 0x3A09, 0x29C7, 0x29A7, 0x31E8, 0x3A29, 0x29A7, 0x3208,
0x426A, 0x3A08, 0x31E8, 0x426A, 0x4A8B, 0x3A09, 0x3A4A, 0x4AAB, 0x426A, 0x426A, 0x4ACB, 0x4ACB,
0x4A8B, 0x52CC, 0x5B2D, 0x52CC, 0x52EC, 0x634D, 0x634E, 0x634E, 0x634E, 0x73D0, 0x73CF, 0x73D0,
0x7C31, 0x8C72, 0x8C72, 0x7C11, 0x9CF4, 0xAD56, 0x9D14, 0x9CF4, 0xAD75, 0xAD75, 0x9D14, 0xA554,
0xAD75, 0xAD55, 0xA534, 0xAD55, 0xAD55, 0xA534, 0xAD55, 0xB596, 0xAD55, 0xA534, 0xAD55, 0xAD75,
0xA534, 0xAD35, 0xAD55, 0xA534, 0xA534, 0xAD55, 0xB596, 0xB596, 0xBDD7, 0xC618, 0xC5F7, 0xAD55,
0x8C51, 0x9471, 0xB575, 0xA514, 0x7BCF, 0x52AB, 0x4AAA, 0x52CB, 0x52CB, 0x52CB, 0x4A8A, 0x4A6A,
0x424A, 0x4229, 0x3A09, 0x2987, 0x1926, 0x2146, 0x2146, 0x2146, 0x1925, 0x1925, 0x1925, 0x1925,
0x2146, 0x2146, 0x2146, 0x2126, 0x2146, 0x1926, 0x1926, 0x1926, 0x2146, 0x2146, 0x2167, 0x2967,
0x2967, 0x2967, 0x2966, 0x2966, 0x2166, 0x2146, 0x2166, 0x2966, 0x2966, 0x2966, 0x2966, 0x2966,
0x2987, 0x29A7, 0x29A7, 0x31C7, 0x31C8, 0x29A7, 0x31A8, 0x31C8, 0x31C8, 0x424A, 0x4A8B, 0x52CC,
0x632D, 0x6B6E, 0x6B6E, 0x5B0D, 0x52CC, 0x4A8B, 0x426A, 0x3A29, 0x3A09, 0x31E8, 0x31C8, 0x31C8,
0x31C8, 0x3A09, 0x5AEB, 0x73AE, 0x8451, 0x8451, 0x6BAF, 0x52CC, 0x4A8B, 0x4A6A, 0x52AB, 0x5B0C,
0x6BAF, 0x73AF, 0x632D, 0x634D, 0x73D0, 0x73CF, 0x73AF, 0x73AF, 0x738F, 0x736E, 0x6B6D, 0x632D,
0x5B0C, 0x5ACB, 0x528A, 0x41E8, 0x2925, 0x10A4, 0x0883, 0x0062, 0x0062, 0x0062, 0x0062, 0x0062,
0x0062, 0x0062, 0x0062, 0x0062, 0x0062, 0x0063, 0x0883, 0x08A3, 0x08A3, 0x08A3, 0x0883, 0x0883,
0x0883, 0x0883, 0x0883, 0x0083, 0x0083, 0x0083, 0x0883, 0x0883, 0x08A3, 0x10E5, 0x3209, 0x530D,
0x73AF, 0x7BF0, 0x8431, 0x8C31, 0x9472, 0x9CB3, 0x9CD3, 0x9CD3, 0x9CD3, 0x9CD3, 0x9CB2, 0x9491,
0x9471, 0x9471, 0x9451, 0x8C51, 0x8C31, 0x8C30, 0x8410, 0x8410, 0x83F0, 0x7BCF, 0x7BCF, 0x7BCF,
0x73CF, 0x73CF, 0x73AF, 0x738E, 0x6B6D, 0x630D, 0x5AEC, 0x5ACB, 0x5AEC, 0x5AEC, 0x5AEC, 0x5B0C,
0x5B0C, 0x5AEC, 0x5ACB, 0x4A8A, 0x4A6A, 0x3A29, 0x3A09, 0x4209, 0x31C7, 0x31C7, 0x31A7, 0x2987,
0x29A7, 0x2987, 0x2987, 0x2966, 0x2966, 0x10A4, 0x0063, 0x10E4, 0x31C8, 0x39E8, 0x2987, 0x31C8,
0x3A09, 0x3187, 0x31C8, 0x3A08, 0x31A7, 0x31A7, 0x39E8, 0x31A7, 0x31A7, 0x31C8, 0x31A7, 0x2987,
0x31A7, 0x29A7, 0x2166, 0x2987, 0x31A7, 0x2986, 0x2986, 0x2986, 0x2987, 0x2166, 0x29A7, 0x31A8,
0x3187, 0x2967, 0x39E8, 0x31C7, 0x2166, 0x31C8, 0x29A7, 0x2166, 0x2987, 0x31C8, 0x2987, 0x2146,
0x29A7, 0x29A7, 0x2146, 0x2167, 0x31A8, 0x2146, 0x2166, 0x31C8, 0x29A7, 0x1926, 0x2987, 0x29A8,
0x2146, 0x2146, 0x31C8, 0x2987, 0x2146, 0x29A8, 0x31E9, 0x2146, 0x2987, 0x3209, 0x29A7, 0x2166,
0x31C8, 0x3A09, 0x2166, 0x29C8, 0x3A29, 0x29C8, 0x29A7, 0x424A, 0x3A29, 0x31A7, 0x3208, 0x428B,
0x3A09, 0x39E8, 0x424A, 0x426A, 0x3A09, 0x426A, 0x4ACC, 0x426A, 0x424A, 0x4AAB, 0x4AAC, 0x4A8B,
0x52AB, 0x5B0C, 0x52CB, 0x52CC, 0x634D, 0x5B2D, 0x634D, 0x636E, 0x73F0, 0x7C31, 0x73D0, 0x73D0,
0x94D3, 0x94B3, 0x7C11, 0x94D3, 0xA535, 0x9CF3, 0x9CD3, 0xA534, 0xA534, 0x9D13, 0xA534, 0xA534,
0xA534, 0xA534, 0xA534, 0xAD55, 0xA514, 0xAD35, 0xAD55, 0xA535, 0xA534, 0xA534, 0xA534, 0xA514,
0xA534, 0xA534, 0xAD35, 0xAD35, 0xA534, 0xA535, 0xA534, 0x8430, 0x8410, 0xB595, 0xC617, 0xAD14,
0x8410, 0x5ACB, 0x52AB, 0x52CB, 0x52EB, 0x52CB, 0x4A6A, 0x4A6A, 0x4249, 0x4249, 0x3A08, 0x31C7,
0x2987, 0x2987, 0x2146, 0x1925, 0x2146, 0x2146, 0x2146, 0x2126, 0x1926, 0x1925, 0x1925, 0x1925,
0x1925, 0x1905, 0x1905, 0x1905, 0x1925, 0x1925, 0x1925, 0x2126, 0x2146, 0x2146, 0x2166, 0x2166,
0x2166, 0x2166, 0x2166, 0x2166, 0x2166, 0x2166, 0x2146, 0x2966, 0x2967, 0x2967, 0x2967, 0x2166,
0x2166, 0x2166, 0x2987, 0x2987, 0x29A8, 0x39E9, 0x424A, 0x4AAB, 0x5B2D, 0x636E, 0x634E, 0x634D,
0x5B2D, 0x5AEC, 0x52AB, 0x4A8B, 0x3A29, 0x3A09, 0x3A09, 0x4209, 0x4A29, 0x5AEB, 0x7BEF, 0x9492,
0x8451, 0x7C10, 0x634D, 0x4A8B, 0x4A6A, 0x4A6A, 0x630C, 0x738E, 0x6B8E, 0x7C10, 0x6B6E, 0x52AB,
0x73B0, 0x73D0, 0x73AF, 0x73AF, 0x738F, 0x736E, 0x6B4D, 0x632D, 0x630C, 0x5AEB, 0x52AA, 0x41E8,
0x2925, 0x10A4, 0x0883, 0x0062, 0x0062, 0x0062, 0x0062, 0x0062, 0x0062, 0x0883, 0x0883, 0x0062,
0x0062, 0x0062, 0x0883, 0x0883, 0x0883, 0x0883, 0x0883, 0x0883, 0x0883, 0x0883, 0x0883, 0x0083,
0x0083, 0x0883, 0x0883, 0x0883, 0x08A3, 0x10E5, 0x3209, 0x5B0D, 0x73AF, 0x7BF0, 0x8430, 0x8C31,
0x9472, 0x9CB3, 0x9CD3, 0x9CD3, 0x9CD3, 0x9CD3, 0x9CB2, 0x9491, 0x9471, 0x9471, 0x9451, 0x8C51,
0x8C31, 0x8C30, 0x8410, 0x8410, 0x83F0, 0x7BF0, 0x7BF0, 0x7BCF, 0x7BCF, 0x7BCF, 0x73AF, 0x73AE,
0x738E, 0x6B2D, 0x5AEC, 0x5ACC, 0x5AEC, 0x5B0C, 0x5B0C, 0x5B0C, 0x632D, 0x632C, 0x632C, 0x528A,
0x4A6A, 0x3A09, 0x3A09, 0x3A09, 0x31C7, 0x39C8, 0x3187, 0x3187, 0x2987, 0x2987, 0x2967, 0x2966,
0x1925, 0x0062, 0x0063, 0x1905, 0x31C8, 0x31C7, 0x2987, 0x39C8, 0x31C8, 0x2987, 0x39E8, 0x39E8,
0x2986, 0x31A7, 0x31C8, 0x2146, 0x31C7, 0x31C8, 0x2986, 0x29A7, 0x31C8, 0x2987, 0x2987, 0x31A7,
0x2966, 0x2966, 0x2986, 0x2986, 0x2966, 0x2146, 0x29A8, 0x2987, 0x3187, 0x31C8, 0x31A7, 0x2966,
0x29A7, 0x31E8, 0x2987, 0x2146, 0x29A7, 0x29A7, 0x2166, 0x2166, 0x31C7, 0x2166, 0x2146, 0x2987,
0x29A8, 0x1926, 0x2166, 0x31C8, 0x2146, 0x2146, 0x29A8, 0x2987, 0x2146, 0x29A7, 0x31C8, 0x2146,
0x2146, 0x31C8, 0x2167, 0x2146, 0x29A8, 0x31E8, 0x2146, 0x2987, 0x31E8, 0x29A7, 0x2166, 0x31C8,
0x31E8, 0x2187, 0x31E8, 0x424A, 0x31E8, 0x31C7, 0x3A29, 0x3A49, 0x31E8, 0x3A29, 0x426A, 0x3A09,
0x3A09, 0x426A, 0x426A, 0x3A29, 0x424A, 0x4AAC, 0x426A, 0x4A8B, 0x52CB, 0x4AAB, 0x4A8B, 0x52CC,
0x52CC, 0x4ACB, 0x530C, 0x634E, 0x5B4D, 0x5B4D, 0x634E, 0x6BAF, 0x73F0, 0x6BAF, 0x73AF, 0x8C72,
0x94B3, 0x7C10, 0x94D3, 0xA534, 0x8CB2, 0x9CD3, 0xA534, 0xA514, 0x9CF3, 0xA534, 0xA534, 0xA4F4,
0xA514, 0xAD35, 0xA534, 0x9CF4, 0xA514, 0xA534, 0xA514, 0xA514, 0xA534, 0xA514, 0xA514, 0x9CD3,
0x94B3, 0x8C72, 0x7C10, 0x6B6E, 0x94B2, 0xCE79, 0xC617, 0xA513, 0x8C10, 0x5AEB, 0x52AA, 0x5AEB,
0x5B0C, 0x52CB, 0x4A8A, 0x4A4A, 0x4249, 0x4249, 0x4A69, 0x4229, 0x3A09, 0x31C7, 0x2987, 0x2146,
0x2146, 0x2167, 0x2167, 0x2146, 0x1926, 0x1925, 0x1905, 0x1925, 0x1905, 0x1905, 0x1905, 0x1905,
0x1925, 0x1925, 0x1925, 0x1905, 0x1905, 0x1926, 0x2146, 0x2166, 0x2167, 0x2166, 0x2146, 0x2146,
0x2146, 0x2146, 0x2126, 0x2146, 0x2146, 0x2146, 0x2146, 0x2146, 0x2146, 0x2166, 0x2967, 0x2987,
0x29A8, 0x31C8, 0x3A09, 0x424A, 0x52CC, 0x52CC, 0x5B2D, 0x634E, 0x636E, 0x636E, 0x5B0D, 0x52AB,
0x426A, 0x3A08, 0x3A08, 0x4A49, 0x6B4D, 0x83EF, 0x9492, 0x94B2, 0x7C10, 0x634D, 0x52AB, 0x4A8B,
0x4A4A, 0x528A, 0x7BCF, 0x8410, 0x738F, 0x8431, 0x7C10, 0x52CB, 0x73D0, 0x73D0, 0x73AF, 0x73AF,
0x73AF, 0x736E, 0x6B4D, 0x632C, 0x5B0C, 0x5AEB, 0x528A, 0x41E8, 0x2125, 0x10A3, 0x0883, 0x0062,
0x0062, 0x0062, 0x0062, 0x0062, 0x0062, 0x0883, 0x0062, 0x0062, 0x0062, 0x0062, 0x0062, 0x0063,
0x0063, 0x0063, 0x0883, 0x0883, 0x0883, 0x0883, 0x0883, 0x0883, 0x0083, 0x0883, 0x0083, 0x0883,
0x0883, 0x10E5, 0x3209, 0x530C, 0x73AF, 0x7BF0, 0x8431, 0x8C51, 0x9472, 0x94B2, 0x9CD3, 0x9CD3,
0x9CD3, 0x9CD3, 0x9CB2, 0x9CB2, 0x9492, 0x9471, 0x9451, 0x8C51, 0x8C31, 0x8C30, 0x8430, 0x8410,
0x8410, 0x83F0, 0x83F0, 0x83EF, 0x7BCF, 0x7BCF, 0x73AF, 0x73AE, 0x736D, 0x6B2D, 0x5AEC, 0x62EC,
0x5B0C, 0x632D, 0x6B6E, 0x738E, 0x73CF, 0x7BCF, 0x738E, 0x6B6D, 0x52AB, 0x3A29, 0x39E9, 0x31C8,
0x3A09, 0x6B8E, 0x62EC, 0x5249, 0x39A7, 0x39A7, 0x39A7, 0x3166, 0x1082, 0x1082, 0x18E4, 0x2145,
0x2966, 0x2946, 0x2966, 0x31A7, 0x3187, 0x2987, 0x39C7, 0x31A6, 0x2986, 0x31C7, 0x31A7, 0x2166,
0x29A7, 0x2986, 0x2966, 0x29A7, 0x2987, 0x2146, 0x2987, 0x2987, 0x2146, 0x2966, 0x2966, 0x2166,
0x2166, 0x2167, 0x2167, 0x2146, 0x2146, 0x39E8, 0x3A09, 0x2166, 0x29A7, 0x2987, 0x2146, 0x2166,
0x31C8, 0x2987, 0x2146, 0x29A7, 0x2987, 0x2146, 0x2967, 0x29A8, 0x2167, 0x2146, 0x29A7, 0x2987,
0x1925, 0x2987, 0x29A8, 0x2146, 0x2166, 0x31C7, 0x2987, 0x2126, 0x2987, 0x31A8, 0x2126, 0x2167,
0x29C8, 0x2166, 0x2166, 0x29C8, 0x31C8, 0x2146, 0x29A7, 0x3209, 0x29C8, 0x2187, 0x3209, 0x424A,
0x31C7, 0x39E8, 0x424A, 0x3208, 0x3208, 0x424A, 0x424A, 0x31E8, 0x3A29, 0x428B, 0x3A29, 0x3A29,
0x428B, 0x4A8B, 0x424A, 0x4A8A, 0x52EB, 0x4A8A, 0x426A, 0x52CB, 0x4AAB, 0x428A, 0x4ACB, 0x52EC,
0x4AAB, 0x52CC, 0x5B2D, 0x5B0D, 0x5B0D, 0x5B0D, 0x6B8E, 0x7C10, 0x7C10, 0x7C10, 0x94B3, 0x8C92,
0x7BEF, 0x94F3, 0x9D14, 0x8C72, 0x9CD3, 0xA534, 0xA4F4, 0x9CD3, 0xA514, 0xA534, 0x9CF3, 0x9CF4,
0xA514, 0x9CF3, 0x9CF3, 0xA514, 0xA514, 0xA514, 0x9CF3, 0x9492, 0x8C72, 0x7BF0, 0x6B6E, 0x6B6E,
0xB575, 0xCE59, 0xC5D7, 0xAD34, 0x9492, 0x630C, 0x52AA, 0x52CB, 0x5B0C, 0x52CB, 0x4A8A, 0x4229,
0x4229, 0x4A6A, 0x4A8A, 0x52CB, 0x528A, 0x4A49, 0x39C8, 0x2966, 0x2966, 0x2987, 0x2187, 0x2167,
0x2146, 0x2126, 0x2125, 0x1905, 0x1905, 0x1905, 0x1905, 0x1905, 0x1925, 0x1905, 0x1905, 0x1905,
0x1905, 0x1925, 0x1946, 0x2146, 0x2167, 0x2166, 0x2146, 0x1925, 0x1925, 0x1925, 0x1925, 0x1925,
0x1925, 0x1925, 0x1925, 0x1925, 0x2146, 0x2166, 0x2987, 0x29A8, 0x29A8, 0x29A8, 0x31C8, 0x3A09,
0x426A, 0x4AAB, 0x5B0D, 0x636E, 0x6B6E, 0x6B6E, 0x634E, 0x630D, 0x52AB, 0x52AB, 0x5AEC, 0x7BAE,
0x9491, 0x9CB2, 0x94B2, 0x8C71, 0x634D, 0x52AB, 0x52AB, 0x4A6A, 0x4A4A, 0x62EC, 0x9472, 0x9492,
0x7BCF, 0x8431, 0x8C72, 0x634D, 0x73AF, 0x73AF, 0x73AF, 0x73AF, 0x73AF, 0x736E, 0x6B4D, 0x632C,
0x5B0C, 0x52CB, 0x4A49, 0x31A6, 0x2104, 0x0883, 0x0882, 0x0062, 0x0062, 0x0062, 0x0062, 0x0062,
0x0062, 0x0062, 0x0062, 0x0062, 0x0062, 0x0062, 0x0062, 0x0062, 0x0062, 0x0863, 0x0883, 0x0883,
0x0883, 0x0883, 0x0883, 0x0083, 0x0062, 0x0083, 0x0083, 0x0083, 0x0083, 0x10E4, 0x31E9, 0x5AEC,
0x73AF, 0x8410, 0x8C51, 0x8C71, 0x9472, 0x9CB3, 0x9CD3, 0x9CD2, 0x9CD2, 0x9CB2, 0x9CD3, 0x9CB2,
0x9CB2, 0x9492, 0x9471, 0x8C51, 0x8C51, 0x8C51, 0x8C31, 0x8410, 0x8410, 0x8410, 0x8410, 0x83F0,
0x83EF, 0x7BCF, 0x7BAF, 0x738E, 0x6B6D, 0x6B4D, 0x630C, 0x630C, 0x6B4D, 0x73CF, 0x8410, 0x7BF0,
0x8410, 0x8431, 0x8410, 0x738E, 0x5ACB, 0x3A09, 0x39E9, 0x29C8, 0x5B4E, 0xA535, 0xB555, 0xB534,
0xB534, 0xA4B2, 0x7B6D, 0x736D, 0x5248, 0x41E7, 0x3986, 0x39A6, 0x3166, 0x3146, 0x3146, 0x3186,
0x3166, 0x3186, 0x39A7, 0x2966, 0x31A7, 0x31C8, 0x2986, 0x2987, 0x29A7, 0x2166, 0x2166, 0x29A7,
0x2966, 0x2146, 0x2987, 0x2146, 0x2125, 0x2966, 0x2146, 0x2146, 0x2146, 0x2987, 0x2186, 0x2146,
0x2967, 0x2967, 0x2166, 0x2166, 0x2987, 0x2166, 0x2146, 0x29A7, 0x29A7, 0x2146, 0x2167, 0x29A8,
0x2166, 0x2146, 0x29A7, 0x2987, 0x2126, 0x2987, 0x31C8, 0x2166, 0x2166, 0x29A7, 0x2987, 0x2166,
0x31E8, 0x29A7, 0x2146, 0x2167, 0x31A8, 0x2967, 0x2146, 0x29A7, 0x29A7, 0x1946, 0x2166, 0x31C8,
0x2187, 0x2166, 0x31E8, 0x31E8, 0x2166, 0x31E8, 0x3A29, 0x3A09, 0x3A29, 0x52EC, 0x4249, 0x29A7,
0x424A, 0x424A, 0x31E8, 0x31E8, 0x4A6A, 0x426A, 0x31E8, 0x3A4A, 0x4AAB, 0x424A, 0x424A, 0x52CC,
0x4ACB, 0x4249, 0x4A8A, 0x4AAB, 0x424A, 0x4A8A, 0x530C, 0x4AAB, 0x426A, 0x52EC, 0x52CC, 0x4AAB,
0x52EC, 0x5B0D, 0x634D, 0x5B2D, 0x6B8E, 0x73CF, 0x7C30, 0x6B8E, 0x7C10, 0x94D3, 0x8472, 0x7C10,
0x9CF4, 0x9CF4, 0x8C51, 0x9CD3, 0xA514, 0x9CD3, 0x9CD3, 0xA514, 0x9CD3, 0x94B2, 0x9CF3, 0xA514,
0xA514, 0xA514, 0x94B3, 0x8C72, 0x8410, 0x6B8E, 0x5B0D, 0x6B6E, 0xC618, 0xCE59, 0xBDD6, 0xA514,
0x94B2, 0x736D, 0x52AA, 0x5B0C, 0x5B0C, 0x52CB, 0x4A6A, 0x4229, 0x4229, 0x4A6A, 0x4A8A, 0x5B0C,
0x6B4D, 0x5ACB, 0x4A49, 0x39C7, 0x31A7, 0x2987, 0x2987, 0x2987, 0x2166, 0x2126, 0x2125, 0x1905,
0x1905, 0x1905, 0x1905, 0x1905, 0x1905, 0x1905, 0x1905, 0x1905, 0x1905, 0x1905, 0x1925, 0x2146,
0x2166, 0x2166, 0x2126, 0x1905, 0x1905, 0x1905, 0x1925, 0x1925, 0x1925, 0x1925, 0x1925, 0x1926,
0x2146, 0x2166, 0x2987, 0x2987, 0x2167, 0x2987, 0x2987, 0x31C8, 0x3A09, 0x426A, 0x52EC, 0x5B0C,
0x634D, 0x6B8F, 0x6B6E, 0x6B4E, 0x734D, 0x83CF, 0x9CB2, 0x9CF3, 0xA513, 0x94B2, 0x94B2, 0x6BAE,
0x52AB, 0x52AB, 0x528B, 0x4A6A, 0x4A6A, 0x630C, 0x9CB3, 0xA514, 0x8410, 0x9CD3, 0xA535, 0x7BF0,
0x6BAF, 0x73AF, 0x73AF, 0x73AF, 0x73AF, 0x736E, 0x6B4D, 0x630C, 0x62EC, 0x52CB, 0x4A49, 0x31A6,
0x2104, 0x0883, 0x0882, 0x0062, 0x0062, 0x0062, 0x0062, 0x0062, 0x0062, 0x0062, 0x0062, 0x0062,
0x0062, 0x0062, 0x0062, 0x0883, 0x0883, 0x0863, 0x0062, 0x0062, 0x0062, 0x0863, 0x0042, 0x0062,
0x0062, 0x0083, 0x0062, 0x0083, 0x0883, 0x10E4, 0x31E9, 0x5B0C, 0x73AE, 0x8410, 0x8C51, 0x9471,
0x9492, 0x9CD3, 0x9CB2, 0x9CD2, 0x9CB2, 0x9CB2, 0x9CD3, 0x9CB2, 0x9CB2, 0x9492, 0x9471, 0x8C51,
0x8C51, 0x8C51, 0x8C31, 0x8410, 0x8410, 0x8410, 0x8410, 0x8410, 0x7BCF, 0x7BCF, 0x7BAF, 0x73AE,
0x738E, 0x738E, 0x736E, 0x73AF, 0x73CF, 0x7BEF, 0x7BF0, 0x8410, 0x8430, 0x8C51, 0x83F0, 0x738E,
0x52AA, 0x3A08, 0x3A09, 0x29C8, 0x6BAF, 0x94B3, 0x9CB3, 0x9CB2, 0xA4F3, 0xA4F3, 0xA4F3, 0xA4F3,
0xA513, 0xA4F3, 0xA4D2, 0xA4D2, 0x8BEF, 0x836D, 0x7B6D, 0x5A69, 0x41C7, 0x39C7, 0x31A6, 0x3186,
0x31A7, 0x2986, 0x2146, 0x2987, 0x2966, 0x2145, 0x2986, 0x2986, 0x2146, 0x2986, 0x2966, 0x2146,
0x2146, 0x31A7, 0x2966, 0x2146, 0x2966, 0x2987, 0x2146, 0x1946, 0x2166, 0x2166, 0x2146, 0x29A7,
0x2986, 0x2146, 0x2166, 0x2987, 0x2166, 0x2146, 0x29A7, 0x2987, 0x2146, 0x2967, 0x2987, 0x2146,
0x2126, 0x2987, 0x2987, 0x1926, 0x2166, 0x29A7, 0x2146, 0x2166, 0x3A08, 0x2986, 0x2146, 0x2967,
0x31A8, 0x2126, 0x2167, 0x29A8, 0x2166, 0x1946, 0x29A7, 0x31C8, 0x1946, 0x2166, 0x31E8, 0x2987,
0x2987, 0x3A29, 0x3208, 0x29A7, 0x3A08, 0x4A6A, 0x29C7, 0x29C7, 0x3A09, 0x3A09, 0x31C8, 0x3A09,
0x424A, 0x3A09, 0x3A29, 0x426A, 0x426A, 0x3A29, 0x4A8A, 0x4ACB, 0x426A, 0x4249, 0x4AAB, 0x426A,
0x424A, 0x4A8B, 0x52EC, 0x426A, 0x4A6A, 0x5AEC, 0x4AAB, 0x4AAB, 0x530D, 0x52CC, 0x52AB, 0x52CC,
0x52EC, 0x6B8E, 0x73CF, 0x5B2C, 0x7C10, 0x8471, 0x6BAF, 0x8451, 0x94B3, 0x8C51, 0x8431, 0xA514,
0x9CD3, 0x8C71, 0x9CF3, 0xA4F4, 0x9CB3, 0x94B2, 0xA514, 0x9CF3, 0x9CF3, 0x9CD3, 0x8C51, 0x7BF0,
0x73AF, 0x5B0D, 0x5AED, 0x7BF0, 0xCE39, 0xCE39, 0xBDD7, 0xA4F3, 0x94B2, 0x738D, 0x5AEB, 0x630C,
0x5B0C, 0x5ACB, 0x4A6A, 0x4229, 0x4229, 0x4229, 0x4AAA, 0x5AEC, 0x6B4D, 0x738E, 0x6B4D, 0x5AEB,
0x4A69, 0x4209, 0x39C8, 0x31A7, 0x2966, 0x2966, 0x2146, 0x1925, 0x1905, 0x1905, 0x1905, 0x1905,
0x18E5, 0x18E5, 0x1905, 0x1905, 0x1905, 0x1905, 0x1905, 0x1925, 0x2146, 0x2146, 0x1925, 0x1905,
0x1905, 0x1905, 0x1925, 0x1925, 0x1925, 0x1925, 0x1925, 0x1925, 0x2146, 0x2146, 0x2167, 0x2146,
0x2167, 0x2166, 0x2987, 0x31C8, 0x31E9, 0x3A2A, 0x424A, 0x52CB, 0x634D, 0x73AF, 0x7BCF, 0x7BCF,
0x9492, 0xA4F3, 0xB575, 0xB596, 0xAD55, 0x94D3, 0x6BAF, 0x52EC, 0x4AAB, 0x52AB, 0x528B, 0x4A6A,
0x526A, 0x7B8E, 0xB555, 0xA514, 0x8410, 0xAD35, 0xBDB7, 0x9CF3, 0x6B8F, 0x6B8F, 0x6B8F, 0x738F,
0x73AF, 0x738E, 0x6B6E, 0x630C, 0x630C, 0x52AB, 0x4229, 0x3186, 0x18E4, 0x0883, 0x0883, 0x0883,
0x0062, 0x0062, 0x0062, 0x0042, 0x0042, 0x0062, 0x0063, 0x0042, 0x0062, 0x0062, 0x0062, 0x0062,
0x0062, 0x0883, 0x0883, 0x0863, 0x0863, 0x0063, 0x0063, 0x0063, 0x0063, 0x0063, 0x0063, 0x0863,
0x0883, 0x10C4, 0x29C8, 0x52EC, 0x6B6E, 0x7C10, 0x8C51, 0x9492, 0x9492, 0x9CB2, 0x9CB2, 0x9C92,
0x9CB2, 0x9CB2, 0x9CB2, 0x9CB2, 0x9CB2, 0x9C92, 0x9492, 0x9471, 0x8C51, 0x8C50, 0x8C30, 0x8410,
0x8410, 0x8410, 0x83F0, 0x7BF0, 0x7BCF, 0x7BAF, 0x7BAF, 0x73AF, 0x738E, 0x738E, 0x738E, 0x738F,
0x73AF, 0x73EF, 0x8431, 0x8C72, 0x9492, 0x9492, 0x9451, 0x7BAE, 0x528A, 0x3A08, 0x3A29, 0x29A7,
0x94D3, 0xB5B7, 0xBD96, 0xB575, 0xB555, 0xAD13, 0xA4F3, 0xA4F3, 0x9CB2, 0x9C92, 0x9CB2, 0x9CB2,
0xA4B3, 0xA4B3, 0xAD14, 0xACF4, 0x8C31, 0x83F0, 0x8BEF, 0x6B2C, 0x62EB, 0x4A07, 0x41E7, 0x3186,
0x3145, 0x2945, 0x2966, 0x2965, 0x2966, 0x2966, 0x2166, 0x2145, 0x29A7, 0x31A7, 0x2966, 0x2146,
0x2166, 0x2146, 0x1945, 0x2166, 0x2166, 0x2146, 0x2166, 0x2987, 0x2166, 0x2146, 0x2987, 0x2966,
0x2146, 0x2146, 0x2987, 0x2166, 0x1946, 0x2987, 0x2967, 0x2146, 0x2166, 0x2987, 0x2146, 0x2146,
0x2987, 0x2166, 0x2126, 0x2967, 0x29A8, 0x2146, 0x2146, 0x29A7, 0x2146, 0x1925, 0x2987, 0x29A7,
0x1925, 0x29A7, 0x31C8, 0x2987, 0x2146, 0x2987, 0x31C8, 0x2146, 0x2987, 0x39E9, 0x29A7, 0x2987,
0x31E8, 0x3A08, 0x2987, 0x31C8, 0x3A09, 0x29A7, 0x29A7, 0x3A29, 0x3A09, 0x31A8, 0x31E9, 0x426A,
0x3A29, 0x3A4A, 0x428B, 0x3A49, 0x3229, 0x428A, 0x4A8B, 0x3A29, 0x424A, 0x4A8B, 0x4A6A, 0x3A29,
0x4A8B, 0x4A8B, 0x426A, 0x4AAA, 0x52CB, 0x4A8B, 0x4A8B, 0x52CC, 0x52CC, 0x52CC, 0x52EC, 0x5B4D,
0x6B8F, 0x638E, 0x5B0C, 0x8451, 0x8451, 0x73AF, 0x8C72, 0x94D3, 0x8C71, 0x8451, 0x9CF3, 0x9CF3,
0x8C51, 0xA4F3, 0xA514, 0x9CD3, 0x9CD3, 0x8451, 0x73CF, 0x6BAF, 0x5B0C, 0x52CC, 0x5AEC, 0x8410,
0xC638, 0xCE58, 0xB596, 0x9CD3, 0x9CB2, 0x7BCE, 0x632C, 0x632C, 0x5B0B, 0x52AB, 0x4A6A, 0x4229,
0x4229, 0x4229, 0x4A8A, 0x52EC, 0x73AF, 0x7BF0, 0x8431, 0x8410, 0x738E, 0x5ACB, 0x41E8, 0x4208,
0x39E8, 0x31C7, 0x29A7, 0x2166, 0x1946, 0x1925, 0x1925, 0x1905, 0x1905, 0x1905, 0x1905, 0x1905,
0x1905, 0x1905, 0x1905, 0x1905, 0x1905, 0x1905, 0x1925, 0x1905, 0x1905, 0x1905, 0x1925, 0x1905,
0x1905, 0x1905, 0x1905, 0x1925, 0x1926, 0x2126, 0x2146, 0x2146, 0x2146, 0x2166, 0x2167, 0x2987,
0x31C8, 0x31E8, 0x424A, 0x52AB, 0x6B6E, 0x7BCF, 0x8C51, 0xAD34, 0xB575, 0xBDB6, 0xB596, 0xB596,
0xA535, 0x7BF0, 0x5B0C, 0x52CC, 0x52AB, 0x52AB, 0x52AB, 0x528A, 0x52AB, 0x8410, 0xAD55, 0xAD14,
0x9451, 0xBD96, 0xCE59, 0xBDD7, 0x6B6F, 0x6B6F, 0x6B8F, 0x738F, 0x73AF, 0x738E, 0x736E, 0x632D,
0x630C, 0x5ACB, 0x4229, 0x3186, 0x18E4, 0x0883, 0x0883, 0x0883, 0x0042, 0x0062, 0x0062, 0x0042,
0x0042, 0x0042, 0x0042, 0x0062, 0x0062, 0x0863, 0x0063, 0x0062, 0x0062, 0x0863, 0x0063, 0x0063,
0x0063, 0x0062, 0x0063, 0x0063, 0x0863, 0x0863, 0x0863, 0x0863, 0x0883, 0x10C4, 0x29C8, 0x52EC,
0x6B6F, 0x7BF0, 0x8C51, 0x9472, 0x9492, 0x9CB2, 0x9CB2, 0x9CB2, 0x9CB2, 0x9CB2, 0x9CB2, 0x9CD2,
0x9CB2, 0x9C92, 0x9492, 0x9471, 0x8C51, 0x8C50, 0x8C30, 0x8410, 0x8410, 0x8410, 0x7BF0, 0x7BEF,
0x7BCF, 0x7BCF, 0x7BCF, 0x7BAF, 0x73AF, 0x738E, 0x73AF, 0x7BCF, 0x7C31, 0x8451, 0x9493, 0x9CD3,
0x9CD3, 0xA4F4, 0x9471, 0x7BCF, 0x526A, 0x3A08, 0x31C8, 0x4AAB, 0xB5F7, 0xBDF7, 0xC5F7, 0xC5F7,
0xC5F7, 0xC5F7, 0xC5F7, 0xBDB7, 0xB596, 0xB596, 0xB576, 0xAD55, 0xAD35, 0xAD14, 0x9CB3, 0x9471,
0x9471, 0x9C92, 0xA4F3, 0xA4F3, 0x9C71, 0x9471, 0x8BEF, 0x83AE, 0x6B0C, 0x6B2C, 0x4208, 0x4208,
0x4208, 0x2966, 0x2165, 0x2145, 0x2125, 0x2125, 0x2146, 0x2146, 0x2146, 0x2125, 0x2146, 0x2166,
0x2146, 0x2125, 0x2166, 0x2166, 0x2146, 0x2966, 0x2987, 0x2966, 0x2125, 0x2166, 0x2987, 0x2146,
0x2166, 0x2987, 0x2146, 0x1926, 0x2987, 0x2987, 0x2146, 0x2166, 0x29A7, 0x2166, 0x2126, 0x2967,
0x2166, 0x1926, 0x2167, 0x2187, 0x1925, 0x2146, 0x29A8, 0x2166, 0x1925, 0x2987, 0x29A7, 0x2146,
0x2166, 0x31A8, 0x2166, 0x2166, 0x29A7, 0x31C8, 0x2166, 0x29C8, 0x3A29, 0x29A7, 0x2986, 0x3A09,
0x39E8, 0x2967, 0x31C8, 0x424A, 0x31E8, 0x31E8, 0x424A, 0x424A, 0x31E8, 0x426A, 0x428A, 0x3A09,
0x3A29, 0x4AAB, 0x3A29, 0x424A, 0x424A, 0x426A, 0x3A29, 0x3A29, 0x4A8A, 0x426A, 0x3A29, 0x4A8A,
0x428A, 0x3A49, 0x426A, 0x4AAB, 0x4AAB, 0x4A8B, 0x4A8B, 0x52CC, 0x52EC, 0x52CC, 0x636E, 0x73D0,
0x6B6E, 0x5B2D, 0x8C92, 0x8C71, 0x73AE, 0x94B2, 0x9CF3, 0x8410, 0x8C71, 0xA4F4, 0x94B3, 0x9CD3,
0x9492, 0x7BF0, 0x73AF, 0x634D, 0x5AEC, 0x5AEC, 0x5B0C, 0x8430, 0xC638, 0xCE38, 0xB596, 0x94B2,
0x8C71, 0x7BCF, 0x634D, 0x632C, 0x5B0B, 0x52AB, 0x4A6A, 0x4229, 0x4229, 0x4229, 0x4A8A, 0x52CC,
0x6B6E, 0x8410, 0x8C72, 0x8C92, 0x8430, 0x738E, 0x5AAA, 0x4228, 0x39E8, 0x31E7, 0x31C7, 0x2166,
0x2166, 0x1946, 0x1925, 0x1925, 0x1905, 0x1905, 0x1905, 0x1905, 0x1905, 0x1905, 0x1905, 0x1905,
0x1905, 0x1905, 0x1905, 0x1905, 0x1905, 0x1905, 0x1905, 0x18E5, 0x1905, 0x1905, 0x1905, 0x2126,
0x2126, 0x2146, 0x2146, 0x2146, 0x2146, 0x2166, 0x2166, 0x2987, 0x31C8, 0x39E8, 0x4249, 0x528A,
0x6B6E, 0x8C51, 0xAD55, 0xC5F7, 0xC618, 0xC5F7, 0xB5B6, 0xA535, 0x8431, 0x632D, 0x5AEC, 0x52CB,
0x52AB, 0x52AB, 0x52AB, 0x528B, 0x5ACB, 0x8C31, 0xB555, 0xA514, 0x9CB2, 0xCE38, 0xCE59, 0xC5F8,
0x636F, 0x6B8F, 0x6B8F, 0x738F, 0x73AF, 0x738E, 0x6B6E, 0x632D, 0x630C, 0x5ACC, 0x4229, 0x3186,
0x18E4, 0x0883, 0x0883, 0x0883, 0x0062, 0x0062, 0x0062, 0x0042, 0x0042, 0x0042, 0x0042, 0x0062,
0x0042, 0x0863, 0x0062, 0x0062, 0x0883, 0x0062, 0x0062, 0x0062, 0x0062, 0x0062, 0x0883, 0x0063,
0x0063, 0x0063, 0x0863, 0x0863, 0x0883, 0x10C4, 0x29C8, 0x52EC, 0x6B6E, 0x7BF0, 0x8C30, 0x8C72,
0x9492, 0x9CB3, 0x9CB3, 0x9CB2, 0x9CB2, 0x9CB2, 0x9CB2, 0x9CB2, 0x9CB2, 0x9CB2, 0x9491, 0x9471,
0x8C51, 0x8C50, 0x8C30, 0x8410, 0x8410, 0x8410, 0x7BEF, 0x7BEF, 0x7BCF, 0x7BEF, 0x7BCF, 0x7BAF,
0x738E, 0x73AF, 0x7BEF, 0x7C10, 0x8452, 0x8CB3, 0x94D3, 0x9CD3, 0x9CF4, 0xA514, 0x9471, 0x7BCE,
0x4A49, 0x4208, 0x29A8, 0x6BD0, 0xB618, 0xBDF7, 0xC5F7, 0xC5F7, 0xC5F7, 0xC5F7, 0xBDF7, 0xBDD7,
0xBDD7, 0xC5F8, 0xC5F8, 0xC618, 0xC618, 0xC5F8, 0xC5F7, 0xBD96, 0xBDB6, 0xB595, 0xAD14, 0xAD14,
0xA4D2, 0x9471, 0x8C30, 0x9451, 0x8C31, 0x8C30, 0x8C10, 0x8430, 0x840F, 0x630C, 0x5ACB, 0x52AA,
0x39E8, 0x31A7, 0x2966, 0x2966, 0x2146, 0x2125, 0x2146, 0x2146, 0x2125, 0x2146, 0x2146, 0x2166,
0x2146, 0x2966, 0x2986, 0x2145, 0x2966, 0x2966, 0x2166, 0x1925, 0x2987, 0x2987, 0x2126, 0x2166,
0x2987, 0x2166, 0x2126, 0x2987, 0x2987, 0x1925, 0x2967, 0x29A7, 0x2146, 0x2146, 0x29A7, 0x2187,
0x1926, 0x2987, 0x29A8, 0x1925, 0x1945, 0x29A7, 0x2166, 0x2146, 0x29A7, 0x29A7, 0x2146, 0x2987,
0x31C8, 0x2987, 0x2987, 0x31C8, 0x31C8, 0x2167, 0x2987, 0x3A09, 0x2987, 0x2987, 0x39E9, 0x31E9,
0x29A7, 0x31C8, 0x3A29, 0x31C8, 0x29C8, 0x3A29, 0x3209, 0x31E8, 0x3A29, 0x424A, 0x3A09, 0x3A29,
0x424A, 0x424A, 0x3A09, 0x3A29, 0x4A6A, 0x3A29, 0x426A, 0x4A8A, 0x3A29, 0x3A29, 0x426A, 0x428B,
0x424A, 0x426A, 0x428B, 0x4A8B, 0x4A8B, 0x4AAB, 0x530C, 0x5B0C, 0x52CC, 0x6B8F, 0x8431, 0x6B8E,
0x73AE, 0x94B2, 0x8C71, 0x7BEF, 0x94B2, 0x9CB3, 0x9492, 0x9472, 0x7BF0, 0x6B8E, 0x634D, 0x5B0C,
0x5B0C, 0x5B2D, 0x634D, 0x8431, 0xC638, 0xCE38, 0xB575, 0x8C51, 0x8C71, 0x7BEF, 0x634D, 0x632D,
0x5B0C, 0x52AB, 0x4249, 0x4229, 0x4229, 0x4229, 0x4A8A, 0x52CC, 0x6B4D, 0x73AF, 0x8451, 0x8C92,
0x8C71, 0x7BEF, 0x632C, 0x528A, 0x3A08, 0x39E8, 0x31C7, 0x2986, 0x2166, 0x1925, 0x1905, 0x1905,
0x1905, 0x1905, 0x1905, 0x1905, 0x1905, 0x1905, 0x1905, 0x1905, 0x1925, 0x1925, 0x1905, 0x1905,
0x1905, 0x1905, 0x1905, 0x1905, 0x1905, 0x1905, 0x1905, 0x2126, 0x2126, 0x2146, 0x2146, 0x2146,
0x2146, 0x2146, 0x2166, 0x2987, 0x31A8, 0x31E8, 0x4249, 0x632C, 0x8410, 0xAD55, 0xC5D7, 0xBDF7,
0xC618, 0xBDD7, 0xA535, 0x8431, 0x632D, 0x5B0D, 0x5AEC, 0x52AB, 0x52AB, 0x52AB, 0x52AB, 0x528B,
0x630C, 0x8C71, 0xAD55, 0x9CD3, 0xAD13, 0xD659, 0xD659, 0xC5F7, 0x636F, 0x6B8F, 0x6B8F, 0x6B6E,
0x738F, 0x73AF, 0x738E, 0x6B4D, 0x630C, 0x5ACC, 0x4A49, 0x3186, 0x18C3, 0x0882, 0x0062, 0x0062,
0x0062, 0x0062, 0x0062, 0x0042, 0x0042, 0x0042, 0x0042, 0x0042, 0x0062, 0x0062, 0x0062, 0x0062,
0x0062, 0x0062, 0x0062, 0x0062, 0x0062, 0x0062, 0x0062, 0x0063, 0x0863, 0x0062, 0x0062, 0x0062,
0x0063, 0x0883, 0x21A8, 0x4AAB, 0x634D, 0x7BEF, 0x8430, 0x8C72, 0x9492, 0x9CB2, 0x9CB3, 0x9CB3,
0x9CB3, 0x9CB2, 0x9CD3, 0x9CD3, 0x9CD2, 0x9CB2, 0x9492, 0x9471, 0x9471, 0x8C71, 0x8C51, 0x8C31,
0x8C30, 0x8430, 0x8410, 0x83F0, 0x7BF0, 0x7BCF, 0x7BCF, 0x7BCF, 0x738E, 0x73AE, 0x7BF0, 0x8411,
0x8C73, 0x8CB3, 0x94D3, 0x9CF3, 0x9CF3, 0x94B2, 0x8C71, 0x738E, 0x4A29, 0x39E8, 0x2987, 0x7C32,
0xB5D8, 0xBDD7, 0xBDF7, 0xBDF7, 0xBDD7, 0xBDD7, 0xBDD7, 0xBDB7, 0xBDD7, 0xC5F8, 0xBDF7, 0xBDF7,
0xC618, 0xC618, 0xBDD7, 0xC5F7, 0xC618, 0xC5F7, 0xC5D7, 0xC618, 0xC5F7, 0xBD96, 0xBDB6, 0xBD96,
0xAD14, 0xA4D3, 0xAD34, 0x9472, 0x8C31, 0x9492, 0x8C51, 0x8410, 0x738E, 0x7BCF, 0x738E, 0x734D,
0x5A8A, 0x5A8A, 0x4A08, 0x39C7, 0x3166, 0x3166, 0x2946, 0x2946, 0x2926, 0x2946, 0x2946, 0x2946,
0x2966, 0x2966, 0x2145, 0x2946, 0x2966, 0x2146, 0x1926, 0x2166, 0x2167, 0x1926, 0x2146, 0x2167,
0x2146, 0x2146, 0x2166, 0x2166, 0x1925, 0x2166, 0x2987, 0x2146, 0x2146, 0x2987, 0x2967, 0x2146,
0x2186, 0x2186, 0x1905, 0x2146, 0x2987, 0x2146, 0x2146, 0x29A7, 0x2987, 0x2146, 0x2987, 0x31C8,
0x2987, 0x2166, 0x31E8, 0x3A08, 0x2986, 0x29A7, 0x3A09, 0x2987, 0x2987, 0x3A09, 0x31E8, 0x29A8,
0x31E8, 0x3A29, 0x31C8, 0x31C8, 0x3A09, 0x3209, 0x31E8, 0x3A09, 0x424A, 0x3A09, 0x3A09, 0x424A,
0x4249, 0x3A09, 0x426A, 0x424A, 0x3209, 0x3A29, 0x424A, 0x424A, 0x3A29, 0x426A, 0x426A, 0x426A,
0x426A, 0x428B, 0x4AAB, 0x4A8B, 0x4AAB, 0x636E, 0x6B8F, 0x52CB, 0x73EF, 0x8471, 0x6BAF, 0x73CF,
0x94D3, 0x8C71, 0x8C71, 0x7C10, 0x6B6E, 0x632D, 0x5B2D, 0x5B0C, 0x5B2D, 0x73F0, 0x73CF, 0x7C10,
0xC618, 0xCE38, 0xAD55, 0x8C51, 0x8430, 0x738E, 0x632D, 0x632D, 0x52EC, 0x52AA, 0x4229, 0x4229,
0x3A29, 0x4229, 0x4A8A, 0x5AEC, 0x634D, 0x73CF, 0x7BEF, 0x7BF0, 0x8410, 0x73CF, 0x632D, 0x5ACC,
0x4A8A, 0x4249, 0x3A08, 0x31C7, 0x2987, 0x2146, 0x2125, 0x1905, 0x1905, 0x1905, 0x1905, 0x1925,
0x1905, 0x1905, 0x1905, 0x2126, 0x2146, 0x2146, 0x1925, 0x1905, 0x1905, 0x1925, 0x1925, 0x1925,
0x2126, 0x2126, 0x2126, 0x2126, 0x2126, 0x2126, 0x2146, 0x2126, 0x2146, 0x2967, 0x2966, 0x31A7,
0x39E8, 0x4A8A, 0x5B0C, 0x7BEF, 0x94B2, 0xA535, 0xB596, 0xB596, 0xB5B7, 0x9CD3, 0x7BF0, 0x6B8E,
0x6B6E, 0x632D, 0x52CC, 0x4A8B, 0x52AB, 0x52CC, 0x52CB, 0x52CB, 0x5AEC, 0x8C31, 0xA4F3, 0x94B2,
0xAD34, 0xD659, 0xD659, 0xBDD7, 0x634E, 0x638F, 0x6B8E, 0x738E, 0x73AF, 0x73AF, 0x738E, 0x6B4D,
0x630C, 0x5ACC, 0x4A49, 0x3185, 0x18E3, 0x0882, 0x0062, 0x0042, 0x0062, 0x0062, 0x0062, 0x0042,
0x0042, 0x0042, 0x0042, 0x0042, 0x0062, 0x0062, 0x0062, 0x0062, 0x0062, 0x0062, 0x0882, 0x0882,
0x0062, 0x0882, 0x0062, 0x0062, 0x0062, 0x0883, 0x0062, 0x0062, 0x0063, 0x0883, 0x29A8, 0x4AAB,
0x634D, 0x7BEF, 0x8430, 0x8C72, 0x9492, 0x9CB3, 0x9CB3, 0x9CD3, 0x9CD3, 0x9CD3, 0x9CD3, 0xA4D2,
0x9CD2, 0x9CB2, 0x9492, 0x9471, 0x9471, 0x8C71, 0x8C50, 0x8C30, 0x8C30, 0x8C30, 0x8430, 0x8410,
0x83F0, 0x83F0, 0x7BCF, 0x7BCF, 0x73AF, 0x73AF, 0x7BF0, 0x7C31, 0x8C73, 0x8CB3, 0x94D3, 0x9CD3,
0x9CD3, 0x94D3, 0x8430, 0x6B2D, 0x4A29, 0x31A7, 0x29A8, 0x7432, 0xB5D8, 0xB5B6, 0xB5B6, 0xB5B6,
0xB596, 0xB5B6, 0xB5B7, 0xB596, 0xBDB7, 0xBDD7, 0xBDB7, 0xBDD7, 0xBDF7, 0xBDF7, 0xBDD7, 0xC5F7,
0xC617, 0xBDD7, 0xC5D7, 0xC618, 0xC5F7, 0xBDD7, 0xC618, 0xC5F7, 0xC5D7, 0xBDD7, 0xCE18, 0xB596,
0xB555, 0xC5D7, 0xB596, 0xA4D3, 0x9CD3, 0xA4D3, 0x8C31, 0x8C10, 0x83F0, 0x83F0, 0x7BCF, 0x7BAF,
0x83CF, 0x83CF, 0x6B2D, 0x4A08, 0x4208, 0x41C7, 0x2945, 0x2945, 0x2965, 0x2965, 0x2945, 0x2966,
0x2966, 0x2146, 0x2166, 0x2987, 0x2146, 0x2146, 0x2167, 0x2166, 0x1925, 0x2166, 0x2986, 0x2146,
0x1945, 0x2987, 0x2187, 0x1925, 0x2167, 0x2167, 0x2146, 0x2146, 0x29A7, 0x1946, 0x1925, 0x2987,
0x2967, 0x2126, 0x2166, 0x31A8, 0x2166, 0x2146, 0x2987, 0x29A7, 0x2146, 0x2187, 0x31E8, 0x29A7,
0x2987, 0x31C8, 0x31E8, 0x2166, 0x31C8, 0x3A29, 0x31C8, 0x29A7, 0x39E9, 0x39E8, 0x31A7, 0x31C8,
0x3A29, 0x3209, 0x29C8, 0x3A29, 0x3A29, 0x426A, 0x4249, 0x4249, 0x31E9, 0x39E8, 0x4229, 0x3A09,
0x3209, 0x3A29, 0x3A29, 0x3A09, 0x3A29, 0x424A, 0x3A4A, 0x3A4A, 0x424A, 0x426A, 0x426A, 0x424A,
0x4AAB, 0x5B0D, 0x52CC, 0x52CB, 0x6BAF, 0x73F0, 0x52EC, 0x7C30, 0x94B2, 0x8430, 0x8C71, 0x6B6E,
0x5B0C, 0x52EC, 0x5B0C, 0x5AEC, 0x6B6E, 0x8451, 0x73F0, 0x73AF, 0xB575, 0xCE38, 0xAD54, 0x8C30,
0x7BCF, 0x73AE, 0x632D, 0x5B0C, 0x52EC, 0x4AAA, 0x4229, 0x4229, 0x4229, 0x4229, 0x4A8A, 0x5AEC,
0x6B4D, 0x73CF, 0x7BCF, 0x73AF, 0x738E, 0x6B6E, 0x634D, 0x5B0D, 0x52EC, 0x4AAB, 0x426A, 0x3A08,
0x31C7, 0x2986, 0x2166, 0x2125, 0x1925, 0x1925, 0x1905, 0x1925, 0x1925, 0x1905, 0x1905, 0x2166,
0x2166, 0x2146, 0x1905, 0x1905, 0x1925, 0x1925, 0x1925, 0x1925, 0x2125, 0x2125, 0x1925, 0x2125,
0x2125, 0x2125, 0x2126, 0x2146, 0x2966, 0x2987, 0x31C8, 0x4229, 0x52AB, 0x632D, 0x7BF0, 0x8471,
0x94D3, 0xA514, 0xA535, 0x9CD4, 0x8C72, 0x73CF, 0x73AF, 0x6B8E, 0x6B6E, 0x632D, 0x52CC, 0x4A8B,
0x52AB, 0x52CC, 0x52CB, 0x52CB, 0x52CB, 0x7BCF, 0x8C71, 0x8C71, 0xB575, 0xD659, 0xD659, 0xBDD7,
0x634E, 0x6B8F, 0x6B6E, 0x6B6E, 0x73AF, 0x73CF, 0x738E, 0x6B4D, 0x630C, 0x5ACB, 0x4A49, 0x3186,
0x18E3, 0x0882, 0x0062, 0x0062, 0x0042, 0x0062, 0x0042, 0x0042, 0x0042, 0x0042, 0x0042, 0x0042,
0x0062, 0x0042, 0x0042, 0x0062, 0x0062, 0x0882, 0x0882, 0x0882, 0x0062, 0x0062, 0x0042, 0x0042,
0x0062, 0x0042, 0x0062, 0x0062, 0x0062, 0x0883, 0x2187, 0x4AAB, 0x634D, 0x7BEF, 0x8410, 0x8C72,
0x9492, 0x9CB3, 0x9CB3, 0x9CD3, 0x9CD3, 0x9CD3, 0x9CD3, 0xA4D2, 0x9CD2, 0x9CB2, 0x9C92, 0x9491,
0x9471, 0x8C71, 0x8C51, 0x8C30, 0x8C30, 0x8C30, 0x8430, 0x8430, 0x8410, 0x83F0, 0x7BCF, 0x7BCF,
0x7BAF, 0x73AF, 0x7BF0, 0x7C11, 0x8C72, 0x8CB3, 0x94D3, 0x94D3, 0x9CD3, 0x94B2, 0x8C50, 0x6B4D,
0x4209, 0x31A7, 0x29C8, 0x7C73, 0xB5B7, 0xAD96, 0xB596, 0xAD75, 0xAD55, 0xAD76, 0xB596, 0xAD76,
0xB596, 0xB5B7, 0xB596, 0xB5B7, 0xBDF7, 0xBDD7, 0xB5B6, 0xBDF7, 0xBDF7, 0xBDB6, 0xBDB7, 0xC5F8,
0xBDD7, 0xBDB6, 0xC617, 0xC5F7, 0xBDD7, 0xBDD7, 0xCE38, 0xBD96, 0xBD96, 0xCE18, 0xC5F7, 0xBD96,
0xC5F7, 0xC5D7, 0xAD34, 0xAD34, 0xAD55, 0xA4F4, 0x8C51, 0x9451, 0x9471, 0x8C30, 0x8C30, 0x8C50,
0x8C30, 0x7BEF, 0x6B4D, 0x6B4D, 0x62EC, 0x4A49, 0x4208, 0x41E8, 0x3187, 0x2945, 0x2966, 0x2966,
0x2125, 0x2165, 0x2966, 0x2146, 0x2125, 0x2966, 0x2966, 0x2125, 0x2146, 0x2967, 0x1925, 0x2146,
0x2967, 0x2146, 0x2146, 0x2987, 0x2987, 0x1945, 0x2146, 0x29A7, 0x2146, 0x1926, 0x2987, 0x29A7,
0x2146, 0x2167, 0x29A8, 0x2166, 0x2146, 0x29A7, 0x29C8, 0x2166, 0x2187, 0x31E8, 0x2987, 0x2166,
0x31C8, 0x29A7, 0x2167, 0x31C8, 0x3209, 0x2167, 0x2987, 0x3A29, 0x31E8, 0x29C7, 0x31E8, 0x424A,
0x31C8, 0x31E8, 0x3A29, 0x31E8, 0x31C8, 0x3A09, 0x3A09, 0x31C8, 0x31E9, 0x3A29, 0x3A09, 0x39E9,
0x3A08, 0x3A29, 0x3A08, 0x3A09, 0x3A49, 0x424A, 0x424A, 0x424A, 0x426B, 0x426A, 0x428A, 0x52CB,
0x5B2D, 0x5B0D, 0x5B2D, 0x73F0, 0x73EF, 0x73EF, 0x7BEF, 0x5AEC, 0x4AAB, 0x5B2D, 0x632D, 0x52AB,
0x636E, 0x73D0, 0x636E, 0x634E, 0xA514, 0xBDF7, 0xA534, 0x8410, 0x73CF, 0x634D, 0x632D, 0x5AEC,
0x52EC, 0x4AAA, 0x4249, 0x4229, 0x4229, 0x4229, 0x4A8A, 0x5AEC, 0x6B4D, 0x7BAF, 0x7BCF, 0x7BAF,
0x6B6E, 0x5B0D, 0x5AEC, 0x5AEC, 0x52CC, 0x4A8B, 0x4A6A, 0x424A, 0x3A08, 0x31C7, 0x2986, 0x2966,
0x2146, 0x2146, 0x2966, 0x2146, 0x2125, 0x1925, 0x2146, 0x2987, 0x2986, 0x2146, 0x1905, 0x1925,
0x1925, 0x2126, 0x1925, 0x1925, 0x1925, 0x1925, 0x1925, 0x2125, 0x2145, 0x2146, 0x2966, 0x2987,
0x31C8, 0x3A09, 0x4A8B, 0x52CC, 0x632D, 0x6B8F, 0x7C10, 0x7C30, 0x7C30, 0x7BF0, 0x7BF0, 0x7BF0,
0x73CF, 0x73AF, 0x73AF, 0x6B8F, 0x6B6E, 0x632D, 0x52CC, 0x4A8B, 0x52AB, 0x52CC, 0x52CB, 0x52AB,
0x5AEC, 0x73AF, 0x8C51, 0x9492, 0xB596, 0xD679, 0xD659, 0xAD55, 0x5B2D, 0x634E, 0x6B6E, 0x6B6E,
0x738E, 0x7BAF, 0x73AE, 0x6B4D, 0x630C, 0x52AB, 0x4A49, 0x3186, 0x18E4, 0x0883, 0x0062, 0x0062,
0x0042, 0x0042, 0x0042, 0x0042, 0x0042, 0x0042, 0x0042, 0x0042, 0x0042, 0x0042, 0x0042, 0x0042,
0x0062, 0x0062, 0x0062, 0x0062, 0x0062, 0x0062, 0x0062, 0x0062, 0x0062, 0x0062, 0x0062, 0x0062,
0x0063, 0x0884, 0x2167, 0x428A, 0x632D, 0x73AF, 0x8411, 0x8C72, 0x9CB3, 0x9CB3, 0x9CB3, 0x9CD3,
0xA4F3, 0xA4F3, 0x9CD3, 0x9CD2, 0xA4D3, 0x9CB2, 0x9CB2, 0x9492, 0x9471, 0x9471, 0x9471, 0x8C51,
0x8C30, 0x8C30, 0x8430, 0x8430, 0x8410, 0x83F0, 0x7BEF, 0x7BCF, 0x7BAF, 0x73AE, 0x7BCF, 0x7C10,
0x8452, 0x8C92, 0x8CB2, 0x94B2, 0x9CD3, 0x8C71, 0x9471, 0x632C, 0x31C8, 0x2987, 0x3209, 0x8CF4,
0xA576, 0xAD76, 0xB576, 0xAD55, 0xAD35, 0xAD55, 0xAD55, 0xAD55, 0xAD76, 0xAD76, 0xAD75, 0xB596,
0xB596, 0xB596, 0xB596, 0xBDD7, 0xB5B6, 0xB5B6, 0xBDB7, 0xBDF8, 0xB597, 0xB596, 0xC618, 0xBDD7,
0xBDB7, 0xC5F8, 0xC618, 0xBDB6, 0xBDB6, 0xCE38, 0xBDD7, 0xB596, 0xC618, 0xC618, 0xB575, 0xBDB7,
0xCE18, 0xB596, 0xAD75, 0xBDB6, 0xB555, 0xA4F3, 0x9CD2, 0xA513, 0x94B2, 0x8430, 0x8430, 0x8430,
0x8410, 0x8C31, 0x8C51, 0x8C51, 0x83F0, 0x6B2C, 0x6B2C, 0x528A, 0x4208, 0x4207, 0x2945, 0x2945,
0x2925, 0x2945, 0x2926, 0x2945, 0x3187, 0x2946, 0x2125, 0x2146, 0x2967, 0x2126, 0x2146, 0x2987,
0x2146, 0x1925, 0x2166, 0x2166, 0x1925, 0x2146, 0x29A7, 0x2166, 0x1946, 0x2987, 0x2987, 0x2146,
0x2146, 0x29C8, 0x2166, 0x2166, 0x29A7, 0x29A8, 0x2146, 0x2987, 0x31E8, 0x29C7, 0x2987, 0x29C8,
0x31E8, 0x31E8, 0x31C8, 0x426A, 0x29A7, 0x31C7, 0x3A09, 0x31C8, 0x2986, 0x31E8, 0x3209, 0x29C8,
0x31C8, 0x3A09, 0x31E8, 0x29A8, 0x31E9, 0x31E9, 0x31C8, 0x31C8, 0x3A08, 0x5B0C, 0x3A08, 0x3209,
0x3A29, 0x3A49, 0x3A49, 0x3A49, 0x426A, 0x3A49, 0x3A49, 0x52CC, 0x52AC, 0x4A6B, 0x5B0D, 0x634E,
0x5B0D, 0x6B8E, 0x5AEC, 0x52CB, 0x4A6A, 0x634E, 0x5B0D, 0x4A8B, 0x5B2D, 0x6B8E, 0x5B0D, 0x52CC,
0x73F0, 0xAD75, 0x9CF3, 0x73CF, 0x6B6E, 0x632D, 0x5B2C, 0x5B0C, 0x52CC, 0x4A8A, 0x424A, 0x4229,
0x4229, 0x4269, 0x4AAA, 0x5AEC, 0x6B4E, 0x7BAF, 0x7BAF, 0x7BAF, 0x6B6E, 0x5B0C, 0x52CB, 0x4A8B,
0x424A, 0x3A2A, 0x422A, 0x422A, 0x4229, 0x3A09, 0x31C8, 0x31C8, 0x29A7, 0x31A7, 0x31A7, 0x2987,
0x2966, 0x2166, 0x2986, 0x29A7, 0x2987, 0x2166, 0x2145, 0x2126, 0x2166, 0x2146, 0x2146, 0x2146,
0x2146, 0x2166, 0x2166, 0x2966, 0x31A7, 0x31C7, 0x3A09, 0x4229, 0x4A6A, 0x4A8B, 0x52CB, 0x5AEC,
0x632E, 0x634E, 0x6B8F, 0x6B8E, 0x634D, 0x636D, 0x6B8E, 0x7BF0, 0x73EF, 0x73AF, 0x6B6E, 0x6B8E,
0x634E, 0x632D, 0x52CB, 0x528B, 0x52AB, 0x52CC, 0x52CB, 0x528B, 0x5AEC, 0x738F, 0x7BF0, 0x9492,
0xBDB6, 0xD659, 0xCE39, 0x83F0, 0x5B0D, 0x5B2E, 0x634E, 0x6B6E, 0x6B8E, 0x73AF, 0x738E, 0x6B4D,
0x630C, 0x5AAB, 0x4A49, 0x3186, 0x18E4, 0x0882, 0x0042, 0x0042, 0x0042, 0x0042, 0x0042, 0x0042,
0x0042, 0x0042, 0x0042, 0x0042, 0x0042, 0x0042, 0x0062, 0x0042, 0x0042, 0x0042, 0x0042, 0x0062,
0x0062, 0x0062, 0x0062, 0x0062, 0x0863, 0x0062, 0x0062, 0x0062, 0x0063, 0x0884, 0x2167, 0x4A8A,
0x632D, 0x73CF, 0x7C11, 0x8C72, 0x9CB2, 0x9CB3, 0x9CD3, 0xA4F3, 0xA4F3, 0xA513, 0xA4F3, 0xA4F3,
0xA4D3, 0xA4B3, 0x9CB2, 0x9492, 0x9492, 0x9471, 0x9471, 0x8C51, 0x8C30, 0x8C30, 0x8430, 0x8430,
0x8410, 0x83F0, 0x7BEF, 0x83EF, 0x7BCF, 0x73AE, 0x7BCF, 0x7BF0, 0x8451, 0x8C92, 0x8CB2, 0x94B2,
0x9CD3, 0x9491, 0x8C50, 0x5ACB, 0x31A7, 0x2987, 0x426A, 0x9515, 0xA576, 0xAD55, 0xAD55, 0xAD34,
0xA514, 0xAD35, 0xAD35, 0xAD55, 0xAD76, 0xAD76, 0xAD55, 0xAD75, 0xB576, 0xAD76, 0xB576, 0xB596,
0xB596, 0xAD75, 0xB596, 0xB5B6, 0xB596, 0xB5B6, 0xC5F7, 0xBDB6, 0xBDB6, 0xC618, 0xC618, 0xB5B6,
0xBDD7, 0xCE18, 0xBDB7, 0xB596, 0xC618, 0xBDD7, 0xB575, 0xBDB7, 0xCE18, 0xAD76, 0xB596, 0xC618,
0xB595, 0xB555, 0xBDB6, 0xBDD6, 0xAD34, 0xAD54, 0xAD75, 0x9CD3, 0x8C71, 0x9493, 0x8C72, 0x8430,
0x83EF, 0x8C71, 0x9492, 0x8C71, 0x9491, 0x9491, 0x7BCE, 0x736D, 0x6B0B, 0x62CA, 0x41C7, 0x39A6,
0x39A7, 0x2945, 0x2125, 0x2966, 0x2146, 0x1905, 0x2146, 0x2966, 0x1905, 0x2125, 0x2966, 0x1925,
0x1905, 0x2967, 0x2187, 0x1925, 0x2166, 0x2987, 0x2146, 0x2146, 0x29A7, 0x2987, 0x1946, 0x2166,
0x29A7, 0x2166, 0x2146, 0x31E8, 0x29A7, 0x3208, 0x29A7, 0x31E8, 0x31E8, 0x31E8, 0x3209, 0x31E8,
0x2166, 0x31C8, 0x31E8, 0x2987, 0x2986, 0x31E8, 0x31C8, 0x2987, 0x31E8, 0x31E9, 0x29A8, 0x29C8,
0x31E8, 0x29C8, 0x29C8, 0x31C8, 0x3A08, 0x6B6D, 0x528A, 0x3A09, 0x3A29, 0x3A09, 0x3A09, 0x3A29,
0x3A29, 0x3A29, 0x3A4A, 0x4A8B, 0x4A6B, 0x4A6B, 0x5B0D, 0x52EC, 0x52AB, 0x52CC, 0x4AAB, 0x4A6A,
0x52AB, 0x6B8F, 0x5AEC, 0x4A8B, 0x52EC, 0x5B4D, 0x52CC, 0x4A8A, 0x636E, 0x8472, 0x8C71, 0x73CF,
0x6B8E, 0x632D, 0x5B2C, 0x5AEC, 0x52AB, 0x4A6A, 0x424A, 0x4229, 0x4229, 0x4249, 0x4A8B, 0x5AEC,
0x6B4E, 0x7BAF, 0x7BAF, 0x7BAF, 0x6B6E, 0x5B0C, 0x52CB, 0x4A6A, 0x3A29, 0x3A09, 0x3A09, 0x4229,
0x424A, 0x424A, 0x4229, 0x3A09, 0x31C8, 0x31C8, 0x31C8, 0x31C8, 0x31A7, 0x2966, 0x2987, 0x29A7,
0x2987, 0x2166, 0x2166, 0x2966, 0x31A7, 0x31A7, 0x3187, 0x2987, 0x2987, 0x31A7, 0x31A7, 0x31C8,
0x39E8, 0x3A09, 0x424A, 0x4A6A, 0x4A8B, 0x4A8B, 0x4A8B, 0x4A8B, 0x4A8B, 0x4AAB, 0x52AB, 0x52EB,
0x5B0C, 0x634D, 0x6B8E, 0x7BF0, 0x73CF, 0x6B8E, 0x634D, 0x6B6E, 0x632D, 0x632D, 0x5AEC, 0x528B,
0x52AB, 0x52CC, 0x52AB, 0x528B, 0x5AEC, 0x73AF, 0x7BF0, 0x9CB3, 0xBDB7, 0xD659, 0xB596, 0x4229,
0x52ED, 0x5B0D, 0x632D, 0x634E, 0x6B6E, 0x73AF, 0x738E, 0x6B4D, 0x630C, 0x5ACB, 0x4A49, 0x3186,
0x18E4, 0x0882, 0x0062, 0x0062, 0x0042, 0x0042, 0x0042, 0x0062, 0x0062, 0x0042, 0x0042, 0x0042,
0x0042, 0x0042, 0x0042, 0x0042, 0x0042, 0x0042, 0x0042, 0x0062, 0x0062, 0x0062, 0x0062, 0x0042,
0x0062, 0x0062, 0x0062, 0x0042, 0x0063, 0x0083, 0x2166, 0x424A, 0x5AEC, 0x6B8F, 0x7C10, 0x8C72,
0x9492, 0x9CB2, 0x9CD3, 0x9CD3, 0xA4F3, 0xA513, 0xA4F3, 0xA513, 0xA4F3, 0xA4D3, 0x9CB2, 0x9CB2,
0x9C92, 0x9492, 0x9471, 0x9451, 0x8C51, 0x8C31, 0x8C30, 0x8430, 0x8410, 0x8410, 0x83EF, 0x83EF,
0x7BCF, 0x7BCF, 0x7BCF, 0x7BF0, 0x8431, 0x8472, 0x8C92, 0x94B2, 0x9CD3, 0x94B2, 0x8C50, 0x528A,
0x31A7, 0x2967, 0x4ACC, 0x9515, 0xA555, 0xAD55, 0xAD55, 0xA534, 0xA534, 0xAD35, 0xAD34, 0xA534,
0xAD55, 0xAD55, 0xAD55, 0xAD75, 0xAD76, 0xAD75, 0xAD76, 0xB596, 0xB575, 0xB575, 0xB5B6, 0xB5B6,
0xB596, 0xBDB7, 0xBDD7, 0xB596, 0xBDB6, 0xC618, 0xC617, 0xBDB6, 0xC5F7, 0xC618, 0xBDB7, 0xBDD7,
0xCE58, 0xC5F7, 0xB596, 0xC618, 0xCE38, 0xB576, 0xBDD7, 0xCE38, 0xB596, 0xAD55, 0xC617, 0xBDD6,
0xA534, 0xB575, 0xC5F7, 0xAD34, 0xA514, 0xB5B6, 0xA555, 0x9CD3, 0x9C92, 0xA514, 0x9CB2, 0x8410,
0x8430, 0x8430, 0x8430, 0x9492, 0x94B2, 0x9492, 0x8C31, 0x9492, 0x8C31, 0x6B6E, 0x632C, 0x528A,
0x3A08, 0x39C7, 0x2946, 0x2946, 0x2925, 0x2125, 0x2125, 0x2125, 0x2125, 0x2966, 0x2126, 0x2126,
0x2146, 0x2967, 0x1925, 0x2166, 0x29A7, 0x2146, 0x1946, 0x29A7, 0x2166, 0x1925, 0x2166, 0x29A7,
0x2146, 0x1946, 0x29A7, 0x29A7, 0x1946, 0x2187, 0x31E8, 0x2166, 0x2166, 0x29A8, 0x31C8, 0x2967,
0x2987, 0x31C8, 0x2187, 0x2987, 0x3A08, 0x29A7, 0x2987, 0x31C8, 0x31C8, 0x29A7, 0x29A7, 0x31C8,
0x31C8, 0x5B0C, 0x5ACB, 0x39E8, 0x31E8, 0x3208, 0x3A09, 0x3A29, 0x3208, 0x3209, 0x3A29, 0x3A29,
0x4AAB, 0x52CC, 0x4AAB, 0x4A6B, 0x4AAB, 0x426A, 0x426A, 0x4249, 0x5AEC, 0x6B8E, 0x5B0D, 0x4AAB,
0x4AAB, 0x52AB, 0x4A8A, 0x426A, 0x426A, 0x6B8F, 0x73D0, 0x73AF, 0x6B6E, 0x632D, 0x630C, 0x5AEC,
0x4AAA, 0x4A6A, 0x424A, 0x4229, 0x4229, 0x4A6A, 0x4A8A, 0x5B0C, 0x6B6E, 0x7BAF, 0x7BAF, 0x7BAF,
0x6B6E, 0x5B0C, 0x52CB, 0x4A6A, 0x3A29, 0x3A09, 0x3A09, 0x422A, 0x4A6A, 0x4A8B, 0x4A6A, 0x4249,
0x3A08, 0x39E8, 0x31C8, 0x31A7, 0x2987, 0x2987, 0x2987, 0x2987, 0x2987, 0x2987, 0x2987, 0x31A8,
0x31C8, 0x31E8, 0x31C8, 0x31C8, 0x31A8, 0x31C8, 0x31C8, 0x31E8, 0x3A09, 0x3A09, 0x422A, 0x424A,
0x424A, 0x424A, 0x424A, 0x4229, 0x4249, 0x424A, 0x4A8B, 0x52CB, 0x5B0C, 0x634D, 0x6B8E, 0x73CF,
0x6B8E, 0x634D, 0x632C, 0x632D, 0x632D, 0x632D, 0x5AEC, 0x52AB, 0x52AC, 0x52AB, 0x4AAB, 0x4A8B,
0x5AEC, 0x6B8F, 0x7C11, 0x9D14, 0xB596, 0xBDD7, 0x738F, 0x2987, 0x52EC, 0x5B0D, 0x632D, 0x632E,
0x6B8F, 0x73AF, 0x6B8E, 0x6B4D, 0x630C, 0x5ACB, 0x5269, 0x3186, 0x18E4, 0x0882, 0x0062, 0x0062,
0x0042, 0x0042, 0x0042, 0x0062, 0x0062, 0x0042, 0x0042, 0x0042, 0x0042, 0x0042, 0x0042, 0x0062,
0x0042, 0x0042, 0x0062, 0x0062, 0x0062, 0x0062, 0x0062, 0x0042, 0x0042, 0x0062, 0x0042, 0x0042,
0x0063, 0x0083, 0x1946, 0x3A29, 0x52CC, 0x6B8E, 0x7BF0, 0x8C72, 0x9472, 0x9C92, 0x9CB2, 0x9CD3,
0xA4F3, 0xA514, 0xA4F3, 0xA513, 0xA4F3, 0xA4D3, 0x9CB2, 0x9CB2, 0x9C92, 0x9C92, 0x9471, 0x8C71,
0x8C51, 0x8C51, 0x8C30, 0x8C30, 0x8C30, 0x8410, 0x8410, 0x83F0, 0x7BEF, 0x73CF, 0x7BCF, 0x7BEF,
0x8431, 0x8472, 0x8C92, 0x94B2, 0x9CD3, 0x9492, 0x8C30, 0x5269, 0x31A7, 0x2987, 0x5B2D, 0x9D35,
0xA534, 0xAD55, 0xAD55, 0xA534, 0xAD34, 0xAD35, 0xA534, 0xAD35, 0xAD55, 0xAD55, 0xAD35, 0xAD75,
0xAD75, 0xAD55, 0xAD75, 0xB596, 0xAD75, 0xB575, 0xB5B6, 0xB596, 0xB596, 0xBDB7, 0xBDD7, 0xB5B6,
0xBDD7, 0xC618, 0xBDF7, 0xBDD6, 0xC5F7, 0xC618, 0xBDD7, 0xC5F7, 0xCE58, 0xC5F7, 0xBDB6, 0xCE38,
0xCE38, 0xB596, 0xC617, 0xCE59, 0xBDB6, 0xB5B6, 0xCE58, 0xBDF7, 0xAD34, 0xC5F7, 0xCE18, 0xAD14,
0xAD55, 0xC618, 0xAD75, 0x9CD3, 0xB576, 0xB576, 0x9CD3, 0xA4F4, 0xA535, 0x9CD3, 0x8C92, 0x8431,
0x8431, 0x7C11, 0x73F0, 0x8C72, 0x8451, 0x8C71, 0xA535, 0xA514, 0x9472, 0x8C51, 0x8C31, 0x732D,
0x6B0C, 0x5AAA, 0x41C7, 0x3186, 0x3186, 0x2945, 0x2925, 0x2925, 0x2946, 0x2105, 0x1905, 0x2987,
0x2187, 0x1925, 0x2166, 0x29C8, 0x1925, 0x1925, 0x2987, 0x2187, 0x1946, 0x2166, 0x31E8, 0x2166,
0x1946, 0x2987, 0x2166, 0x2146, 0x2987, 0x29A8, 0x2987, 0x2146, 0x2987, 0x2987, 0x2166, 0x29C7,
0x3A29, 0x2986, 0x2987, 0x29C7, 0x29A7, 0x2187, 0x29A7, 0x31C8, 0x29C7, 0x4A8A, 0x4229, 0x31C8,
0x31C8, 0x31E8, 0x31E8, 0x3208, 0x3208, 0x3209, 0x3A29, 0x3A29, 0x424A, 0x426A, 0x426A, 0x426A,
0x426A, 0x4229, 0x4249, 0x4249, 0x73AF, 0x6BAF, 0x5B0C, 0x4AAB, 0x4A8A, 0x4249, 0x4229, 0x426A,
0x426A, 0x52ED, 0x6B6E, 0x6B8F, 0x6B8F, 0x634D, 0x630D, 0x5AEC, 0x4AAA, 0x426A, 0x4249, 0x4229,
0x4229, 0x4A6A, 0x4A8A, 0x5B0C, 0x6B8E, 0x7BAF, 0x7BAF, 0x7BAF, 0x6B6E, 0x5B0C, 0x52CB, 0x4A6A,
0x4229, 0x3A29, 0x3A09, 0x4229, 0x4A6A, 0x52AB, 0x52AB, 0x4A6A, 0x4229, 0x3A09, 0x31C8, 0x31A8,
0x2987, 0x2987, 0x2987, 0x2987, 0x2967, 0x2987, 0x2987, 0x31C8, 0x31C8, 0x31E8, 0x31C8, 0x31C8,
0x31A8, 0x31C7, 0x31A7, 0x31C8, 0x31E8, 0x31C8, 0x39E8, 0x39E9, 0x39E9, 0x3A29, 0x3A29, 0x4229,
0x4229, 0x426A, 0x4A8B, 0x52EB, 0x530C, 0x634D, 0x636E, 0x6B8E, 0x6B6E, 0x632D, 0x632D, 0x634D,
0x634D, 0x634D, 0x5B2D, 0x52CB, 0x52AB, 0x52CB, 0x4AAB, 0x4A8B, 0x5AEC, 0x6B6E, 0x8452, 0xA535,
0xAD76, 0x8C92, 0x4229, 0x2987, 0x52EC, 0x5B0D, 0x5B2D, 0x634E, 0x6B6E, 0x6B8E, 0x6B8E, 0x6B4D,
0x630C, 0x5ACB, 0x5269, 0x3186, 0x18E4, 0x0882, 0x0062, 0x0062, 0x0042, 0x0042, 0x0042, 0x0062,
0x0042, 0x0042, 0x0042, 0x0042, 0x0042, 0x0042, 0x0042, 0x0042, 0x0042, 0x0062, 0x0062, 0x0062,
0x0062, 0x0062, 0x0042, 0x0042, 0x0042, 0x0042, 0x0042, 0x0062, 0x0063, 0x0083, 0x1946, 0x3A2A,
0x52CC, 0x6B8E, 0x7BF0, 0x9471, 0x9492, 0x9492, 0x94B2, 0x9CB2, 0xA4D3, 0xA513, 0xA513, 0xA513,
0xA4F3, 0x9CD3, 0x9CB2, 0x9CB2, 0x9C92, 0x9C92, 0x9471, 0x9471, 0x8C51, 0x8C51, 0x8C30, 0x8C30,
0x8C30, 0x8C30, 0x8430, 0x8410, 0x83F0, 0x73CF, 0x7BCF, 0x7BF0, 0x8451, 0x8472, 0x8C92, 0x94B2,
0x9CD3, 0x9492, 0x83EF, 0x4A29, 0x3187, 0x2167, 0x5B2D, 0x9D34, 0xA534, 0xAD34, 0xAD35, 0xAD35,
0xAD35, 0xAD55, 0xAD35, 0xAD55, 0xAD75, 0xAD55, 0xAD55, 0xAD76, 0xAD75, 0xAD55, 0xAD75, 0xB596,
0xAD75, 0xB575, 0xB5B6, 0xB596, 0xB596, 0xBDB7, 0xBDD7, 0xBDD7, 0xBDD7, 0xC617, 0xBDF7, 0xBDF7,
0xC617, 0xC618, 0xC5F7, 0xCDF8, 0xD638, 0xC617, 0xBDD7, 0xCE58, 0xCE38, 0xBDD7, 0xCE38, 0xCE58,
0xBDD6, 0xC5F7, 0xCE79, 0xBDF7, 0xBDB6, 0xCE58, 0xCE18, 0xAD55, 0xBDB6, 0xC618, 0xAD55, 0xA514,
0xC5D7, 0xB576, 0x9C93, 0xAD35, 0xBDB6, 0x9492, 0x9492, 0xA514, 0x9CF4, 0x7C11, 0x7C11, 0x8C52,
0x8410, 0x73AF, 0x7BCF, 0x8430, 0x73CE, 0x8C71, 0x9CB2, 0x9CB3, 0xAD14, 0x9CD2, 0x9CB2, 0x9471,
0x9471, 0x734D, 0x62EB, 0x5269, 0x3186, 0x2945, 0x2966, 0x2987, 0x1925, 0x1905, 0x2987, 0x2166,
0x1925, 0x2146, 0x2986, 0x2146, 0x1925, 0x2187, 0x2187, 0x2146, 0x2146, 0x29A7, 0x1925, 0x2146,
0x29A7, 0x29A8, 0x2146, 0x2166, 0x29A7, 0x2987, 0x2166, 0x29A7, 0x29A7, 0x2166, 0x2186, 0x29A7,
0x2186, 0x2166, 0x29C7, 0x29A7, 0x29A7, 0x31E8, 0x29A7, 0x2987, 0x29A7, 0x31E8, 0x31C8, 0x31C8,
0x31C8, 0x3209, 0x3A09, 0x3A09, 0x3A09, 0x3A29, 0x3A4A, 0x3A49, 0x3A29, 0x4229, 0x4249, 0x5B0C,
0x7C31, 0x6BAF, 0x52EC, 0x4A8B, 0x424A, 0x4249, 0x4229, 0x424A, 0x426A, 0x426B, 0x5B0D, 0x6B6E,
0x6B8E, 0x6B4D, 0x632D, 0x5AEC, 0x4AAB, 0x4249, 0x3A29, 0x3A29, 0x4229, 0x4A6A, 0x4A8B, 0x5B0C,
0x6B8E, 0x7BAF, 0x7BAF, 0x7BAF, 0x6B6E, 0x5B0C, 0x52CB, 0x4A6A, 0x4249, 0x3A29, 0x3A29, 0x4249,
0x4A8A, 0x52AB, 0x52AB, 0x4A8A, 0x4229, 0x3A09, 0x39C8, 0x31A8, 0x2967, 0x2966, 0x2166, 0x2966,
0x2166, 0x2146, 0x2967, 0x31C8, 0x31C8, 0x31E8, 0x31A8, 0x31A8, 0x31A7, 0x2987, 0x2987, 0x2987,
0x2987, 0x2987, 0x31C8, 0x31C8, 0x31C8, 0x3A29, 0x3A29, 0x3A29, 0x424A, 0x4A6B, 0x4A8B, 0x52EC,
0x5B0C, 0x5B2C, 0x632D, 0x634D, 0x634D, 0x632D, 0x6B6E, 0x6B8E, 0x6B6E, 0x634D, 0x5B2D, 0x52EC,
0x52CC, 0x52AB, 0x4A8B, 0x4A8B, 0x5AEC, 0x6B4E, 0x8452, 0x9D14, 0x94D3, 0x5B0C, 0x3A09, 0x29A8,
0x52CC, 0x52CC, 0x5B0D, 0x5B2D, 0x634E, 0x6B8E, 0x73AF, 0x738E, 0x6B2D, 0x5ACB, 0x4A28, 0x3166,
0x18C4, 0x08A3, 0x0062, 0x0042, 0x0042, 0x0042, 0x0042, 0x0042, 0x0042, 0x0042, 0x0042, 0x0042,
0x0042, 0x0042, 0x0042, 0x0042, 0x0042, 0x0042, 0x0042, 0x0042, 0x0062, 0x0042, 0x0042, 0x0042,
0x0042, 0x0042, 0x0042, 0x0042, 0x0042, 0x0063, 0x1105, 0x31E8, 0x4A8B, 0x6B4E, 0x7BF0, 0x8C51,
0x9492, 0x9492, 0x9CB2, 0x9CB2, 0x9CD2, 0xA4F3, 0xA4F3, 0xA4F3, 0xA4F3, 0xA4D3, 0x9CD2, 0x9CB2,
0x9CB2, 0x9471, 0x9471, 0x9451, 0x8C51, 0x8C50, 0x8C30, 0x8C30, 0x8C30, 0x8C30, 0x8C30, 0x8C30,
0x8410, 0x7BEF, 0x7BEF, 0x7BF0, 0x8431, 0x8472, 0x8C92, 0x94D3, 0x9CD3, 0x9CD2, 0x736D, 0x41E8,
0x2966, 0x2167, 0x6BD0, 0xA555, 0xA535, 0xAD55, 0xAD55, 0xAD55, 0xAD35, 0xAD35, 0xAD35, 0xAD55,
0xAD75, 0xAD55, 0xAD55, 0xB576, 0xB576, 0xB576, 0xB596, 0xB596, 0xB576, 0xB596, 0xBDB6, 0xB5B6,
0xB596, 0xBDD6, 0xBDD7, 0xBDD7, 0xC5F7, 0xC5F7, 0xC5D7, 0xC5F7, 0xCE18, 0xCE18, 0xC5F7, 0xCE18,
0xCE38, 0xCE17, 0xCE17, 0xD679, 0xCE38, 0xC5F7, 0xCE58, 0xCE59, 0xC5F7, 0xCE38, 0xD679, 0xC617,
0xC5F7, 0xCE58, 0xCE38, 0xC5D7, 0xCE17, 0xCE58, 0xBD96, 0xBD96, 0xCE59, 0xBD96, 0xA4F4, 0xBDB7,
0xBDB7, 0x9C92, 0x9CD3, 0xBDD7, 0x9492, 0x83F0, 0x9CB3, 0x9CF4, 0x7BD0, 0x7BF0, 0x9493, 0x8451,
0x6B8F, 0x73AF, 0x7BF0, 0x6B6E, 0x6B8E, 0x7BF0, 0x8431, 0x94B3, 0xA576, 0xAD55, 0xAD55, 0xAD55,
0xA514, 0x8C30, 0x7BEF, 0x62EC, 0x5AAA, 0x526A, 0x41C7, 0x3986, 0x3166, 0x2946, 0x2125, 0x2145,
0x2966, 0x2166, 0x2966, 0x2966, 0x2166, 0x2966, 0x2125, 0x2146, 0x2987, 0x2146, 0x2146, 0x2987,
0x2987, 0x2146, 0x2987, 0x2987, 0x2146, 0x2166, 0x29A7, 0x2987, 0x2166, 0x2987, 0x29A7, 0x2166,
0x2166, 0x29A7, 0x2987, 0x2987, 0x29A7, 0x29C8, 0x29A7, 0x29A7, 0x31C8, 0x31C8, 0x31C8, 0x31E8,
0x3A09, 0x3A29, 0x4229, 0x4229, 0x3A08, 0x3A09, 0x4249, 0x6B8E, 0x8431, 0x634D, 0x4AAB, 0x422A,
0x422A, 0x4249, 0x3A09, 0x3A09, 0x3A29, 0x3A4A, 0x4AAB, 0x5B2D, 0x636E, 0x6B6E, 0x6B4D, 0x5B0C,
0x4AAB, 0x424A, 0x4229, 0x4229, 0x4229, 0x426A, 0x52AB, 0x632D, 0x738F, 0x7BCF, 0x7BD0, 0x73AF,
0x6B6E, 0x5B0C, 0x52CB, 0x4A6A, 0x4229, 0x3A09, 0x3A09, 0x4249, 0x4A8A, 0x52CB, 0x52CB, 0x4A8A,
0x4229, 0x3A09, 0x31C8, 0x31A7, 0x2967, 0x2966, 0x2146, 0x2146, 0x2146, 0x2126, 0x2967, 0x31C8,
0x39E9, 0x39E9, 0x31C8, 0x31A8, 0x31A7, 0x2987, 0x2166, 0x2166, 0x2967, 0x2967, 0x29A7, 0x31A7,
0x31A7, 0x3A09, 0x3A29, 0x3A29, 0x424A, 0x426A, 0x4AAB, 0x52CB, 0x52CB, 0x52EB, 0x5B0C, 0x632D,
0x6B6E, 0x73AF, 0x73CF, 0x738F, 0x6B6E, 0x632D, 0x5AED, 0x52CC, 0x52CC, 0x52CC, 0x4AAB, 0x52AB,
0x52CC, 0x5B0D, 0x7BF0, 0x8C72, 0x6BAF, 0x3A29, 0x3A29, 0x31A7, 0x52AB, 0x52CC, 0x5B0D, 0x632E,
0x634E, 0x6B8E, 0x73AF, 0x738E, 0x6B2D, 0x5ACB, 0x4A28, 0x3166, 0x18C4, 0x0882, 0x0062, 0x0042,
0x0042, 0x0042, 0x0042, 0x0042, 0x0042, 0x0042, 0x0042, 0x0042, 0x0042, 0x0042, 0x0042, 0x0042,
0x0042, 0x0042, 0x0042, 0x0042, 0x0042, 0x0042, 0x0042, 0x0042, 0x0042, 0x0042, 0x0042, 0x0042,
0x0042, 0x0063, 0x10E5, 0x31C8, 0x4A8B, 0x634E, 0x73AF, 0x8410, 0x9472, 0x9C92, 0x9CB2, 0xA4D2,
0xA4D3, 0xA4D3, 0xA4F3, 0xA4F3, 0xA4F3, 0xA4F3, 0xA4D3, 0x9CD2, 0x9CB2, 0x9491, 0x9471, 0x9451,
0x9451, 0x8C51, 0x8C50, 0x8C51, 0x8C31, 0x8C30, 0x8C30, 0x8C30, 0x8410, 0x83F0, 0x83F0, 0x8410,
0x8431, 0x8472, 0x8C92, 0x94D3, 0x9CD3, 0x9CD2, 0x736D, 0x41E8, 0x2966, 0x2167, 0x7C11, 0xA535,
0xA535, 0xAD55, 0xAD55, 0xAD55, 0xAD35, 0xAD35, 0xAD35, 0xAD75, 0xAD76, 0xAD75, 0xB576, 0xB576,
0xB576, 0xB576, 0xB576, 0xB596, 0xB596, 0xB5B6, 0xBDD7, 0xBDB7, 0xBDB6, 0xC5D7, 0xBDD7, 0xBDD7,
0xC5F7, 0xC5F7, 0xC5D7, 0xC5F7, 0xCE38, 0xCE18, 0xC5F7, 0xCE38, 0xD659, 0xCE18, 0xCE38, 0xD659,
0xCE38, 0xCE17, 0xD679, 0xCE58, 0xCE38, 0xD659, 0xD679, 0xCE38, 0xCE38, 0xD679, 0xCE38, 0xC5F7,
0xD659, 0xD658, 0xC5D7, 0xCE17, 0xD659, 0xBDB6, 0xB576, 0xC618, 0xC5D7, 0xA4D3, 0xB555, 0xC5D7,
0x9472, 0x8C30, 0xB575, 0x9CF4, 0x7BD0, 0x8C72, 0xA4F4, 0x73CF, 0x6B8F, 0x8451, 0x7BF0, 0x636E,
0x632E, 0x73B0, 0x73AF, 0x634E, 0x636E, 0x6B8F, 0x6BAF, 0x8C72, 0x94B3, 0xA4F3, 0xA514, 0xB575,
0xB575, 0xA4F3, 0x9C92, 0x8C30, 0x8C30, 0x736D, 0x630B, 0x5A8A, 0x41E7, 0x39A6, 0x2924, 0x2944,
0x2945, 0x2104, 0x2104, 0x2945, 0x2966, 0x2125, 0x2966, 0x31A7, 0x2966, 0x2146, 0x29A8, 0x31C8,
0x2146, 0x2166, 0x2987, 0x2146, 0x2146, 0x2987, 0x2987, 0x2146, 0x2967, 0x2987, 0x2967, 0x2987,
0x29A7, 0x29A7, 0x29A7, 0x29A7, 0x31C8, 0x31C7, 0x31C7, 0x31C8, 0x3208, 0x3208, 0x3A09, 0x3A08,
0x39E8, 0x3A08, 0x52AA, 0x7BF0, 0x7C31, 0x5B0C, 0x424A, 0x3A09, 0x422A, 0x4249, 0x3A09, 0x3A09,
0x3A29, 0x3A09, 0x424A, 0x52EC, 0x5B2D, 0x6B6E, 0x6B6D, 0x5B0C, 0x4AAB, 0x424A, 0x4229, 0x4229,
0x4229, 0x426A, 0x52CB, 0x632D, 0x73AF, 0x83F0, 0x7BD0, 0x73AF, 0x6B6E, 0x5B0C, 0x52AB, 0x4A6A,
0x4229, 0x3A09, 0x3A08, 0x4249, 0x4A8A, 0x52CB, 0x52CB, 0x4A8A, 0x4229, 0x3A09, 0x31C8, 0x2987,
0x2987, 0x2966, 0x2166, 0x2146, 0x2126, 0x2126, 0x2967, 0x31C8, 0x39E9, 0x39E9, 0x31C8, 0x31A8,
0x31A7, 0x2987, 0x2166, 0x2966, 0x2967, 0x2987, 0x2987, 0x31A7, 0x31C8, 0x3A09, 0x3A29, 0x4249,
0x426A, 0x428A, 0x4ACB, 0x4ACB, 0x52CB, 0x5ACB, 0x5AEC, 0x6B6E, 0x73AF, 0x7BF0, 0x7BF0, 0x73AF,
0x634E, 0x5AED, 0x5AEC, 0x52CC, 0x52CC, 0x52CC, 0x4AAB, 0x4A8B, 0x52AB, 0x5B0C, 0x73F0, 0x7BF1,
0x4A8B, 0x4229, 0x4229, 0x31E8, 0x4AAB, 0x52AB, 0x5AED, 0x5B0D, 0x634E, 0x6B8E, 0x73AF, 0x738F,
0x6B4D, 0x5AEB, 0x4A29, 0x3166, 0x18C4, 0x0862, 0x0062, 0x0042, 0x0042, 0x0042, 0x0042, 0x0042,
0x0042, 0x0042, 0x0042, 0x0042, 0x0042, 0x0042, 0x0042, 0x0042, 0x0042, 0x0042, 0x0042, 0x0042,
0x0042, 0x0042, 0x0042, 0x0042, 0x0042, 0x0042, 0x0042, 0x0042, 0x0042, 0x0063, 0x10E5, 0x31C8,
0x4A8B, 0x634D, 0x73AF, 0x8410, 0x9471, 0x9C92, 0x9CB2, 0xA4D2, 0xA4D3, 0xA4F3, 0xA4F3, 0xA4F3,
0xA4F3, 0xA4D2, 0xA4D2, 0x9CD2, 0x9CB2, 0x9CB2, 0x9471, 0x9451, 0x9451, 0x8C51, 0x8C51, 0x8C51,
0x8C51, 0x8C30, 0x8C10, 0x8410, 0x8410, 0x8410, 0x8410, 0x8410, 0x8431, 0x8472, 0x8C92, 0x94D3,
0x9CD3, 0x9CD2, 0x736D, 0x41E8, 0x2146, 0x2187, 0x7C11, 0xA535, 0xA535, 0xAD55, 0xAD55, 0xAD55,
0xAD35, 0xAD35, 0xAD35, 0xAD55, 0xAD75, 0xAD55, 0xAD76, 0xB596, 0xB576, 0xB576, 0xB596, 0xB596,
0xB596, 0xBDB6, 0xBDD7, 0xBDB6, 0xBDB6, 0xC5D7, 0xBDD7, 0xBDD6, 0xC5F7, 0xC5F7, 0xC5D7, 0xC5F7,
0xCE38, 0xCE18, 0xC618, 0xCE38, 0xD659, 0xCE18, 0xCE58, 0xD659, 0xCE58, 0xCE38, 0xD679, 0xD659,
0xCE38, 0xD679, 0xD679, 0xCE38, 0xCE58, 0xD699, 0xD658, 0xCE17, 0xD679, 0xD659, 0xC5F7, 0xCE38,
0xD659, 0xC5F7, 0xBDD7, 0xCE18, 0xC5F7, 0xAD34, 0xBD96, 0xBDB6, 0xAD14, 0xAD14, 0xC5D7, 0xA4F3,
0x8C51, 0xA4F4, 0xAD35, 0x7BF0, 0x8431, 0x94B3, 0x6B4E, 0x5ACC, 0x7BD0, 0x7BD0, 0x630D, 0x632E,
0x634E, 0x632E, 0x5AED, 0x5B0E, 0x632D, 0x632D, 0x632C, 0x738E, 0x738E, 0x8C30, 0xAD34, 0xAD34,
0xAD55, 0xB575, 0xB575, 0xAD34, 0xA4F3, 0xA4F3, 0x8C30, 0x83CF, 0x6B4D, 0x62CB, 0x5269, 0x4A49,
0x39C7, 0x31C7, 0x31A7, 0x31A7, 0x2945, 0x2966, 0x2967, 0x2146, 0x2145, 0x2966, 0x2966, 0x2125,
0x2946, 0x2987, 0x2146, 0x2946, 0x2987, 0x2966, 0x2966, 0x2987, 0x2987, 0x2966, 0x2986, 0x31A7,
0x29A6, 0x29A6, 0x29A6, 0x31C7, 0x39E8, 0x39E8, 0x39E8, 0x39C7, 0x4229, 0x632D, 0x73AF, 0x8451,
0x7C10, 0x52AB, 0x424A, 0x3A09, 0x422A, 0x4249, 0x3A29, 0x3A09, 0x3A09, 0x3A09, 0x424A, 0x4A8B,
0x52EC, 0x6B4E, 0x6B8E, 0x632D, 0x52AB, 0x424A, 0x4229, 0x4229, 0x4229, 0x426A, 0x52CB, 0x632D,
0x7BCF, 0x8410, 0x83F0, 0x73AF, 0x6B6E, 0x5B0C, 0x52AB, 0x4A6A, 0x4229, 0x3A09, 0x3A08, 0x4249,
0x4A8A, 0x52CB, 0x4A8A, 0x4A6A, 0x4229, 0x3A09, 0x31C8, 0x31A7, 0x2967, 0x2966, 0x2146, 0x2146,
0x2146, 0x2146, 0x2967, 0x31C8, 0x3A09, 0x31E9, 0x31C8, 0x31A8, 0x29A7, 0x2987, 0x2166, 0x2966,
0x2967, 0x2987, 0x2987, 0x31A7, 0x31C8, 0x3A09, 0x4229, 0x4249, 0x426A, 0x428A, 0x4AAB, 0x52CB,
0x52CB, 0x632D, 0x6B8E, 0x73CF, 0x7BF0, 0x7BF0, 0x7BF0, 0x73AF, 0x630D, 0x5AEC, 0x5AEC, 0x5ACC,
0x52CB, 0x52CB, 0x4AAB, 0x4A8A, 0x52AB, 0x5B2D, 0x73CF, 0x5AED, 0x4229, 0x4229, 0x4229, 0x3A09,
0x4A8A, 0x4A8B, 0x52EC, 0x5B0D, 0x5B2D, 0x634E, 0x6B6E, 0x6B6E, 0x6B6D, 0x5AEC, 0x4A29, 0x3186,
0x18E4, 0x0882, 0x0042, 0x0042, 0x0042, 0x0042, 0x0042, 0x0042, 0x0042, 0x0042, 0x0042, 0x0042,
0x0042, 0x0042, 0x0042, 0x0042, 0x0042, 0x0042, 0x0042, 0x0042, 0x0042, 0x0042, 0x0042, 0x0042,
0x0042, 0x0042, 0x0042, 0x0042, 0x0042, 0x0062, 0x08C4, 0x29A8, 0x426A, 0x5B0C, 0x738E, 0x7BF0,
0x8C51, 0x9492, 0x9CD3, 0xA4F3, 0xA4F3, 0xA513, 0xA513, 0xA513, 0xA4F3, 0xA4D3, 0xA4D2, 0xA4D3,
0x9CD2, 0x9CB2, 0x9471, 0x9451, 0x9451, 0x8C51, 0x9471, 0x9471, 0x8C51, 0x8C51, 0x8410, 0x8410,
0x8410, 0x83F0, 0x7BF0, 0x7BF0, 0x7C11, 0x8452, 0x8CB2, 0x94D3, 0x9CF3, 0x9C92, 0x6B0B, 0x3165,
0x2125, 0x29C8, 0x8C93, 0xA535, 0xAD55, 0xAD55, 0xAD55, 0xAD55, 0xAD55, 0xAD35, 0xAD35, 0xAD55,
0xAD55, 0xAD55, 0xB576, 0xB596, 0xB576, 0xB576, 0xBDB7, 0xBDB6, 0xB5B6, 0xBDB7, 0xBDD7, 0xBDB6,
0xBDD7, 0xC5D7, 0xBDD7, 0xBDD7, 0xC617, 0xC5F7, 0xC5F7, 0xC617, 0xCE38, 0xC618, 0xC5F7, 0xCE58,
0xCE38, 0xC617, 0xCE58, 0xD659, 0xCE58, 0xCE58, 0xD699, 0xD659, 0xD659, 0xD679, 0xD679, 0xCE58,
0xD679, 0xD699, 0xD679, 0xCE58, 0xD679, 0xD659, 0xCE38, 0xD659, 0xD679, 0xC618, 0xC618, 0xCE58,
0xC5F7, 0xBDB6, 0xC5F7, 0xC618, 0xB575, 0xBD96, 0xC617, 0xAD34, 0xA514, 0xB576, 0xAD35, 0x9472,
0x9CF3, 0xA514, 0x83F0, 0x7B8E, 0x9C92, 0x83CF, 0x630C, 0x734D, 0x83F0, 0x630C, 0x528B, 0x6B4E,
0x5B0C, 0x52CC, 0x4A8A, 0x5AEC, 0x52AB, 0x4A4A, 0x528B, 0x5ACC, 0x5ACC, 0x6B8F, 0x7C11, 0x7BF1,
0x94D4, 0xA576, 0xA535, 0xA535, 0xAD96, 0xB5B6, 0xAD54, 0xA514, 0x9D13, 0x9CF3, 0x8410, 0x8C10,
0x8C30, 0x7B8E, 0x736D, 0x736D, 0x6AEB, 0x5A48, 0x5248, 0x5249, 0x5269, 0x4A08, 0x41E7, 0x41E7,
0x4A08, 0x49E8, 0x49E8, 0x39A6, 0x39A6, 0x39C6, 0x39C7, 0x39E7, 0x39C7, 0x41E7, 0x41E7, 0x4208,
0x4208, 0x4A08, 0x5A8A, 0x736D, 0x8C51, 0x9D14, 0x9492, 0x94B2, 0x73CF, 0x52CB, 0x4A8B, 0x3A09,
0x422A, 0x426A, 0x3A29, 0x3A08, 0x31E8, 0x31E8, 0x3A09, 0x3A4A, 0x4AAB, 0x632D, 0x6B6E, 0x6B4D,
0x52AB, 0x4A4A, 0x4229, 0x3A29, 0x3A29, 0x426A, 0x5AEC, 0x6B6E, 0x7BCF, 0x7BF0, 0x7BD0, 0x73AF,
0x6B6E, 0x630D, 0x5ACB, 0x4A6A, 0x424A, 0x3A29, 0x3A08, 0x4249, 0x4A6A, 0x52AB, 0x4A8A, 0x426A,
0x4229, 0x3A09, 0x31C8, 0x2987, 0x2987, 0x2966, 0x2146, 0x2146, 0x2126, 0x2146, 0x2967, 0x31E8,
0x3A29, 0x3209, 0x31C8, 0x31A8, 0x29A7, 0x2987, 0x2166, 0x2166, 0x2166, 0x2166, 0x2987, 0x31A8,
0x31C8, 0x3A09, 0x4229, 0x4249, 0x4A6A, 0x4AAB, 0x52CC, 0x5AEC, 0x634D, 0x6B8E, 0x73CF, 0x7BF0,
0x7BF0, 0x7BF0, 0x73AF, 0x6B6E, 0x632D, 0x5AEC, 0x5AEC, 0x5AEC, 0x52CC, 0x52CB, 0x52AB, 0x4A8B,
0x52CB, 0x6B4D, 0x630D, 0x422A, 0x31C8, 0x3A29, 0x3A29, 0x31E8, 0x4A8A, 0x4A8B, 0x52CC, 0x5B0D,
0x5B0D, 0x632D, 0x6B6E, 0x6B6E, 0x6B6D, 0x5AEC, 0x4A29, 0x3186, 0x18E4, 0x0882, 0x0042, 0x0042,
0x0042, 0x0042, 0x0042, 0x0042, 0x0042, 0x0042, 0x0042, 0x0042, 0x0042, 0x0042, 0x0042, 0x0042,
0x0042, 0x0042, 0x0042, 0x0042, 0x0042, 0x0042, 0x0042, 0x0042, 0x0042, 0x0042, 0x0042, 0x0042,
0x0042, 0x0062, 0x08C4, 0x21A8, 0x426A, 0x5B2D, 0x6B6E, 0x7BCF, 0x8C51, 0x9492, 0x9CB3, 0xA4F3,
0xA513, 0xA513, 0xA513, 0xA513, 0xA513, 0xA4F3, 0xA4D2, 0xA4D3, 0x9CD2, 0x9CB2, 0x9C92, 0x9471,
0x9451, 0x8C51, 0x9471, 0x9471, 0x8C51, 0x8C51, 0x8410, 0x8410, 0x8410, 0x8410, 0x7BF0, 0x7BD0,
0x7C11, 0x8452, 0x8CB3, 0x9CF3, 0x9CF3, 0x9CB2, 0x6B0C, 0x3166, 0x1925, 0x3A2A, 0x8C93, 0xA535,
0xAD55, 0xAD55, 0xAD55, 0xAD55, 0xAD55, 0xAD55, 0xAD55, 0xAD75, 0xB596, 0xAD76, 0xB576, 0xB576,
0xAD55, 0xB596, 0xBDB6, 0xBDB6, 0xB5B6, 0xBDD7, 0xBDD7, 0xBDB6, 0xBDD7, 0xC5F7, 0xC5F7, 0xBDF7,
0xC618, 0xC618, 0xC5F7, 0xC617, 0xCE38, 0xC618, 0xC618, 0xCE38, 0xCE38, 0xCE38, 0xCE58, 0xD659,
0xCE58, 0xCE58, 0xD699, 0xD659, 0xD659, 0xD679, 0xD679, 0xD679, 0xD699, 0xD699, 0xD679, 0xCE58,
0xD699, 0xD659, 0xCE58, 0xD659, 0xD679, 0xCE38, 0xCE38, 0xD679, 0xCE38, 0xC5F8, 0xCE39, 0xCE18,
0xBDB6, 0xC5F7, 0xC5F7, 0xBD96, 0xB576, 0xBDD7, 0xB596, 0xA514, 0xB576, 0xAD55, 0x9C72, 0x9C93,
0xB555, 0x9C92, 0x83CF, 0x9471, 0x9491, 0x630C, 0x6B6E, 0x8C51, 0x630C, 0x528A, 0x6B6E, 0x632D,
0x4A4A, 0x4A6A, 0x52AC, 0x426A, 0x3A09, 0x426A, 0x426B, 0x426A, 0x4A8B, 0x52EC, 0x4AAB, 0x428B,
0x636F, 0x8C92, 0x73AF, 0x94D3, 0xB5B6, 0xA534, 0xA514, 0xCE18, 0xC5D7, 0x9CD2, 0xC5F7, 0xBDF7,
0xBD95, 0xBD95, 0xB575, 0xB554, 0xB554, 0xB554, 0xB554, 0xA4B2, 0x9450, 0x9450, 0x9450, 0x9C70,
0x9C90, 0x9470, 0x8C30, 0x8C50, 0xA4D2, 0x83EF, 0x83CF, 0x9430, 0x9450, 0x9471, 0xBD75, 0xC5B6,
0xBD96, 0x9CF3, 0x8C31, 0x94B2, 0x73CF, 0x52CB, 0x4A8A, 0x3A29, 0x424A, 0x426A, 0x3A29, 0x31E8,
0x3208, 0x39E8, 0x3A09, 0x3A09, 0x4A8B, 0x52CB, 0x5B2D, 0x632D, 0x5AEB, 0x4A4A, 0x4229, 0x3A29,
0x3A29, 0x426A, 0x5AEC, 0x6B6E, 0x7BF0, 0x7BF0, 0x7BCF, 0x73AF, 0x6B6E, 0x630C, 0x5ACB, 0x4A6A,
0x4229, 0x3A29, 0x3A29, 0x4249, 0x4A8B, 0x52AB, 0x4A8B, 0x424A, 0x4229, 0x3A09, 0x31C8, 0x2987,
0x2987, 0x2966, 0x2146, 0x2146, 0x2126, 0x2146, 0x2967, 0x31E8, 0x3A29, 0x3209, 0x31C8, 0x31A8,
0x2987, 0x2987, 0x2186, 0x2166, 0x2166, 0x2166, 0x2987, 0x31A8, 0x31C8, 0x3A09, 0x4249, 0x4A6A,
0x4A6A, 0x4AAB, 0x52EC, 0x632D, 0x6B6D, 0x73AF, 0x73CF, 0x73CF, 0x73CF, 0x73AF, 0x6B8E, 0x6B6E,
0x632D, 0x5B0C, 0x5B0C, 0x5B0D, 0x52CB, 0x52CB, 0x52AB, 0x52CB, 0x632D, 0x6B4E, 0x52AB, 0x39E9,
0x31C8, 0x31C7, 0x31C7, 0x29A7, 0x4A8A, 0x4A8B, 0x52CC, 0x52CC, 0x5AEC, 0x632D, 0x6B6E, 0x6B6E,
0x6B6D, 0x5AEC, 0x4A49, 0x3186, 0x18E4, 0x0882, 0x0042, 0x0042, 0x0042, 0x0042, 0x0042, 0x0042,
0x0042, 0x0042, 0x0042, 0x0042, 0x0042, 0x0042, 0x0042, 0x0042, 0x0042, 0x0042, 0x0042, 0x0042,
0x0042, 0x0042, 0x0042, 0x0042, 0x0042, 0x0042, 0x0042, 0x0042, 0x0042, 0x0042, 0x08A4, 0x21A8,
0x3A6A, 0x5B0C, 0x6B6E, 0x7BEF, 0x8431, 0x9472, 0x9CB3, 0xA4F3, 0xA513, 0xA513, 0xA513, 0xA513,
0xA513, 0xA4F3, 0xA4D3, 0xA4D3, 0x9CD2, 0x9CB2, 0x9471, 0x9471, 0x8C51, 0x8C51, 0x8C51, 0x8C51,
0x8C51, 0x8C51, 0x8C30, 0x8430, 0x8410, 0x8410, 0x83EF, 0x7BCF, 0x7C10, 0x8452, 0x8CB3, 0x9CF3,
0x9D13, 0x9491, 0x62CA, 0x3166, 0x2146, 0x3A4A, 0x8CD4, 0xAD55, 0xB596, 0xAD75, 0xAD55, 0xAD75,
0xAD75, 0xAD55, 0xAD55, 0xAD76, 0xB576, 0xAD55, 0xB576, 0xB596, 0xB596, 0xB596, 0xBDB6, 0xB5B6,
0xBDB6, 0xBDD7, 0xBDD7, 0xBDD7, 0xBDD7, 0xC5F7, 0xC5F7, 0xC5F7, 0xC618, 0xC618, 0xC5F7, 0xC618,
0xCE58, 0xCE38, 0xCE38, 0xCE59, 0xCE58, 0xCE58, 0xD659, 0xD659, 0xCE59, 0xD658, 0xD699, 0xD659,
0xD659, 0xD679, 0xD679, 0xD679, 0xD679, 0xD699, 0xD659, 0xD659, 0xD699, 0xD659, 0xD659, 0xD659,
0xD679, 0xCE38, 0xCE38, 0xCE78, 0xCE38, 0xCE18, 0xD659, 0xCE18, 0xC5F7, 0xC5F8, 0xC5F8, 0xC5F7,
0xC5F7, 0xC5F7, 0xBDB7, 0xBDB7, 0xBDB7, 0xBD96, 0xB576, 0xB576, 0xBD96, 0xAD34, 0xA513, 0xAD54,
0xAD14, 0x9451, 0x9492, 0x9CB2, 0x8410, 0x7BCF, 0x8410, 0x738E, 0x62EC, 0x6B2D, 0x6B4D, 0x526A,
0x4A6A, 0x5AEC, 0x4A4A, 0x4A4A, 0x4A6A, 0x4A8A, 0x3A09, 0x31E9, 0x422A, 0x3A09, 0x4229, 0x4229,
0x634D, 0x528A, 0x528A, 0x7BAF, 0x8C30, 0x630C, 0x94B2, 0xAD55, 0x840F, 0x9CF3, 0xB555, 0xA514,
0xA514, 0xB595, 0xB596, 0xAD34, 0xC5D7, 0xC5D7, 0xB595, 0xAD54, 0xC617, 0xBDD6, 0xAD55, 0xBDD7,
0xB596, 0xAD34, 0xAD75, 0xB596, 0xBDD7, 0xC618, 0xC5F7, 0xC5F7, 0xB595, 0x94B2, 0x7BEF, 0x94B2,
0x73CF, 0x52CC, 0x4A8A, 0x424A, 0x424A, 0x424A, 0x3A08, 0x31E8, 0x31E8, 0x31E8, 0x31E9, 0x3A09,
0x3A29, 0x4A8B, 0x52CB, 0x5B0C, 0x5ACB, 0x4A6A, 0x4229, 0x4229, 0x4229, 0x4A6A, 0x5AEC, 0x6B6E,
0x7BF0, 0x7BF0, 0x7BAF, 0x738F, 0x6B6E, 0x630C, 0x5ACB, 0x4A6A, 0x4249, 0x3A29, 0x3A29, 0x424A,
0x528B, 0x52AB, 0x4A8A, 0x424A, 0x4229, 0x39E8, 0x31C8, 0x2987, 0x2986, 0x2966, 0x2146, 0x2146,
0x2146, 0x2146, 0x2967, 0x31E8, 0x3A29, 0x31E9, 0x31C8, 0x31A8, 0x2987, 0x2987, 0x2186, 0x2166,
0x2166, 0x2166, 0x2987, 0x31A8, 0x31C8, 0x3A09, 0x4249, 0x4A6A, 0x4A8B, 0x52AB, 0x52EC, 0x5B2D,
0x636E, 0x6B8E, 0x73AF, 0x73AF, 0x6B8E, 0x6B8E, 0x6B8E, 0x6B6E, 0x634D, 0x5B0C, 0x5B0C, 0x5B0C,
0x5AEC, 0x5AEC, 0x5AEC, 0x630C, 0x6B6E, 0x630D, 0x4229, 0x31C8, 0x31C8, 0x29A7, 0x29A7, 0x29A7,
0x4A6A, 0x4A6A, 0x4AAB, 0x52CB, 0x52CC, 0x5B2D, 0x6B6E, 0x6B6E, 0x6B6D, 0x5AEC, 0x4A49, 0x3186,
0x18E4, 0x0882, 0x0062, 0x0042, 0x0042, 0x0042, 0x0042, 0x0042, 0x0042, 0x0042, 0x0042, 0x0042,
0x0021, 0x0021, 0x0021, 0x0041, 0x0041, 0x0042, 0x0042, 0x0042, 0x0042, 0x0042, 0x0042, 0x0042,
0x0042, 0x0042, 0x0042, 0x0042, 0x0042, 0x0042, 0x08A3, 0x2187, 0x3A4A, 0x52EC, 0x632D, 0x7BCF,
0x8410, 0x9472, 0x9C92, 0xA4F3, 0xA4F3, 0xA4F3, 0xA4F3, 0xA513, 0xA4F3, 0xA4F3, 0xA4F3, 0xA4D3,
0xA4D2, 0x9CB2, 0x9C91, 0x9471, 0x9471, 0x8C51, 0x8C51, 0x8C51, 0x8C51, 0x8C51, 0x8C31, 0x8C51,
0x8C30, 0x8C10, 0x8410, 0x7BF0, 0x7BF0, 0x8451, 0x8CB3, 0x9CF4, 0x9D13, 0x9450, 0x5248, 0x2966,
0x2146, 0x426B, 0x9D35, 0xAD55, 0xAD55, 0xAD75, 0xAD75, 0xAD75, 0xAD75, 0xAD55, 0xAD55, 0xAD76,
0xAD76, 0xB576, 0xB576, 0xB596, 0xB596, 0xBD96, 0xBD96, 0xB596, 0xB5B6, 0xBDD7, 0xBDD7, 0xBDD7,
0xC5D7, 0xC5F8, 0xC5F7, 0xC5F8, 0xC618, 0xC618, 0xC5F7, 0xC618, 0xCE58, 0xCE38, 0xCE38, 0xD659,
0xCE58, 0xD659, 0xD659, 0xD659, 0xCE59, 0xD679, 0xD699, 0xCE59, 0xD659, 0xD69A, 0xD679, 0xD659,
0xD679, 0xD679, 0xD659, 0xD659, 0xD679, 0xD659, 0xD659, 0xD679, 0xCE59, 0xCE58, 0xCE59, 0xCE58,
0xCE38, 0xCE17, 0xD638, 0xCE18, 0xCDF7, 0xCDF7, 0xCDF7, 0xC5F7, 0xC5F7, 0xC5F7, 0xC5F7, 0xC5D7,
0xBDD7, 0xC5D7, 0xBDD7, 0xBDB6, 0xBDB6, 0xBDD7, 0xBDD7, 0xBDB6, 0xBD96, 0xB595, 0xB595, 0xB554,
0xAD34, 0xAD34, 0xAD14, 0x9C92, 0x9C91, 0x9C91, 0x9C71, 0x8BEF, 0x7BAE, 0x9430, 0x734D, 0x62EB,
0x6B2D, 0x6B2D, 0x4209, 0x4A29, 0x62CC, 0x4209, 0x4209, 0x4A29, 0x528A, 0x39C7, 0x41E8, 0x528B,
0x4229, 0x39E8, 0x4A4A, 0x5AAB, 0x3A08, 0x4A49, 0x630D, 0x5A8B, 0x528B, 0x738F, 0x738F, 0x62ED,
0x7BF0, 0x8452, 0x5B0C, 0x73AF, 0x94B3, 0x73AF, 0x634D, 0x94D3, 0x9493, 0x6B6F, 0x8431, 0x7BF0,
0x9CD4, 0xAD56, 0xA535, 0x9CF3, 0x8CB2, 0x8451, 0x8C72, 0x9CF3, 0x73AE, 0x5AEC, 0x4A6A, 0x4A6A,
0x83F0, 0x52AA, 0x39E8, 0x31E8, 0x31E8, 0x31E8, 0x31E8, 0x31E8, 0x31E8, 0x424A, 0x4AAB, 0x52CB,
0x52CB, 0x528B, 0x4249, 0x4229, 0x4249, 0x4A6A, 0x5AEC, 0x738E, 0x83F0, 0x7BCF, 0x73AE, 0x736E,
0x6B4E, 0x5AEC, 0x5ACB, 0x4A6A, 0x4249, 0x3A29, 0x4229, 0x424A, 0x4A8B, 0x52AB, 0x4A8A, 0x4249,
0x4229, 0x39E8, 0x31C8, 0x2987, 0x2966, 0x2146, 0x2146, 0x2146, 0x2126, 0x2166, 0x2967, 0x31E8,
0x3A09, 0x31E8, 0x31E8, 0x31C8, 0x29A7, 0x2967, 0x2166, 0x2166, 0x2987, 0x2987, 0x31A7, 0x31C8,
0x31E9, 0x4249, 0x4249, 0x4A6A, 0x4A8B, 0x52AB, 0x52CC, 0x5B0D, 0x634D, 0x6B8E, 0x73AF, 0x6B8F,
0x6B6E, 0x6B6E, 0x6B6E, 0x6B8E, 0x6B6E, 0x632D, 0x632C, 0x5B0C, 0x630D, 0x630C, 0x6B6E, 0x73CF,
0x7BAF, 0x5ACC, 0x39E9, 0x29A8, 0x29A8, 0x2987, 0x29A7, 0x39E8, 0x4A6A, 0x4A6A, 0x4A8B, 0x52AB,
0x52CB, 0x5AEC, 0x632D, 0x6B6E, 0x6B6D, 0x5AEC, 0x4A49, 0x3186, 0x18E4, 0x0882, 0x0062, 0x0042,
0x0042, 0x0042, 0x0042, 0x0042, 0x0042, 0x0042, 0x0042, 0x0042, 0x0021, 0x0021, 0x0021, 0x0041,
0x0041, 0x0042, 0x0042, 0x0042, 0x0042, 0x0042, 0x0042, 0x0042, 0x0042, 0x0042, 0x0042, 0x0042,
0x0042, 0x0042, 0x08A3, 0x2187, 0x3A4A, 0x52ED, 0x632D, 0x73AF, 0x8410, 0x8C71, 0x9492, 0x9CD2,
0xA4F3, 0xA4F3, 0xA4F3, 0xA4F3, 0xA4F3, 0xA4D3, 0xA4D3, 0xA4D3, 0x9CD2, 0x9CD2, 0x9CB2, 0x9491,
0x9471, 0x8C51, 0x8C51, 0x8C51, 0x8C51, 0x8C30, 0x8C51, 0x9451, 0x8C50, 0x8C30, 0x8C10, 0x83F0,
0x7BF0, 0x8451, 0x8C92, 0x9CF3, 0x9CF3, 0x9450, 0x5248, 0x3166, 0x2146, 0x426B, 0x9D15, 0xA534,
0xAD55, 0xAD75, 0xAD75, 0xAD55, 0xAD55, 0xAD55, 0xAD55, 0xAD76, 0xAD76, 0xB576, 0xB576, 0xB596,
0xB596, 0xBD96, 0xBDB6, 0xB596, 0xB5B6, 0xBDD7, 0xBDD7, 0xBDD7, 0xC5D7, 0xC5F7, 0xC5F7, 0xC618,
0xCE38, 0xC618, 0xC617, 0xCE38, 0xCE58, 0xCE38, 0xCE38, 0xD659, 0xCE58, 0xD659, 0xD659, 0xD659,
0xD659, 0xD679, 0xD699, 0xD659, 0xD659, 0xD69A, 0xD679, 0xD659, 0xD679, 0xD679, 0xD659, 0xD659,
0xD679, 0xD659, 0xD659, 0xD679, 0xCE59, 0xCE58, 0xCE59, 0xCE58, 0xCE38, 0xCE18, 0xD638, 0xCE18,
0xCDF7, 0xCE17, 0xCDF7, 0xC5F7, 0xC5F7, 0xC5F7, 0xC5F7, 0xC5D7, 0xBDD7, 0xBDD7, 0xBDB6, 0xBDB6,
0xBDB6, 0xC5F7, 0xC5F7, 0xBD96, 0xBDB7, 0xBDD7, 0xBDD6, 0xC5D6, 0xBDD6, 0xC5D7, 0xB555, 0xBD95,
0xBDB6, 0xBDB6, 0xBD96, 0xBD75, 0xBD75, 0xBD55, 0xA4B2, 0xA4B2, 0xA4D3, 0x9C92, 0x9430, 0x9430,
0x9430, 0x7B8E, 0x7B8E, 0x7B8D, 0x6B2C, 0x630B, 0x6B0C, 0x736D, 0x5AAB, 0x528A, 0x62EC, 0x5AAB,
0x4249, 0x5ACC, 0x5AAB, 0x4A29, 0x4A29, 0x5ACC, 0x4A4A, 0x4A4A, 0x528B, 0x4A4A, 0x4229, 0x4A6A,
0x630D, 0x39E8, 0x39E8, 0x5ACB, 0x4A29, 0x41E9, 0x4A4A, 0x4209, 0x632D, 0x6B8F, 0x73AF, 0x73CF,
0x8C72, 0x8410, 0x8C51, 0x9CF3, 0x73AE, 0x5AEC, 0x4A6A, 0x8C51, 0xAD55, 0x738E, 0x39E7, 0x31C8,
0x29A7, 0x31C8, 0x31E8, 0x31E8, 0x31E8, 0x3A29, 0x4249, 0x4AAB, 0x52CB, 0x52AB, 0x4A4A, 0x4229,
0x4229, 0x4A6A, 0x5AEC, 0x738E, 0x83F0, 0x7BCF, 0x7BAF, 0x736E, 0x6B4D, 0x5AEC, 0x52AB, 0x4A6A,
0x4249, 0x3A29, 0x3A29, 0x424A, 0x4A8B, 0x52AB, 0x4A8A, 0x4249, 0x4229, 0x39E8, 0x31C8, 0x2987,
0x2966, 0x2146, 0x2146, 0x2146, 0x2126, 0x2166, 0x2967, 0x31C8, 0x3A09, 0x31E8, 0x31E8, 0x31C8,
0x29A7, 0x2987, 0x2987, 0x2987, 0x2987, 0x29A7, 0x31A8, 0x31E8, 0x3A09, 0x4229, 0x4A6A, 0x4A6A,
0x4A8A, 0x4A8B, 0x52CC, 0x5B0D, 0x634D, 0x6B6E, 0x73AF, 0x73AF, 0x6B8F, 0x6B8F, 0x6B8F, 0x73AF,
0x6B8E, 0x6B4E, 0x634D, 0x632D, 0x630D, 0x738E, 0x8430, 0x8C71, 0x738E, 0x4A6A, 0x31C8, 0x29A8,
0x29A7, 0x2987, 0x29A7, 0x3A08, 0x4A6A, 0x4A6A, 0x4A8B, 0x4AAB, 0x52AB, 0x5ACC, 0x5B0C, 0x632D,
0x634D, 0x5AEC, 0x4A6A, 0x2966, 0x2104, 0x10A3, 0x0062, 0x0042, 0x0042, 0x0042, 0x0042, 0x0042,
0x0042, 0x0042, 0x0042, 0x0022, 0x0021, 0x0021, 0x0021, 0x0021, 0x0021, 0x0042, 0x0042, 0x0042,
0x0042, 0x0042, 0x0042, 0x0042, 0x0042, 0x0042, 0x0042, 0x0042, 0x0042, 0x0042, 0x08A3, 0x1966,
0x3A09, 0x4AAC, 0x5B0D, 0x73AF, 0x7BCF, 0x8430, 0x9471, 0x9CB2, 0xA4F3, 0xA4F3, 0xA4F3, 0xA4F3,
0xA4D3, 0xA4D3, 0xA4D3, 0xA4D3, 0xA4D2, 0xA4D3, 0x9CB2, 0x9492, 0x9471, 0x9471, 0x9471, 0x8C71,
0x8C51, 0x8C51, 0x8C51, 0x9471, 0x8C51, 0x8C31, 0x8C30, 0x8410, 0x83F0, 0x8431, 0x8CB2, 0x9CF3,
0x9CF3, 0x8C30, 0x4A28, 0x2925, 0x2146, 0x636E, 0xA555, 0xAD75, 0xB596, 0xAD76, 0xAD55, 0xAD55,
0xAD55, 0xAD55, 0xAD55, 0xAD75, 0xAD75, 0xB575, 0xB576, 0xB576, 0xB596, 0xBDB6, 0xBDB6, 0xBDB6,
0xBDB6, 0xBDD7, 0xC5F7, 0xC5F7, 0xC5F7, 0xC617, 0xC5F7, 0xC5F7, 0xCE38, 0xCE38, 0xC618, 0xCE38,
0xCE59, 0xCE58, 0xD659, 0xD679, 0xD659, 0xD659, 0xD679, 0xD659, 0xD659, 0xD679, 0xD699, 0xD679,
0xD659, 0xD69A, 0xD679, 0xD659, 0xD679, 0xD679, 0xD659, 0xD659, 0xD679, 0xD659, 0xD659, 0xD679,
0xCE59, 0xCE58, 0xCE59, 0xCE58, 0xCE18, 0xCE38, 0xD658, 0xCE17, 0xCDF7, 0xCDF7, 0xCDF7, 0xC5F7,
0xC5F7, 0xC5F7, 0xC5F7, 0xC5D7, 0xBDB7, 0xBDD7, 0xBDD7, 0xBDB6, 0xBDB6, 0xC5F7, 0xC5D7, 0xBD96,
0xBDD6, 0xBDD7, 0xB596, 0xBDB6, 0xC5D6, 0xBDB6, 0xB555, 0xBDB6, 0xBDD6, 0xBD96, 0xBD96, 0xC5F7,
0xC5D6, 0xBD95, 0xC5D6, 0xC5D7, 0xB576, 0xBD96, 0xC5D7, 0xB575, 0xAD34, 0xC5B6, 0xBD96, 0xB534,
0xAD14, 0xAD14, 0xA4F3, 0xA4D2, 0x9CB2, 0x9CB2, 0x9CB2, 0x9C72, 0x9CB2, 0x9C92, 0x9451, 0x9451,
0x9451, 0x9451, 0x9430, 0x9450, 0x9450, 0x9430, 0x8C30, 0x9C71, 0x8C10, 0x83EF, 0x9471, 0x8C30,
0x8C0F, 0x9451, 0x9C72, 0x9CB2, 0x8C50, 0x8430, 0x8410, 0x7C10, 0x8431, 0x7BCF, 0x7C10, 0x8C92,
0x73AF, 0x5AEC, 0x630C, 0xB595, 0xBDB6, 0x7BAE, 0x39E7, 0x31C7, 0x2987, 0x29A7, 0x31E8, 0x31E8,
0x31E8, 0x39E8, 0x3A09, 0x424A, 0x52AB, 0x52CB, 0x4A8A, 0x4A6A, 0x4249, 0x4A8A, 0x632C, 0x73AE,
0x8410, 0x7BCF, 0x7BAF, 0x738F, 0x6B6E, 0x630C, 0x52AB, 0x4A6A, 0x4229, 0x3A29, 0x4229, 0x4A6A,
0x52AB, 0x52AB, 0x4A8A, 0x4249, 0x4229, 0x3A08, 0x31C8, 0x2987, 0x2987, 0x2966, 0x2146, 0x2146,
0x2146, 0x2146, 0x2967, 0x31C8, 0x31E9, 0x31E8, 0x31C8, 0x31A8, 0x29A7, 0x2987, 0x2987, 0x2987,
0x2987, 0x29A7, 0x29A7, 0x31C8, 0x31E8, 0x3A29, 0x4249, 0x4A6A, 0x4A6A, 0x4A8B, 0x52CC, 0x5B0D,
0x634D, 0x6B8E, 0x73AF, 0x73AF, 0x7BD0, 0x73D0, 0x73CF, 0x73AF, 0x73AF, 0x6B6E, 0x6B6E, 0x6B6D,
0x736E, 0x8C31, 0x9CD3, 0x8451, 0x5B0C, 0x3A29, 0x31C8, 0x31C8, 0x29A7, 0x29A7, 0x31C8, 0x4229,
0x4A6A, 0x4A6A, 0x4A6A, 0x4A8B, 0x4AAB, 0x52CB, 0x5B0C, 0x632D, 0x634D, 0x5AEC, 0x528A, 0x39E8,
0x2125, 0x10A3, 0x0882, 0x0042, 0x0042, 0x0042, 0x0042, 0x0042, 0x0042, 0x0042, 0x0022, 0x0022,
0x0021, 0x0021, 0x0021, 0x0021, 0x0021, 0x0042, 0x0042, 0x0042, 0x0042, 0x0042, 0x0042, 0x0042,
0x0042, 0x0042, 0x0042, 0x0042, 0x0042, 0x0062, 0x0883, 0x1946, 0x39E9, 0x4AAB, 0x5AEC, 0x6B6E,
0x7BCF, 0x8410, 0x9451, 0x9CB2, 0xA4F3, 0xA4F3, 0x9CD3, 0x9CD3, 0x9CD3, 0xA4D3, 0xA4D3, 0xA4D3,
0x9CD2, 0x9CD2, 0x9CB2, 0x9CB2, 0x9492, 0x9471, 0x9471, 0x9471, 0x9471, 0x9471, 0x8C51, 0x9471,
0x8C51, 0x8C51, 0x8C31, 0x8C10, 0x8410, 0x8430, 0x8CB2, 0x9CF3, 0x9CF3, 0x8C30, 0x4A08, 0x2925,
0x1946, 0x6BB0, 0xA556, 0xA535, 0xAD55, 0xAD55, 0xAD55, 0xAD75, 0xAD55, 0xAD55, 0xAD55, 0xAD75,
0xAD75, 0xB575, 0xB596, 0xB596, 0xB596, 0xBDB6, 0xBDD7, 0xBDB6, 0xBDB6, 0xBDD7, 0xC5F7, 0xC5F7,
0xC5F7, 0xC617, 0xC617, 0xC617, 0xCE38, 0xCE38, 0xC617, 0xCE38, 0xCE58, 0xD658, 0xD659, 0xD679,
0xD659, 0xD659, 0xD679, 0xD679, 0xD659, 0xD679, 0xD699, 0xD679, 0xD679, 0xD69A, 0xD679, 0xD659,
0xD679, 0xD679, 0xD659, 0xD679, 0xD679, 0xCE59, 0xD659, 0xD679, 0xCE59, 0xCE58, 0xCE59, 0xCE58,
0xCE18, 0xCE38, 0xD638, 0xCE17, 0xCDF7, 0xCDF7, 0xCDF7, 0xC5F7, 0xC5F7, 0xC5F7, 0xC5F7, 0xC5D7,
0xBDB7, 0xBDD7, 0xC5D7, 0xBDB7, 0xBDD7, 0xC5F7, 0xBDD6, 0xB575, 0xBDD6, 0xC5F7, 0xB596, 0xB596,
0xC5D7, 0xB595, 0xB555, 0xBDB6, 0xBDD6, 0xB575, 0xB5B6, 0xC617, 0xB595, 0xB575, 0xC5F7, 0xC5F7,
0xB576, 0xBD96, 0xCE37, 0xBDB5, 0xBDB6, 0xC5F7, 0xBDD7, 0xB575, 0xC5D6, 0xCDF7, 0xC5B6, 0xB575,
0xCE38, 0xC617, 0xB575, 0xC5D7, 0xCDF7, 0xC5B6, 0xC595, 0xCDF7, 0xCDD6, 0xC595, 0xCDD6, 0xCDF7,
0xBD95, 0xC5D6, 0xCE17, 0xC5D6, 0xBD74, 0xCDF6, 0xC5D6, 0xB574, 0xC5F7, 0xCDF7, 0xCDD7, 0xC5F7,
0xAD34, 0x8C50, 0x8430, 0x7BF0, 0x7BEF, 0x6B6E, 0x73CF, 0x8C71, 0x73CF, 0x5AEC, 0x9492, 0xC618,
0xBDD6, 0x7BCE, 0x3A08, 0x31C8, 0x29A7, 0x29A7, 0x31E8, 0x31E8, 0x31E8, 0x39E8, 0x39E8, 0x4229,
0x4A6A, 0x52CB, 0x52AB, 0x4A8A, 0x4A8A, 0x4AAA, 0x632C, 0x7BCF, 0x8410, 0x7BCF, 0x7BAF, 0x73AF,
0x6B6E, 0x5B0D, 0x52CB, 0x4A6A, 0x4229, 0x3A09, 0x3A29, 0x426A, 0x52AB, 0x52AB, 0x4A8A, 0x4249,
0x4229, 0x3A08, 0x31C8, 0x2987, 0x2987, 0x2966, 0x2146, 0x2146, 0x2146, 0x2146, 0x2967, 0x31C8,
0x31E9, 0x31E8, 0x31C8, 0x29A8, 0x29A7, 0x2987, 0x2987, 0x2987, 0x2987, 0x29A7, 0x29A7, 0x31C8,
0x31E8, 0x3A29, 0x4249, 0x4A6A, 0x4A8A, 0x4A8B, 0x52CC, 0x5B0D, 0x634D, 0x6B8E, 0x73CF, 0x83F0,
0x8410, 0x7BEF, 0x7BCF, 0x7BCF, 0x7BEF, 0x83EF, 0x7BCF, 0x738E, 0x8C30, 0xA4F3, 0x9CF4, 0x8431,
0x52CC, 0x3A09, 0x31E8, 0x31C8, 0x31C7, 0x31E8, 0x4229, 0x4249, 0x4A6A, 0x4A6A, 0x4A6A, 0x4A6B,
0x4A8B, 0x52AB, 0x5AEC, 0x632D, 0x5B0C, 0x5AEB, 0x528A, 0x39C7, 0x2125, 0x10A3, 0x0882, 0x0042,
0x0042, 0x0042, 0x0042, 0x0042, 0x0042, 0x0022, 0x0022, 0x0022, 0x0021, 0x0021, 0x0021, 0x0021,
0x0021, 0x0042, 0x0042, 0x0042, 0x0042, 0x0042, 0x0042, 0x0042, 0x0042, 0x0042, 0x0042, 0x0042,
0x0042, 0x0042, 0x0083, 0x1946, 0x31E9, 0x4AAB, 0x5AEC, 0x6B6E, 0x7BCF, 0x8430, 0x9471, 0x9492,
0x9CD3, 0x9CD3, 0x9CD3, 0xA4D3, 0xA4D3, 0xA4F3, 0xA4F3, 0xA4D3, 0x9CD2, 0x9CB2, 0x9CB2, 0x9CB2,
0x9492, 0x9492, 0x9492, 0x9471, 0x9471, 0x9471, 0x8C51, 0x9471, 0x8C51, 0x8C51, 0x8C51, 0x8C31,
0x8410, 0x8410, 0x8C92, 0x94F3, 0x9CF3, 0x8C2F, 0x4A08, 0x2125, 0x1946, 0x6BB0, 0xA556, 0xA535,
0xAD55, 0xAD75, 0xAD75, 0xAD75, 0xAD55, 0xAD55, 0xAD75, 0xAD75, 0xAD75, 0xB576, 0xB596, 0xB596,
0xBD96, 0xBDB6, 0xBDB6, 0xBDB6, 0xBDB6, 0xBDD7, 0xC5F7, 0xC5F7, 0xC5F7, 0xC617, 0xC617, 0xC617,
0xCE38, 0xCE38, 0xCE38, 0xCE58, 0xCE58, 0xD658, 0xD659, 0xD679, 0xD659, 0xD659, 0xD679, 0xD679,
0xD659, 0xD679, 0xD699, 0xD679, 0xD679, 0xD69A, 0xD679, 0xD659, 0xD679, 0xD679, 0xD659, 0xD679,
0xD679, 0xCE59, 0xD659, 0xD679, 0xCE59, 0xCE58, 0xCE59, 0xCE58, 0xCE18, 0xCE18, 0xCE38, 0xCE17,
0xCDF7, 0xCDF7, 0xC5F7, 0xC5F7, 0xC5F7, 0xC5F7, 0xC5F7, 0xBDD7, 0xBDD7, 0xC5F7, 0xC5F7, 0xBDB7,
0xBDB6, 0xC617, 0xBDB6, 0xB575, 0xBDD7, 0xC5D7, 0xAD55, 0xB596, 0xBDD7, 0xB575, 0xB555, 0xBDD6,
0xBDD6, 0xAD34, 0xB5B6, 0xBDD6, 0xAD75, 0xAD55, 0xBDD7, 0xB596, 0xA514, 0xBDB6, 0xC5F7, 0xAD54,
0xAD55, 0xBDD7, 0xB576, 0xAD34, 0xBDB6, 0xC5D6, 0xB555, 0xB575, 0xC5F7, 0xBDB6, 0xB554, 0xC5F7,
0xC5F7, 0xB575, 0xBDB6, 0xCE17, 0xBD96, 0xBD95, 0xCDF7, 0xC5D7, 0xB554, 0xC5D6, 0xC617, 0xB575,
0xB575, 0xC617, 0xBD95, 0xB554, 0xC617, 0xC5F7, 0xC5D7, 0xBD75, 0x9CB2, 0x8C30, 0x7BF0, 0x73AF,
0x73AF, 0x6B8E, 0x73AF, 0x8C51, 0x6B6D, 0x6B6E, 0xBDD7, 0xC617, 0xA514, 0x6B6D, 0x39E8, 0x31C8,
0x31C8, 0x29A7, 0x31E8, 0x31E8, 0x31E8, 0x39E8, 0x31E8, 0x3A09, 0x4249, 0x4A8A, 0x52EC, 0x5AEC,
0x52CB, 0x5AEB, 0x6B8E, 0x7BCF, 0x8410, 0x7BCF, 0x7BAF, 0x73AF, 0x6B6E, 0x630C, 0x52CB, 0x4A6A,
0x4229, 0x3A09, 0x4229, 0x4A6A, 0x52AB, 0x52AB, 0x4A6A, 0x4249, 0x4229, 0x3A08, 0x31C8, 0x2987,
0x2987, 0x2166, 0x2146, 0x2146, 0x2146, 0x2146, 0x2967, 0x31C8, 0x31E9, 0x31E8, 0x31C8, 0x29A8,
0x29A7, 0x2987, 0x2987, 0x2987, 0x2987, 0x2987, 0x29A7, 0x31A8, 0x31C8, 0x3A29, 0x4249, 0x4A6A,
0x4A8A, 0x4A8A, 0x52CB, 0x5B2D, 0x6B6E, 0x7BEF, 0x83EF, 0x8C30, 0x8C51, 0x8C51, 0x83EF, 0x8410,
0x8430, 0x8430, 0x7BEF, 0x8C51, 0x9CF3, 0xA514, 0x9CF3, 0x6BAF, 0x4229, 0x3A09, 0x31E8, 0x31C8,
0x31E8, 0x4229, 0x426A, 0x4249, 0x426A, 0x426A, 0x4A8A, 0x4A8A, 0x4A8A, 0x528B, 0x52CC, 0x5B0C,
0x5B0C, 0x5AEB, 0x528A, 0x39E7, 0x2125, 0x10A3, 0x0042, 0x0042, 0x0042, 0x0042, 0x0042, 0x0022,
0x0022, 0x0022, 0x0022, 0x0022, 0x0021, 0x0021, 0x0021, 0x0041, 0x0041, 0x0022, 0x0022, 0x0022,
0x0042, 0x0042, 0x0042, 0x0042, 0x0042, 0x0042, 0x0042, 0x0042, 0x0022, 0x0042, 0x0063, 0x10E5,
0x29A8, 0x426A, 0x52CC, 0x634D, 0x73AF, 0x8410, 0x8430, 0x9492, 0x9CB2, 0x9CD2, 0xA4D3, 0xA4D3,
0xA4F3, 0xA4F3, 0xA4D3, 0xA4D3, 0xA4D2, 0xA4D2, 0xA4D2, 0x9CD2, 0x9CB2, 0x9492, 0x9492, 0x9492,
0x9492, 0x9471, 0x9471, 0x9471, 0x9471, 0x8C51, 0x8C51, 0x8C51, 0x8431, 0x8431, 0x8C72, 0x9CD3,
0x9CD3, 0x83EF, 0x39A6, 0x1925, 0x2167, 0x73D0, 0xA576, 0xA514, 0xAD35, 0xAD55, 0xA535, 0xA534,
0xAD35, 0xAD35, 0xAD55, 0xAD76, 0xAD55, 0xB576, 0xB596, 0xB596, 0xB596, 0xBDD6, 0xBDB6, 0xB5B6,
0xBDD7, 0xBDD7, 0xC5F7, 0xC5F7, 0xC618, 0xC618, 0xC617, 0xCE18, 0xCE39, 0xCE38, 0xCE38, 0xD659,
0xD659, 0xD659, 0xD659, 0xD679, 0xD659, 0xD659, 0xD699, 0xD679, 0xD679, 0xD679, 0xD679, 0xD679,
0xD679, 0xD699, 0xD679, 0xD679, 0xD699, 0xD679, 0xD659, 0xD659, 0xD679, 0xCE59, 0xCE59, 0xD679,
0xCE59, 0xCE38, 0xCE59, 0xCE38, 0xC618, 0xCE18, 0xCE38, 0xCE18, 0xCDF7, 0xC5F7, 0xC5F8, 0xC5F7,
0xC5F7, 0xBDD6, 0xC617, 0xC5D7, 0xBDB6, 0xC5F7, 0xC5F7, 0xBDB7, 0xBDB6, 0xC618, 0xB596, 0xB575,
0xBDB7, 0xBDD7, 0xAD35, 0xB596, 0xBDD7, 0xAD55, 0xAD55, 0xB5B6, 0xB596, 0xA514, 0xB5B6, 0xB596,
0x9CF3, 0xA535, 0xB576, 0xA535, 0x9CF3, 0xAD35, 0xAD55, 0x9CD3, 0xA514, 0xAD55, 0x9CF3, 0x9CD2,
0xAD75, 0xAD54, 0x9CD2, 0xAD34, 0xB575, 0xA4F3, 0xA4F3, 0xB596, 0xB555, 0x9CB2, 0xB555, 0xBDD7,
0xA4D3, 0xAD34, 0xBDB6, 0xAD14, 0xA4F3, 0xBDB6, 0xB595, 0xA4D3, 0xC5D7, 0xC5F7, 0xA4F3, 0xB575,
0xC617, 0xBD96, 0xBDB6, 0xAD34, 0x840F, 0x7BEF, 0x738F, 0x6B8E, 0x6B6E, 0x634D, 0x6B8E, 0x8430,
0x632D, 0x8C72, 0xCE59, 0xC617, 0x9CB2, 0x632C, 0x4249, 0x3A08, 0x39E8, 0x31C8, 0x31C8, 0x31C8,
0x31E8, 0x39E8, 0x31E8, 0x39E8, 0x4229, 0x424A, 0x52AB, 0x5B2D, 0x5B0D, 0x634D, 0x73CF, 0x8410,
0x7BCF, 0x7BCF, 0x73AF, 0x73AF, 0x6B6E, 0x630D, 0x5ACB, 0x4A6A, 0x4229, 0x3A09, 0x3A09, 0x4A6A,
0x52CB, 0x52AB, 0x4A6A, 0x4249, 0x4229, 0x39E8, 0x31C8, 0x2987, 0x2986, 0x2166, 0x2146, 0x2146,
0x2146, 0x2166, 0x2987, 0x31C8, 0x31E9, 0x31E8, 0x31A8, 0x29A7, 0x2987, 0x2987, 0x2987, 0x2166,
0x2166, 0x2166, 0x29A7, 0x29A8, 0x31C8, 0x3A09, 0x4249, 0x4A69, 0x4A6A, 0x4A6A, 0x52EB, 0x5B2D,
0x73AF, 0x8C51, 0x9492, 0x9CB2, 0xA4D3, 0xA4F3, 0x9CB2, 0x9492, 0x8C51, 0x8C30, 0x9451, 0xA4F4,
0xAD55, 0xA535, 0x8C51, 0x5AEC, 0x4209, 0x3A09, 0x31E8, 0x31E8, 0x4229, 0x4A6A, 0x426A, 0x4A6A,
0x426A, 0x426A, 0x4A8A, 0x4A8A, 0x4A8A, 0x52AB, 0x52CB, 0x5B0C, 0x630C, 0x5AEB, 0x528A, 0x39E7,
0x2125, 0x10A3, 0x0862, 0x0042, 0x0042, 0x0042, 0x0022, 0x0022, 0x0022, 0x0022, 0x0022, 0x0022,
0x0021, 0x0021, 0x0021, 0x0041, 0x0041, 0x0022, 0x0022, 0x0022, 0x0042, 0x0042, 0x0042, 0x0042,
0x0042, 0x0042, 0x0042, 0x0042, 0x0022, 0x0022, 0x0042, 0x10E5, 0x29A8, 0x426A, 0x52CB, 0x634D,
0x73AF, 0x7C10, 0x8C51, 0x9471, 0x9492, 0x9CB2, 0xA4D3, 0xA4D3, 0xA4D3, 0xA4D3, 0xA4D3, 0xA4D2,
0xA4D2, 0x9CD2, 0xA4D2, 0xA4D2, 0x9CB2, 0x9C92, 0x9492, 0x9492, 0x9492, 0x9471, 0x9471, 0x9471,
0x9471, 0x8C51, 0x8C51, 0x8C51, 0x8431, 0x8431, 0x8C72, 0x94B3, 0x9CD3, 0x83EF, 0x39A6, 0x1925,
0x2167, 0x73D0, 0xA576, 0xA535, 0xAD55, 0xAD35, 0xAD35, 0xAD35, 0xAD35, 0xAD55, 0xAD55, 0xAD76,
0xAD55, 0xB576, 0xB596, 0xB596, 0xB596, 0xBDD6, 0xBDB6, 0xBDB6, 0xBDD7, 0xC5D7, 0xC5F7, 0xC5F7,
0xC618, 0xC618, 0xC618, 0xCE38, 0xCE59, 0xCE38, 0xCE38, 0xD659, 0xD659, 0xD659, 0xD659, 0xD679,
0xD659, 0xD659, 0xD699, 0xD679, 0xD679, 0xD679, 0xD679, 0xD679, 0xD679, 0xD699, 0xD679, 0xD679,
0xD699, 0xD679, 0xD659, 0xD659, 0xD679, 0xCE59, 0xCE59, 0xD679, 0xCE59, 0xCE38, 0xCE59, 0xCE38,
0xC618, 0xCE18, 0xCE38, 0xCE18, 0xCDF7, 0xC5F7, 0xC5F8, 0xC5F7, 0xBDD7, 0xB596, 0xC617, 0xBDD7,
0xB5B6, 0xC5F7, 0xC5F7, 0xB596, 0xB5B6, 0xBDF7, 0xB575, 0xAD35, 0xBDB7, 0xB596, 0xA514, 0xB576,
0xBDB7, 0xA514, 0xAD55, 0xB5B6, 0xAD55, 0x9CF3, 0xAD75, 0xAD75, 0x9CF3, 0xA514, 0xAD55, 0x9CF4,
0x9CD3, 0xA535, 0xA534, 0x94B2, 0xA514, 0xAD55, 0x9CF3, 0x9CD2, 0xAD55, 0xA534, 0x94B2, 0xAD34,
0xB575, 0x9CB2, 0x9CF3, 0xB596, 0xAD34, 0x9492, 0xB596, 0xB575, 0x9CD3, 0xB575, 0xBDB6, 0xA4F3,
0xA4F3, 0xBDD7, 0xB595, 0x9CB2, 0xC5D7, 0xC5D7, 0xA4F3, 0xB575, 0xC5F7, 0xBD96, 0xBDB6, 0xA4F3,
0x8410, 0x7BEF, 0x738F, 0x6B4D, 0x632D, 0x632D, 0x634D, 0x8431, 0x6B8F, 0x8431, 0xC638, 0xC617,
0x94B2, 0x6B4D, 0x4A6A, 0x3A08, 0x39C8, 0x31C8, 0x31C8, 0x31C8, 0x31E8, 0x31E8, 0x31E8, 0x31E8,
0x3A09, 0x4229, 0x4A8A, 0x52EC, 0x634D, 0x73CF, 0x8430, 0x8430, 0x7BEF, 0x7BCF, 0x73CF, 0x738E,
0x6B6D, 0x630C, 0x5ACB, 0x4A6A, 0x4229, 0x3A09, 0x3A09, 0x4A6A, 0x52CC, 0x52AB, 0x4A6A, 0x4229,
0x3A09, 0x31E8, 0x31C8, 0x2987, 0x2966, 0x2166, 0x2146, 0x2146, 0x2146, 0x2166, 0x2967, 0x31C8,
0x31E9, 0x31E8, 0x31A8, 0x29A7, 0x2987, 0x2987, 0x2167, 0x2166, 0x2166, 0x2166, 0x2987, 0x29A8,
0x31C8, 0x39E9, 0x4249, 0x4A49, 0x4A6A, 0x4AAA, 0x5AEB, 0x6B8E, 0x8410, 0x9492, 0xA4F3, 0xB555,
0xB595, 0xB595, 0xAD14, 0x9CD3, 0x8C51, 0x8C51, 0xA514, 0xB576, 0xA535, 0x8C72, 0x6B8E, 0x4A6A,
0x4229, 0x3A08, 0x31E8, 0x3A08, 0x4A6A, 0x4A8A, 0x4A8B, 0x424A, 0x426A, 0x426A, 0x4A8A, 0x4A8A,
0x4A8A, 0x528B, 0x52AB, 0x5AEB, 0x5AEC, 0x5AEC, 0x528A, 0x39E7, 0x2125, 0x10A3, 0x0862, 0x0062,
0x0042, 0x0042, 0x0022, 0x0022, 0x0022, 0x0022, 0x0022, 0x0022, 0x0021, 0x0021, 0x0021, 0x0041,
0x0041, 0x0042, 0x0022, 0x0022, 0x0042, 0x0042, 0x0042, 0x0042, 0x0042, 0x0042, 0x0042, 0x0042,
0x0022, 0x0022, 0x0042, 0x10E5, 0x29A8, 0x424A, 0x52CB, 0x634D, 0x73AF, 0x7C10, 0x8430, 0x8C51,
0x9492, 0x9CB2, 0xA4D3, 0xA4D3, 0xA4D3, 0xA4D3, 0xA4D3, 0xA4D3, 0x9CD2, 0x9CD2, 0xA4D3, 0xA4D3,
0x9CD2, 0x9C92, 0x9C92, 0x9492, 0x9492, 0x9471, 0x9471, 0x9471, 0x9471, 0x8C50, 0x8C51, 0x8C51,
0x8430, 0x8430, 0x8C51, 0x94B3, 0x9CD3, 0x83EF, 0x3986, 0x1925, 0x2167, 0x73F1, 0xA576, 0xAD55,
0xAD55, 0xAD35, 0xAD35, 0xAD35, 0xAD35, 0xAD55, 0xAD55, 0xAD75, 0xAD75, 0xB576, 0xB596, 0xB596,
0xB596, 0xBDD6, 0xBDB6, 0xBDD6, 0xC5F7, 0xC5F7, 0xC5F7, 0xC5F7, 0xC618, 0xC618, 0xCE18, 0xCE38,
0xCE59, 0xCE38, 0xCE38, 0xD659, 0xD659, 0xD659, 0xD659, 0xD679, 0xD659, 0xD679, 0xD699, 0xD679,
0xD679, 0xD679, 0xD679, 0xD679, 0xD679, 0xD699, 0xD679, 0xD679, 0xD699, 0xD679, 0xD659, 0xD659,
0xD679, 0xCE59, 0xCE59, 0xD679, 0xCE59, 0xCE38, 0xCE59, 0xCE38, 0xC618, 0xCE18, 0xCE18, 0xCE18,
0xCDF7, 0xC5F7, 0xC5F8, 0xC5F7, 0xAD34, 0xB575, 0xC5F7, 0xBDD7, 0xB596, 0xC5F7, 0xC5D7, 0xB555,
0xB596, 0xBDB6, 0xAD55, 0xAD14, 0xBD96, 0xB555, 0xA514, 0xAD55, 0xAD55, 0xA4F4, 0xA534, 0xAD55,
0xA514, 0x9CD3, 0xA534, 0xA534, 0x9CD3, 0xA514, 0xAD35, 0x9CD3, 0x9CD3, 0xA535, 0xA514, 0x94B2,
0xA514, 0xA514, 0x9CD3, 0x9CD3, 0xB576, 0xA514, 0x9492, 0xB575, 0xB555, 0x94B2, 0xA514, 0xB5B6,
0xA4F3, 0x9CD3, 0xB596, 0xB595, 0x9471, 0xB575, 0xBDB6, 0x9CD3, 0xA4D3, 0xBDD7, 0xB575, 0x9C92,
0xC5D7, 0xC5D7, 0xA4F3, 0xB575, 0xC5F7, 0xB596, 0xBD96, 0x9CB2, 0x83EF, 0x7BEF, 0x6B6E, 0x6B4D,
0x5B0C, 0x5AEC, 0x5B0C, 0x7C11, 0x7C10, 0x73AF, 0xB596, 0xC618, 0x9492, 0x6B6D, 0x5ACB, 0x4A6A,
0x39C8, 0x31C8, 0x31C8, 0x31C8, 0x31E8, 0x31E8, 0x31E8, 0x31E8, 0x3A29, 0x3A29, 0x424A, 0x52CB,
0x632D, 0x7BD0, 0x8431, 0x8430, 0x83EF, 0x83CF, 0x7BCF, 0x738E, 0x6B4D, 0x630C, 0x5ACB, 0x4A6A,
0x4229, 0x3A09, 0x3A09, 0x4A6A, 0x52AB, 0x4A8A, 0x4249, 0x4229, 0x3A09, 0x31C8, 0x31A8, 0x2987,
0x2966, 0x2166, 0x2146, 0x2146, 0x2146, 0x2146, 0x2967, 0x31C8, 0x31E8, 0x31E8, 0x29A8, 0x29A7,
0x2987, 0x2166, 0x2166, 0x2166, 0x2166, 0x2166, 0x2987, 0x29A7, 0x31A8, 0x3A09, 0x4249, 0x4A8A,
0x4A8B, 0x52CB, 0x634D, 0x73AE, 0x8C30, 0xAD34, 0xBD95, 0xBD96, 0xBDB6, 0xBD96, 0xAD34, 0x9492,
0x9492, 0xA514, 0xB576, 0xAD76, 0x8C72, 0x6BAF, 0x632D, 0x4229, 0x4229, 0x31E8, 0x31E8, 0x4229,
0x52AB, 0x5AEC, 0x4AAB, 0x39E9, 0x426A, 0x426A, 0x4A6A, 0x4A6A, 0x4A6A, 0x4A6A, 0x4A8B, 0x52CB,
0x52CB, 0x52CB, 0x528A, 0x39E8, 0x2965, 0x18E4, 0x0862, 0x0042, 0x0042, 0x0042, 0x0022, 0x0022,
0x0022, 0x0022, 0x0022, 0x0022, 0x0021, 0x0021, 0x0041, 0x0041, 0x0041, 0x0042, 0x0042, 0x0042,
0x0042, 0x0042, 0x0042, 0x0042, 0x0042, 0x0042, 0x0042, 0x0042, 0x0022, 0x0022, 0x0042, 0x00A4,
0x2167, 0x3A09, 0x4A8A, 0x5B2D, 0x738E, 0x7C10, 0x8430, 0x8C51, 0x9492, 0x9CD3, 0xA4F3, 0xA4F3,
0xA4D3, 0xA4D3, 0xA4D2, 0x9CD3, 0x9CD3, 0x9CD3, 0x9CD3, 0x9CD3, 0x9CD2, 0x9CB2, 0x9C92, 0x9491,
0x9491, 0x9471, 0x9471, 0x9471, 0x9471, 0x9451, 0x8C50, 0x8C30, 0x8C30, 0x8430, 0x8C51, 0x8C92,
0x94B2, 0x738D, 0x3165, 0x1905, 0x2187, 0x8CB3, 0x9D15, 0xAD35, 0xAD55, 0xA534, 0xA535, 0xAD35,
0xAD35, 0xAD55, 0xAD55, 0xAD75, 0xAD75, 0xB596, 0xB596, 0xB596, 0xBDB6, 0xBDB6, 0xBDD6, 0xBDD7,
0xC5F7, 0xC5F7, 0xC617, 0xC618, 0xC618, 0xCE38, 0xCE38, 0xCE38, 0xCE58, 0xCE38, 0xD659, 0xD659,
0xD659, 0xD659, 0xD679, 0xD679, 0xD679, 0xD679, 0xD699, 0xD679, 0xD679, 0xD679, 0xD679, 0xD679,
0xD679, 0xD699, 0xD679, 0xD679, 0xD699, 0xD679, 0xD659, 0xD679, 0xD659, 0xCE59, 0xCE59, 0xD679,
0xCE59, 0xCE38, 0xCE59, 0xCE38, 0xCE38, 0xC618, 0xC5F7, 0xCDF7, 0xC5F7, 0xC5D7, 0xC5F7, 0xC5F8,
0xBDB6, 0xBDB6, 0xBDD7, 0xBDB7, 0xB595, 0xBDD7, 0xBD96, 0xAD55, 0xB5B6, 0xBDD7, 0xAD35, 0xAD14,
0xB576, 0xAD55, 0x9CD4, 0xAD35, 0xAD55, 0x9CF3, 0xA514, 0xA534, 0xA4F4, 0x9CF3, 0xA534, 0xA513,
0x9CD3, 0xA514, 0xA535, 0x9CD3, 0x9CD3, 0xA534, 0x9CF3, 0x94B2, 0xA514, 0xA514, 0x9492, 0x9CF3,
0xAD75, 0xA4F3, 0x9CB2, 0xB575, 0xAD55, 0x9492, 0xA534, 0xB596, 0x9CB2, 0x9CB3, 0xBDB6, 0xAD55,
0x9472, 0xAD55, 0xB596, 0x9492, 0xA4F3, 0xBDB6, 0xA4F3, 0x9C92, 0xBDB6, 0xBDB6, 0x9492, 0xB595,
0xBDD7, 0xAD55, 0xB575, 0x9C92, 0x83EF, 0x7BCF, 0x6B6E, 0x634D, 0x5AEC, 0x5AEC, 0x5B0C, 0x7C10,
0x8451, 0x6B8E, 0x94F4, 0x8C93, 0x73AF, 0x5B0C, 0x52CB, 0x52AB, 0x3A09, 0x31E8, 0x39E8, 0x31C8,
0x31E8, 0x31E8, 0x31E8, 0x3A09, 0x3A29, 0x3A29, 0x4229, 0x4A4A, 0x52CC, 0x6B8F, 0x8451, 0x9492,
0x9471, 0x8C30, 0x83EF, 0x73AE, 0x6B6D, 0x630C, 0x5ACB, 0x4A8A, 0x4249, 0x4229, 0x4249, 0x4A8A,
0x52CB, 0x4A8A, 0x4249, 0x4229, 0x3A08, 0x31E8, 0x29A7, 0x2967, 0x2166, 0x2146, 0x2146, 0x2146,
0x1926, 0x2146, 0x2967, 0x31E8, 0x31E8, 0x31C8, 0x29A7, 0x2987, 0x2987, 0x2166, 0x2166, 0x2166,
0x2166, 0x2166, 0x2987, 0x29A8, 0x31C8, 0x3A29, 0x4A6A, 0x52AB, 0x52AB, 0x5AEC, 0x632D, 0x7BCF,
0x9CB2, 0xB575, 0xC5F6, 0xC5F7, 0xC5D7, 0xB596, 0xA513, 0xA4F3, 0xAD55, 0xB596, 0xAD56, 0x9CF4,
0x7C11, 0x6B6E, 0x4A8B, 0x4229, 0x31E8, 0x31E7, 0x3A08, 0x4A8B, 0x5AEC, 0x5AEC, 0x426A, 0x2987,
0x426A, 0x426A, 0x4A6A, 0x4A6A, 0x4A6A, 0x4A6A, 0x4A8B, 0x52AB, 0x52CB, 0x52AB, 0x528A, 0x39E8,
0x2946, 0x1904, 0x0883, 0x0062, 0x0042, 0x0042, 0x0022, 0x0022, 0x0022, 0x0022, 0x0022, 0x0022,
0x0021, 0x0041, 0x0041, 0x0041, 0x0041, 0x0042, 0x0042, 0x0042, 0x0042, 0x0042, 0x0042, 0x0042,
0x0042, 0x0042, 0x0042, 0x0042, 0x0022, 0x0022, 0x0042, 0x00A3, 0x2167, 0x3A09, 0x4A8A, 0x5B0C,
0x6B6E, 0x7BF0, 0x8430, 0x8C51, 0x9492, 0x94B2, 0x9CD3, 0xA4F3, 0xA4D3, 0xA4D3, 0x9CD2, 0x9CD3,
0x9CD3, 0x9CD2, 0x9CB2, 0x9CB2, 0x9CB2, 0x9C92, 0x9C91, 0x9471, 0x9471, 0x9471, 0x9491, 0x9492,
0x9492, 0x9471, 0x9451, 0x8C50, 0x8C30, 0x8430, 0x8430, 0x8C92, 0x94B2, 0x738D, 0x3165, 0x2105,
0x2987, 0x8CB3, 0x9D15, 0xA534, 0xA534, 0xA535, 0xAD35, 0xAD35, 0xAD35, 0xAD55, 0xAD55, 0xAD75,
0xAD75, 0xB596, 0xB596, 0xB596, 0xBDD6, 0xBDD6, 0xBDD6, 0xBDD6, 0xC5F7, 0xC5F7, 0xC617, 0xCE38,
0xCE38, 0xCE38, 0xCE38, 0xCE38, 0xCE59, 0xCE38, 0xD659, 0xD659, 0xD659, 0xD659, 0xD679, 0xD679,
0xD679, 0xD679, 0xD699, 0xD679, 0xD679, 0xD679, 0xD679, 0xD679, 0xD679, 0xD699, 0xD679, 0xD679,
0xD699, 0xD679, 0xD659, 0xD679, 0xD679, 0xCE59, 0xCE59, 0xD679, 0xCE59, 0xCE38, 0xCE38, 0xCE38,
0xCE38, 0xC618, 0xCDF7, 0xCDF7, 0xC5F7, 0xBDD7, 0xC5F7, 0xC5D7, 0xB596, 0xBDB6, 0xBDF7, 0xB596,
0xB575, 0xBDB6, 0xB595, 0xA534, 0xAD75, 0xB575, 0xA4F4, 0xAD15, 0xAD55, 0xAD35, 0xA4D4, 0xA535,
0xA535, 0x9CD3, 0xA514, 0xAD35, 0x9CF3, 0x9CD3, 0xA514, 0x9CF3, 0x94D3, 0x9CF4, 0xA535, 0x94B3,
0x9CD3, 0xA534, 0x9CD3, 0x94B2, 0xA514, 0xA514, 0x9492, 0x9CD3, 0xAD75, 0xA4F4, 0x9C92, 0xAD55,
0xA514, 0x9492, 0xA534, 0xB596, 0x9CB3, 0x9CB3, 0xB596, 0xA514, 0x9472, 0xAD55, 0xB576, 0x9492,
0xA4F4, 0xBDB6, 0xA4D3, 0x9C92, 0xBDB6, 0xBD96, 0x9491, 0xB575, 0xBDB6, 0xAD55, 0xAD55, 0x9471,
0x7BCF, 0x7BCF, 0x6B4D, 0x5AEC, 0x52AB, 0x5ACC, 0x52CB, 0x6B8E, 0x7C10, 0x636E, 0x5B0D, 0x422A,
0x424A, 0x5AEC, 0x5ACC, 0x52AB, 0x4A6A, 0x3A09, 0x31E8, 0x31C8, 0x31E8, 0x31E8, 0x31E8, 0x3A09,
0x3A29, 0x3A29, 0x4229, 0x4229, 0x4AAB, 0x634E, 0x8451, 0xA514, 0xAD14, 0xA4D3, 0x8C30, 0x83EF,
0x738E, 0x634D, 0x5AEC, 0x4A8A, 0x4249, 0x4229, 0x4229, 0x4A6A, 0x52AB, 0x4A6A, 0x4249, 0x4229,
0x3A09, 0x31C8, 0x29A7, 0x2967, 0x2166, 0x2146, 0x2146, 0x2146, 0x1926, 0x2146, 0x2967, 0x31E8,
0x31E8, 0x31C8, 0x29A7, 0x2987, 0x2987, 0x2166, 0x2166, 0x2987, 0x2987, 0x2987, 0x2987, 0x29A8,
0x31C8, 0x3A09, 0x4A8A, 0x52AB, 0x52CB, 0x632C, 0x634D, 0x83EF, 0x9CB2, 0xBD95, 0xC5F7, 0xC5D7,
0xB575, 0xAD34, 0xB554, 0xBDB6, 0xBDD6, 0xB576, 0x9CF4, 0x8431, 0x73CF, 0x5ACC, 0x4A8B, 0x3A29,
0x31E8, 0x31E8, 0x4249, 0x52AB, 0x5AEC, 0x52CB, 0x31E8, 0x2987, 0x424A, 0x426A, 0x4A6A, 0x426A,
0x426A, 0x4A6A, 0x4A8A, 0x4A8B, 0x52AB, 0x528B, 0x4A6A, 0x39E8, 0x2986, 0x2125, 0x10C3, 0x0862,
0x0042, 0x0042, 0x0022, 0x0022, 0x0022, 0x0022, 0x0022, 0x0022, 0x0021, 0x0042, 0x0042, 0x0042,
0x0042, 0x0042, 0x0042, 0x0042, 0x0042, 0x0022, 0x0042, 0x0042, 0x0042, 0x0042, 0x0042, 0x0042,
0x0022, 0x0021, 0x0042, 0x0083, 0x1946, 0x3209, 0x4A6A, 0x52AB, 0x632D, 0x73AE, 0x7C10, 0x8C51,
0x9492, 0x9492, 0x9CD3, 0x9CD3, 0x9CD3, 0x9CD2, 0x9CD2, 0x9CD2, 0x9CB2, 0x9CB2, 0x9C92, 0x9CB2,
0x9CB2, 0x9492, 0x9471, 0x9471, 0x9471, 0x9471, 0x9492, 0x9492, 0x9C92, 0x9471, 0x9471, 0x9451,
0x8C30, 0x8C30, 0x8430, 0x8C51, 0x9491, 0x734D, 0x3165, 0x2125, 0x21A8, 0x8CD4, 0x9D35, 0xAD35,
0xAD55, 0xAD35, 0xAD55, 0xAD55, 0xAD55, 0xAD55, 0xAD75, 0xAD75, 0xAD75, 0xB596, 0xB596, 0xB596,
0xBDB6, 0xBDD6, 0xC5D7, 0xC5F7, 0xC5F7, 0xC5F7, 0xCE18, 0xCE38, 0xCE38, 0xCE38, 0xCE38, 0xCE58,
0xCE59, 0xCE59, 0xD659, 0xD659, 0xD659, 0xD679, 0xD679, 0xD679, 0xD679, 0xD679, 0xD679, 0xD679,
0xD679, 0xD679, 0xD679, 0xD679, 0xD679, 0xD699, 0xD679, 0xD679, 0xD679, 0xD659, 0xD659, 0xD679,
0xD679, 0xCE59, 0xCE59, 0xD659, 0xCE59, 0xCE38, 0xCE38, 0xCE18, 0xCE18, 0xC5F7, 0xC5F7, 0xC5F7,
0xC5D7, 0xBDB6, 0xBDD7, 0xBDD7, 0xB576, 0xB596, 0xB5B6, 0xB576, 0xAD55, 0xB575, 0xAD34, 0xA514,
0xAD55, 0xAD35, 0xA4F4, 0xA4F4, 0xAD35, 0xA514, 0x9CD4, 0xA514, 0xA4F4, 0x9CB3, 0xA514, 0xA534,
0x9CD3, 0x9CD3, 0xA534, 0x9CF3, 0x94B2, 0xA514, 0xA535, 0x94B3, 0x9CD3, 0xA534, 0x9CD3, 0x9492,
0xA514, 0xA514, 0x9492, 0x9CF3, 0xAD55, 0x9CD3, 0x9CB2, 0xAD55, 0xA514, 0x9471, 0xA534, 0xB575,
0x9492, 0x9CD3, 0xB575, 0xA4D3, 0x9471, 0xAD35, 0xB555, 0x9472, 0x9CD3, 0xBD96, 0xA4D3, 0x9492,
0xBD96, 0xB575, 0x9471, 0xAD55, 0xB575, 0xAD34, 0xAD54, 0x8C51, 0x7BCF, 0x7BCF, 0x6B4D, 0x5ACC,
0x4A8B, 0x52AB, 0x4A8B, 0x634D, 0x7C10, 0x6BAF, 0x52EC, 0x422A, 0x39E9, 0x52AB, 0x5B0C, 0x5AEC,
0x52CB, 0x426A, 0x39E8, 0x31A8, 0x31C8, 0x31E8, 0x31E8, 0x3A08, 0x3A29, 0x3A29, 0x424A, 0x424A,
0x426A, 0x5B0D, 0x7C11, 0x9D14, 0xB595, 0xBDB6, 0xA4F3, 0x8C30, 0x7B8E, 0x6B4D, 0x5AEB, 0x52AA,
0x4A69, 0x4229, 0x4229, 0x4A6A, 0x4A8B, 0x4A6A, 0x4249, 0x4229, 0x3A09, 0x31C8, 0x29A7, 0x2967,
0x2166, 0x2146, 0x2126, 0x2146, 0x2146, 0x2146, 0x2967, 0x31E8, 0x31E8, 0x31C8, 0x29A7, 0x2987,
0x2987, 0x2166, 0x2166, 0x2186, 0x2987, 0x2987, 0x2987, 0x29A8, 0x31C8, 0x3A29, 0x4A8A, 0x52CB,
0x52CB, 0x632D, 0x7BEF, 0x8C71, 0x9CF3, 0xAD55, 0xBD96, 0xB595, 0xB575, 0xBD95, 0xCE17, 0xCE58,
0xCE18, 0xA4F4, 0x8C51, 0x8430, 0x6B8E, 0x52CB, 0x4A6A, 0x3A09, 0x31E8, 0x3A29, 0x4AAB, 0x52EC,
0x5AEC, 0x52AB, 0x31C8, 0x29A7, 0x424A, 0x426A, 0x426A, 0x426A, 0x426A, 0x4A8A, 0x4A8A, 0x4A8B,
0x4A8B, 0x4A8B, 0x4A6A, 0x3A08, 0x2987, 0x2125, 0x18E4, 0x0883, 0x0042, 0x0041, 0x0021, 0x0022,
0x0022, 0x0022, 0x0022, 0x0022, 0x0042, 0x0042, 0x0042, 0x0042, 0x0042, 0x0042, 0x0042, 0x0042,
0x0042, 0x0042, 0x0042, 0x0022, 0x0021, 0x0041, 0x0042, 0x0042, 0x0042, 0x0041, 0x0042, 0x0063,
0x1926, 0x29C8, 0x424A, 0x52AB, 0x630D, 0x738F, 0x7BF0, 0x8C51, 0x8C71, 0x9492, 0x9CB2, 0x9CB2,
0x9CB3, 0x9CB2, 0x9CB2, 0x9CB2, 0x9CB2, 0x9CB2, 0x9CB2, 0x9C92, 0x9C92, 0x9472, 0x9471, 0x9471,
0x9471, 0x9472, 0x9C92, 0x9C92, 0x9C92, 0x9C92, 0x9471, 0x9471, 0x8C51, 0x8C30, 0x8C30, 0x8C51,
0x9491, 0x6B2C, 0x2125, 0x1926, 0x21A8, 0x8CF4, 0xA535, 0xA535, 0xA534, 0xAD35, 0xAD35, 0xAD55,
0xAD55, 0xAD55, 0xB575, 0xB576, 0xAD76, 0xB596, 0xB5B6, 0xB5B6, 0xBDB6, 0xC5D7, 0xC5D7, 0xC618,
0xC638, 0xC617, 0xCE18, 0xCE38, 0xCE38, 0xCE38, 0xCE58, 0xCE59, 0xCE59, 0xCE59, 0xD659, 0xD659,
0xD659, 0xD679, 0xD679, 0xD679, 0xD679, 0xD679, 0xD679, 0xD679, 0xD679, 0xD679, 0xD679, 0xD679,
0xD699, 0xD699, 0xD679, 0xD679, 0xD679, 0xD659, 0xD659, 0xD679, 0xD659, 0xCE59, 0xCE59, 0xCE59,
0xCE38, 0xCE38, 0xCE38, 0xCE17, 0xC5F7, 0xC5F7, 0xC5D7, 0xC5D7, 0xBDD6, 0xBDB6, 0xBDD6, 0xB596,
0xB576, 0xB596, 0xB596, 0xAD55, 0xAD35, 0xAD55, 0xA514, 0xA513, 0xAD55, 0xAD55, 0x9CD4, 0x9CF4,
0xA514, 0xA4F4, 0x9CD4, 0xA4F4, 0x9CD3, 0x9CB3, 0xA4F4, 0xA4F4, 0x9CB3, 0x9CD3, 0xA534, 0x9CF3,
0x94B2, 0x9CF3, 0xA514, 0x94B3, 0x9CD3, 0xA514, 0x9CB2, 0x9492, 0xA4F4, 0x9CF3, 0x9492, 0x9CD3,
0xA554, 0x94D2, 0x94B2, 0xAD35, 0x9CF3, 0x9471, 0xA534, 0xAD34, 0x9492, 0x9CD3, 0xAD55, 0x9CB3,
0x8C51, 0xA514, 0xAD34, 0x8C51, 0xAD14, 0xBD75, 0x9CD3, 0x9472, 0xB575, 0xAD55, 0x9471, 0xAD34,
0xB555, 0xA514, 0xA513, 0x8C51, 0x7BEF, 0x73AF, 0x632D, 0x4A6A, 0x4A6A, 0x4A6A, 0x426A, 0x5AEC,
0x73CF, 0x6BAF, 0x52EC, 0x4A8B, 0x39E8, 0x3A09, 0x52CC, 0x5B0C, 0x52EB, 0x52AB, 0x424A, 0x39E8,
0x29A7, 0x31C8, 0x31E8, 0x39E8, 0x3A29, 0x424A, 0x424A, 0x424A, 0x4A6A, 0x52AB, 0x634D, 0x94D3,
0xBDB6, 0xC617, 0xC5D6, 0xAD34, 0x8C10, 0x6B4D, 0x5ACB, 0x52CB, 0x4A8A, 0x4A6A, 0x4249, 0x4A6A,
0x4A6B, 0x424A, 0x4229, 0x4229, 0x3A09, 0x31C8, 0x29A7, 0x2967, 0x2166, 0x2125, 0x2126, 0x2146,
0x2146, 0x2146, 0x2967, 0x31C8, 0x31E8, 0x31C8, 0x29A7, 0x2987, 0x2967, 0x2967, 0x2166, 0x2186,
0x2987, 0x2987, 0x2988, 0x31C8, 0x31E8, 0x3A29, 0x528B, 0x5ACC, 0x632D, 0x73AE, 0x8C51, 0x9492,
0x94D3, 0xA514, 0xAD54, 0xB575, 0xC5F7, 0xD658, 0xD679, 0xD679, 0xCE38, 0x94B3, 0x8410, 0x7C10,
0x632D, 0x4A8B, 0x426A, 0x3A09, 0x39E9, 0x4229, 0x4AAB, 0x52CB, 0x52CC, 0x424A, 0x31A8, 0x31C8,
0x424A, 0x424A, 0x426A, 0x426A, 0x426A, 0x4A6A, 0x4A8A, 0x4A8A, 0x4A8A, 0x4A8B, 0x4A4A, 0x3A08,
0x31A7, 0x2945, 0x18E4, 0x10A3, 0x0862, 0x0041, 0x0021, 0x0022, 0x0022, 0x0022, 0x0022, 0x0022,
0x0042, 0x0042, 0x0042, 0x0042, 0x0042, 0x0042, 0x0042, 0x0042, 0x0042, 0x0042, 0x0042, 0x0882,
0x18E3, 0x0882, 0x0882, 0x08A3, 0x0882, 0x0062, 0x0042, 0x0063, 0x1926, 0x29C8, 0x424A, 0x4A8B,
0x52CC, 0x634E, 0x73CF, 0x8430, 0x8C51, 0x9472, 0x9492, 0x9CB2, 0x9CB2, 0x9CB2, 0x9CB2, 0x9CB2,
0x9CB2, 0x9CB2, 0x9CB2, 0x9CB2, 0x9C92, 0x9472, 0x9471, 0x9471, 0x9491, 0x9491, 0x9C92, 0x9C92,
0x9C92, 0x9492, 0x9471, 0x9471, 0x9471, 0x8C51, 0x8C30, 0x8C30, 0x8C51, 0x632C, 0x2124, 0x1946,
0x21A8, 0x8CD4, 0x9D35, 0xA515, 0xAD35, 0xAD35, 0xAD35, 0xAD55, 0xAD55, 0xAD55, 0xB576, 0xB576,
0xB596, 0xBDB6, 0xBDB6, 0xBDB6, 0xBDD7, 0xC5D7, 0xC5F7, 0xC5F8, 0xC618, 0xC617, 0xCE38, 0xCE58,
0xCE38, 0xCE59, 0xD659, 0xCE59, 0xCE59, 0xCE59, 0xD659, 0xD659, 0xD679, 0xD679, 0xD679, 0xD679,
0xD679, 0xD679, 0xD679, 0xD679, 0xD679, 0xD679, 0xD679, 0xD679, 0xD699, 0xD679, 0xD679, 0xD679,
0xD679, 0xD659, 0xD659, 0xD679, 0xCE59, 0xCE59, 0xCE59, 0xCE38, 0xCE38, 0xCE18, 0xC617, 0xC617,
0xC5F7, 0xC5D7, 0xBDD7, 0xC5D7, 0xBDD7, 0xBDB6, 0xBDB6, 0xB576, 0xAD75, 0xAD76, 0xAD76, 0xAD35,
0xAD34, 0xAD34, 0xA514, 0x9CF3, 0xA514, 0xA514, 0x9CD3, 0x9CF3, 0xA514, 0x9CF4, 0x9CD4, 0xA4F4,
0x9CD3, 0x9CB3, 0xA4F3, 0xA4F3, 0x9CD3, 0x9CF3, 0xA514, 0x9CF3, 0x94B2, 0x9CF4, 0x9CF3, 0x94B3,
0x9CD3, 0x9CF4, 0x9492, 0x9492, 0x9CF4, 0x9CF3, 0x8C71, 0x9CD3, 0xA534, 0x94D2, 0x94B2, 0xA534,
0x9CD3, 0x8C71, 0xA534, 0xA514, 0x9492, 0x9CD3, 0xAD55, 0x9CB3, 0x8C51, 0xA514, 0xA514, 0x8C51,
0xA4F4, 0xB575, 0x9472, 0x9492, 0xB595, 0x9CD3, 0x8C51, 0xAD35, 0xAD35, 0xA4F3, 0xA4F3, 0x8C30,
0x7BCF, 0x6B8E, 0x5AEC, 0x4A6A, 0x4A6A, 0x424A, 0x4249, 0x4A8A, 0x5B2D, 0x636E, 0x4AAB, 0x4A8A,
0x4229, 0x31C8, 0x3A29, 0x52CB, 0x5B0C, 0x5B0C, 0x52AA, 0x4A49, 0x39E8, 0x31C8, 0x31E8, 0x39E8,
0x3A29, 0x3A29, 0x424A, 0x424A, 0x4A8A, 0x52AB, 0x632D, 0x7BF0, 0xA514, 0xBDD7, 0xC5F7, 0xC5D6,
0xB534, 0x8C10, 0x6B4C, 0x5AEB, 0x4A8A, 0x4A6A, 0x424A, 0x4A6A, 0x424A, 0x422A, 0x3A29, 0x3A29,
0x31E8, 0x31C8, 0x31A7, 0x2966, 0x2966, 0x2125, 0x2126, 0x2146, 0x2146, 0x2146, 0x2967, 0x31C8,
0x31E8, 0x31C8, 0x29A7, 0x2987, 0x2967, 0x2967, 0x2166, 0x2186, 0x2167, 0x2967, 0x29A8, 0x31C8,
0x31E8, 0x3A29, 0x4AAB, 0x5B0C, 0x6B6E, 0x7BCF, 0x8C31, 0x9492, 0x94B3, 0xA514, 0xB575, 0xC618,
0xD679, 0xD679, 0xD679, 0xD679, 0xBDD7, 0x9492, 0x8C51, 0x73CF, 0x52CB, 0x426A, 0x424A, 0x3A09,
0x3A09, 0x426A, 0x52CB, 0x52CC, 0x4A8B, 0x31C8, 0x29A7, 0x31E8, 0x3A29, 0x3A29, 0x424A, 0x426A,
0x426A, 0x4A6A, 0x4A6A, 0x4A8A, 0x4A8A, 0x4A8A, 0x4A6A, 0x4229, 0x39E8, 0x3186, 0x2125, 0x1904,
0x10A3, 0x0862, 0x0042, 0x0042, 0x0042, 0x0042, 0x0042, 0x0042, 0x0042, 0x0042, 0x0042, 0x0042,
0x0042, 0x0042, 0x0042, 0x0042, 0x0042, 0x0883, 0x1904, 0x4A69, 0x4208, 0x10C3, 0x10C4, 0x10E4,
0x10C4, 0x10C3, 0x08C3, 0x0083, 0x1105, 0x29A7, 0x3A49, 0x4A8B, 0x52CC, 0x632D, 0x6BAF, 0x7C10,
0x8C51, 0x9471, 0x9492, 0x9CB2, 0x9CB2, 0x9CB2, 0x9CB2, 0x9CB2, 0x9CB2, 0x9CB2, 0x9CB2, 0x9CB2,
0x9CB2, 0x9C92, 0x9492, 0x9471, 0x9471, 0x9471, 0x9471, 0x9492, 0x9492, 0x9491, 0x9471, 0x9471,
0x9471, 0x9451, 0x8C30, 0x8C10, 0x8C10, 0x62EB, 0x2966, 0x1925, 0x29A8, 0x94D4, 0xA535, 0xAD35,
0xAD55, 0xAD35, 0xAD55, 0xAD55, 0xAD75, 0xB576, 0xB576, 0xB595, 0xB596, 0xBDB6, 0xBDB7, 0xBDB7,
0xC5D7, 0xC5F7, 0xC5F7, 0xC5F8, 0xCE18, 0xC617, 0xCE38, 0xCE58, 0xCE58, 0xD659, 0xD659, 0xCE59,
0xCE59, 0xD659, 0xD679, 0xD679, 0xD679, 0xD679, 0xD679, 0xD679, 0xD679, 0xD679, 0xD679, 0xD679,
0xD679, 0xD679, 0xD679, 0xD679, 0xD679, 0xD679, 0xD679, 0xD679, 0xD679, 0xD659, 0xD659, 0xD679,
0xCE59, 0xCE58, 0xCE38, 0xCE38, 0xCE18, 0xC617, 0xC5F7, 0xC5F7, 0xC5D7, 0xBDD7, 0xBDD6, 0xBDD7,
0xBDB6, 0xB596, 0xB596, 0xAD55, 0xAD55, 0xAD55, 0xA534, 0xA514, 0xA514, 0xA534, 0xA514, 0x9CF3,
0xA514, 0xA514, 0x94B3, 0x9CD3, 0x9CF4, 0x9CF3, 0x9CD3, 0xA4F4, 0x9CD3, 0x9CD3, 0x9CF3, 0x9CF3,
0x9CB3, 0x9CD3, 0x9CF3, 0x9CD3, 0x9CD3, 0x9CF3, 0x9CD3, 0x9CB3, 0x9CD3, 0x9CF4, 0x9CB3, 0x9492,
0x9CD3, 0x9CD3, 0x8C71, 0x9CD3, 0x9CF3, 0x9492, 0x94B2, 0xA514, 0x94B2, 0x9471, 0xA514, 0x9CF3,
0x9492, 0x94B2, 0xA534, 0x9492, 0x8C51, 0xA514, 0x9CF4, 0x8410, 0xA4F3, 0xAD35, 0x8C31, 0x8C51,
0xA534, 0x9CF3, 0x8C72, 0xA514, 0xA4F4, 0x9CD3, 0x9CB3, 0x7BEF, 0x73AF, 0x6B6E, 0x52AB, 0x424A,
0x424A, 0x424A, 0x3A29, 0x426A, 0x52EC, 0x5B0C, 0x4A6A, 0x4A6A, 0x422A, 0x29A8, 0x29A7, 0x426A,
0x5B0C, 0x5B0C, 0x5AEC, 0x528A, 0x4A4A, 0x31A8, 0x31C8, 0x31C8, 0x3A09, 0x424A, 0x426A, 0x4A6B,
0x52CC, 0x5ACC, 0x630C, 0x73AE, 0x7BF0, 0x9CF3, 0xBDB6, 0xBDD7, 0xB5B6, 0x9492, 0x7BEF, 0x634D,
0x5AEC, 0x52AA, 0x4A8A, 0x4A6A, 0x4A4A, 0x4249, 0x3A09, 0x3A08, 0x39E8, 0x31C7, 0x3187, 0x2966,
0x2946, 0x2125, 0x2125, 0x1925, 0x2146, 0x2146, 0x2987, 0x31C8, 0x31E8, 0x31C8, 0x29A7, 0x2987,
0x2967, 0x2167, 0x2166, 0x2166, 0x2987, 0x2987, 0x31A8, 0x31C8, 0x3A09, 0x426A, 0x52EC, 0x634D,
0x6B6E, 0x7BCF, 0x8450, 0x8C92, 0x9CF3, 0xAD75, 0xCE18, 0xD679, 0xD699, 0xD679, 0xD659, 0xC5F8,
0xAD55, 0x9CD3, 0x9492, 0x73AF, 0x4A8A, 0x426A, 0x4249, 0x3A29, 0x424A, 0x4AAB, 0x52EC, 0x52EC,
0x3A29, 0x29A7, 0x31E8, 0x3A09, 0x3A29, 0x3A29, 0x424A, 0x426A, 0x426A, 0x4A6A, 0x4A6A, 0x4A8A,
0x4A8A, 0x4A8A, 0x4A6A, 0x4229, 0x4208, 0x39A7, 0x2966, 0x2105, 0x10C3, 0x0862, 0x0041, 0x0041,
0x0042, 0x0042, 0x0042, 0x0042, 0x0042, 0x0042, 0x0042, 0x0042, 0x0042, 0x0063, 0x0042, 0x0062,
0x1905, 0x1905, 0x31A6, 0x5AEB, 0x3186, 0x10C3, 0x10E4, 0x10E4, 0x10E4, 0x10E4, 0x10C4, 0x08C4,
0x1105, 0x2187, 0x3208, 0x424A, 0x52CC, 0x632D, 0x6B8F, 0x7BF0, 0x8C51, 0x9471, 0x9C92, 0x9CB2,
0x9CB2, 0x9CB2, 0x9CB2, 0x9CB2, 0x9CB2, 0x9CB2, 0x9CB3, 0x9CB3, 0x9CB2, 0x9C92, 0x9C91, 0x9471,
0x9471, 0x9471, 0x8C71, 0x9492, 0x9491, 0x9491, 0x9471, 0x9471, 0x9471, 0x8C51, 0x8C30, 0x8C10,
0x8C10, 0x62EB, 0x3186, 0x2125, 0x29A8, 0x94D4, 0xA535, 0xA535, 0xAD35, 0xAD35, 0xB575, 0xAD75,
0xAD75, 0xB576, 0xB576, 0xB596, 0xBD96, 0xBDB6, 0xBDB7, 0xBDD7, 0xC5F7, 0xC5F7, 0xC5F7, 0xCE18,
0xCE38, 0xCE17, 0xCE38, 0xD659, 0xD658, 0xD659, 0xD659, 0xCE59, 0xCE59, 0xD679, 0xD679, 0xD679,
0xD679, 0xD679, 0xD679, 0xD679, 0xD679, 0xD679, 0xD679, 0xD679, 0xD679, 0xD679, 0xD679, 0xD679,
0xD679, 0xD679, 0xD679, 0xD679, 0xD679, 0xD659, 0xD659, 0xD679, 0xCE59, 0xCE38, 0xCE38, 0xCE38,
0xCE18, 0xC5F7, 0xC5F7, 0xBDF7, 0xBDD7, 0xBDD6, 0xBDB6, 0xBDB6, 0xB595, 0xB595, 0xB595, 0xAD55,
0xAD35, 0xAD35, 0xA514, 0xA514, 0xA514, 0xA514, 0x9CF3, 0x9CF3, 0xA514, 0x9CF3, 0x94B2, 0x9CD3,
0x9CF3, 0x9CD3, 0x9CD3, 0x9CF3, 0x9CD3, 0x9CB2, 0x9CF3, 0x9CF3, 0x94B2, 0x9CF3, 0x9CD3, 0x9492,
0x9491, 0x9CD3, 0x9CD3, 0x94B3, 0x9CD3, 0x9CD3, 0x94B2, 0x9492, 0x9CD3, 0x94B2, 0x8C71, 0x9CB2,
0x9CD3, 0x9492, 0x9492, 0x9CF3, 0x94B2, 0x8C51, 0xA4F3, 0x9CF3, 0x8430, 0x94D2, 0xA534, 0x9471,
0x8410, 0xA4F4, 0x9CB3, 0x8410, 0x9CD3, 0xAD35, 0x8431, 0x8C51, 0xA534, 0x8C92, 0x7BF0, 0x9CD3,
0x94B3, 0x8C71, 0x8430, 0x7BCF, 0x6B8E, 0x632C, 0x4A8A, 0x4209, 0x3A09, 0x3A09, 0x31E8, 0x424A,
0x4AAB, 0x52EC, 0x4A8A, 0x424A, 0x3A29, 0x29C8, 0x2987, 0x29C8, 0x428B, 0x5B0D, 0x5B0C, 0x5ACC,
0x4A6B, 0x3A09, 0x31C8, 0x31C8, 0x3A09, 0x426A, 0x426A, 0x4A6A, 0x52CC, 0x5AEC, 0x6B4D, 0x73CF,
0x738E, 0x736E, 0x8C51, 0x94B3, 0x94D3, 0x8C72, 0x7C10, 0x73CF, 0x632D, 0x5B0C, 0x5ACB, 0x52AB,
0x4A8A, 0x4A49, 0x4229, 0x4209, 0x3A08, 0x39C8, 0x31A7, 0x2966, 0x2946, 0x2145, 0x1925, 0x1925,
0x2146, 0x2146, 0x2987, 0x31E8, 0x31E8, 0x31C8, 0x29A7, 0x2987, 0x2166, 0x2146, 0x2146, 0x2166,
0x2166, 0x2967, 0x3187, 0x31C8, 0x4229, 0x424A, 0x52EC, 0x634D, 0x73AF, 0x7BEF, 0x8C71, 0x9CF3,
0xA554, 0xBDD6, 0xD658, 0xD679, 0xD679, 0xD679, 0xC5F7, 0xB596, 0xAD55, 0x9CF3, 0x8C71, 0x5AEC,
0x4A8A, 0x424A, 0x4229, 0x4229, 0x4A8B, 0x52CC, 0x52EC, 0x4AAB, 0x31E8, 0x31E8, 0x424A, 0x424A,
0x3A29, 0x3A29, 0x424A, 0x426A, 0x426A, 0x4A6A, 0x4A6A, 0x4A8A, 0x4A8A, 0x4A8A, 0x4249, 0x4A49,
0x4228, 0x39C7, 0x3186, 0x2945, 0x18E4, 0x10A3, 0x0862, 0x0042, 0x0042, 0x0041, 0x0042, 0x0042,
0x0042, 0x0042, 0x0042, 0x0042, 0x0042, 0x0063, 0x0063, 0x08A4, 0x2167, 0x1925, 0x31C7, 0x62EB,
0x3185, 0x10C3, 0x18C4, 0x10E4, 0x10E4, 0x10E4, 0x10C4, 0x08C4, 0x1105, 0x29A7, 0x3209, 0x424A,
0x52CC, 0x632D, 0x6B8F, 0x7BF0, 0x8431, 0x9472, 0x9492, 0x9CB2, 0x9CB2, 0x9CB2, 0x9CB2, 0x9CB2,
0x9CB2, 0x9CB2, 0x9CB2, 0x9CB2, 0x9CB2, 0x9C92, 0x9C91, 0x9471, 0x9471, 0x9471, 0x8C71, 0x9492,
0x9491, 0x9491, 0x9471, 0x9471, 0x9451, 0x8C50, 0x8C30, 0x8410, 0x8C10, 0x62EB, 0x41E7, 0x2125,
0x29A8, 0x94D4, 0xA535, 0xA535, 0xAD55, 0xAD55, 0xAD75, 0xAD75, 0xAD75, 0xB576, 0xB576, 0xBD96,
0xBDB6, 0xBDB6, 0xBDD6, 0xBDD7, 0xC5F7, 0xC617, 0xC5F7, 0xCE18, 0xCE38, 0xCE38, 0xCE38, 0xD659,
0xD658, 0xD659, 0xD659, 0xCE59, 0xCE59, 0xD679, 0xD679, 0xD679, 0xD679, 0xD679, 0xD679, 0xD679,
0xD679, 0xD679, 0xD679, 0xD679, 0xD679, 0xD679, 0xD679, 0xD679, 0xD679, 0xD679, 0xD679, 0xD679,
0xD679, 0xD659, 0xCE59, 0xD659, 0xCE58, 0xCE38, 0xCE38, 0xCE18, 0xCE17, 0xC5F7, 0xBDD7, 0xBDD7,
0xBDD6, 0xBDB6, 0xB5B6, 0xB596, 0xB575, 0xAD75, 0xAD55, 0xAD35, 0xA514, 0xA534, 0xA514, 0xA4F3,
0xA514, 0xA514, 0x9CD3, 0x9CF3, 0x9CF4, 0x9CF3, 0x94B2, 0x9CD3, 0x9CD3, 0x9CD3, 0x9CD3, 0x9CF3,
0x9CD3, 0x94B2, 0x9CD3, 0x9CD3, 0x94B2, 0x9CD3, 0x9CD3, 0x8C30, 0x8410, 0x9CD3, 0x9CB3, 0x94B3,
0x94B3, 0x94B3, 0x9492, 0x9472, 0x9CD3, 0x94B2, 0x8C71, 0x9492, 0x9CB3, 0x8C72, 0x9492, 0x9CD3,
0x94B2, 0x8430, 0x9CD3, 0x9CF3, 0x8450, 0x94B2, 0x9CF3, 0x8C31, 0x8C31, 0x9CB3, 0x8C72, 0x8410,
0x9471, 0x9492, 0x8431, 0x8431, 0x9492, 0x8C51, 0x7BF0, 0x7C10, 0x7BF0, 0x7BCF, 0x73CF, 0x73AE,
0x6B6E, 0x632D, 0x4A4A, 0x39E8, 0x31E8, 0x31C8, 0x29C8, 0x424A, 0x428A, 0x52CC, 0x4AAB, 0x4A8B,
0x4249, 0x29C8, 0x2987, 0x2187, 0x29E8, 0x428B, 0x632D, 0x5B0D, 0x5AEC, 0x4A8A, 0x3A09, 0x31C8,
0x3A09, 0x426A, 0x426A, 0x4A6A, 0x5B0D, 0x6B6E, 0x6B6E, 0x7BCF, 0x738E, 0x736E, 0x6B6E, 0x634E,
0x636E, 0x636E, 0x634E, 0x636E, 0x634D, 0x5B2C, 0x5B0C, 0x5AEC, 0x52AB, 0x4A8A, 0x4A6A, 0x4A4A,
0x4229, 0x4209, 0x39E8, 0x3187, 0x2986, 0x2146, 0x1925, 0x1925, 0x2126, 0x2146, 0x2987, 0x31E9,
0x39E9, 0x31C8, 0x29A7, 0x2987, 0x2966, 0x2146, 0x2146, 0x2166, 0x2166, 0x2987, 0x31C8, 0x4209,
0x4229, 0x4A8B, 0x52CC, 0x634E, 0x73AF, 0x7C10, 0x9492, 0xA534, 0xAD75, 0xBDD7, 0xCE38, 0xD679,
0xCE38, 0xC617, 0xBDF7, 0xB5B7, 0xAD76, 0x9CF3, 0x73CF, 0x52AB, 0x4A6A, 0x424A, 0x4229, 0x4A6A,
0x52AB, 0x52CC, 0x52CB, 0x4249, 0x31C8, 0x31E9, 0x426A, 0x52AB, 0x3A29, 0x3A29, 0x3A29, 0x424A,
0x424A, 0x426A, 0x4A6A, 0x428A, 0x4A8A, 0x4A8A, 0x4A8A, 0x4A6A, 0x4A49, 0x41E8, 0x39A7, 0x2966,
0x2125, 0x18C4, 0x0883, 0x0862, 0x0042, 0x0042, 0x0042, 0x0042, 0x0062, 0x0062, 0x0883, 0x0883,
0x0062, 0x0062, 0x0063, 0x08A4, 0x1105, 0x1926, 0x4229, 0x630B, 0x2104, 0x18E4, 0x18C4, 0x18E4,
0x18E4, 0x18E4, 0x10C4, 0x08C4, 0x1905, 0x2167, 0x39E9, 0x422A, 0x4A6B, 0x5B0D, 0x6B6E, 0x73AF,
0x7C10, 0x8C51, 0x9472, 0x9492, 0x9CB2, 0x9CB2, 0x9CB3, 0x9CB3, 0x9CB3, 0x9CB3, 0x9CD3, 0x9CD2,
0x9CD2, 0x9CB2, 0x9491, 0x9471, 0x9471, 0x9471, 0x9491, 0x9492, 0x9492, 0x9471, 0x9471, 0x8C51,
0x9451, 0x9451, 0x9451, 0x8C30, 0x8410, 0x736D, 0x5249, 0x2945, 0x31C9, 0x94F5, 0xA555, 0xAD55,
0xAD55, 0xAD75, 0xAD75, 0xAD75, 0xAD76, 0xB596, 0xB596, 0xB596, 0xBDB6, 0xBDD6, 0xBDD7, 0xC5D7,
0xC618, 0xC5F8, 0xC618, 0xCE38, 0xCE38, 0xCE38, 0xCE59, 0xD659, 0xCE58, 0xCE59, 0xD679, 0xD679,
0xD679, 0xD679, 0xD679, 0xD679, 0xD679, 0xD69A, 0xD69A, 0xD69A, 0xD69A, 0xD699, 0xD699, 0xD699,
0xD699, 0xD679, 0xD679, 0xD679, 0xD679, 0xD679, 0xD659, 0xD679, 0xD659, 0xCE58, 0xCE58, 0xCE58,
0xCE38, 0xCE18, 0xCE18, 0xCDF8, 0xC5D7, 0xBDD7, 0xBDD7, 0xBDB7, 0xB5B6, 0xB596, 0xAD76, 0xAD55,
0xAD55, 0xAD75, 0xA535, 0xA534, 0xA534, 0xA514, 0xA4F4, 0x9CD3, 0x9CF3, 0x9CF4, 0x9CD3, 0x9CF3,
0x9CF3, 0x9CB3, 0x9CB3, 0x9CB3, 0x9CB3, 0x9CB3, 0x9CD3, 0x9CD3, 0x9CD3, 0x9CB3, 0x9CD3, 0x9CD3,
0x94B3, 0x9CD3, 0x9CD3, 0x9472, 0x8C51, 0x9CB3, 0x9CB3, 0x9492, 0x9CB3, 0x9CB3, 0x9472, 0x9492,
0x94B3, 0x9492, 0x8C51, 0x9471, 0x9492, 0x8431, 0x8C51, 0x9492, 0x8C51, 0x8430, 0x9471, 0x8C51,
0x8430, 0x8451, 0x8C51, 0x7BF0, 0x7BD0, 0x8451, 0x7C10, 0x73CE, 0x8410, 0x7BF0, 0x73AE, 0x7BCF,
0x7BCF, 0x73AF, 0x738F, 0x738F, 0x738F, 0x6B8E, 0x6B8E, 0x738E, 0x6B4D, 0x52CB, 0x3A09, 0x31A8,
0x29A8, 0x29A8, 0x29A7, 0x3209, 0x3A4A, 0x4A8B, 0x4A8A, 0x4A6A, 0x3A29, 0x31C8, 0x29A7, 0x2987,
0x2187, 0x31E8, 0x52EC, 0x5B2D, 0x5B0C, 0x52EB, 0x4A8A, 0x4249, 0x39E9, 0x424A, 0x426A, 0x52CC,
0x634D, 0x6B8E, 0x738E, 0x738E, 0x738E, 0x6B6D, 0x6B4D, 0x5B0D, 0x52CC, 0x4A6A, 0x4A6A, 0x4A8B,
0x52CB, 0x52CC, 0x52CB, 0x52AB, 0x52AB, 0x52AB, 0x4A8B, 0x4A8B, 0x4A8A, 0x4A6A, 0x4229, 0x3A09,
0x31C8, 0x29A7, 0x2986, 0x2166, 0x2145, 0x2146, 0x29A7, 0x3A29, 0x3A29, 0x31E8, 0x31C8, 0x31A7,
0x2987, 0x2967, 0x2166, 0x2966, 0x2987, 0x31C8, 0x4229, 0x4229, 0x426A, 0x4AAB, 0x5AEC, 0x632D,
0x6BAF, 0x7C10, 0x8C72, 0x94B3, 0x9CF4, 0xB596, 0xBDF7, 0xC617, 0xC5F7, 0xC5F7, 0xBDD7, 0xB596,
0xA555, 0x8451, 0x5B0D, 0x4A8B, 0x4A6A, 0x424A, 0x424A, 0x52CB, 0x5B0C, 0x5AEC, 0x52CC, 0x3A09,
0x31C8, 0x3A09, 0x4A6A, 0x4A8B, 0x3A29, 0x3A29, 0x3A29, 0x3A29, 0x424A, 0x426A, 0x426A, 0x426A,
0x4A8A, 0x4A8A, 0x4A8A, 0x4A8A, 0x4A69, 0x4229, 0x39E8, 0x31A7, 0x2946, 0x2105, 0x18C4, 0x0863,
0x0862, 0x0042, 0x0042, 0x0042, 0x0062, 0x0883, 0x0883, 0x0883, 0x0863, 0x0062, 0x0042, 0x0083,
0x1125, 0x2187, 0x4A8A, 0x5AAA, 0x20E4, 0x18E4, 0x18E4, 0x18E4, 0x18E4, 0x1925, 0x10C4, 0x08C3,
0x10E5, 0x2146, 0x31A8, 0x3A09, 0x4A6B, 0x52CC, 0x634E, 0x73AF, 0x7BF0, 0x8431, 0x8C51, 0x9492,
0x9CB2, 0x9CB2, 0x9CB3, 0x9CB3, 0x9CB3, 0x9CB3, 0x9CD3, 0x9CD2, 0x9CD2, 0x9CB2, 0x9491, 0x9471,
0x9471, 0x9471, 0x9491, 0x9492, 0x9492, 0x9471, 0x9471, 0x8C51, 0x9451, 0x9450, 0x8C51, 0x8C31,
0x8410, 0x734D, 0x5A89, 0x3166, 0x31C9, 0x94F5, 0xA555, 0xAD35, 0xAD55, 0xAD75, 0xAD75, 0xAD76,
0xB576, 0xB596, 0xB5B6, 0xB596, 0xBDB6, 0xBDD6, 0xBDD6, 0xC5F7, 0xCE18, 0xC5F8, 0xC618, 0xCE38,
0xCE59, 0xCE38, 0xD659, 0xD659, 0xCE58, 0xCE59, 0xD679, 0xD679, 0xD679, 0xD659, 0xD679, 0xD679,
0xD679, 0xD69A, 0xD69A, 0xD699, 0xD699, 0xD699, 0xD699, 0xD699, 0xD699, 0xD679, 0xD679, 0xD679,
0xD679, 0xD679, 0xD659, 0xD659, 0xD659, 0xCE38, 0xCE38, 0xCE38, 0xCE38, 0xC617, 0xCE18, 0xC5F7,
0xBDD7, 0xBDB7, 0xBDD7, 0xBD96, 0xB576, 0xB576, 0xAD75, 0xAD55, 0xAD55, 0xAD55, 0xA514, 0xA4F4,
0xA514, 0xA4F4, 0x9CF3, 0x9CD3, 0x9CD3, 0x9CD3, 0x9CF3, 0x9CF3, 0x9CD3, 0x9CB3, 0x9CB3, 0x9CB3,
0x9CB3, 0x9CB3, 0x9CD3, 0x9CD3, 0x9CD3, 0x9CB3, 0x9CB3, 0x9CD3, 0x94B3, 0x9CD3, 0x9CB2, 0x9CB2,
0x94B2, 0x9CB2, 0x9492, 0x9492, 0x9492, 0x9492, 0x8C72, 0x8C72, 0x9492, 0x9472, 0x8C31, 0x8C51,
0x8C51, 0x8431, 0x8410, 0x8451, 0x8431, 0x8430, 0x8430, 0x8430, 0x7C10, 0x7C10, 0x7BF0, 0x7BCF,
0x7BCF, 0x7BEF, 0x6B8E, 0x6B8E, 0x73CF, 0x6B8E, 0x6B8E, 0x738E, 0x738E, 0x6B8E, 0x738F, 0x738E,
0x6B8E, 0x738E, 0x73AF, 0x738E, 0x5AEC, 0x4A6A, 0x39E8, 0x2987, 0x2987, 0x29A7, 0x2987, 0x31E8,
0x3A09, 0x426A, 0x4A8A, 0x426A, 0x3A09, 0x31E8, 0x31C8, 0x29C8, 0x2987, 0x2967, 0x3A4A, 0x52EC,
0x5B2D, 0x5B0C, 0x5AEB, 0x4A8A, 0x3A09, 0x4229, 0x424A, 0x52CC, 0x632D, 0x6B6E, 0x6B6E, 0x6B8E,
0x6B6E, 0x6B6D, 0x6B4D, 0x632D, 0x630C, 0x52CB, 0x426A, 0x4229, 0x3A29, 0x3A2A, 0x3A29, 0x3A29,
0x3A29, 0x424A, 0x4A4A, 0x4A4A, 0x4A6A, 0x4A6A, 0x4249, 0x4229, 0x3A09, 0x31C8, 0x29C7, 0x29A7,
0x2987, 0x2987, 0x31E8, 0x4249, 0x424A, 0x3A29, 0x3A09, 0x31E9, 0x31C8, 0x31C8, 0x31A7, 0x31C8,
0x39E8, 0x3A09, 0x424A, 0x4A4A, 0x4A8A, 0x52AB, 0x5AEC, 0x632D, 0x6B8F, 0x73F0, 0x8431, 0x8C72,
0x9CF4, 0xAD75, 0xB5D7, 0xC618, 0xC5F8, 0xBDD7, 0xB5B6, 0xAD96, 0x94B3, 0x5B0D, 0x4A8B, 0x4AAB,
0x4A6B, 0x4A6A, 0x52AB, 0x5B0C, 0x634D, 0x630D, 0x424A, 0x39E9, 0x3A09, 0x424A, 0x52AB, 0x52AC,
0x3A09, 0x3A09, 0x3A29, 0x3A29, 0x3A29, 0x424A, 0x424A, 0x426A, 0x4A8A, 0x4A8A, 0x4A8A, 0x4A8A,
0x4A8A, 0x4A49, 0x4229, 0x31A7, 0x3187, 0x2145, 0x18E4, 0x10C4, 0x0883, 0x0042, 0x0042, 0x0042,
0x0062, 0x0883, 0x0883, 0x0883, 0x0883, 0x0062, 0x0062, 0x0083, 0x1105, 0x29A8, 0x5AEC, 0x5269,
0x20E4, 0x18E4, 0x1904, 0x1905, 0x10C4, 0x1904, 0x10E4, 0x10E4, 0x1105, 0x1946, 0x29A7, 0x39E9,
0x426A, 0x52CC, 0x632D, 0x738F, 0x7BCF, 0x8410, 0x8C51, 0x9492, 0x9CB2, 0x9CB2, 0x9CB3, 0x9CB3,
0x9CB3, 0x9CB3, 0x9CD2, 0x9CD2, 0x9CD2, 0x9CB2, 0x9491, 0x9471, 0x9471, 0x9471, 0x9471, 0x9491,
0x9491, 0x9492, 0x9491, 0x9471, 0x9471, 0x8C50, 0x8C30, 0x8C30, 0x8C30, 0x738D, 0x6B0B, 0x4208,
0x39E9, 0x94F5, 0xA555, 0xAD35, 0xAD35, 0xAD55, 0xAD75, 0xAD75, 0xB596, 0xB596, 0xB5B6, 0xBDB6,
0xBDB6, 0xC5D7, 0xBDD7, 0xC5F7, 0xCE18, 0xC5F8, 0xC618, 0xCE38, 0xCE39, 0xCE38, 0xD659, 0xD659,
0xCE58, 0xD659, 0xD679, 0xD679, 0xD679, 0xD659, 0xD679, 0xD679, 0xD679, 0xD69A, 0xD69A, 0xD699,
0xD699, 0xD699, 0xD699, 0xD699, 0xD699, 0xD679, 0xD679, 0xD679, 0xD679, 0xD679, 0xCE59, 0xD659,
0xCE59, 0xCE38, 0xCE38, 0xCE38, 0xC617, 0xC5F7, 0xC5F7, 0xC5D7, 0xBDB7, 0xB5B6, 0xBDB6, 0xB596,
0xB555, 0xB576, 0xB555, 0xAD35, 0xAD55, 0xA535, 0xA514, 0x9CF4, 0xA4F4, 0x9CF3, 0x9CD3, 0x9CD3,
0x9CD3, 0x9CD3, 0x9CD3, 0x9CD3, 0x9CD3, 0x9CB3, 0x9CB3, 0x9CB3, 0x9CB3, 0x9CB3, 0x9CD3, 0x9CD3,
0x9CD3, 0x9CD3, 0x9CB3, 0x9CB3, 0x9CB3, 0x9CB3, 0x94B2, 0x94B2, 0x94B2, 0x94B2, 0x9492, 0x9492,
0x8C72, 0x8C51, 0x8C51, 0x8C51, 0x8C51, 0x8C31, 0x8410, 0x8411, 0x7C10, 0x7BF0, 0x7BF0, 0x8410,
0x7BF0, 0x7BCF, 0x7BCF, 0x7BD0, 0x7BF0, 0x73AF, 0x738F, 0x738E, 0x7BAF, 0x6B8E, 0x6B8E, 0x6B6E,
0x6B8E, 0x6B6E, 0x6B6E, 0x6B6E, 0x6B6E, 0x6B8E, 0x738E, 0x738E, 0x738E, 0x6B8E, 0x6B8E, 0x630C,
0x4A6A, 0x4229, 0x31A7, 0x2987, 0x2987, 0x2167, 0x2166, 0x31C8, 0x424A, 0x424A, 0x4249, 0x426A,
0x3A29, 0x31E8, 0x31E8, 0x31C8, 0x29A8, 0x2987, 0x2987, 0x3A4A, 0x5B0C, 0x634D, 0x5B0C, 0x5ACB,
0x4A6A, 0x4229, 0x424A, 0x52AB, 0x5AEC, 0x630D, 0x632D, 0x6B4D, 0x6B4D, 0x6B4E, 0x6B4D, 0x632D,
0x632D, 0x5B0C, 0x52CB, 0x424A, 0x31C8, 0x31A7, 0x31A7, 0x31A7, 0x31A7, 0x31A8, 0x31C8, 0x31C8,
0x39E8, 0x4209, 0x4209, 0x3A09, 0x39E8, 0x39E8, 0x31C8, 0x31C8, 0x31C8, 0x31C8, 0x31E8, 0x3A29,
0x422A, 0x3A29, 0x3A09, 0x31E9, 0x31E8, 0x31E8, 0x31C8, 0x31E8, 0x3A09, 0x4229, 0x424A, 0x4A6A,
0x4A8B, 0x4AAB, 0x5AEC, 0x5B2D, 0x636F, 0x6BAF, 0x7C11, 0x8451, 0x8C92, 0xA535, 0xA555, 0xAD56,
0x9CF4, 0x94D4, 0x94B3, 0x8C72, 0x634E, 0x52AB, 0x4A8B, 0x4A8B, 0x4A6B, 0x4A8B, 0x5B0C, 0x634D,
0x634D, 0x5B0D, 0x3A09, 0x3A09, 0x4A6B, 0x52CC, 0x5AEC, 0x5AED, 0x3A09, 0x3A09, 0x3A29, 0x3A29,
0x3A29, 0x3A29, 0x424A, 0x426A, 0x4A6A, 0x4A6A, 0x4A8A, 0x4A8A, 0x4A8A, 0x4A4A, 0x4229, 0x4208,
0x39A7, 0x2966, 0x2146, 0x1905, 0x10A3, 0x0862, 0x0062, 0x0062, 0x0883, 0x0883, 0x0883, 0x0883,
0x0883, 0x0883, 0x0062, 0x0063, 0x08C4, 0x3229, 0x5B0C, 0x4207, 0x2124, 0x1925, 0x2145, 0x2145,
0x18E4, 0x1925, 0x1904, 0x18E4, 0x1905, 0x1925, 0x2987, 0x3A08, 0x424A, 0x4A8B, 0x5AEC, 0x634D,
0x738E, 0x8410, 0x8C31, 0x8C71, 0x9492, 0x9C92, 0x9C92, 0x9C92, 0x9C92, 0x9C92, 0x9CB2, 0x9CB2,
0x9CB2, 0x9CB2, 0x9C91, 0x9471, 0x9471, 0x9471, 0x9471, 0x9471, 0x9471, 0x9492, 0x9492, 0x9472,
0x9471, 0x8C51, 0x8C30, 0x8C30, 0x8C30, 0x83EF, 0x6B0B, 0x4A29, 0x4A6B, 0x9D15, 0xAD56, 0xAD55,
0xAD55, 0xAD55, 0xB575, 0xAD75, 0xB596, 0xB5B6, 0xB5B6, 0xBDB6, 0xC5D7, 0xC5F7, 0xC5F7, 0xC617,
0xCE38, 0xCE18, 0xCE18, 0xD659, 0xCE38, 0xCE38, 0xD659, 0xD659, 0xCE58, 0xD659, 0xD679, 0xD659,
0xD679, 0xD679, 0xDE79, 0xDE79, 0xD679, 0xD69A, 0xD699, 0xD699, 0xD699, 0xD699, 0xD679, 0xD679,
0xD679, 0xD699, 0xD679, 0xD679, 0xD679, 0xD659, 0xCE59, 0xCE59, 0xCE38, 0xC618, 0xC618, 0xCE38,
0xC5F7, 0xBDD6, 0xC5F7, 0xBDD7, 0xB596, 0xB596, 0xB5B6, 0xB575, 0xB555, 0xB575, 0xAD55, 0xA514,
0xA534, 0xA514, 0xA514, 0x9CF4, 0x9CF3, 0x9CD3, 0x9CD3, 0x9CD3, 0x9CD3, 0x9CD3, 0x9CD3, 0x9CD3,
0x9CB3, 0x9CB3, 0x9CB3, 0x9CB3, 0x94B3, 0x9492, 0x9CD3, 0x9CD3, 0x9CD3, 0x9CD3, 0x9CB2, 0x9CB3,
0x9CB3, 0x9492, 0x9492, 0x9492, 0x9492, 0x8C71, 0x8C71, 0x8C71, 0x8C51, 0x8431, 0x8431, 0x8431,
0x8431, 0x7C10, 0x7C10, 0x7BD0, 0x7BF0, 0x7BD0, 0x73AF, 0x73AF, 0x73AF, 0x73AF, 0x738F, 0x738F,
0x73AF, 0x738E, 0x738E, 0x738E, 0x736E, 0x6B6E, 0x6B6E, 0x634D, 0x6B6E, 0x6B6E, 0x6B4D, 0x632D,
0x6B6E, 0x6B6E, 0x634D, 0x634D, 0x6B6E, 0x634D, 0x634D, 0x52AB, 0x424A, 0x31E8, 0x31A7, 0x2126,
0x2166, 0x2146, 0x2166, 0x3A09, 0x52AB, 0x4A6A, 0x426A, 0x424A, 0x3A09, 0x31E8, 0x31E8, 0x31C8,
0x31C8, 0x29A7, 0x2187, 0x29A7, 0x426A, 0x634E, 0x634D, 0x632D, 0x5ACB, 0x4A4A, 0x4229, 0x4A4A,
0x52AB, 0x5ACC, 0x5AEC, 0x630D, 0x634D, 0x634D, 0x634D, 0x632D, 0x632D, 0x632D, 0x5B0C, 0x4AAA,
0x4229, 0x39E7, 0x31A7, 0x2986, 0x2966, 0x2146, 0x2166, 0x2166, 0x2966, 0x2987, 0x3187, 0x31A7,
0x31A7, 0x31A7, 0x29A7, 0x29A8, 0x31A8, 0x31A8, 0x31A8, 0x31A8, 0x31C8, 0x31C8, 0x31C8, 0x31C8,
0x31C8, 0x29A8, 0x31C8, 0x31C8, 0x31E8, 0x3A09, 0x3A09, 0x3A29, 0x424A, 0x426A, 0x4A8B, 0x4AAB,
0x4ACC, 0x4ACC, 0x5B0D, 0x5B2E, 0x5B2D, 0x5B2D, 0x5B2D, 0x5B0D, 0x4A6B, 0x52CD, 0x52CC, 0x5AEC,
0x5ACC, 0x52CB, 0x4A8B, 0x4A8B, 0x4A6A, 0x5AEC, 0x634D, 0x6B6E, 0x636E, 0x4AAB, 0x3A29, 0x424A,
0x4AAB, 0x632E, 0x634E, 0x5B2E, 0x31E9, 0x31E9, 0x3A09, 0x3A29, 0x3A29, 0x3A29, 0x3A2A, 0x426A,
0x4A6A, 0x4A6A, 0x4A8A, 0x4A8A, 0x4A8A, 0x4A6A, 0x426A, 0x4229, 0x39E7, 0x31A7, 0x2966, 0x2125,
0x18E4, 0x0883, 0x0862, 0x0062, 0x0883, 0x0883, 0x0883, 0x0883, 0x0883, 0x08A3, 0x0882, 0x0062,
0x08C4, 0x3229, 0x5B0C, 0x39E7, 0x2104, 0x1925, 0x1925, 0x1925, 0x10E4, 0x1904, 0x1904, 0x18E4,
0x1905, 0x1925, 0x2987, 0x39E8, 0x424A, 0x4A8B, 0x52CC, 0x632D, 0x738E, 0x7BCF, 0x8410, 0x8C51,
0x9492, 0x9492, 0x9492, 0x9492, 0x9492, 0x9C92, 0x94B2, 0x94B2, 0x9CB2, 0x9CB2, 0x9C91, 0x9491,
0x9471, 0x9471, 0x9471, 0x9471, 0x9471, 0x8C71, 0x9471, 0x9471, 0x9451, 0x8C50, 0x8C30, 0x8C30,
0x8C30, 0x83EF, 0x7BAE, 0x5AAB, 0x4A6B, 0x9D15, 0xAD56, 0xAD55, 0xAD55, 0xAD75, 0xB595, 0xB576,
0xB596, 0xBDB6, 0xBDD6, 0xBDD7, 0xC5F7, 0xC5F7, 0xC5F7, 0xC617, 0xCE38, 0xCE18, 0xC618, 0xCE59,
0xCE38, 0xCE38, 0xD659, 0xD659, 0xCE58, 0xD659, 0xD679, 0xD659, 0xD659, 0xD679, 0xDE79, 0xDE79,
0xD679, 0xD699, 0xD699, 0xD699, 0xD699, 0xD699, 0xD679, 0xD679, 0xD679, 0xD679, 0xD679, 0xD659,
0xD679, 0xD659, 0xCE38, 0xCE59, 0xCE38, 0xC617, 0xC618, 0xCE38, 0xC5F7, 0xBDD7, 0xC5D7, 0xBDB7,
0xB596, 0xB596, 0xB596, 0xAD75, 0xAD54, 0xAD55, 0xAD54, 0xA514, 0xA514, 0xA514, 0x9CF4, 0x9CD3,
0x9CD3, 0x9CD3, 0x9CD3, 0x9CD3, 0x9CD3, 0x9CB2, 0x9CB3, 0x9CB3, 0x9CB3, 0x94B2, 0x9CB3, 0x9CB3,
0x9492, 0x9472, 0x94B2, 0x94B2, 0x94B2, 0x9CB2, 0x9492, 0x9472, 0x9492, 0x9492, 0x8C71, 0x8C71,
0x8C71, 0x8450, 0x8C51, 0x8C71, 0x8430, 0x7C10, 0x8430, 0x8410, 0x7BF0, 0x7BF0, 0x7BF0, 0x73AF,
0x73CF, 0x73CF, 0x73AE, 0x6B8E, 0x6B8E, 0x6B8E, 0x6B6E, 0x6B8F, 0x6B6E, 0x6B4E, 0x6B8E, 0x6B6D,
0x632D, 0x6B6D, 0x6B6D, 0x5B0C, 0x632D, 0x634E, 0x5AEC, 0x5AEC, 0x632D, 0x5B0C, 0x52EB, 0x632D,
0x5B0C, 0x5AEC, 0x52EC, 0x3A29, 0x31C8, 0x29C8, 0x2986, 0x2146, 0x2166, 0x2146, 0x2166, 0x4209,
0x5AEC, 0x5AEC, 0x4A6A, 0x3A29, 0x3A09, 0x31E8, 0x31E8, 0x31C8, 0x31C8, 0x29A7, 0x2987, 0x2186,
0x2987, 0x52CC, 0x636E, 0x634D, 0x630C, 0x5ACC, 0x4A8A, 0x4A6A, 0x4A6B, 0x52AB, 0x52CC, 0x52EC,
0x5B2D, 0x5B2D, 0x632D, 0x632D, 0x632D, 0x632D, 0x632C, 0x4A8A, 0x4229, 0x3A08, 0x31C8, 0x31A7,
0x2987, 0x2146, 0x2146, 0x2146, 0x2146, 0x2946, 0x2966, 0x2966, 0x2966, 0x2966, 0x2966, 0x2966,
0x2966, 0x2166, 0x2166, 0x2166, 0x2166, 0x2166, 0x2987, 0x2987, 0x2987, 0x2987, 0x2987, 0x2987,
0x2987, 0x2987, 0x2987, 0x29A7, 0x29A7, 0x29A7, 0x29A7, 0x29C8, 0x31C8, 0x31C8, 0x2987, 0x2167,
0x2167, 0x2166, 0x2166, 0x2167, 0x31A8, 0x31C8, 0x4A6B, 0x52CC, 0x5AEC, 0x52CC, 0x4AAB, 0x4A8B,
0x52AB, 0x634D, 0x73AE, 0x7BEF, 0x636E, 0x4A8B, 0x426A, 0x4A8A, 0x52AB, 0x634E, 0x636F, 0x5B2E,
0x31E9, 0x39E9, 0x39E9, 0x3A09, 0x3A09, 0x3A29, 0x3A29, 0x426A, 0x426A, 0x426A, 0x4A8A, 0x4A8A,
0x4A8A, 0x4A6A, 0x4A6A, 0x4249, 0x4229, 0x39C8, 0x2986, 0x2945, 0x2105, 0x10C3, 0x10A3, 0x0862,
0x0883, 0x08A3, 0x08A3, 0x08A3, 0x08A3, 0x0883, 0x0862, 0x0062, 0x0083, 0x3209, 0x5B2C, 0x2945,
0x18E4, 0x10C4, 0x08A3, 0x0883, 0x0883, 0x08A3, 0x08C3, 0x10C4, 0x10C4, 0x1905, 0x2167, 0x31E8,
0x3A09, 0x424A, 0x4A8B, 0x632D, 0x6B6E, 0x738E, 0x83F0, 0x8431, 0x8C71, 0x9492, 0x9492, 0x9492,
0x9492, 0x9492, 0x9492, 0x9492, 0x9CB2, 0x9CB2, 0x9C92, 0x9492, 0x9471, 0x9471, 0x9471, 0x9471,
0x9471, 0x9471, 0x9471, 0x9471, 0x8C51, 0x8C30, 0x8C30, 0x8C30, 0x8C30, 0x8410, 0x83CF, 0x62EC,
0x5AEC, 0x9D15, 0xAD55, 0xAD55, 0xAD55, 0xB576, 0xB576, 0xB596, 0xB5B6, 0xBDD7, 0xBDD7, 0xBDD7,
0xC5F7, 0xC5F7, 0xC5F7, 0xC617, 0xCE18, 0xCE18, 0xCE18, 0xD659, 0xCE38, 0xCE38, 0xD659, 0xD659,
0xCE58, 0xD659, 0xD679, 0xD659, 0xD659, 0xD679, 0xDE79, 0xD679, 0xD679, 0xD679, 0xD679, 0xD679,
0xD679, 0xD679, 0xD679, 0xD679, 0xD679, 0xD679, 0xD659, 0xCE58, 0xD679, 0xD659, 0xCE38, 0xD659,
0xCE38, 0xC5F7, 0xC618, 0xC618, 0xBDD7, 0xBDB6, 0xBDD7, 0xBDB6, 0xB576, 0xB596, 0xB596, 0xAD55,
0xAD54, 0xAD55, 0xA534, 0xA513, 0xA513, 0x9CF3, 0x9CD3, 0x9CD3, 0x9CD3, 0x9CD3, 0x9CB3, 0x9CD3,
0x9CD3, 0x94B2, 0x94B2, 0x94B2, 0x94B2, 0x94B2, 0x9492, 0x9492, 0x9472, 0x9472, 0x9492, 0x9492,
0x9492, 0x9492, 0x9472, 0x8C71, 0x9471, 0x8C51, 0x8C51, 0x8C51, 0x8451, 0x8430, 0x8430, 0x8410,
0x7BF0, 0x7BCF, 0x7C10, 0x7BF0, 0x73AF, 0x73CF, 0x738F, 0x6B6E, 0x738E, 0x6B8E, 0x634D, 0x634D,
0x634D, 0x632D, 0x632D, 0x634E, 0x5B0C, 0x5B0D, 0x634D, 0x5B0C, 0x52CB, 0x5B2C, 0x52EC, 0x4A8A,
0x5AEC, 0x5AEC, 0x4A6A, 0x4AAB, 0x52CB, 0x52AB, 0x4A8A, 0x52EB, 0x52CB, 0x52CB, 0x4AAB, 0x3A08,
0x31C8, 0x31C8, 0x2166, 0x1946, 0x1946, 0x1946, 0x2166, 0x4229, 0x5B0D, 0x6B4E, 0x52AB, 0x4229,
0x3A09, 0x31C8, 0x31E8, 0x31E8, 0x31C8, 0x29C8, 0x29A7, 0x2987, 0x2186, 0x3A09, 0x530C, 0x634D,
0x6B8E, 0x6B6E, 0x5B0C, 0x52AB, 0x4A6A, 0x4A8B, 0x4A8B, 0x52CC, 0x5B0D, 0x5B0D, 0x5B0D, 0x632D,
0x632D, 0x632D, 0x630D, 0x4A8A, 0x4249, 0x4209, 0x39E8, 0x31A8, 0x31A8, 0x29A7, 0x2987, 0x2987,
0x2986, 0x2987, 0x2987, 0x2986, 0x29A7, 0x29A7, 0x2987, 0x2987, 0x2966, 0x2167, 0x2167, 0x2967,
0x2966, 0x2166, 0x2166, 0x2166, 0x2146, 0x2146, 0x2146, 0x2146, 0x2146, 0x2146, 0x2146, 0x2146,
0x2146, 0x2146, 0x2146, 0x2146, 0x2146, 0x2146, 0x2146, 0x2146, 0x1925, 0x1946, 0x2146, 0x2167,
0x2987, 0x31C8, 0x4A6B, 0x52CC, 0x52CC, 0x52CC, 0x52AC, 0x52AC, 0x630D, 0x73AF, 0x7BCF, 0x7BF0,
0x634E, 0x422A, 0x424A, 0x52AB, 0x5AEC, 0x634E, 0x636E, 0x634E, 0x31C9, 0x39E9, 0x39E9, 0x3A09,
0x3A09, 0x3A29, 0x3A29, 0x426A, 0x426A, 0x426A, 0x4A6A, 0x4A8A, 0x4A8A, 0x4A6A, 0x4A6A, 0x4A6A,
0x4229, 0x3A08, 0x31A7, 0x2986, 0x2946, 0x1904, 0x10C3, 0x10A3, 0x10A3, 0x08A3, 0x0883, 0x0883,
0x0883, 0x0062, 0x0062, 0x0042, 0x0063, 0x1925, 0x3A29, 0x0862, 0x0022, 0x0042, 0x0022, 0x0021,
0x0022, 0x0022, 0x0042, 0x0083, 0x0063, 0x10E5, 0x2146, 0x31C8, 0x3A09, 0x422A, 0x4A8A, 0x5AEC,
0x6B6E, 0x738E, 0x7BCF, 0x8431, 0x8C51, 0x9472, 0x9492, 0x9492, 0x9492, 0x9CB2, 0x9492, 0x9492,
0x9C92, 0x9492, 0x9492, 0x9492, 0x9471, 0x9471, 0x9451, 0x9451, 0x9451, 0x9471, 0x9471, 0x9451,
0x8C51, 0x8C30, 0x8C30, 0x8C30, 0x8C30, 0x8C10, 0x83F0, 0x734D, 0x6B2E, 0xA515, 0xAD55, 0xAD56,
0xAD55, 0xB576, 0xB576, 0xB596, 0xB5B6, 0xBDD7, 0xBDD7, 0xBDD7, 0xC5F7, 0xC5F7, 0xC5F7, 0xCE18,
0xCE38, 0xCE18, 0xCE18, 0xD659, 0xD658, 0xCE38, 0xD659, 0xD659, 0xCE59, 0xD679, 0xD679, 0xD659,
0xD659, 0xD679, 0xD679, 0xD679, 0xD679, 0xD679, 0xD679, 0xD679, 0xD679, 0xD679, 0xD679, 0xD659,
0xD679, 0xD679, 0xD659, 0xD659, 0xD659, 0xD638, 0xCE18, 0xCE58, 0xCE38, 0xC5F7, 0xC618, 0xC618,
0xBDB7, 0xB5B6, 0xBDD7, 0xBD96, 0xAD75, 0xB575, 0xB575, 0xAD34, 0xA534, 0xA534, 0xA514, 0x9CF3,
0x9CF3, 0x9CF3, 0x94D2, 0x9CD3, 0x9CD3, 0x94B3, 0x94B2, 0x9CB3, 0x9CB3, 0x94B2, 0x9492, 0x9492,
0x9492, 0x9492, 0x9492, 0x9492, 0x9471, 0x9472, 0x9492, 0x9472, 0x9492, 0x9492, 0x8C72, 0x8C71,
0x8C71, 0x8451, 0x8451, 0x8431, 0x8431, 0x7BF0, 0x7BF0, 0x7BF0, 0x7BAF, 0x73AF, 0x7BD0, 0x6B8E,
0x6B8F, 0x6B8E, 0x634D, 0x6B4E, 0x6B6E, 0x632D, 0x632D, 0x632D, 0x5B0C, 0x52CB, 0x52CC, 0x52CC,
0x424A, 0x4AAB, 0x4AAB, 0x3A4A, 0x426A, 0x4AAB, 0x426A, 0x3A29, 0x52CC, 0x4AAB, 0x3A29, 0x426A,
0x52CB, 0x4249, 0x424A, 0x52CB, 0x4A8A, 0x426A, 0x4229, 0x31A8, 0x31A7, 0x31C8, 0x2166, 0x1925,
0x1946, 0x1925, 0x2166, 0x4A6A, 0x634D, 0x6B8E, 0x6B4D, 0x4A49, 0x4229, 0x3A09, 0x31C8, 0x31C8,
0x31C8, 0x31C8, 0x31C8, 0x31A8, 0x2987, 0x2166, 0x31E9, 0x632D, 0x73CF, 0x73CF, 0x6B6D, 0x632D,
0x52AB, 0x4A6A, 0x426A, 0x4AAB, 0x52EC, 0x52EC, 0x5AED, 0x632D, 0x632D, 0x630D, 0x52AB, 0x4A4A,
0x4A49, 0x4228, 0x39E8, 0x29A8, 0x2987, 0x29A7, 0x29A7, 0x2987, 0x29A7, 0x29A7, 0x29A7, 0x31A7,
0x31C7, 0x31C8, 0x31C8, 0x31A7, 0x2987, 0x2967, 0x2967, 0x2966, 0x2166, 0x2146, 0x2146, 0x2146,
0x2146, 0x2146, 0x2146, 0x2146, 0x2146, 0x2145, 0x2146, 0x2146, 0x2146, 0x2146, 0x2146, 0x2146,
0x2146, 0x2146, 0x2145, 0x2146, 0x1925, 0x1925, 0x2146, 0x2146, 0x2167, 0x31C8, 0x426A, 0x52AB,
0x52CB, 0x52AB, 0x52CC, 0x5AEC, 0x73AF, 0x7BEF, 0x7BF0, 0x7BF1, 0x52AC, 0x422A, 0x52AB, 0x5AEC,
0x5B0D, 0x634E, 0x634E, 0x5B0D, 0x31C8, 0x31C8, 0x31E9, 0x31E9, 0x3A09, 0x3A29, 0x3A29, 0x426A,
0x426A, 0x426A, 0x4A6A, 0x4A8A, 0x4A6A, 0x4A6A, 0x4A6A, 0x4A6A, 0x4249, 0x4229, 0x39E8, 0x31C7,
0x2986, 0x2125, 0x1904, 0x18C4, 0x10C4, 0x10A3, 0x10A3, 0x0883, 0x0883, 0x0062, 0x0062, 0x0042,
0x0043, 0x0063, 0x0022, 0x0022, 0x0021, 0x0021, 0x0021, 0x0021, 0x0022, 0x0022, 0x0022, 0x0022,
0x0042, 0x10C4, 0x2166, 0x29A8, 0x39E9, 0x422A, 0x4A8A, 0x52CC, 0x632D, 0x738E, 0x7BCF, 0x83F0,
0x8C51, 0x9472, 0x9492, 0x94B2, 0x94B2, 0x9CB2, 0x9492, 0x9492, 0x9492, 0x9492, 0x9492, 0x9492,
0x9471, 0x9471, 0x9471, 0x9471, 0x9471, 0x8C51, 0x8C51, 0x8C51, 0x8C30, 0x8C30, 0x8C30, 0x8C30,
0x8C30, 0x8C10, 0x8C10, 0x7BAF, 0x7BAF, 0xA515, 0xAD35, 0xAD56, 0xAD55, 0xB596, 0xB596, 0xB596,
0xB5B6, 0xBDD7, 0xC5D7, 0xBDD7, 0xC5F7, 0xC5F7, 0xC5F7, 0xCE38, 0xD659, 0xCE18, 0xCE38, 0xD659,
0xD658, 0xCE38, 0xD659, 0xD659, 0xCE59, 0xD679, 0xD679, 0xD659, 0xD659, 0xD679, 0xD679, 0xD679,
0xD679, 0xD679, 0xD679, 0xD679, 0xD679, 0xD679, 0xD679, 0xD659, 0xD659, 0xD679, 0xD659, 0xD659,
0xD659, 0xCE38, 0xCE17, 0xCE58, 0xCE38, 0xBDD7, 0xC5F7, 0xC618, 0xBDB7, 0xB596, 0xBDB6, 0xB596,
0xAD76, 0xB575, 0xAD55, 0xA534, 0xA514, 0xA514, 0xA514, 0x9CD3, 0x9CD3, 0x9CD3, 0x94D2, 0x9CD3,
0x94B3, 0x94B2, 0x9492, 0x9CB3, 0x94B2, 0x9492, 0x9492, 0x9492, 0x9492, 0x9472, 0x9492, 0x8C71,
0x8C71, 0x9472, 0x8C71, 0x8C51, 0x8C71, 0x8C71, 0x8C51, 0x8451, 0x8C71, 0x8410, 0x73CF, 0x73AF,
0x73CF, 0x73CF, 0x73AF, 0x6B8E, 0x6B4E, 0x6B4E, 0x5B2D, 0x5B0D, 0x5B0D, 0x5B0D, 0x52CB, 0x5AEC,
0x5AEC, 0x4A8B, 0x4A8B, 0x4AAB, 0x424A, 0x424A, 0x426A, 0x424A, 0x3A09, 0x3A4A, 0x424A, 0x3A29,
0x3A29, 0x424A, 0x3A09, 0x3A09, 0x424A, 0x424A, 0x31C8, 0x3A09, 0x4249, 0x31E8, 0x3A09, 0x4249,
0x3A29, 0x3A29, 0x31E8, 0x2987, 0x31A8, 0x29A7, 0x2146, 0x2145, 0x2145, 0x2145, 0x31C7, 0x5B0D,
0x73CF, 0x7BF0, 0x6B6E, 0x528A, 0x4A4A, 0x4229, 0x31E8, 0x31C8, 0x31C8, 0x31C8, 0x31C8, 0x31C8,
0x29A7, 0x2987, 0x2967, 0x4A8B, 0x6B8F, 0x7BF0, 0x73CF, 0x6B6D, 0x634D, 0x52AB, 0x424A, 0x4A8B,
0x52CC, 0x52EC, 0x5AED, 0x5B2D, 0x632D, 0x630D, 0x52AB, 0x4A4A, 0x4A6A, 0x4249, 0x31A7, 0x2146,
0x2146, 0x2987, 0x2987, 0x2987, 0x2987, 0x2987, 0x29A7, 0x31C7, 0x31C7, 0x31E8, 0x31E8, 0x31A8,
0x2987, 0x2967, 0x2967, 0x2166, 0x2146, 0x2146, 0x2146, 0x2146, 0x2146, 0x2146, 0x2146, 0x2146,
0x2146, 0x2145, 0x2146, 0x2146, 0x2146, 0x2146, 0x2146, 0x2146, 0x2146, 0x2146, 0x1925, 0x2146,
0x1925, 0x2146, 0x2146, 0x2146, 0x2167, 0x31C8, 0x4A8A, 0x52CC, 0x5ACC, 0x52CB, 0x52CB, 0x634D,
0x7BCF, 0x8410, 0x8C51, 0x6B6F, 0x422A, 0x424A, 0x636E, 0x6B8F, 0x636E, 0x636E, 0x634E, 0x5AED,
0x31C8, 0x31C8, 0x31E8, 0x3A09, 0x3A09, 0x3A29, 0x3A2A, 0x424A, 0x424A, 0x424A, 0x426A, 0x426A,
0x426A, 0x424A, 0x424A, 0x426A, 0x426A, 0x426A, 0x4229, 0x39C8, 0x31C7, 0x2966, 0x2125, 0x2104,
0x2104, 0x1083, 0x0883, 0x0883, 0x0883, 0x0863, 0x0042, 0x0062, 0x0022, 0x0042, 0x0022, 0x0021,
0x0021, 0x0021, 0x0021, 0x0021, 0x0001, 0x0021, 0x0022, 0x0021, 0x0042, 0x08A4, 0x1925, 0x2987,
0x31E8, 0x3A09, 0x4A4A, 0x52CC, 0x630D, 0x6B4E, 0x73AF, 0x7BCF, 0x8430, 0x8C71, 0x9492, 0x94B2,
0x94B2, 0x94B2, 0x9492, 0x9492, 0x9492, 0x9492, 0x9492, 0x9492, 0x9471, 0x9471, 0x9471, 0x9471,
0x9471, 0x8C71, 0x8C71, 0x8C51, 0x8C30, 0x8C30, 0x8C30, 0x8C30, 0x8C30, 0x8C30, 0x8C10, 0x83F0,
0x7BD0, 0x9CF4, 0xA535, 0xAD76, 0xB576, 0xB596, 0xBD96, 0xBD96, 0xBDB6, 0xC5F7, 0xC5F7, 0xBDF7,
0xC618, 0xCE18, 0xCDF7, 0xCE18, 0xCE58, 0xCE18, 0xCE58, 0xCE58, 0xCE38, 0xCE38, 0xD659, 0xD659,
0xCE59, 0xD659, 0xD679, 0xD659, 0xD659, 0xD679, 0xD679, 0xD679, 0xD679, 0xD679, 0xD679, 0xD659,
0xD679, 0xD679, 0xD679, 0xD659, 0xD679, 0xD659, 0xCE38, 0xCE38, 0xD659, 0xC617, 0xC5F7, 0xCE38,
0xC5F7, 0xBDB6, 0xBDF7, 0xC5F7, 0xBDB6, 0xB596, 0xBDB6, 0xB596, 0xAD35, 0xB575, 0xAD55, 0xA514,
0xA514, 0xA514, 0x9CD3, 0x9CD3, 0x9CD3, 0x94B3, 0x94B2, 0x94B2, 0x9492, 0x9492, 0x9472, 0x9492,
0x9471, 0x8C71, 0x9492, 0x8C92, 0x8C71, 0x8C71, 0x8C71, 0x8C71, 0x8C71, 0x8C71, 0x8430, 0x8430,
0x8410, 0x7BF0, 0x7BF0, 0x73CF, 0x73AF, 0x73AF, 0x634E, 0x634D, 0x634D, 0x5B0D, 0x5B0D, 0x52CC,
0x52CC, 0x52CC, 0x4A8A, 0x428A, 0x4AAB, 0x428A, 0x424A, 0x4A8B, 0x426A, 0x3A29, 0x3A09, 0x3A09,
0x31C8, 0x31E8, 0x3A09, 0x3A09, 0x31E8, 0x3A09, 0x3A09, 0x31C8, 0x31E9, 0x3A09, 0x31E8, 0x31C8,
0x3A09, 0x3A09, 0x29A7, 0x31C8, 0x39E8, 0x29A7, 0x31C8, 0x31E8, 0x31C8, 0x31C8, 0x29A8, 0x2987,
0x31A7, 0x2987, 0x2966, 0x2966, 0x2986, 0x29A6, 0x4249, 0x73AF, 0x8451, 0x8431, 0x6B6E, 0x5AEC,
0x5AEC, 0x52AA, 0x4229, 0x39E8, 0x31C8, 0x31A8, 0x29A8, 0x29A8, 0x29C8, 0x29A7, 0x29A8, 0x31C8,
0x4ACC, 0x6BAF, 0x7BF0, 0x73CF, 0x6B8E, 0x5B0D, 0x4A6A, 0x4A4A, 0x4AAB, 0x52CC, 0x5B0D, 0x5B0D,
0x5B0D, 0x5AEC, 0x52AB, 0x4A8B, 0x4A8A, 0x4249, 0x29A7, 0x1905, 0x1926, 0x2166, 0x2167, 0x2167,
0x2186, 0x2186, 0x2166, 0x31A7, 0x31E8, 0x31E8, 0x31E8, 0x31C8, 0x2987, 0x2987, 0x2987, 0x2166,
0x2146, 0x2146, 0x2146, 0x2146, 0x2146, 0x2146, 0x2146, 0x2146, 0x2146, 0x2145, 0x2146, 0x2146,
0x2146, 0x2146, 0x1926, 0x1925, 0x1925, 0x1925, 0x1946, 0x1946, 0x1946, 0x2146, 0x2146, 0x2146,
0x2146, 0x31C8, 0x4AAB, 0x5B0C, 0x52EC, 0x52CC, 0x5B0C, 0x73AE, 0x8410, 0x8C71, 0x8411, 0x4AAB,
0x422A, 0x52CC, 0x73D0, 0x73F0, 0x73F0, 0x6BD0, 0x634E, 0x5AED, 0x31C8, 0x31C8, 0x31E8, 0x31E8,
0x3A09, 0x3A09, 0x3A29, 0x424A, 0x424A, 0x424A, 0x426A, 0x426A, 0x426A, 0x424A, 0x424A, 0x424A,
0x426A, 0x426A, 0x424A, 0x3A08, 0x39E8, 0x31A7, 0x2966, 0x2145, 0x2125, 0x10A3, 0x0883, 0x08A3,
0x0883, 0x0862, 0x0042, 0x0042, 0x0042, 0x0021, 0x0021, 0x0021, 0x0021, 0x0021, 0x0021, 0x0021,
0x0021, 0x0021, 0x0022, 0x0021, 0x0022, 0x0883, 0x1906, 0x2987, 0x31E8, 0x3A08, 0x422A, 0x4A8B,
0x5AEC, 0x632D, 0x6B8E, 0x7BCF, 0x8410, 0x8C71, 0x9492, 0x94B2, 0x94B2, 0x94B2, 0x9492, 0x9492,
0x9492, 0x9492, 0x9492, 0x9492, 0x9491, 0x9471, 0x9471, 0x8C71, 0x8C71, 0x8C71, 0x8C71, 0x8C51,
0x8C51, 0x8C30, 0x8C30, 0x8C30, 0x8C30, 0x8C30, 0x8C30, 0x8410, 0x8410, 0x9CF4, 0xA535, 0xAD76,
0xB576, 0xB596, 0xBD96, 0xBDB6, 0xBDD7, 0xC617, 0xC5F7, 0xBDD7, 0xCE18, 0xCE38, 0xCE18, 0xCE38,
0xCE58, 0xCE18, 0xCE38, 0xCE58, 0xCE38, 0xCE38, 0xD659, 0xD659, 0xCE59, 0xD659, 0xD679, 0xD659,
0xD659, 0xD679, 0xD679, 0xDE79, 0xD679, 0xD679, 0xD679, 0xD659, 0xD659, 0xD679, 0xD659, 0xCE59,
0xD659, 0xD659, 0xCE38, 0xCE38, 0xD658, 0xC617, 0xC5F7, 0xCE18, 0xC5F7, 0xBDB6, 0xBDF7, 0xC5F7,
0xB596, 0xB575, 0xB596, 0xAD75, 0xA534, 0xAD55, 0xAD35, 0x9CD3, 0x9CF3, 0x9CF3, 0x9CB3, 0x9CB3,
0x9CB3, 0x94B2, 0x94B2, 0x94B2, 0x9492, 0x9472, 0x9472, 0x9471, 0x8C71, 0x8C71, 0x8C72, 0x8C71,
0x8C51, 0x8C71, 0x8C51, 0x7C10, 0x7C10, 0x7C10, 0x7C10, 0x73AF, 0x73AF, 0x6B8F, 0x634E, 0x632D,
0x5B2D, 0x5B0D, 0x5B2D, 0x5B2D, 0x52CC, 0x4AAB, 0x426A, 0x424A, 0x424A, 0x426A, 0x3A29, 0x3A29,
0x3A4A, 0x31E8, 0x31E8, 0x31E8, 0x3209, 0x3209, 0x39E9, 0x31C8, 0x31C8, 0x31C8, 0x31C8, 0x31C7,
0x29A7, 0x31C8, 0x31C8, 0x29A7, 0x29A8, 0x29A8, 0x2987, 0x2987, 0x31C8, 0x29A7, 0x2166, 0x29A7,
0x31C8, 0x2987, 0x29A7, 0x31C8, 0x29A7, 0x29A7, 0x2987, 0x2987, 0x2987, 0x2987, 0x2966, 0x2966,
0x2986, 0x4248, 0x6BAE, 0x8430, 0x7C10, 0x7BCF, 0x6B4D, 0x630C, 0x632C, 0x6B0C, 0x62EB, 0x4229,
0x31C8, 0x31A8, 0x29A8, 0x29A8, 0x29A8, 0x29A8, 0x31C8, 0x2988, 0x29A8, 0x4ACC, 0x6BCF, 0x7C10,
0x73CF, 0x6B6E, 0x630C, 0x4A8A, 0x4A8B, 0x4AAB, 0x52EC, 0x5B0C, 0x5B0D, 0x5AEC, 0x52AB, 0x4A8B,
0x4A8A, 0x4249, 0x29A7, 0x1925, 0x2146, 0x2167, 0x2167, 0x2167, 0x2167, 0x2167, 0x2166, 0x31A7,
0x31C8, 0x31E8, 0x31E8, 0x31C8, 0x2987, 0x2987, 0x2967, 0x2166, 0x2146, 0x2146, 0x2146, 0x2146,
0x2146, 0x2146, 0x2146, 0x2146, 0x2146, 0x2145, 0x2146, 0x2146, 0x2146, 0x2146, 0x1925, 0x1925,
0x1925, 0x1925, 0x1925, 0x1925, 0x1925, 0x2146, 0x2146, 0x2146, 0x2126, 0x31C8, 0x4AAB, 0x52EC,
0x52CB, 0x52CC, 0x6B8E, 0x8410, 0x8C71, 0x8C71, 0x6BAE, 0x424A, 0x426A, 0x632E, 0x7C11, 0x73F0,
0x73F0, 0x6BD0, 0x634E, 0x5AEC, 0x29A7, 0x29C8, 0x31C8, 0x31E8, 0x39E9, 0x3A09, 0x3A29, 0x424A,
0x424A, 0x424A, 0x424A, 0x424A, 0x424A, 0x424A, 0x424A, 0x424A, 0x426A, 0x426A, 0x4A6A, 0x4229,
0x3A08, 0x31C7, 0x3187, 0x2986, 0x2125, 0x1904, 0x10C3, 0x08A3, 0x08A3, 0x0883, 0x0042, 0x0022,
0x0021, 0x0021, 0x0021, 0x0021, 0x0022, 0x0021, 0x0021, 0x0021, 0x0021, 0x0021, 0x0022, 0x0042,
0x0042, 0x0883, 0x1906, 0x2987, 0x31E8, 0x39E8, 0x3A29, 0x4A8B, 0x52CC, 0x5B0D, 0x6B6E, 0x73AF,
0x83F0, 0x8C51, 0x8C71, 0x9492, 0x9492, 0x9492, 0x9492, 0x9492, 0x9492, 0x9492, 0x9492, 0x9492,
0x9491, 0x9491, 0x8C71, 0x8C71, 0x8C71, 0x8C71, 0x8C71, 0x8C51, 0x8C51, 0x8C51, 0x8C30, 0x8C30,
0x8C30, 0x8C30, 0x8C30, 0x8C10, 0x8431, 0x9CF4, 0xA515, 0xAD76, 0xB576, 0xB596, 0xBDB6, 0xBDB6,
0xC5D7, 0xC5F7, 0xC5F7, 0xBDD7, 0xCE18, 0xCE38, 0xCE18, 0xCE38, 0xD659, 0xCE18, 0xCE38, 0xCE59,
0xCE38, 0xCE38, 0xD659, 0xD659, 0xCE59, 0xD659, 0xD679, 0xD659, 0xD659, 0xD679, 0xD679, 0xD679,
0xD679, 0xD679, 0xD679, 0xD659, 0xD659, 0xD659, 0xD659, 0xCE38, 0xD659, 0xD659, 0xCE18, 0xCE18,
0xCE58, 0xC617, 0xC5F7, 0xC618, 0xC5F7, 0xBDB6, 0xBDF7, 0xC5F7, 0xB596, 0xAD75, 0xB575, 0xAD34,
0x9CF3, 0xA514, 0xA514, 0x9CD3, 0x9CD3, 0x9CF3, 0x94B2, 0x9492, 0x9492, 0x9491, 0x8C91, 0x9492,
0x8C72, 0x8C71, 0x8C51, 0x8C71, 0x8430, 0x8451, 0x8451, 0x8430, 0x7BEF, 0x7C10, 0x7BCF, 0x6B8E,
0x6B8E, 0x6B8E, 0x6B8E, 0x634D, 0x632D, 0x5B0D, 0x4AAB, 0x4A8A, 0x428A, 0x426A, 0x428A, 0x426A,
0x424A, 0x424A, 0x3A29, 0x3A29, 0x31E8, 0x31C8, 0x29C8, 0x31C8, 0x31E8, 0x31C8, 0x31C8, 0x31C8,
0x31C8, 0x31C8, 0x31A8, 0x31A7, 0x2987, 0x2967, 0x2987, 0x2987, 0x2166, 0x2987, 0x2987, 0x2987,
0x2987, 0x2967, 0x2967, 0x2987, 0x2986, 0x2166, 0x2986, 0x2987, 0x2987, 0x2967, 0x2987, 0x29A7,
0x2967, 0x2987, 0x2967, 0x2967, 0x2967, 0x2966, 0x3186, 0x3186, 0x4A69, 0x73CE, 0x9CD3, 0x8410,
0x738E, 0x7BCF, 0x7BEF, 0x83EF, 0x7BCF, 0x83CE, 0x7BCE, 0x5ACB, 0x39E8, 0x31C8, 0x29A8, 0x29A8,
0x29A8, 0x29A8, 0x31A8, 0x2988, 0x2167, 0x29A8, 0x52ED, 0x73D0, 0x7C10, 0x6B8E, 0x6B6E, 0x5B0C,
0x4A8A, 0x4A8B, 0x52CC, 0x52EC, 0x5B0D, 0x5AEC, 0x52AB, 0x4A8B, 0x4A8A, 0x4249, 0x31A7, 0x2146,
0x2167, 0x2167, 0x2167, 0x2167, 0x2167, 0x2167, 0x2166, 0x29A7, 0x29A7, 0x31E8, 0x31E8, 0x31C8,
0x29A7, 0x2987, 0x2967, 0x2166, 0x2146, 0x2146, 0x2146, 0x2146, 0x2146, 0x2146, 0x2146, 0x2146,
0x2146, 0x2146, 0x1925, 0x1925, 0x1925, 0x1925, 0x1925, 0x1905, 0x1905, 0x1905, 0x1925, 0x1925,
0x1925, 0x2146, 0x2146, 0x2146, 0x2126, 0x31C8, 0x4A8B, 0x52EC, 0x5AEC, 0x632D, 0x7BCF, 0x8430,
0x8C71, 0x8C71, 0x5B0C, 0x426A, 0x5AEC, 0x73AF, 0x7C10, 0x73F0, 0x73F0, 0x6BD0, 0x5B4E, 0x5AEC,
0x29A8, 0x29A8, 0x31C8, 0x31E8, 0x31E8, 0x3A09, 0x3A29, 0x3A29, 0x3A29, 0x3A29, 0x3A29, 0x3A29,
0x3A29, 0x3A29, 0x422A, 0x424A, 0x426A, 0x426A, 0x4A6A, 0x4A4A, 0x4229, 0x39E8, 0x39C7, 0x31A7,
0x2966, 0x2125, 0x1904, 0x10C3, 0x10C3, 0x0862, 0x0042, 0x0042, 0x0041, 0x0021, 0x0021, 0x0021,
0x0021, 0x0021, 0x0021, 0x0021, 0x0022, 0x0022, 0x0022, 0x0042, 0x0042, 0x0042, 0x1105, 0x2146,
0x29A7, 0x31E8, 0x31E8, 0x426A, 0x52AB, 0x5B0C, 0x6B4E, 0x738E, 0x7BCF, 0x8410, 0x8C31, 0x8C72,
0x9472, 0x9472, 0x9472, 0x9492, 0x9492, 0x9492, 0x9492, 0x9492, 0x9492, 0x9471, 0x9471, 0x9471,
0x9471, 0x9451, 0x8C51, 0x8C51, 0x8C51, 0x8C51, 0x8C51, 0x8C30, 0x8C30, 0x8C30, 0x8C30, 0x8C30,
0x8430, 0x9492, 0xA515, 0xAD76, 0xB576, 0xBDB7, 0xC5D7, 0xC5D7, 0xC5F7, 0xC618, 0xC617, 0xC5F7,
0xCE38, 0xCE18, 0xCDF8, 0xCE38, 0xCE59, 0xC618, 0xC618, 0xCE59, 0xCE39, 0xCE38, 0xD659, 0xD659,
0xCE38, 0xCE59, 0xD659, 0xCE59, 0xD659, 0xD659, 0xD659, 0xD659, 0xD659, 0xD679, 0xD679, 0xD659,
0xD659, 0xD659, 0xCE58, 0xCE38, 0xCE58, 0xCE38, 0xC617, 0xC618, 0xCE59, 0xC5F7, 0xC5D7, 0xC5F7,
0xC5D7, 0xB596, 0xBDB6, 0xBDD6, 0xAD75, 0xAD75, 0xB575, 0xAD34, 0x9CF3, 0xA514, 0x9CF3, 0x94B2,
0x94B2, 0x94B2, 0x9491, 0x9492, 0x9492, 0x8C51, 0x8C51, 0x8C51, 0x8451, 0x8431, 0x8451, 0x7C10,
0x7BCF, 0x73AF, 0x73AF, 0x73AE, 0x6B6E, 0x6B8E, 0x6B6E, 0x630D, 0x5AEC, 0x52CB, 0x52CB, 0x4ACB,
0x426A, 0x426A, 0x426A, 0x4249, 0x4249, 0x3A29, 0x31E8, 0x31E8, 0x39E8, 0x31E8, 0x31C8, 0x31C8,
0x29A7, 0x3A09, 0x31E8, 0x29A7, 0x29A7, 0x29A7, 0x29A7, 0x2987, 0x29A7, 0x29A8, 0x29A7, 0x29A7,
0x2987, 0x2167, 0x2167, 0x2166, 0x2167, 0x2987, 0x2987, 0x2987, 0x2167, 0x2166, 0x2166, 0x2166,
0x2146, 0x2146, 0x2166, 0x2166, 0x2166, 0x2166, 0x2166, 0x2166, 0x2146, 0x2166, 0x2166, 0x3167,
0x3167, 0x3186, 0x4A49, 0x6B4C, 0x9CD2, 0xA4F3, 0x8C30, 0x840F, 0x9CB2, 0xA4F3, 0x9CD3, 0x94B2,
0x9CB2, 0x9471, 0x8C71, 0x6B6E, 0x4229, 0x39E8, 0x31C8, 0x31C8, 0x31C8, 0x31C8, 0x31C8, 0x31C8,
0x31A8, 0x2987, 0x31E8, 0x5B0D, 0x73F0, 0x7BF0, 0x73AF, 0x6B6E, 0x5AEC, 0x528B, 0x52AB, 0x52CC,
0x5B0D, 0x5B0C, 0x52CB, 0x528B, 0x4A8B, 0x424A, 0x29A7, 0x2146, 0x2146, 0x2146, 0x2146, 0x2146,
0x2166, 0x2166, 0x2166, 0x2967, 0x29A8, 0x31C8, 0x31E8, 0x31E8, 0x31C8, 0x2987, 0x2967, 0x2166,
0x2146, 0x2146, 0x2146, 0x2146, 0x2146, 0x2126, 0x2146, 0x2145, 0x1925, 0x1905, 0x1925, 0x1925,
0x1925, 0x1925, 0x1925, 0x1926, 0x1906, 0x1906, 0x1906, 0x1906, 0x1926, 0x1925, 0x1926, 0x1946,
0x2126, 0x31E8, 0x52CB, 0x632C, 0x632C, 0x6B8E, 0x8410, 0x8C51, 0x94B2, 0x8410, 0x52CB, 0x52AB,
0x634E, 0x7BF0, 0x7C31, 0x73D0, 0x6BB0, 0x638F, 0x52ED, 0x4A8B, 0x2987, 0x29A8, 0x31C8, 0x31C8,
0x31E8, 0x3A09, 0x3A09, 0x3A29, 0x3A29, 0x3A29, 0x3A29, 0x3A29, 0x3A29, 0x3A29, 0x3A2A, 0x424A,
0x424A, 0x426A, 0x4A6A, 0x4A4A, 0x4A4A, 0x4209, 0x39E8, 0x31C7, 0x2986, 0x2145, 0x1925, 0x1925,
0x10C4, 0x0062, 0x0042, 0x0042, 0x0042, 0x0021, 0x0021, 0x0021, 0x0021, 0x0021, 0x0042, 0x0042,
0x0022, 0x0022, 0x0022, 0x0042, 0x0042, 0x0063, 0x10C4, 0x2146, 0x2987, 0x31E8, 0x31E8, 0x422A,
0x4A8B, 0x5AEC, 0x632D, 0x738E, 0x7BCF, 0x83F0, 0x8C30, 0x8C51, 0x8C71, 0x9472, 0x9492, 0x9492,
0x9492, 0x9492, 0x9492, 0x9492, 0x9492, 0x9471, 0x9471, 0x9471, 0x9471, 0x9451, 0x8C51, 0x8C50,
0x8C51, 0x8C51, 0x8C51, 0x8C50, 0x8C30, 0x8C30, 0x8C30, 0x8C30, 0x8410, 0x8C72, 0xA514, 0xAD76,
0xB596, 0xBDD7, 0xC5F7, 0xC5D7, 0xC5F7, 0xC638, 0xC617, 0xC618, 0xCE38, 0xCE18, 0xCDF8, 0xCE38,
0xCE59, 0xCE38, 0xCE38, 0xCE59, 0xCE38, 0xCE38, 0xD659, 0xD659, 0xCE38, 0xCE58, 0xD659, 0xCE59,
0xD659, 0xD659, 0xD659, 0xD659, 0xD659, 0xD659, 0xD679, 0xD659, 0xD659, 0xD659, 0xCE58, 0xCE38,
0xCE59, 0xCE38, 0xC5F7, 0xC618, 0xCE38, 0xC5D7, 0xBDB7, 0xC5F7, 0xBDD7, 0xB575, 0xB5B6, 0xBDB6,
0xAD55, 0xAD55, 0xAD55, 0xA514, 0x9CD3, 0xA4F4, 0x9CD3, 0x94B2, 0x9CD3, 0x94B2, 0x9471, 0x9472,
0x9451, 0x8C31, 0x8430, 0x8430, 0x7C10, 0x73CF, 0x73CF, 0x73CF, 0x6B6E, 0x634D, 0x6B6E, 0x634D,
0x5AEC, 0x5B0C, 0x5AEC, 0x4A8A, 0x4A8A, 0x4A8A, 0x426A, 0x3A29, 0x31E8, 0x31E8, 0x31E8, 0x31E8,
0x31E8, 0x31E8, 0x29A7, 0x31C8, 0x29C7, 0x2987, 0x29A7, 0x29A7, 0x2986, 0x31C8, 0x31C8, 0x2987,
0x2987, 0x2987, 0x2987, 0x2987, 0x2987, 0x2987, 0x2987, 0x2987, 0x2987, 0x2166, 0x2146, 0x2166,
0x2987, 0x2166, 0x2166, 0x2166, 0x2166, 0x2146, 0x2166, 0x2166, 0x2146, 0x2146, 0x2166, 0x2146,
0x2146, 0x2146, 0x2146, 0x2146, 0x2146, 0x2146, 0x2146, 0x3167, 0x3186, 0x5AAA, 0x9CF3, 0xAD75,
0xAD74, 0x8C10, 0x8410, 0xBDB6, 0xCDF7, 0xC5F7, 0xAD55, 0x9CB2, 0x9CD3, 0x9491, 0x8C30, 0x7BAF,
0x5AEB, 0x4229, 0x39E8, 0x31C8, 0x31E8, 0x31C8, 0x31C8, 0x31C8, 0x31C8, 0x31C8, 0x29A8, 0x3209,
0x638F, 0x7C11, 0x7C10, 0x7BCF, 0x6B6D, 0x5AEC, 0x528B, 0x52AC, 0x5AED, 0x632D, 0x5AEC, 0x528B,
0x4A8B, 0x424A, 0x31A7, 0x2146, 0x2146, 0x2146, 0x2146, 0x2146, 0x2146, 0x2146, 0x2146, 0x2167,
0x2187, 0x31C8, 0x31E8, 0x31E9, 0x31C8, 0x2987, 0x2187, 0x2166, 0x2166, 0x1946, 0x1946, 0x1946,
0x1946, 0x1946, 0x1946, 0x1946, 0x1946, 0x1925, 0x1925, 0x1925, 0x1925, 0x1925, 0x1925, 0x1925,
0x1925, 0x1925, 0x1925, 0x1925, 0x1925, 0x1926, 0x1926, 0x1946, 0x1925, 0x39E8, 0x632D, 0x7BAE,
0x7BAE, 0x73AE, 0x8410, 0x8C92, 0x8C92, 0x6B4D, 0x52CB, 0x5AEC, 0x6B8F, 0x7C11, 0x7C11, 0x73D0,
0x6BB0, 0x530D, 0x3229, 0x29C8, 0x2987, 0x2987, 0x31A8, 0x31A8, 0x31C8, 0x39E9, 0x3A09, 0x3A29,
0x3A29, 0x3A29, 0x3A29, 0x3A29, 0x3A29, 0x3A29, 0x3A29, 0x424A, 0x424A, 0x426A, 0x426A, 0x4A6A,
0x4A6A, 0x4229, 0x4229, 0x3A08, 0x31C7, 0x2986, 0x2145, 0x1924, 0x10C3, 0x0062, 0x0042, 0x0042,
0x0042, 0x0022, 0x0001, 0x0021, 0x0021, 0x0042, 0x0062, 0x0062, 0x0042, 0x0042, 0x0022, 0x0022,
0x0022, 0x0062, 0x10C4, 0x1926, 0x2167, 0x29C8, 0x31E8, 0x4229, 0x4A6A, 0x52AB, 0x630D, 0x6B6E,
0x73AE, 0x7BEF, 0x8430, 0x8C51, 0x8C51, 0x9471, 0x9492, 0x9492, 0x9492, 0x9492, 0x9492, 0x9492,
0x9472, 0x9472, 0x9471, 0x9471, 0x9471, 0x9471, 0x8C50, 0x8C30, 0x8C51, 0x8C51, 0x8C51, 0x8C51,
0x8C51, 0x8C30, 0x8C30, 0x8C30, 0x8410, 0x8C51, 0x9CD3, 0xA535, 0xAD75, 0xBDD7, 0xC5F7, 0xC5F7,
0xC5F7, 0xCE38, 0xCE38, 0xC618, 0xCE38, 0xCE38, 0xCDF8, 0xCE59, 0xCE59, 0xCE18, 0xCE38, 0xCE59,
0xCE38, 0xCE38, 0xD659, 0xD659, 0xCE38, 0xCE59, 0xD659, 0xCE59, 0xD659, 0xD659, 0xD659, 0xD659,
0xD659, 0xD659, 0xD659, 0xCE59, 0xD659, 0xD659, 0xCE38, 0xC618, 0xD659, 0xCE38, 0xC5D7, 0xC618,
0xC618, 0xBDD7, 0xBDB6, 0xC5D7, 0xBDB6, 0xAD75, 0xB595, 0xB595, 0xAD34, 0xAD55, 0xAD34, 0x9CF3,
0x9CD3, 0x9CF3, 0x94B2, 0x9492, 0x9492, 0x9472, 0x8C51, 0x8431, 0x8431, 0x7BCF, 0x73AF, 0x73CF,
0x6B8E, 0x6B6E, 0x6B6E, 0x634E, 0x5B2D, 0x5B0D, 0x632D, 0x52CC, 0x426A, 0x426A, 0x426A, 0x3208,
0x31E8, 0x3A09, 0x31E8, 0x31A8, 0x31C8, 0x31E8, 0x2987, 0x29A7, 0x31C8, 0x2987, 0x2987, 0x2987,
0x2987, 0x2166, 0x2986, 0x2987, 0x2166, 0x2186, 0x29A7, 0x2987, 0x2166, 0x2987, 0x2967, 0x2146,
0x2987, 0x2987, 0x2166, 0x2166, 0x2167, 0x2166, 0x2146, 0x2166, 0x2146, 0x2146, 0x2146, 0x2146,
0x2146, 0x2146, 0x2146, 0x2146, 0x2146, 0x2146, 0x2146, 0x2146, 0x2146, 0x2146, 0x2146, 0x1945,
0x2145, 0x2145, 0x2986, 0x528A, 0x7BCF, 0x9CD3, 0xAD54, 0x8C30, 0x630B, 0x8431, 0xBDF8, 0xCE38,
0xCE38, 0xCE18, 0xAD54, 0x9CB2, 0x9492, 0x9491, 0x8410, 0x73AF, 0x6B6E, 0x5AEC, 0x4229, 0x39E9,
0x31E8, 0x31C8, 0x31E8, 0x31C8, 0x31C8, 0x31E8, 0x29A8, 0x29A8, 0x426A, 0x73AF, 0x8431, 0x7BF0,
0x73AE, 0x6B6D, 0x5AEC, 0x52AB, 0x52EC, 0x5AEC, 0x5AEC, 0x52AB, 0x4A8B, 0x424A, 0x31C8, 0x2146,
0x2146, 0x2146, 0x2126, 0x1946, 0x1946, 0x1946, 0x1946, 0x2167, 0x2187, 0x31C8, 0x31E8, 0x31E8,
0x31C8, 0x2987, 0x2187, 0x2166, 0x2146, 0x2146, 0x2146, 0x2146, 0x2146, 0x2146, 0x2146, 0x2146,
0x2146, 0x2146, 0x2146, 0x2146, 0x2146, 0x2146, 0x2146, 0x2146, 0x2146, 0x2146, 0x1925, 0x1925,
0x1925, 0x1926, 0x2126, 0x2126, 0x2146, 0x528A, 0x7BAE, 0x8C51, 0x9451, 0x7BF0, 0x8430, 0x8C92,
0x8430, 0x5AEC, 0x52CC, 0x6B6E, 0x7C11, 0x7C11, 0x7C11, 0x6BAF, 0x5B2E, 0x428B, 0x29C8, 0x2167,
0x2987, 0x2987, 0x31A7, 0x31A8, 0x31C8, 0x31E8, 0x39E8, 0x3A08, 0x3A09, 0x3A09, 0x3A09, 0x3A09,
0x3A09, 0x3A08, 0x3A29, 0x3A29, 0x424A, 0x424A, 0x426A, 0x426A, 0x426A, 0x4A4A, 0x4A4A, 0x4229,
0x31C8, 0x31A7, 0x2986, 0x2125, 0x18E3, 0x0882, 0x0042, 0x0042, 0x0042, 0x0042, 0x0021, 0x0021,
0x0021, 0x0041, 0x0042, 0x0042, 0x0021, 0x0042, 0x0021, 0x0021, 0x0022, 0x0062, 0x10A3, 0x1905,
0x2966, 0x29A7, 0x31C7, 0x3A09, 0x424A, 0x52AB, 0x5AEC, 0x6B4E, 0x738E, 0x7BCF, 0x8410, 0x8C30,
0x8C51, 0x9471, 0x9472, 0x9472, 0x9472, 0x9492, 0x9492, 0x9472, 0x9472, 0x9472, 0x9492, 0x9492,
0x9492, 0x9471, 0x8C51, 0x8C50, 0x8C51, 0x8C51, 0x8C51, 0x8C51, 0x8C51, 0x8C30, 0x8C30, 0x8C30,
0x8410, 0x8430, 0x9492, 0xA514, 0xAD55, 0xBDD7, 0xC617, 0xC5F7, 0xC5F7, 0xCE18, 0xCE18, 0xC5F8,
0xCE38, 0xCE18, 0xC618, 0xCE59, 0xCE59, 0xCE18, 0xCE38, 0xCE38, 0xCE38, 0xCE18, 0xCE38, 0xCE38,
0xCE38, 0xCE59, 0xCE59, 0xCE38, 0xCE59, 0xCE59, 0xD659, 0xD659, 0xCE59, 0xCE59, 0xCE58, 0xCE38,
0xCE58, 0xCE59, 0xC617, 0xC617, 0xCE38, 0xCE18, 0xC5F7, 0xC617, 0xCE18, 0xBDB6, 0xBD96, 0xBDB6,
0xB595, 0xAD54, 0xB595, 0xB595, 0xA514, 0xAD34, 0xA534, 0x9CB2, 0x9492, 0x94B2, 0x9492, 0x8431,
0x8C51, 0x8431, 0x7BD0, 0x7BD0, 0x7BF0, 0x73AF, 0x632D, 0x6B6E, 0x632D, 0x5AEC, 0x5AEC, 0x5AEC,
0x426A, 0x424A, 0x426A, 0x3A29, 0x31C8, 0x31E8, 0x3208, 0x29C7, 0x31C8, 0x31E8, 0x31A7, 0x29A7,
0x31A7, 0x31C8, 0x2987, 0x2987, 0x31A7, 0x2987, 0x2987, 0x2987, 0x2966, 0x2966, 0x2986, 0x2966,
0x2166, 0x2986, 0x2986, 0x2966, 0x2166, 0x2966, 0x2166, 0x2146, 0x2966, 0x2966, 0x2166, 0x2166,
0x2966, 0x2146, 0x2146, 0x2146, 0x2146, 0x2125, 0x2146, 0x2146, 0x2146, 0x2125, 0x2125, 0x2146,
0x2125, 0x2125, 0x2125, 0x2125, 0x2125, 0x2125, 0x2125, 0x1925, 0x2945, 0x5289, 0x840F, 0xA514,
0x9CD3, 0x83EF, 0x6B4C, 0x62EB, 0x7BCF, 0x9D15, 0xBDF8, 0xC638, 0xCE38, 0xBDD7, 0xAD34, 0x9472,
0x8430, 0x8430, 0x7BF0, 0x73AF, 0x6B6E, 0x632D, 0x52AB, 0x4229, 0x3A08, 0x31C8, 0x39E8, 0x31E8,
0x31E8, 0x31E8, 0x31C7, 0x29A7, 0x29A7, 0x52CC, 0x73F0, 0x7C11, 0x8430, 0x7BCF, 0x6B4E, 0x5AEC,
0x5AEC, 0x5AEC, 0x5AEC, 0x52AB, 0x4A8B, 0x4A6A, 0x39E8, 0x2966, 0x2966, 0x2146, 0x2125, 0x1925,
0x1925, 0x1926, 0x1926, 0x2167, 0x2987, 0x2987, 0x31A8, 0x31C8, 0x31A8, 0x2987, 0x2987, 0x2166,
0x2146, 0x2146, 0x2146, 0x2146, 0x2146, 0x2126, 0x2126, 0x2126, 0x2146, 0x2146, 0x2146, 0x2146,
0x2146, 0x2146, 0x2146, 0x2146, 0x2146, 0x2146, 0x2146, 0x2146, 0x2146, 0x2146, 0x2146, 0x2146,
0x2945, 0x5ACB, 0x9492, 0xAD34, 0xA4D3, 0x83F0, 0x8451, 0x8C92, 0x634E, 0x52AC, 0x5B0D, 0x73CF,
0x8431, 0x8431, 0x7C10, 0x6B6E, 0x4A8B, 0x29A7, 0x1104, 0x1925, 
};
